user_id,lam,ndcg,recall,precision,novelty
144826,0.0,0.40668703729089384,0.6,0.3,2.8282511135220547
144826,0.1,0.40668703729089384,0.6,0.3,2.9313856720327367
144826,0.2,0.41754669397827904,0.6,0.3,3.173412780996057
144826,0.3,0.4261511318203623,0.6,0.3,3.1977270694430184
144826,0.4,0.6701618871885437,0.6,0.3,3.5114369618089496
144826,0.5,0.5515104464192279,0.6,0.3,3.772472420155215
144826,0.6,0.5097320472647343,0.6,0.3,5.324207927183434
42833,0.0,0.5935032102490755,0.5,0.5,1.8830042510461276
42833,0.1,0.6535403605551733,0.6,0.6,1.8830042510461276
42833,0.2,0.6750737720968545,0.6,0.6,1.8830042510461276
42833,0.3,0.6150366217907567,0.5,0.5,1.8830042510461276
42833,0.4,0.6531474610064952,0.5,0.5,1.9481708919976843
42833,0.5,0.5743240484971374,0.4,0.4,5.308928111705007
42833,0.6,0.5142868981910397,0.4,0.4,6.477021640079681
35708,0.0,0.25035041407674696,0.2,0.2,5.271088481775777
35708,0.1,0.25035041407674696,0.2,0.2,5.271088481775777
35708,0.2,0.25035041407674696,0.2,0.2,5.416317806537817
35708,0.3,0.25035041407674696,0.2,0.2,5.577149958153084
35708,0.4,0.25035041407674696,0.2,0.2,5.973799178513528
35708,0.5,0.25035041407674696,0.2,0.2,6.290770640450782
35708,0.6,0.25035041407674696,0.2,0.2,6.62824377801298
74586,0.0,0.20979156405964475,0.3,0.3,2.3459493417089137
74586,0.1,0.20979156405964475,0.3,0.3,2.3459493417089132
74586,0.2,0.20979156405964475,0.3,0.3,2.3459493417089132
74586,0.3,0.21319216834376345,0.3,0.3,2.4485482606354507
74586,0.4,0.20979156405964475,0.3,0.3,2.550681000531944
74586,0.5,0.2229847345485124,0.3,0.3,5.068785751256813
74586,0.6,0.2288170025350658,0.3,0.3,6.662797407501796
186158,0.0,0.5007008281534939,0.3,0.3,1.9452256076007088
186158,0.1,0.5607379784595917,0.4,0.4,1.9452256076007088
186158,0.2,0.568491780510584,0.4,0.4,2.0084144113241513
186158,0.3,0.631614049464814,0.5,0.5,2.447644229764953
186158,0.4,0.6636484123959087,0.5,0.5,3.2890081571828618
186158,0.5,0.5509454122548427,0.5,0.5,5.1724628301954105
186158,0.6,0.5152394916737947,0.5,0.5,5.561364171995185
57140,0.0,0.39599583836151087,0.5,0.5,1.9729866177546174
57140,0.1,0.41232905773747774,0.5,0.5,1.9729866177546178
57140,0.2,0.5515825201016114,0.7,0.7,2.075679842543684
57140,0.3,0.6193734724587013,0.8,0.8,2.075679842543684
57140,0.4,0.5620834714910248,0.7,0.7,2.653201664595695
57140,0.5,0.6184208789759464,0.6,0.6,4.744827979396304
57140,0.6,0.6778209214352755,0.5,0.5,5.76087425915293
19995,0.0,0.6171973321273566,0.5,0.5,2.3240834871940357
19995,0.1,0.6255375731801701,0.5,0.5,3.1441783400287506
19995,0.2,0.6886598421344001,0.6,0.6,3.2358367697345294
19995,0.3,0.6914069914728213,0.6,0.6,3.2358367697345294
19995,0.4,0.7240784622506844,0.6,0.6,5.1937766421929625
19995,0.5,0.7163246601996921,0.6,0.6,6.321442339543446
19995,0.6,0.7209384133635853,0.6,0.6,7.932219788671449
109588,0.0,0.05729000096767664,0.1,0.1,7.540575004093481
109588,0.1,0.05729000096767664,0.1,0.1,7.540575004093481
109588,0.2,0.05729000096767664,0.1,0.1,7.779754559897976
109588,0.3,0.05729000096767664,0.1,0.1,8.364712354135417
109588,0.4,0.05729000096767664,0.1,0.1,8.784174731196646
109588,0.5,0.05729000096767664,0.1,0.1,8.784174731196646
109588,0.6,0.05729000096767664,0.1,0.1,9.211410996376502
107932,0.0,0.48814476551139496,0.6,0.6,4.15643132591385
107932,0.1,0.49864571690080833,0.6,0.6,4.15643132591385
107932,0.2,0.48012001009456773,0.6,0.6,4.15643132591385
107932,0.3,0.42008285978847,0.5,0.5,4.15643132591385
107932,0.4,0.46077908598316036,0.6,0.6,4.514726625243769
107932,0.5,0.3785714162886128,0.5,0.5,4.981555432003721
107932,0.6,0.4034890850154837,0.5,0.5,5.981598167801478
196610,0.0,0.669480680382462,0.5,0.5,5.130709268216661
196610,0.1,0.669480680382462,0.5,0.5,5.130709268216661
196610,0.2,0.669480680382462,0.5,0.5,5.276171717866296
196610,0.3,0.669480680382462,0.5,0.5,5.276171717866296
196610,0.4,0.669480680382462,0.5,0.5,5.276171717866296
196610,0.5,0.669480680382462,0.5,0.5,5.986335967975403
196610,0.6,0.669480680382462,0.5,0.5,6.572476983982907
129704,0.0,0.39235102577930164,0.3,0.3,2.4502111804220554
129704,0.1,0.36743335705243085,0.3,0.3,2.5916725179386235
129704,0.2,0.36743335705243085,0.3,0.3,2.5916725179386235
129704,0.3,0.33571447975732266,0.3,0.3,2.5916725179386235
129704,0.4,0.18786525296928555,0.2,0.2,2.5916725179386235
129704,0.5,0.13366037064974118,0.2,0.2,4.449406160660331
129704,0.6,0.1173271512737744,0.2,0.2,5.581458454686751
44934,0.0,0.0,0.0,0.0,3.413485971096106
44934,0.1,0.0,0.0,0.0,4.700956229687122
44934,0.2,0.0,0.0,0.0,6.429473379425294
44934,0.3,0.0,0.0,0.0,8.308234530497899
44934,0.4,0.0,0.0,0.0,8.527874251778249
44934,0.5,0.0,0.0,0.0,9.468737469189415
44934,0.6,0.0,0.0,0.0,9.960217915836662
173640,0.0,0.8096867362293506,0.9,0.9,2.8204638959641137
173640,0.1,0.8096867362293506,0.9,0.9,2.901182434416657
173640,0.2,0.8096867362293506,0.9,0.9,2.901182434416657
173640,0.3,0.8096867362293506,0.9,0.9,2.939603419826703
173640,0.4,0.9048433681146754,0.9,0.9,3.237076166141109
173640,0.5,0.9263767796563563,0.9,0.9,3.7881322631890035
173640,0.6,0.9399628496939022,0.9,0.9,5.314995758971866
35198,0.0,0.3590931159996173,0.3,0.3,2.986053445453612
35198,0.1,0.34006767752419625,0.3,0.3,2.986053445453612
35198,0.2,0.3273742387045091,0.3,0.3,2.9860534454536123
35198,0.3,0.3788319716856323,0.4,0.4,2.9860534454536114
35198,0.4,0.3788319716856323,0.4,0.4,3.6345889489760843
35198,0.5,0.4388691219917301,0.5,0.5,6.446460244619997
35198,0.6,0.47673575290937803,0.5,0.5,7.252814934668829
63211,0.0,0.23981246656813146,0.3333333333333333,0.1,3.056491458263787
63211,0.1,0.19004688335796716,0.3333333333333333,0.1,3.115139273065822
63211,0.2,0.19004688335796716,0.3333333333333333,0.1,3.115139273065822
63211,0.3,0.16369747519436978,0.3333333333333333,0.1,3.115139273065822
63211,0.4,0.14704034066641014,0.3333333333333333,0.1,3.718517815403761
63211,0.5,0.14704034066641014,0.3333333333333333,0.1,4.561605180062157
63211,0.6,0.1266979222386448,0.3333333333333333,0.1,4.767681527263081
57380,0.0,0.2763144372979935,0.4,0.4,3.8697692653250257
57380,0.1,0.2836753398003077,0.4,0.4,3.869769265325025
57380,0.2,0.2836753398003077,0.4,0.4,4.087441817610654
57380,0.3,0.2836753398003077,0.4,0.4,4.451712549459548
57380,0.4,0.2836753398003077,0.4,0.4,6.082118367165542
57380,0.5,0.2836753398003077,0.4,0.4,6.459571668645134
57380,0.6,0.2836753398003077,0.4,0.4,6.661684815092448
159078,0.0,0.37989503115982964,0.3333333333333333,0.2,2.7248367877397963
159078,0.1,0.37989503115982964,0.3333333333333333,0.2,2.872239694334335
159078,0.2,0.37989503115982964,0.3333333333333333,0.2,2.8722396943343345
159078,0.3,0.41971744745893225,0.5,0.3,2.8722396943343345
159078,0.4,0.4093989132926582,0.5,0.3,4.400310409184949
159078,0.5,0.3434775810703913,0.3333333333333333,0.2,5.471519781061174
159078,0.6,0.23968707839269246,0.3333333333333333,0.2,6.136687188059071
110784,0.0,0.42008285978847,0.5,0.5,3.719618275402378
110784,0.1,0.35664510519825354,0.4,0.4,3.978164186245384
110784,0.2,0.3606321484841935,0.4,0.4,3.978164186245384
110784,0.3,0.35448439486165373,0.4,0.4,4.519630756365382
110784,0.4,0.34305903516070785,0.4,0.4,5.253440329979012
110784,0.5,0.4166986026032803,0.4,0.4,5.406899666058978
110784,0.6,0.4382156670460325,0.4,0.4,6.155720459719748
43483,0.0,0.3672196279548555,0.5714285714285714,0.4,2.698688670721582
43483,0.1,0.3672196279548555,0.5714285714285714,0.4,2.698688670721582
43483,0.2,0.29393523042863046,0.42857142857142855,0.3,2.698688670721582
43483,0.3,0.2897842799768495,0.42857142857142855,0.3,2.698688670721582
43483,0.4,0.24326425234554863,0.42857142857142855,0.3,3.7248905708112146
43483,0.5,0.23308373015782488,0.42857142857142855,0.3,4.410654493601641
43483,0.6,0.2206508329024053,0.42857142857142855,0.3,4.524065557922228
181576,0.0,0.55774662082308,0.4,0.4,3.59430139849447
181576,0.1,0.55774662082308,0.4,0.4,3.7690892118657104
181576,0.2,0.55774662082308,0.4,0.4,3.7690892118657104
181576,0.3,0.5826642895499509,0.4,0.4,3.7690892118657104
181576,0.4,0.5826642895499509,0.4,0.4,4.72311171418624
181576,0.5,0.5958574600388186,0.4,0.4,5.548438979936955
181576,0.6,0.5958574600388186,0.4,0.4,7.524403112937755
117729,0.0,0.4689819508583858,0.4,0.4,3.68115788537488
117729,0.1,0.4733351486252594,0.4,0.4,3.68115788537488
117729,0.2,0.4791674166118128,0.4,0.4,3.68115788537488
117729,0.3,0.4791674166118128,0.4,0.4,4.031949578760351
117729,0.4,0.46597424612294513,0.4,0.4,4.173484218208552
117729,0.5,0.43087111164264724,0.4,0.4,4.490428072601154
117729,0.6,0.34305903516070785,0.4,0.4,5.491772629360421
134301,0.0,0.06343775459021642,0.1,0.1,2.8650367362978604
134301,0.1,0.06343775459021642,0.1,0.1,2.9644808703119834
134301,0.2,0.1173271512737744,0.2,0.2,3.0936421693643092
134301,0.3,0.1173271512737744,0.2,0.2,3.267072033384479
134301,0.4,0.12072775555789306,0.2,0.2,4.069645016058857
134301,0.5,0.07362322034364344,0.1,0.1,4.823894253371528
134301,0.6,0.1200743006121955,0.1,0.1,5.775585439560207
9506,0.0,0.2554359839370199,0.3333333333333333,0.3,1.8095015903851368
9506,0.1,0.25182871946797925,0.3333333333333333,0.3,1.8095015903851368
9506,0.2,0.29241334305911415,0.3333333333333333,0.3,1.8095015903851368
9506,0.3,0.2600537325249654,0.3333333333333333,0.3,1.8095015903851368
9506,0.4,0.1280645751947239,0.2222222222222222,0.2,2.009202064670087
9506,0.5,0.1280645751947239,0.2222222222222222,0.2,3.309300884683027
9506,0.6,0.1280645751947239,0.2222222222222222,0.2,4.022834526882752
141009,0.0,0.11377041810078811,0.25,0.1,6.59769162217393
141009,0.1,0.11377041810078811,0.25,0.1,6.597691622173931
141009,0.2,0.11377041810078811,0.25,0.1,6.814269355849189
141009,0.3,0.11377041810078811,0.25,0.1,7.324545569918415
141009,0.4,0.11377041810078811,0.25,0.1,7.84800413408953
141009,0.5,0.11377041810078811,0.25,0.1,7.957102256221775
141009,0.6,0.11377041810078811,0.25,0.1,8.100062100107596
177351,0.0,0.8087341427465955,0.7,0.7,8.875756884207766
177351,0.1,0.8087341427465955,0.7,0.7,9.151592186366127
177351,0.2,0.8087341427465955,0.7,0.7,9.151592186366127
177351,0.3,0.8087341427465955,0.7,0.7,9.281253887001943
177351,0.4,0.8087341427465955,0.7,0.7,9.281253887001943
177351,0.5,0.8087341427465955,0.7,0.7,10.118034251227625
177351,0.6,0.8087341427465955,0.7,0.7,10.364746852270356
196666,0.0,0.3965432841030506,0.3333333333333333,0.3,3.9593969086785563
196666,0.1,0.4818552347500525,0.3333333333333333,0.3,3.959396908678557
196666,0.2,0.4818552347500525,0.3333333333333333,0.3,4.35767801162587
196666,0.3,0.4818552347500525,0.3333333333333333,0.3,4.998098815281445
196666,0.4,0.4818552347500525,0.3333333333333333,0.3,5.731529931314347
196666,0.5,0.4818552347500525,0.3333333333333333,0.3,5.746932582212482
196666,0.6,0.40734773697178245,0.3333333333333333,0.3,6.0437321150929355
41413,0.0,0.3489076502461903,0.3,0.3,1.7315426368122342
41413,0.1,0.2786686870877365,0.3,0.3,1.7315426368122342
41413,0.2,0.2786686870877365,0.3,0.3,1.8851960311026772
41413,0.3,0.3464596394448265,0.4,0.4,1.9710555349594507
41413,0.4,0.43425536882783694,0.5,0.5,2.5035809382791703
41413,0.5,0.5503589732530216,0.6,0.6,4.930865791911402
41413,0.6,0.593818695885062,0.5,0.5,6.067131458535195
148478,0.0,0.12092199990360374,0.2,0.1,4.113127530826452
148478,0.1,0.12092199990360374,0.2,0.1,4.351982762811188
148478,0.2,0.12092199990360374,0.2,0.1,4.511039419527613
148478,0.3,0.12092199990360374,0.2,0.1,4.7041145857866855
148478,0.4,0.12092199990360374,0.2,0.1,5.128712236073653
148478,0.5,0.12092199990360374,0.2,0.1,5.397250374592095
148478,0.6,0.12092199990360374,0.2,0.1,5.567219491559509
132792,0.0,0.25923194858125387,0.375,0.3,4.8504310607707986
132792,0.1,0.25923194858125387,0.375,0.3,5.008595813559872
132792,0.2,0.25923194858125387,0.375,0.3,5.008595813559872
132792,0.3,0.25923194858125387,0.375,0.3,5.251949254045303
132792,0.4,0.25923194858125387,0.375,0.3,5.251949254045302
132792,0.5,0.24428510784869198,0.375,0.3,5.6151838664367375
132792,0.6,0.24428510784869198,0.375,0.3,5.7357355456311145
167029,0.0,0.41329799831916164,0.4,0.4,3.0430693237184587
167029,0.1,0.3890174374390593,0.4,0.4,3.124550376907033
167029,0.2,0.381263635388067,0.4,0.4,3.124550376907033
167029,0.3,0.37107816963464,0.4,0.4,3.2916601525049103
167029,0.4,0.3137881686669634,0.3,0.3,3.4822107576366244
167029,0.5,0.20979156405964475,0.3,0.3,3.767700666458167
167029,0.6,0.31104101932854233,0.3,0.3,4.839063771164788
75944,0.0,0.19031326377064925,0.1,0.1,1.8674746420331334
75944,0.1,0.19031326377064925,0.1,0.1,2.0991777042653195
75944,0.2,0.19031326377064925,0.1,0.1,2.0991777042653195
75944,0.3,0.19031326377064925,0.1,0.1,2.3461247527184925
75944,0.4,0.19031326377064925,0.1,0.1,3.6502540305791604
75944,0.5,0.25035041407674696,0.2,0.2,4.544528238507199
75944,0.6,0.07362322034364344,0.1,0.1,5.749681646199112
23961,0.0,0.9427099990323233,0.9,0.9,4.149094023148169
23961,0.1,0.9427099990323233,0.9,0.9,4.149094023148169
23961,0.2,0.9427099990323233,0.9,0.9,4.149094023148169
23961,0.3,0.9427099990323233,0.9,0.9,4.422370054307746
23961,0.4,0.9427099990323233,0.9,0.9,4.422370054307746
23961,0.5,0.8629390250661401,0.8,0.8,5.055334142424559
23961,0.6,0.7739301468033551,0.7,0.7,6.315626581475869
159814,0.0,0.4689819508583858,0.4,0.4,1.849140828660802
159814,0.1,0.462834197235846,0.4,0.4,2.0022629796926705
159814,0.2,0.462834197235846,0.4,0.4,2.0022629796926705
159814,0.3,0.4413007856941648,0.4,0.4,2.0560478736383154
159814,0.4,0.37382531897306115,0.3,0.3,3.2745126222447682
159814,0.5,0.3788319716856323,0.4,0.4,5.267237587296945
159814,0.6,0.2322176068191845,0.3,0.3,6.3698277397662295
138465,0.0,0.4035054321144127,0.4,0.4,3.1768041650830674
138465,0.1,0.4035054321144127,0.4,0.4,3.1768041650830683
138465,0.2,0.3957516300634204,0.4,0.4,3.398734760097562
138465,0.3,0.3828026678726432,0.5,0.5,3.5653645250961477
138465,0.4,0.25130300755950197,0.3,0.3,4.381412186005432
138465,0.5,0.2479024032753833,0.3,0.3,4.730842367429861
138465,0.6,0.31104101932854233,0.3,0.3,5.557514712190341
72443,0.0,0.6241757330498082,0.5,0.5,3.2882994101164194
72443,0.1,0.6241757330498082,0.5,0.5,3.527254048750301
72443,0.2,0.6241757330498082,0.5,0.5,3.527254048750301
72443,0.3,0.6241757330498082,0.5,0.5,3.7412450790097673
72443,0.4,0.6241757330498082,0.5,0.5,3.7412450790097678
72443,0.5,0.5992580643229373,0.5,0.5,4.410305471140136
72443,0.6,0.5992580643229373,0.5,0.5,5.55838948798908
111433,0.0,0.13706097493385985,0.2,0.2,2.557596543346046
111433,0.1,0.18511810363086442,0.3,0.3,2.7441814880634148
111433,0.2,0.15244663285300125,0.2,0.2,2.7441814880634148
111433,0.3,0.16294758424241465,0.2,0.2,2.7441814880634143
111433,0.4,0.2451552539369622,0.3,0.3,3.3234677828554404
111433,0.5,0.3788319716856323,0.4,0.4,4.565673799096207
111433,0.6,0.3788319716856323,0.4,0.4,5.069096417774593
35256,0.0,0.5044943319862907,0.5,0.5,3.6575780152409316
35256,0.1,0.5010937277021721,0.5,0.5,4.626434363135777
35256,0.2,0.5260113964290429,0.5,0.5,4.626434363135777
35256,0.3,0.5260113964290429,0.5,0.5,5.225103898160155
35256,0.4,0.5201791284424895,0.5,0.5,7.377393227860637
35256,0.5,0.5904180916009433,0.5,0.5,11.169046911317546
35256,0.6,0.5860648938340697,0.5,0.5,11.169046911317546
125671,0.0,0.7841156125567822,0.7,0.7,2.871237862044564
125671,0.1,0.7591979438299113,0.7,0.7,3.144045189657787
125671,0.2,0.7548447460630378,0.7,0.7,3.3449118779206435
125671,0.3,0.7520975967246166,0.7,0.7,4.234536860734632
125671,0.4,0.6670490166800274,0.6,0.6,4.944218510671502
125671,0.5,0.6511086968527386,0.6,0.6,8.428705530795128
125671,0.6,0.5176875024751584,0.4,0.4,10.87260288283796
108963,0.0,0.857999388297445,0.8,0.8,3.077813085948152
108963,0.1,0.8475533671469987,0.8,0.8,3.3469589111154066
108963,0.2,0.9048433681146754,0.9,0.9,3.3469589111154066
108963,0.3,0.9048433681146754,0.9,0.9,3.4236456762783334
108963,0.4,0.9048433681146754,0.9,0.9,4.337844167961545
108963,0.5,0.9180365386035428,0.9,0.9,4.541594512323492
108963,0.6,0.9180365386035428,0.9,0.9,4.6044012092841555
121620,0.0,0.4089448005522881,0.4,0.4,4.305567226638883
121620,0.1,0.4089448005522881,0.4,0.4,4.305567226638883
121620,0.2,0.4089448005522881,0.4,0.4,4.468358730243612
121620,0.3,0.4105508489807405,0.4,0.4,4.468358730243612
121620,0.4,0.3973576784918729,0.4,0.4,4.640921103985727
121620,0.5,0.3317274364713827,0.3,0.3,4.640921103985727
121620,0.6,0.33571447975732266,0.3,0.3,5.471116105434394
167325,0.0,0.5292256078857199,0.5555555555555556,0.5,2.1019505193506176
167325,0.1,0.5321397059023327,0.5555555555555556,0.5,2.5284429301252063
167325,0.2,0.6037157651256,0.6666666666666666,0.6,2.5284429301252067
167325,0.3,0.5988389673090038,0.6666666666666666,0.6,2.8898124939353833
167325,0.4,0.6474908765003884,0.6666666666666666,0.6,3.2699350186987166
167325,0.5,0.8009769230582204,0.7777777777777778,0.7,4.267837169422602
167325,0.6,0.6817594387624735,0.5555555555555556,0.5,5.089815963849537
183514,0.0,0.38401078472648814,0.3,0.3,3.3243579618743766
183514,0.1,0.38401078472648814,0.3,0.3,3.4433010770760957
183514,0.2,0.2756609823522959,0.3,0.3,3.4433010770760957
183514,0.3,0.25074331362542507,0.3,0.3,3.680049355167457
183514,0.4,0.25074331362542507,0.3,0.3,3.680049355167457
183514,0.5,0.25713527554605536,0.3,0.3,3.989394742373464
183514,0.6,0.22023758521009126,0.3,0.3,4.364286577033274
62287,0.0,0.2532633541065531,0.16666666666666666,0.1,1.7760076963568239
62287,0.1,0.2532633541065531,0.16666666666666666,0.1,1.7760076963568239
62287,0.2,0.2532633541065531,0.16666666666666666,0.1,1.8834325089240522
62287,0.3,0.1597913855951283,0.16666666666666666,0.1,1.8834325089240522
62287,0.4,0.10907458963273323,0.16666666666666666,0.1,2.113641513224654
62287,0.5,0.1606609844240587,0.3333333333333333,0.2,3.1557541897358132
62287,0.6,0.09797563950575583,0.16666666666666666,0.1,5.07011965968078
89441,0.0,0.45304163103109707,0.5,0.5,2.4041521921134485
89441,0.1,0.45304163103109707,0.5,0.5,2.4795933332104636
89441,0.2,0.44470138997828357,0.5,0.5,2.4795933332104636
89441,0.3,0.4089448005522881,0.4,0.4,3.134054298927647
89441,0.4,0.43386246927915895,0.4,0.4,8.004550388928099
89441,0.5,0.44406428213151494,0.3,0.3,10.45396368767823
89441,0.6,0.44406428213151494,0.3,0.3,10.618349306655704
125146,0.0,0.3874113890106069,0.4,0.4,1.733757753534444
125146,0.1,0.381263635388067,0.4,0.4,1.8971311033180194
125146,0.2,0.381263635388067,0.4,0.4,1.8971311033180194
125146,0.3,0.25373467126193666,0.3,0.3,2.082463703735032
125146,0.4,0.3153942170954159,0.3,0.3,2.285106334849012
125146,0.5,0.25810421612773926,0.2,0.2,3.18975495218491
125146,0.6,0.19369752095583892,0.2,0.2,3.9020941016623025
145730,0.0,0.2532633541065531,0.16666666666666666,0.1,2.105918929056219
145730,0.1,0.2532633541065531,0.16666666666666666,0.1,2.481110035772633
145730,0.2,0.2532633541065531,0.16666666666666666,0.1,2.481110035772633
145730,0.3,0.2532633541065531,0.16666666666666666,0.1,3.2142911436305575
145730,0.4,0.2532633541065531,0.16666666666666666,0.1,4.777269241175606
145730,0.5,0.1597913855951283,0.16666666666666666,0.1,5.648893702423662
145730,0.6,0.1597913855951283,0.16666666666666666,0.1,6.099513337704756
193707,0.0,0.3103875643828447,0.2,0.2,2.2691864900664553
193707,0.1,0.3103875643828447,0.2,0.2,2.2691864900664553
193707,0.2,0.3103875643828447,0.2,0.2,2.4514446128847664
193707,0.3,0.3103875643828447,0.2,0.2,2.451444612884767
193707,0.4,0.3103875643828447,0.2,0.2,2.451444612884767
193707,0.5,0.3103875643828447,0.2,0.2,2.9921434737228854
193707,0.6,0.33571447975732266,0.3,0.3,3.7320354612788487
82924,0.0,0.3785714162886128,0.5,0.5,6.397064650722765
82924,0.1,0.4256759515028624,0.6,0.6,6.613366807891715
82924,0.2,0.44225337917691976,0.6,0.6,6.870752371665672
82924,0.3,0.45059362022973337,0.6,0.6,6.870752371665672
82924,0.4,0.5266648513747405,0.6,0.6,7.235631042760362
82924,0.5,0.5398580218636082,0.6,0.6,7.352898080578475
82924,0.6,0.5481982629164217,0.6,0.6,8.353761763980174
30185,0.0,0.5793307012097086,0.5,0.5,2.4372936651676627
30185,0.1,0.5260277435279719,0.4,0.4,2.4372936651676627
30185,0.2,0.5260277435279719,0.4,0.4,2.510190147029358
30185,0.3,0.40554419626816934,0.3,0.3,2.908102189226228
30185,0.4,0.25375101836086567,0.2,0.2,6.293172315728652
30185,0.5,0.2476032647383259,0.2,0.2,6.293172315728651
30185,0.6,0.23740145188596992,0.3,0.3,6.700723901010123
116248,0.0,0.39235102577930164,0.3,0.3,2.4993604372559606
116248,0.1,0.40554419626816934,0.3,0.3,2.4993604372559606
116248,0.2,0.40554419626816934,0.3,0.3,2.4993604372559606
116248,0.3,0.40554419626816934,0.3,0.3,3.254439497489448
116248,0.4,0.39235102577930164,0.3,0.3,3.9683534459107115
116248,0.5,0.38401078472648814,0.3,0.3,6.191085434180448
116248,0.6,0.44841747989838854,0.3,0.3,7.476581456868854
196541,0.0,0.9263767796563563,0.9,0.9,2.5568621225905814
196541,0.1,0.9263767796563563,0.9,0.9,2.5568621225905814
196541,0.2,0.9263767796563563,0.9,0.9,2.5568621225905814
196541,0.3,0.9322090476429099,0.9,0.9,2.696442074247277
196541,0.4,0.9322090476429099,0.9,0.9,4.915368510153143
196541,0.5,0.9322090476429099,0.9,0.9,7.268786401596612
196541,0.6,0.9365622454097835,0.9,0.9,8.942136622296175
195047,0.0,0.3175336223641074,0.4,0.2,2.2718352975421503
195047,0.1,0.3175336223641074,0.4,0.2,2.2718352975421507
195047,0.2,0.3175336223641074,0.4,0.2,2.2718352975421503
195047,0.3,0.3175336223641074,0.4,0.2,2.2718352975421507
195047,0.4,0.38938969832239934,0.4,0.2,2.5274382400334465
195047,0.5,0.3807852604803161,0.4,0.2,4.36564950034478
195047,0.6,0.3807852604803161,0.4,0.2,5.681391856887355
193629,0.0,0.46452941939566716,0.3333333333333333,0.3,2.1602606651847998
193629,0.1,0.5318223882358559,0.4444444444444444,0.4,2.1602606651847998
193629,0.2,0.5426268411045877,0.4444444444444444,0.4,2.927475157753544
193629,0.3,0.5455409391212005,0.4444444444444444,0.4,3.576126896599186
193629,0.4,0.4798805322419075,0.4444444444444444,0.4,5.095970846380906
193629,0.5,0.4798805322419075,0.4444444444444444,0.4,5.457770123853541
193629,0.6,0.42802710539678646,0.4444444444444444,0.4,5.5899293132300905
106254,0.0,0.3299434817152899,0.3333333333333333,0.3,2.5634988150133378
106254,0.1,0.3299434817152899,0.3333333333333333,0.3,2.9234047744264826
106254,0.2,0.32633621724624917,0.3333333333333333,0.3,3.152346375254715
106254,0.3,0.2626505128751012,0.2222222222222222,0.2,3.219910131568502
106254,0.4,0.26556461089171396,0.2222222222222222,0.2,4.66498985673095
106254,0.5,0.26917187536075465,0.2222222222222222,0.2,5.923551434539865
106254,0.6,0.3345612303032353,0.3333333333333333,0.3,6.161469588421592
38317,0.0,0.9263767796563563,0.9,0.9,3.837302370063081
38317,0.1,0.9263767796563563,0.9,0.9,3.911150712243928
38317,0.2,0.9263767796563563,0.9,0.9,4.062951677273834
38317,0.3,0.9263767796563563,0.9,0.9,4.312235191879564
38317,0.4,0.9263767796563563,0.9,0.9,4.5874044117199855
38317,0.5,0.9322090476429099,0.9,0.9,4.967346807336379
38317,0.6,0.8690867786886797,0.8,0.8,5.479302543678735
115926,0.0,0.4093377001009661,0.4,0.4,6.559621115283884
115926,0.1,0.4093377001009661,0.4,0.4,7.359284197657027
115926,0.2,0.4093377001009661,0.4,0.4,7.959613024454893
115926,0.3,0.4093377001009661,0.4,0.4,8.256496931306247
115926,0.4,0.4093377001009661,0.4,0.4,8.256496931306248
115926,0.5,0.4093377001009661,0.4,0.4,8.469230054385964
115926,0.6,0.4093377001009661,0.4,0.4,8.484447999511197
84353,0.0,0.38401078472648814,0.3,0.3,3.0793589227666898
84353,0.1,0.39235102577930164,0.3,0.3,3.0793589227666898
84353,0.2,0.3590931159996173,0.3,0.3,3.9427156006240685
84353,0.3,0.3532608480130639,0.3,0.3,4.277107285497521
84353,0.4,0.34006767752419625,0.3,0.3,5.259134170430935
84353,0.5,0.2365708045860581,0.3,0.3,6.298148357523145
84353,0.6,0.22638533883263104,0.3,0.3,6.867552859078342
86188,0.0,0.3623379437392863,0.3333333333333333,0.2,4.640150980325254
86188,0.1,0.3623379437392863,0.3333333333333333,0.2,4.640150980325254
86188,0.2,0.3512389936123089,0.3333333333333333,0.2,5.061171141844024
86188,0.3,0.33315904690411724,0.3333333333333333,0.2,5.061171141844025
86188,0.4,0.33315904690411724,0.3333333333333333,0.2,5.346874149952204
86188,0.5,0.33315904690411724,0.3333333333333333,0.2,5.479457956981162
86188,0.6,0.33315904690411724,0.3333333333333333,0.2,6.101637010523809
80151,0.0,0.6255375731801701,0.5,0.5,2.7549750810407416
80151,0.1,0.6313698411667235,0.5,0.5,2.7549750810407416
80151,0.2,0.6886598421344001,0.6,0.6,2.820177005351285
80151,0.3,0.69480759575694,0.6,0.6,2.8201770053512845
80151,0.4,0.713577510861271,0.6,0.6,3.0434261411730628
80151,0.5,0.6562875098935943,0.5,0.5,4.078816691766359
80151,0.6,0.6818586335661628,0.7,0.7,5.483289577369751
60047,0.0,0.809049628382582,0.7,0.7,2.013790107297738
60047,0.1,0.8007093873297685,0.7,0.7,2.0137901072977384
60047,0.2,0.7973087830456499,0.7,0.7,2.2117773164715446
60047,0.3,0.771182997464934,0.7,0.7,2.3218984667032876
60047,0.4,0.7594421521280019,0.7,0.7,2.3686987585802397
60047,0.5,0.5867020016808382,0.6,0.6,4.849803680255121
60047,0.6,0.5476118239146005,0.6,0.6,6.164640094971386
103324,0.0,0.9180365386035428,0.9,0.9,2.8927541570641933
103324,0.1,0.9263767796563563,0.9,0.9,3.35503444194482
103324,0.2,0.9322090476429099,0.9,0.9,3.35503444194482
103324,0.3,0.8687712930526933,0.8,0.8,3.806450900528444
103324,0.4,0.9048433681146754,0.9,0.9,3.806450900528445
103324,0.5,0.8198885490817066,0.8,0.8,3.9179749957395216
103324,0.6,0.7462489816391342,0.8,0.8,5.05626871388756
161210,0.0,0.08986824523342568,0.14285714285714285,0.1,6.01548086483915
161210,0.1,0.08986824523342568,0.14285714285714285,0.1,6.651684925054657
161210,0.2,0.08986824523342568,0.14285714285714285,0.1,7.426672709803943
161210,0.3,0.08986824523342568,0.14285714285714285,0.1,7.426672709803943
161210,0.4,0.08986824523342568,0.14285714285714285,0.1,8.047687657709124
161210,0.5,0.08986824523342568,0.14285714285714285,0.1,8.540518047921562
161210,0.6,0.08986824523342568,0.14285714285714285,0.1,8.540518047921562
114249,0.0,0.8792722444421068,0.8,0.8,2.3367231127298025
114249,0.1,0.8765250951036857,0.8,0.8,2.3367231127298025
114249,0.2,0.8765250951036857,0.8,0.8,2.5402816899584004
114249,0.3,0.9322090476429099,0.9,0.9,2.5402816899584004
114249,0.4,0.9322090476429099,0.9,0.9,2.540281689958401
114249,0.5,0.8792722444421068,0.8,0.8,2.983885384828051
114249,0.6,0.8607465376358662,0.8,0.8,3.723874169051308
122253,0.0,0.7456118737923656,0.6,0.6,3.204487097305679
122253,0.1,0.7945616337072288,0.7,0.7,3.2929951406138565
122253,0.2,0.7902084359403552,0.7,0.7,3.3813158178245586
122253,0.3,0.7267706813501387,0.6,0.6,3.7208075667858296
122253,0.4,0.727086166986125,0.6,0.6,4.569938681180551
122253,0.5,0.7378580717413733,0.6,0.6,4.8497162149709485
122253,0.6,0.6778209214352755,0.5,0.5,5.077522153737492
150269,0.0,0.3212264850819693,0.3,0.3,4.123417800695135
150269,0.1,0.37543136740151367,0.4,0.4,4.320994139646748
150269,0.2,0.3051924042430599,0.4,0.4,4.516992322952584
150269,0.3,0.3008392064761863,0.4,0.4,4.587410567624753
150269,0.4,0.26214192825862653,0.4,0.4,4.875539795772208
150269,0.5,0.27906158663641456,0.4,0.4,5.536474207526428
150269,0.6,0.28610700350274243,0.4,0.4,6.154707895939904
79348,0.0,0.7847690675024798,0.8,0.8,3.107751142587566
79348,0.1,0.7847690675024798,0.8,0.8,3.2484298487281635
79348,0.2,0.7847690675024798,0.8,0.8,3.2484298487281635
79348,0.3,0.7979622379913474,0.8,0.8,3.2484298487281635
79348,0.4,0.7360635158857073,0.8,0.8,3.2484298487281635
79348,0.5,0.752396735261674,0.8,0.8,3.9580652059686328
79348,0.6,0.8799256993878044,0.9,0.9,5.051453428810762
16503,0.0,0.35664510519825354,0.4,0.4,2.0812426745364654
16503,0.1,0.35229190743138,0.4,0.4,2.244112571979311
16503,0.2,0.3464596394448265,0.4,0.4,2.37249643603126
16503,0.3,0.37881562458670337,0.5,0.5,2.5995045848803024
16503,0.4,0.2834147844032882,0.4,0.4,2.5995045848803024
16503,0.5,0.3113401578655997,0.4,0.4,5.931680618843692
16503,0.6,0.3495447580929589,0.5,0.5,6.876213407691722
67622,0.0,0.7945616337072288,0.7,0.7,3.9852476410652655
67622,0.1,0.7378580717413733,0.6,0.6,4.19887995135801
67622,0.2,0.7351109224029522,0.6,0.6,4.583892828194595
67622,0.3,0.7378580717413733,0.6,0.6,6.297045516443566
67622,0.4,0.8007093873297685,0.7,0.7,6.549646021198572
67622,0.5,0.8007093873297685,0.7,0.7,6.549646021198571
67622,0.6,0.7875162168409008,0.7,0.7,6.605324364501915
51263,0.0,0.7277232748328937,0.8,0.8,4.035787341340132
51263,0.1,0.6704332738652171,0.7,0.7,4.045863183947031
51263,0.2,0.6042483699365795,0.6,0.6,4.167465460072809
51263,0.3,0.6042483699365795,0.6,0.6,4.167465460072809
51263,0.4,0.5906622998990338,0.6,0.6,4.167465460072809
51263,0.5,0.5808697336942849,0.6,0.6,4.167465460072809
51263,0.6,0.5617843329539673,0.6,0.6,6.1268201317972695
183112,0.0,0.36529303966308646,0.4,0.2,4.847999878696014
183112,0.1,0.36529303966308646,0.4,0.2,5.016280861107945
183112,0.2,0.36529303966308646,0.4,0.2,5.016280861107945
183112,0.3,0.36529303966308646,0.4,0.2,5.016280861107945
183112,0.4,0.36529303966308646,0.4,0.2,5.316234174465796
183112,0.5,0.36529303966308646,0.4,0.2,5.753535483868271
183112,0.6,0.36529303966308646,0.4,0.2,6.077616120426349
85781,0.0,0.21561019356751257,0.125,0.1,2.9377465262576186
85781,0.1,0.21561019356751257,0.125,0.1,3.2262929583995197
85781,0.2,0.21561019356751257,0.125,0.1,3.825417541387293
85781,0.3,0.21561019356751257,0.125,0.1,4.194975617176516
85781,0.4,0.21561019356751257,0.125,0.1,5.980222781659577
85781,0.5,0.13603488629504495,0.125,0.1,6.980145254672443
85781,0.6,0.10780509678375629,0.125,0.1,7.581254886057414
200130,0.0,0.2816088901903822,0.3333333333333333,0.3,4.028363575227454
200130,0.1,0.3452945945615302,0.4444444444444444,0.4,4.028363575227454
200130,0.2,0.41980209233980026,0.4444444444444444,0.4,4.8757982534557325
200130,0.3,0.41688799432318746,0.4444444444444444,0.4,5.471841951024873
200130,0.4,0.4619326390455313,0.4444444444444444,0.4,6.036326171630732
200130,0.5,0.4769664342252948,0.4444444444444444,0.4,6.41244828503541
200130,0.6,0.4938754728942929,0.4444444444444444,0.4,6.511871077981039
143567,0.0,0.47098089883551636,0.5,0.5,2.007506459078697
143567,0.1,0.47098089883551636,0.5,0.5,2.4002064785004658
143567,0.2,0.4490545877451571,0.5,0.5,2.78550997655743
143567,0.3,0.4552023413676969,0.5,0.5,3.0779268030805715
143567,0.4,0.4737280481739375,0.5,0.5,5.034875302477737
143567,0.5,0.47712865245805614,0.5,0.5,7.16169137988562
143567,0.6,0.4903218229469238,0.5,0.5,7.435267914749488
154267,0.0,0.2054428507005457,0.4,0.2,3.403735268751313
154267,0.1,0.2054428507005457,0.4,0.2,3.403735268751313
154267,0.2,0.2054428507005457,0.4,0.2,3.8567363151608873
154267,0.3,0.1931383602531968,0.4,0.2,4.07271125216378
154267,0.4,0.10001307161417165,0.2,0.1,4.2313050541390576
154267,0.5,0.08857376396551761,0.2,0.1,5.134246676589138
154267,0.6,0.0,0.0,0.0,5.504549817790144
67621,0.0,0.2759523545986089,0.42857142857142855,0.3,3.4469516388249417
67621,0.1,0.2759523545986089,0.42857142857142855,0.3,3.4469516388249417
67621,0.2,0.2759523545986089,0.42857142857142855,0.3,3.4469516388249417
67621,0.3,0.2688331918231124,0.42857142857142855,0.3,3.6295112634794258
67621,0.4,0.29393523042863046,0.42857142857142855,0.3,3.8144238821022887
67621,0.5,0.392105376565618,0.42857142857142855,0.3,4.073556220251176
67621,0.6,0.44880592638464256,0.42857142857142855,0.3,5.077916319029496
159064,0.0,0.727466582642545,0.625,0.5,5.366344983567
159064,0.1,0.6943049570912608,0.625,0.5,5.366344983567
159064,0.2,0.6876974490037855,0.625,0.5,5.366344983566999
159064,0.3,0.6793581163586988,0.625,0.5,5.814657609415123
159064,0.4,0.6842899523986945,0.625,0.5,7.4111263960484335
159064,0.5,0.5931753009987559,0.625,0.5,8.169042755318639
159064,0.6,0.5931753009987559,0.625,0.5,9.103270662249868
609,0.0,0.2937982779809777,0.375,0.3,5.6195473892512435
609,0.1,0.24117280033590793,0.375,0.3,5.6195473892512435
609,0.2,0.22511644484721338,0.375,0.3,5.939903725128952
609,0.3,0.22018460880721774,0.375,0.3,5.939903725128952
609,0.4,0.24117280033590793,0.375,0.3,6.260467200256193
609,0.5,0.28434943057975853,0.375,0.3,6.7445438768120685
609,0.6,0.30874511871353966,0.375,0.3,6.885474469566295
185469,0.0,0.37989503115982964,0.3333333333333333,0.2,3.3502591618205444
185469,0.1,0.3623379437392863,0.3333333333333333,0.2,3.732118863464027
185469,0.2,0.3512389936123089,0.3333333333333333,0.2,3.9483222570566228
185469,0.3,0.3376844721420708,0.3333333333333333,0.2,4.454626016477386
185469,0.4,0.3295032204950941,0.3333333333333333,0.2,4.526360936604837
185469,0.5,0.2532633541065531,0.16666666666666666,0.1,6.412538563895597
185469,0.6,0.10907458963273323,0.16666666666666666,0.1,7.10667017681151
43295,0.0,0.8312201477710319,0.8,0.8,3.5314089204156067
43295,0.1,0.8444133182598994,0.8,0.8,3.5314089204156067
43295,0.2,0.8545987840133263,0.8,0.8,4.163338384219863
43295,0.3,0.8663396293502587,0.8,0.8,5.073882691939472
43295,0.4,0.857999388297445,0.8,0.8,5.5367694440564375
43295,0.5,0.8663396293502587,0.8,0.8,6.032637227270696
43295,0.6,0.8663396293502587,0.8,0.8,6.91433518050615
173031,0.0,0.603611262089811,0.5,0.5,2.5331863961265677
173031,0.1,0.6066963807379432,0.5,0.5,2.5331863961265677
173031,0.2,0.6177837711291778,0.5,0.5,2.5331863961265677
173031,0.3,0.6828275741478468,0.6,0.6,3.30329046771413
173031,0.4,0.713577510861271,0.6,0.6,5.982352874230133
173031,0.5,0.713184611312593,0.6,0.6,8.296617627218078
173031,0.6,0.7492566863745749,0.7,0.7,9.033504207198295
21034,0.0,0.3002215794307131,0.3333333333333333,0.3,2.3811741868475327
21034,0.1,0.3701113286210376,0.3333333333333333,0.3,2.514099917853135
21034,0.2,0.5256183434166793,0.5555555555555556,0.5,2.514099917853135
21034,0.3,0.4528264989179037,0.4444444444444444,0.4,2.661227462470406
21034,0.4,0.6005426178803366,0.6666666666666666,0.6,3.087181007513163
21034,0.5,0.6005426178803366,0.6666666666666666,0.6,3.575911303121095
21034,0.6,0.4652635137475313,0.5555555555555556,0.5,5.12730296861303
62374,0.0,0.17903687496920354,0.2222222222222222,0.2,2.540002273775893
62374,0.1,0.27997632822948654,0.2222222222222222,0.2,2.886514617743963
62374,0.2,0.2888234191284636,0.2222222222222222,0.2,2.8865146177439627
62374,0.3,0.302818359780849,0.2222222222222222,0.2,3.4229900622924125
62374,0.4,0.302818359780849,0.2222222222222222,0.2,3.5704255460860552
62374,0.5,0.3292503152628619,0.2222222222222222,0.2,3.6881898105321156
62374,0.6,0.3900219216173972,0.3333333333333333,0.3,4.165468556322521
124967,0.0,0.7766223659028094,0.7,0.7,2.2510022516209416
124967,0.1,0.7766223659028094,0.7,0.7,2.2510022516209416
124967,0.2,0.7193323649351328,0.6,0.6,2.2510022516209416
124967,0.3,0.713184611312593,0.6,0.6,2.332634077347092
124967,0.4,0.6592952146290351,0.5,0.5,3.209901239060405
124967,0.5,0.5392045669179105,0.5,0.5,4.826438176789618
124967,0.6,0.45245519202927575,0.5,0.5,5.976097615839707
12139,0.0,0.5998951721697059,0.6,0.6,2.968891406882856
12139,0.1,0.5998951721697059,0.6,0.6,2.968891406882856
12139,0.2,0.6103961235591193,0.6,0.6,3.0647869156245426
12139,0.3,0.684605782904584,0.7,0.7,3.162861973436986
12139,0.4,0.684605782904584,0.7,0.7,3.285667696233502
12139,0.5,0.6704332738652171,0.7,0.7,4.569438026284346
12139,0.6,0.7345244834011311,0.7,0.7,5.924679993531511
65764,0.0,0.9180365386035428,0.9,0.9,3.6725183525005214
65764,0.1,0.9263767796563563,0.9,0.9,3.6725183525005214
65764,0.2,0.9263767796563563,0.9,0.9,4.0488376954298975
65764,0.3,0.9322090476429099,0.9,0.9,4.228198822981453
65764,0.4,0.9365622454097835,0.9,0.9,5.277197721899956
65764,0.5,0.9365622454097835,0.9,0.9,7.093480047499071
65764,0.6,0.9365622454097835,0.9,0.9,9.11158015934613
180558,0.0,0.8303398433863057,0.75,0.6,8.379801208709981
180558,0.1,0.8303398433863057,0.75,0.6,8.379801208709981
180558,0.2,0.8303398433863057,0.75,0.6,8.379801208709981
180558,0.3,0.8303398433863057,0.75,0.6,8.777102794099296
180558,0.4,0.8153930026537437,0.75,0.6,8.952500951217477
180558,0.5,0.8153930026537437,0.75,0.6,9.851632686635474
180558,0.6,0.8153930026537437,0.75,0.6,10.621468117139255
197466,0.0,0.5968100535215736,0.6,0.6,2.130660600690967
197466,0.1,0.583616883032706,0.6,0.6,2.1495170947871642
197466,0.2,0.5867020016808382,0.6,0.6,2.1495170947871647
197466,0.3,0.5583837286698486,0.6,0.6,2.1495170947871647
197466,0.4,0.4983465783637509,0.5,0.5,2.1495170947871642
197466,0.5,0.41393510616593016,0.5,0.5,3.088159627639227
197466,0.6,0.382216228870822,0.5,0.5,5.592348915075974
34198,0.0,0.15519378219142235,0.2,0.2,2.6193568961971727
34198,0.1,0.15519378219142235,0.2,0.2,3.375868853484748
34198,0.2,0.15519378219142235,0.2,0.2,4.177967298597914
34198,0.3,0.14200061170255474,0.2,0.2,5.354555021463243
34198,0.4,0.14200061170255474,0.2,0.2,6.446639420895584
34198,0.5,0.15519378219142235,0.2,0.2,6.907578558189028
34198,0.6,0.16877985222896807,0.2,0.2,6.920550637612306
183079,0.0,0.1506302169790456,0.2222222222222222,0.2,3.3623832256915245
183079,0.1,0.16462515763143096,0.2222222222222222,0.2,3.362383225691525
183079,0.2,0.17285017068841713,0.2222222222222222,0.2,3.8227127401896723
183079,0.3,0.2054688304512165,0.2222222222222222,0.2,4.182982326788584
183079,0.4,0.302818359780849,0.2222222222222222,0.2,4.700061789661719
183079,0.5,0.3292503152628619,0.2222222222222222,0.2,5.114407223656259
183079,0.6,0.40375781304113195,0.2222222222222222,0.2,5.721034057270091
4928,0.0,0.28066763506486714,0.4,0.4,3.4091595074945245
4928,0.1,0.2834147844032882,0.4,0.4,3.4091595074945245
4928,0.2,0.2868153886874069,0.4,0.4,3.4091595074945245
4928,0.3,0.2868153886874069,0.4,0.4,3.6373905582414494
4928,0.4,0.24491104563887164,0.3,0.3,3.6373905582414503
4928,0.5,0.43386246927915895,0.4,0.4,4.011037786593607
4928,0.6,0.42253087058983374,0.4,0.4,4.773116947068077
30194,0.0,0.2152309324975201,0.2,0.2,3.7460336469720685
30194,0.1,0.20203776200865248,0.2,0.2,3.859639721815532
30194,0.2,0.19369752095583892,0.2,0.2,3.859639721815532
30194,0.3,0.17736430157987212,0.2,0.2,5.149631653355317
30194,0.4,0.1200743006121955,0.1,0.1,7.595833910276181
30194,0.5,0.081963461396457,0.1,0.1,9.73873199467636
30194,0.6,0.06779095235709003,0.1,0.1,11.024007692158985
47632,0.0,0.21649988245062435,0.2857142857142857,0.2,2.1143822335648275
47632,0.1,0.2198531925786754,0.2857142857142857,0.2,2.343977985166938
47632,0.2,0.23643704028587592,0.2857142857142857,0.2,2.6238782613547236
47632,0.3,0.2627218170194593,0.2857142857142857,0.2,3.2220440130767622
47632,0.4,0.2972885405566814,0.42857142857142855,0.3,3.9080903873769515
47632,0.5,0.33265290441763345,0.42857142857142855,0.3,4.633342890777308
47632,0.6,0.3788748389864684,0.2857142857142857,0.2,5.0864499225363895
1468,0.0,0.45424974788494193,0.3,0.3,2.365747740687501
1468,0.1,0.44841747989838854,0.3,0.3,2.365747740687501
1468,0.2,0.44406428213151494,0.3,0.3,2.5800618729491935
1468,0.3,0.44066367784739624,0.3,0.3,2.87356603936981
1468,0.4,0.37382531897306115,0.3,0.3,3.1402985568693116
1468,0.5,0.2786686870877365,0.3,0.3,3.7873202335471694
1468,0.6,0.2479024032753833,0.3,0.3,4.611895249961676
176622,0.0,0.8228799067182183,0.8,0.8,3.2947921136054568
176622,0.1,0.8228799067182183,0.8,0.8,3.2947921136054568
176622,0.2,0.8228799067182183,0.8,0.8,3.2947921136054568
176622,0.3,0.7550889543611283,0.7,0.7,3.2947921136054568
176622,0.4,0.7594421521280019,0.7,0.7,3.3921269225999295
176622,0.5,0.8370524157575853,0.8,0.8,3.8240783111949903
176622,0.6,0.7462489816391342,0.8,0.8,5.010134558770653
68429,0.0,0.6379452528154109,0.5714285714285714,0.4,1.7732469764363277
68429,0.1,0.6545291005226114,0.5714285714285714,0.4,2.061981929790174
68429,0.2,0.6545291005226114,0.5714285714285714,0.4,2.9532511052741865
68429,0.3,0.647409937747115,0.5714285714285714,0.4,3.2801411088625203
68429,0.4,0.6420962032671919,0.5714285714285714,0.4,4.077743607619252
68429,0.5,0.6244114204996362,0.5714285714285714,0.4,4.965843659650475
68429,0.6,0.5420474358460424,0.42857142857142855,0.3,5.585419153133865
139096,0.0,0.3516450798625575,0.25,0.2,2.8128791429828213
139096,0.1,0.3516450798625575,0.25,0.2,2.8890079350339124
139096,0.2,0.3516450798625575,0.25,0.2,3.103226792809143
139096,0.3,0.3516450798625575,0.25,0.2,3.103226792809143
139096,0.4,0.3516450798625575,0.25,0.2,3.359465834208117
139096,0.5,0.37337358525344533,0.375,0.3,4.224139140903876
139096,0.6,0.2526244404937786,0.375,0.3,4.905981829687833
160216,0.0,0.76259854811403,0.7,0.7,3.1066179275840433
160216,0.1,0.76259854811403,0.7,0.7,3.1066179275840433
160216,0.2,0.6923595849555763,0.7,0.7,3.2612536280325912
160216,0.3,0.6818586335661628,0.7,0.7,3.2612536280325912
160216,0.4,0.6726257612954908,0.7,0.7,4.1734566011821155
160216,0.5,0.6218214832600651,0.7,0.7,5.332703470342855
160216,0.6,0.6076489742206983,0.7,0.7,5.728885020586857
165794,0.0,0.7843761679538016,0.7,0.7,2.9786871359831926
165794,0.1,0.7809755636696831,0.7,0.7,3.15811991491776
165794,0.2,0.6855747234862679,0.6,0.6,3.1581199149177603
165794,0.3,0.6772344824334544,0.6,0.6,3.1581199149177603
165794,0.4,0.6642855202426773,0.7,0.7,3.3025926830408308
165794,0.5,0.5938023487861329,0.6,0.6,3.42096802244967
165794,0.6,0.5833013973967196,0.6,0.6,4.967541218591481
96675,0.0,0.5743240484971374,0.4,0.4,2.487977028281964
96675,0.1,0.5826642895499509,0.4,0.4,2.487977028281964
96675,0.2,0.5958574600388186,0.4,0.4,2.487977028281964
96675,0.3,0.5958574600388186,0.4,0.4,2.487977028281964
96675,0.4,0.6343611988032352,0.5,0.5,5.242179062310652
96675,0.5,0.5392209140168396,0.4,0.4,10.623023748485995
96675,0.6,0.5115397488526185,0.4,0.4,11.539274916073792
4909,0.0,0.3785714162886128,0.5,0.5,2.9122129105886954
4909,0.1,0.3185342659825151,0.4,0.4,2.9122129105886954
4909,0.2,0.3185342659825151,0.4,0.4,3.15393370165793
4909,0.3,0.30834880022908806,0.4,0.4,3.2914000770831975
4909,0.4,0.35389795585983247,0.5,0.5,3.4182317629828645
4909,0.5,0.35389795585983247,0.5,0.5,3.8005089956506835
4909,0.6,0.35389795585983247,0.5,0.5,5.03449578605934
166706,0.0,0.4915453697955136,0.6,0.6,5.288220769688478
166706,0.1,0.4915453697955136,0.6,0.6,5.616415317430679
166706,0.2,0.4915453697955136,0.6,0.6,5.8419286832633
166706,0.3,0.4915453697955136,0.6,0.6,6.3593008953572
166706,0.4,0.4915453697955136,0.6,0.6,6.512640617880391
166706,0.5,0.5617843329539673,0.6,0.6,6.512640617880391
166706,0.6,0.5617843329539673,0.6,0.6,6.701894148143535
24194,0.0,0.3900219216173972,0.3333333333333333,0.3,3.778959658136948
24194,0.1,0.3635899661353842,0.3333333333333333,0.3,4.036105568885211
24194,0.2,0.3495950254829988,0.3333333333333333,0.3,4.036105568885211
24194,0.3,0.3345612303032353,0.3333333333333333,0.3,4.036105568885212
24194,0.4,0.3345612303032353,0.3333333333333333,0.3,4.2049824902524495
24194,0.5,0.3374753283198481,0.3333333333333333,0.3,4.537883162538053
24194,0.6,0.3328575797319026,0.3333333333333333,0.3,5.64551928021455
4881,0.0,0.3255126669049666,0.4,0.4,2.668376986848626
4881,0.1,0.31442527651373203,0.4,0.4,2.668376986848626
4881,0.2,0.3215256236190267,0.4,0.4,2.799568575418462
4881,0.3,0.3107804639315228,0.4,0.4,2.799568575418462
4881,0.4,0.31418106821564146,0.4,0.4,4.388116081300145
4881,0.5,0.3185342659825151,0.4,0.4,8.431592833858698
4881,0.6,0.35664510519825354,0.4,0.4,10.528557249301608
14745,0.0,0.727086166986125,0.6,0.6,3.700671045520951
14745,0.1,0.727086166986125,0.6,0.6,3.700671045520951
14745,0.2,0.741258676025492,0.6,0.6,3.700671045520951
14745,0.3,0.7378580717413733,0.6,0.6,3.853145435879507
14745,0.4,0.7378580717413733,0.6,0.6,3.853145435879507
14745,0.5,0.741258676025492,0.6,0.6,5.8859359838157825
14745,0.6,0.727086166986125,0.6,0.6,7.25733884110574
26186,0.0,0.462834197235846,0.4,0.4,2.4591005413441875
26186,0.1,0.462834197235846,0.4,0.4,2.4591005413441875
26186,0.2,0.5330731603942997,0.4,0.4,2.4591005413441875
26186,0.3,0.5330731603942997,0.4,0.4,2.4591005413441875
26186,0.4,0.5226271392438532,0.4,0.4,2.5643931356293725
26186,0.5,0.4557887803695181,0.4,0.4,5.608605087259606
26186,0.6,0.5074856896228024,0.5,0.5,6.8999434005786044
86819,0.0,0.0,0.0,0.0,2.3447541153830262
86819,0.1,0.0,0.0,0.0,2.3447541153830262
86819,0.2,0.0,0.0,0.0,2.5375853117219984
86819,0.3,0.0,0.0,0.0,2.807378541434533
86819,0.4,0.0,0.0,0.0,2.9559396498600905
86819,0.5,0.0,0.0,0.0,4.541954585302951
86819,0.6,0.0,0.0,0.0,5.084596273063144
70616,0.0,0.2888234191284636,0.2222222222222222,0.2,2.2089679729469407
70616,0.1,0.36650406415199693,0.3333333333333333,0.3,2.3367469310855418
70616,0.2,0.39293601963400987,0.3333333333333333,0.3,2.336746931085542
70616,0.3,0.4537076259885451,0.4444444444444444,0.4,2.6268331569936065
70616,0.4,0.5282151237668152,0.4444444444444444,0.4,3.6203092662186527
70616,0.5,0.4537076259885451,0.4444444444444444,0.4,5.106935710021012
70616,0.6,0.43379703299218564,0.4444444444444444,0.4,5.672657982031465
162164,0.0,0.4217434634272524,0.42857142857142855,0.3,3.544445139237542
162164,0.1,0.40228589875334164,0.42857142857142855,0.3,3.9476116241748755
162164,0.2,0.4056392088813927,0.42857142857142855,0.3,3.9476116241748755
162164,0.3,0.4056392088813927,0.42857142857142855,0.3,4.155695129370825
162164,0.4,0.39960963714544995,0.42857142857142855,0.3,4.273513231619071
162164,0.5,0.4151038938130968,0.42857142857142855,0.3,5.08072617332992
162164,0.6,0.43832731113445295,0.42857142857142855,0.3,5.562398017955951
18487,0.0,0.3295032204950941,0.3333333333333333,0.2,5.14349158012209
18487,0.1,0.3295032204950941,0.3333333333333333,0.2,5.411331085451294
18487,0.2,0.3295032204950941,0.3333333333333333,0.2,5.411331085451293
18487,0.3,0.3295032204950941,0.3333333333333333,0.2,5.819270200220867
18487,0.4,0.3295032204950941,0.3333333333333333,0.2,5.881768159132099
18487,0.5,0.3295032204950941,0.3333333333333333,0.2,6.20259196285641
18487,0.6,0.3295032204950941,0.3333333333333333,0.2,6.375692366449159
11470,0.0,0.15244663285300125,0.2,0.2,2.293897273278913
11470,0.1,0.15244663285300125,0.2,0.2,2.293897273278913
11470,0.2,0.15244663285300125,0.2,0.2,2.419340338465161
11470,0.3,0.2186315367816388,0.3,0.3,2.636116671220545
11470,0.4,0.2322176068191845,0.3,0.3,2.9076352899139444
11470,0.5,0.2786686870877365,0.3,0.3,4.547580337211128
11470,0.6,0.3455070459620716,0.3,0.3,5.676614071440438
65424,0.0,0.5766079837295491,0.4444444444444444,0.4,4.183763976685466
65424,0.1,0.5766079837295491,0.4444444444444444,0.4,4.202090585690128
65424,0.2,0.6030399392115621,0.4444444444444444,0.4,4.47316502741668
65424,0.3,0.6030399392115621,0.4444444444444444,0.4,4.47316502741668
65424,0.4,0.5766079837295491,0.4444444444444444,0.4,4.992760855142507
65424,0.5,0.5021004859512791,0.4444444444444444,0.4,5.861853688476297
65424,0.6,0.4616735898168807,0.4444444444444444,0.4,6.03949964887351
153657,0.0,0.7634291954139418,0.7,0.7,4.406839872933525
153657,0.1,0.7766223659028094,0.7,0.7,4.406839872933524
153657,0.2,0.7951480727090499,0.7,0.7,5.5988611044530545
153657,0.3,0.7951480727090499,0.7,0.7,5.614716155208695
153657,0.4,0.7843761679538016,0.7,0.7,6.246527717721902
153657,0.5,0.7843761679538016,0.7,0.7,6.57171801178974
153657,0.6,0.7871233172922227,0.7,0.7,7.158772191620033
78845,0.0,0.5998951721697059,0.6,0.6,2.384530525826479
78845,0.1,0.6042483699365795,0.6,0.6,2.384530525826479
78845,0.2,0.667686124526796,0.7,0.7,2.384530525826479
78845,0.3,0.6862118313330364,0.7,0.7,2.7563154485730443
78845,0.4,0.6818586335661628,0.7,0.7,2.8918067551115034
78845,0.5,0.7428647244539446,0.7,0.7,4.706523964557751
78845,0.6,0.6211680283143675,0.6,0.6,5.720636441115004
125853,0.0,0.5260277435279719,0.4,0.4,3.2816871519310853
125853,0.1,0.5118552344886049,0.4,0.4,3.332142133961542
125853,0.2,0.5041014324376127,0.4,0.4,3.332142133961542
125853,0.3,0.5013542830991916,0.4,0.4,3.434267057897062
125853,0.4,0.4979536788150729,0.4,0.4,3.434267057897062
125853,0.5,0.4027970469297482,0.4,0.4,3.570639419686276
125853,0.6,0.3193649132824269,0.4,0.4,4.474646195921722
18304,0.0,0.6421150008542275,0.5,0.5,4.638969692601402
18304,0.1,0.6377618030873539,0.5,0.5,5.058064895427544
18304,0.2,0.6531474610064952,0.5,0.5,5.058064895427544
18304,0.3,0.5958574600388186,0.4,0.4,5.058064895427543
18304,0.4,0.5826642895499509,0.4,0.4,5.957749498399985
18304,0.5,0.5826642895499509,0.4,0.4,6.064067317312675
18304,0.6,0.55774662082308,0.4,0.4,6.732622743365371
198340,0.0,0.3788319716856323,0.4,0.4,1.6078934092819346
198340,0.1,0.37107816963464,0.4,0.4,1.6078934092819346
198340,0.2,0.318141366433837,0.3,0.3,1.6682726912892047
198340,0.3,0.3137881686669634,0.3,0.3,1.8269651603137635
198340,0.4,0.2476032647383259,0.2,0.2,2.4548670785557305
198340,0.5,0.19031326377064925,0.1,0.1,2.841416013988674
198340,0.6,0.1173271512737744,0.2,0.2,3.7039267165166683
150617,0.0,1.0,1.0,1.0,2.867433262433612
150617,0.1,1.0,1.0,1.0,2.867433262433612
150617,0.2,0.9365622454097835,0.9,0.9,3.2884403833647973
150617,0.3,0.8690867786886797,0.8,0.8,4.539980620507628
150617,0.4,0.8164879447975879,0.8,0.8,5.297152596500131
150617,0.5,0.6642855202426773,0.7,0.7,5.556188676964829
150617,0.6,0.6599323224758037,0.7,0.7,5.634498055314486
126383,0.0,0.5398580218636082,0.6,0.6,4.140575459046848
126383,0.1,0.5398580218636082,0.6,0.6,4.140575459046848
126383,0.2,0.49090826194874504,0.5,0.5,4.251852181680654
126383,0.3,0.49090826194874504,0.5,0.5,4.413509333158544
126383,0.4,0.48476050832620526,0.5,0.5,4.546283252118061
126383,0.5,0.4136908978678397,0.4,0.4,4.87544605160674
126383,0.6,0.31418106821564146,0.4,0.4,6.001958046573426
110530,0.0,0.2627218170194593,0.2857142857142857,0.2,3.5864967960199805
110530,0.1,0.2627218170194593,0.2857142857142857,0.2,3.7668818400144515
110530,0.2,0.2627218170194593,0.2857142857142857,0.2,3.7668818400144515
110530,0.3,0.23643704028587592,0.2857142857142857,0.2,3.8617051364025192
110530,0.4,0.2293178775103795,0.2857142857142857,0.2,3.970575134261332
110530,0.5,0.1989021044249383,0.2857142857142857,0.2,4.141867146281287
110530,0.6,0.1989021044249383,0.2857142857142857,0.2,4.568369212586599
171789,0.0,0.3255126669049666,0.4,0.4,4.035151643941527
171789,0.1,0.3255126669049666,0.4,0.4,4.035151643941528
171789,0.2,0.45304163103109707,0.5,0.5,4.035151643941528
171789,0.3,0.45245519202927575,0.5,0.5,4.205354098497606
171789,0.4,0.46079543308208937,0.5,0.5,4.205354098497608
171789,0.5,0.511838887389676,0.5,0.5,5.958989164016429
171789,0.6,0.6409068840003826,0.7,0.7,7.470071975076607
148813,0.0,0.42727567050653215,0.4444444444444444,0.4,3.180881890415855
148813,0.1,0.42727567050653215,0.4444444444444444,0.4,3.180881890415855
148813,0.2,0.3635899661353842,0.3333333333333333,0.3,3.611221017788478
148813,0.3,0.34074793458402175,0.3333333333333333,0.3,4.030566849137289
148813,0.4,0.3345612303032353,0.3333333333333333,0.3,4.030566849137289
148813,0.5,0.3328575797319026,0.3333333333333333,0.3,4.682226585741905
148813,0.6,0.3328575797319026,0.3333333333333333,0.3,4.891925607430678
46245,0.0,0.7548447460630378,0.7,0.7,2.182816864209461
46245,0.1,0.7591979438299113,0.7,0.7,2.3917532294242156
46245,0.2,0.6784580292820441,0.7,0.7,2.3917532294242156
46245,0.3,0.6726257612954908,0.7,0.7,2.391753229424215
46245,0.4,0.6544929540379283,0.7,0.7,2.5753713075823623
46245,0.5,0.6218214832600651,0.7,0.7,3.927824598635575
46245,0.6,0.5894491510192593,0.6,0.6,6.173531845651206
70503,0.0,0.27252093346519674,0.3,0.3,3.0351106396665704
70503,0.1,0.2152309324975201,0.2,0.2,3.0351106396665704
70503,0.2,0.2152309324975201,0.2,0.2,3.421303567449012
70503,0.3,0.2152309324975201,0.2,0.2,3.7005869275376946
70503,0.4,0.2593277629763291,0.3,0.3,3.92621790117309
70503,0.5,0.3153942170954159,0.3,0.3,4.016991097613966
70503,0.6,0.31104101932854233,0.3,0.3,4.388629984684686
114713,0.0,0.39235102577930164,0.3,0.3,3.7742278209150237
114713,0.1,0.38401078472648814,0.3,0.3,3.84092575961141
114713,0.2,0.38401078472648814,0.3,0.3,4.011778636521453
114713,0.3,0.38401078472648814,0.3,0.3,4.068611549836693
114713,0.4,0.38401078472648814,0.3,0.3,4.342011105537324
114713,0.5,0.45424974788494193,0.3,0.3,5.236894517957362
114713,0.6,0.45424974788494193,0.3,0.3,6.174503187725266
179632,0.0,0.7871233172922227,0.7,0.7,3.185144100882012
179632,0.1,0.7871233172922227,0.7,0.7,3.412733951893036
179632,0.2,0.7809755636696831,0.7,0.7,3.462072610481445
179632,0.3,0.7165852155967116,0.6,0.6,3.8420773257120295
179632,0.4,0.713184611312593,0.6,0.6,3.8420773257120295
179632,0.5,0.6477080925686199,0.6,0.6,4.358040832099037
179632,0.6,0.5344186534257328,0.6,0.6,5.687679625179031
131359,0.0,0.4496410267469783,0.4,0.4,2.1417006891328754
131359,0.1,0.462834197235846,0.4,0.4,2.1417006891328754
131359,0.2,0.462834197235846,0.4,0.4,2.5340531009829523
131359,0.3,0.5358203097327209,0.4,0.4,3.130932187610238
131359,0.4,0.5260277435279719,0.4,0.4,4.091953350544996
131359,0.5,0.5362132092813989,0.4,0.4,4.790150401234478
131359,0.6,0.3929881336260703,0.5,0.5,5.3871364942344275
54439,0.0,0.4233732738679554,0.5,0.3,2.9776276327075544
54439,0.1,0.41971744745893225,0.5,0.3,2.9776276327075544
54439,0.2,0.3376844721420708,0.3333333333333333,0.2,2.9776276327075544
54439,0.3,0.244212503630646,0.3333333333333333,0.2,3.4565633828643407
54439,0.4,0.23603125198366928,0.3333333333333333,0.2,3.4565633828643407
54439,0.5,0.17787133230331997,0.3333333333333333,0.2,4.053097091195864
54439,0.6,0.09021422696383824,0.16666666666666666,0.1,5.319018013549761
170598,0.0,0.8826728487262255,0.8,0.8,3.110151854888092
170598,0.1,0.819235094136009,0.7,0.7,3.3349173434645736
170598,0.2,0.8114812920850166,0.7,0.7,3.3349173434645736
170598,0.3,0.8114812920850166,0.7,0.7,3.3349173434645736
170598,0.4,0.8087341427465955,0.7,0.7,3.5058689050526914
170598,0.5,0.8114812920850166,0.7,0.7,3.9178815747799343
170598,0.6,0.8114812920850166,0.7,0.7,4.996393996580428
154061,0.0,0.6818586335661628,0.7,0.7,4.107563843831693
154061,0.1,0.6187363646119328,0.6,0.6,4.1396733879972025
154061,0.2,0.6069955192750006,0.6,0.6,4.35609665555531
154061,0.3,0.5940629041831526,0.6,0.6,4.439336158039975
154061,0.4,0.5863091021321603,0.6,0.6,4.534292156309936
154061,0.5,0.5863091021321603,0.6,0.6,5.061603852842835
154061,0.6,0.5731159316432926,0.6,0.6,6.188210683308619
59225,0.0,0.8096867362293506,0.9,0.9,3.359246931184802
59225,0.1,0.8096867362293506,0.9,0.9,4.0892202346788995
59225,0.2,0.8096867362293506,0.9,0.9,4.358715288547628
59225,0.3,0.8096867362293506,0.9,0.9,5.506737302026175
59225,0.4,0.8096867362293506,0.9,0.9,8.145137526802854
59225,0.5,0.8096867362293506,0.9,0.9,9.754224914816215
59225,0.6,0.8096867362293506,0.9,0.9,10.392091839993729
70724,0.0,0.5013379360002626,0.5,0.5,3.866698816085949
70724,0.1,0.5013379360002626,0.5,0.5,4.601415837320868
70724,0.2,0.49550566801370916,0.5,0.5,4.601415837320868
70724,0.3,0.4911524702468356,0.5,0.5,5.5326136633622625
70724,0.4,0.4662348015199647,0.5,0.5,7.777069869471196
70724,0.5,0.4911524702468356,0.5,0.5,9.130546409669021
70724,0.6,0.4911524702468356,0.5,0.5,9.130546409669021
49948,0.0,0.727086166986125,0.6,0.6,3.5047261159055814
49948,0.1,0.7809755636696831,0.7,0.7,3.504726115905581
49948,0.2,0.7766223659028094,0.7,0.7,3.5047261159055814
49948,0.3,0.7193323649351328,0.6,0.6,4.2880618654849
49948,0.4,0.7055527554444438,0.6,0.6,5.411972893444042
49948,0.5,0.6640413119445867,0.6,0.6,6.277238488374561
49948,0.6,0.4915453697955136,0.6,0.6,7.727214983405588
165078,0.0,0.43229960180003907,0.5,0.4,2.4666745996645103
165078,0.1,0.43890710988751447,0.5,0.4,2.7172445549530595
165078,0.2,0.4357948023747304,0.5,0.4,3.065683106431433
165078,0.3,0.5125207790612744,0.5,0.4,3.0751791264393753
165078,0.4,0.4996829550524383,0.5,0.4,3.170038312735932
165078,0.5,0.5523084326975081,0.5,0.4,4.2432322579742685
165078,0.6,0.5523084326975081,0.5,0.4,4.990203671202608
38443,0.0,0.4528264989179037,0.4444444444444444,0.4,2.194830678873076
38443,0.1,0.4342138096775728,0.4444444444444444,0.4,2.194830678873076
38443,0.2,0.42769244719191934,0.4444444444444444,0.4,2.1948306788730765
38443,0.3,0.36073413655659775,0.3333333333333333,0.3,2.3167040205379728
38443,0.4,0.3635899661353842,0.3333333333333333,0.3,3.240623304277624
38443,0.5,0.3292503152628619,0.2222222222222222,0.2,4.380739007689125
38443,0.6,0.18788396586818062,0.2222222222222222,0.2,4.911678674077123
110349,0.0,0.1992906126702314,0.3,0.3,2.842233482735307
110349,0.1,0.1909503716174178,0.3,0.3,2.842233482735307
110349,0.2,0.1987041736684101,0.3,0.3,2.842233482735307
110349,0.3,0.20485192729094986,0.3,0.3,3.7096042075537903
110349,0.4,0.2229847345485124,0.3,0.3,3.7096042075537907
110349,0.5,0.2229847345485124,0.3,0.3,5.626396405120266
110349,0.6,0.26393648411429266,0.2,0.2,8.095016180392031
72374,0.0,0.5611308780082698,0.5,0.5,3.2901303515861655
72374,0.1,0.6184208789759464,0.6,0.6,3.2901303515861655
72374,0.2,0.6914069914728213,0.6,0.6,3.2901303515861655
72374,0.3,0.6289218303653598,0.6,0.6,3.435129673803125
72374,0.4,0.6289218303653598,0.6,0.6,3.741463041254498
72374,0.5,0.6289218303653598,0.6,0.6,4.35506907027847
72374,0.6,0.7138929964972575,0.6,0.6,7.53993828354226
156891,0.0,0.5826642895499509,0.4,0.4,2.2914399765917937
156891,0.1,0.6461020441401674,0.5,0.5,2.481170460287137
156891,0.2,0.703392045107844,0.6,0.6,2.4811704602871365
156891,0.3,0.6950518040550305,0.6,0.6,2.4811704602871365
156891,0.4,0.6377618030873539,0.5,0.5,2.621697839670233
156891,0.5,0.5833013973967196,0.6,0.6,3.4091098677753644
156891,0.6,0.49090826194874504,0.5,0.5,4.193248843140472
22458,0.0,0.47673575290937803,0.5,0.5,2.790917997524052
22458,0.1,0.47673575290937803,0.5,0.5,2.790917997524052
22458,0.2,0.47058799928683825,0.5,0.5,2.790917997524052
22458,0.3,0.4089448005522881,0.4,0.4,3.3413906152884594
22458,0.4,0.3455070459620716,0.3,0.3,3.5475906273404916
22458,0.5,0.28546989565597386,0.2,0.2,4.041577076497941
22458,0.6,0.15558668174010043,0.2,0.2,4.7471841795601035
110527,0.0,0.3295032204950941,0.3333333333333333,0.2,1.876103544642665
110527,0.1,0.3295032204950941,0.3333333333333333,0.2,2.5765108443547122
110527,0.2,0.3295032204950941,0.3333333333333333,0.2,2.5765108443547122
110527,0.3,0.3295032204950941,0.3333333333333333,0.2,5.485166683489943
110527,0.4,0.3295032204950941,0.3333333333333333,0.2,8.884218712956352
110527,0.5,0.3295032204950941,0.3333333333333333,0.2,9.443783807207392
110527,0.6,0.1853144560212742,0.3333333333333333,0.2,9.443783807207392
133262,0.0,0.5808697336942849,0.6,0.6,2.6967538510403335
133262,0.1,0.5808697336942849,0.6,0.6,2.6967538510403335
133262,0.2,0.5152394916737947,0.5,0.5,2.696753851040334
133262,0.3,0.5152394916737947,0.5,0.5,2.903217523769345
133262,0.4,0.5152394916737947,0.5,0.5,3.0587265275952236
133262,0.5,0.4166822555043513,0.5,0.5,3.810406556480129
133262,0.6,0.34305903516070785,0.4,0.4,5.198437335888849
48951,0.0,1.0,1.0,1.0,3.3344314037002434
48951,0.1,1.0,1.0,1.0,3.3344314037002434
48951,0.2,1.0,1.0,1.0,3.3344314037002443
48951,0.3,0.9427099990323233,0.9,0.9,3.63744620882087
48951,0.4,0.8792722444421068,0.8,0.8,3.6860972413413435
48951,0.5,0.8792722444421068,0.8,0.8,3.6860972413413426
48951,0.6,0.9180365386035428,0.9,0.9,6.497930162091821
160054,0.0,0.5232642470906218,0.5,0.5,3.028596206654188
160054,0.1,0.5364574175794894,0.5,0.5,3.2212581022056184
160054,0.2,0.5262719518260625,0.5,0.5,3.2212581022056184
160054,0.3,0.5262719518260625,0.5,0.5,3.2212581022056184
160054,0.4,0.5228713475419438,0.5,0.5,3.648621567946237
160054,0.5,0.5228713475419438,0.5,0.5,3.937406777388394
160054,0.6,0.5096781770530762,0.5,0.5,5.12441255649075
117420,0.0,0.6896124356171551,0.8,0.8,2.2537866181285398
117420,0.1,0.6896124356171551,0.8,0.8,2.439910820744017
117420,0.2,0.6896124356171551,0.8,0.8,2.439910820744017
117420,0.3,0.6896124356171551,0.8,0.8,2.439910820744017
117420,0.4,0.6261746810269387,0.7,0.7,2.439910820744017
117420,0.5,0.646739151986936,0.7,0.7,3.404486935682267
117420,0.6,0.714530104344026,0.8,0.8,5.5259304185993114
117621,0.0,1.0,1.0,1.0,3.136883596503487
117621,0.1,1.0,1.0,1.0,3.136883596503487
117621,0.2,1.0,1.0,1.0,3.1368835965034876
117621,0.3,1.0,1.0,1.0,3.1368835965034876
117621,0.4,1.0,1.0,1.0,3.226117486295615
117621,0.5,1.0,1.0,1.0,6.303476317541145
117621,0.6,1.0,1.0,1.0,7.467210243256889
100032,0.0,0.7929555852787762,0.7,0.7,2.8358066995986557
100032,0.1,0.7929555852787762,0.7,0.7,2.8358066995986557
100032,0.2,0.7843761679538016,0.7,0.7,2.835806699598656
100032,0.3,0.727086166986125,0.6,0.6,3.053204362614106
100032,0.4,0.7165852155967116,0.6,0.6,3.053204362614106
100032,0.5,0.6592952146290351,0.5,0.5,5.096109638556613
100032,0.6,0.6421150008542275,0.5,0.5,6.4948978726675906
137364,0.0,0.7462489816391342,0.8,0.8,2.126063412327275
137364,0.1,0.7462489816391342,0.8,0.8,2.22283521644665
137364,0.2,0.6923595849555763,0.7,0.7,2.310326182237514
137364,0.3,0.6889589806714576,0.7,0.7,2.4090164683312922
137364,0.4,0.6784580292820441,0.7,0.7,3.2000706904702
137364,0.5,0.5367729032154759,0.5,0.5,5.481669720267904
137364,0.6,0.484174069324384,0.5,0.5,6.177747158562751
158460,0.0,0.7351109224029522,0.6,0.6,3.5070488920025853
158460,0.1,0.7351109224029522,0.6,0.6,3.5070488920025853
158460,0.2,0.7985486769931687,0.7,0.7,3.72104763932862
158460,0.3,0.8663396293502587,0.8,0.8,3.8724767108318625
158460,0.4,0.857999388297445,0.8,0.8,3.8724767108318625
158460,0.5,0.8056490240984634,0.7,0.7,4.038566882697866
158460,0.6,0.8056490240984634,0.7,0.7,4.553877225490939
22479,0.0,0.3056950429087391,0.375,0.3,2.5075408290368513
22479,0.1,0.3056950429087391,0.375,0.3,2.5075408290368513
22479,0.2,0.32064188364130103,0.375,0.3,2.507540829036852
22479,0.3,0.32064188364130103,0.375,0.3,2.507540829036852
22479,0.4,0.31571004760130544,0.375,0.3,3.2282085059618266
22479,0.5,0.5030904516575294,0.375,0.3,5.795071661070835
22479,0.6,0.4284469804250573,0.375,0.3,6.555621896400945
96976,0.0,0.0844211180355177,0.16666666666666666,0.1,3.3207756691795325
96976,0.1,0.076239866388541,0.16666666666666666,0.1,3.3207756691795325
96976,0.2,0.0,0.0,0.0,3.390289572851011
96976,0.3,0.0,0.0,0.0,3.390289572851011
96976,0.4,0.0,0.0,0.0,3.748303261973421
96976,0.5,0.0,0.0,0.0,4.150592554853772
96976,0.6,0.0,0.0,0.0,4.950700454283675
72035,0.0,0.7165852155967116,0.6,0.6,3.672642526329877
72035,0.1,0.7295178306885598,0.6,0.6,3.672642526329877
72035,0.2,0.7770152654514875,0.7,0.7,3.6726425263298763
72035,0.3,0.6889753277703865,0.6,0.6,3.828318513024515
72035,0.4,0.7594421521280019,0.7,0.7,5.790481462891906
72035,0.5,0.631614049464814,0.5,0.5,6.469767632339172
72035,0.6,0.46597424612294513,0.4,0.4,7.400351139509105
107351,0.0,0.2791845093941356,0.5,0.3,2.4660920435228606
107351,0.1,0.26973557405679194,0.5,0.3,2.7495776747990526
107351,0.2,0.18239675754127352,0.3333333333333333,0.2,3.148722226700716
107351,0.3,0.17787133230331997,0.3333333333333333,0.2,3.148722226700716
107351,0.4,0.1742155058942968,0.3333333333333333,0.2,3.545993929518321
107351,0.5,0.1742155058942968,0.3333333333333333,0.2,5.030889622537108
107351,0.6,0.17010991976140238,0.3333333333333333,0.2,6.1024035817778906
180004,0.0,0.7462137866057986,0.6666666666666666,0.4,3.7867353582922596
180004,0.1,0.7311340247721385,0.6666666666666666,0.4,4.938014560886848
180004,0.2,0.7462137866057986,0.6666666666666666,0.4,5.901358737611541
180004,0.3,0.7425579601967754,0.6666666666666666,0.4,6.346103907966337
180004,0.4,0.7425579601967754,0.6666666666666666,0.4,6.92182621576311
180004,0.5,0.6663180938082345,0.5,0.3,7.065397707334148
180004,0.6,0.6663180938082345,0.5,0.3,7.11658761118729
84078,0.0,0.3794025725245042,0.75,0.3,2.2078216696106248
84078,0.1,0.3794025725245042,0.75,0.3,2.262914049222363
84078,0.2,0.2832554151759256,0.5,0.2,2.4240998220007848
84078,0.3,0.2832554151759256,0.5,0.2,2.729319005231148
84078,0.4,0.3152855600012906,0.5,0.2,3.887382656679621
84078,0.5,0.2604545425701507,0.5,0.2,5.781547846251021
84078,0.6,0.12355844355602609,0.25,0.1,6.198386793175209
182498,0.0,0.2593277629763291,0.3,0.3,2.2098737646000233
182498,0.1,0.2593277629763291,0.3,0.3,2.3105314520076323
182498,0.2,0.28546989565597386,0.2,0.2,2.5894716657863723
182498,0.3,0.33231387547320396,0.3,0.3,2.895659180500781
182498,0.4,0.34275989662365053,0.3,0.3,4.198691523667743
182498,0.5,0.2786686870877365,0.3,0.3,5.0984892621517535
182498,0.6,0.30494819594496936,0.4,0.4,5.782442234708869
67450,0.0,0.3472692970696752,0.3333333333333333,0.3,2.5265273555813454
67450,0.1,0.3374753283198481,0.3333333333333333,0.3,2.670457925739014
67450,0.2,0.34074793458402175,0.3333333333333333,0.3,3.052823779202634
67450,0.3,0.27997632822948654,0.2222222222222222,0.2,3.256281379569896
67450,0.4,0.2888234191284636,0.2222222222222222,0.2,4.287357234300713
67450,0.5,0.35611638796865225,0.3333333333333333,0.3,4.959599550480137
67450,0.6,0.36650406415199693,0.3333333333333333,0.3,5.472347249512737
12898,0.0,0.6211680283143675,0.6,0.6,2.8679418284519853
12898,0.1,0.6082354132225194,0.6,0.6,3.059212586380493
12898,0.2,0.5998951721697059,0.6,0.6,3.059212586380493
12898,0.3,0.5262719518260625,0.5,0.5,3.059212586380493
12898,0.4,0.462834197235846,0.4,0.4,3.4021750217256157
12898,0.5,0.4031899464784263,0.4,0.4,4.30057633483936
12898,0.6,0.4093377001009661,0.4,0.4,4.96767873759023
37521,0.0,0.46258998893775544,0.3,0.3,5.262757650282813
37521,0.1,0.46258998893775544,0.3,0.3,5.262757650282813
37521,0.2,0.46258998893775544,0.3,0.3,5.262757650282813
37521,0.3,0.46258998893775544,0.3,0.3,5.455441009026615
37521,0.4,0.4757831594266231,0.3,0.3,5.773000830012366
37521,0.5,0.4757831594266231,0.3,0.3,6.496436289990986
37521,0.6,0.4757831594266231,0.3,0.3,7.455025122453674
183613,0.0,0.14141417270073348,0.2,0.2,2.1880200449831544
183613,0.1,0.13091322131132005,0.2,0.2,2.1880200449831544
183613,0.2,0.07362322034364344,0.1,0.1,2.272045005230154
183613,0.3,0.07362322034364344,0.1,0.1,2.2720450052301544
183613,0.4,0.07362322034364344,0.1,0.1,2.437170824250723
183613,0.5,0.06779095235709003,0.1,0.1,3.3921391718617726
183613,0.6,0.09515663188532462,0.1,0.1,6.440683354732853
57970,0.0,0.6562875098935943,0.5,0.5,4.099977153244042
57970,0.1,0.6562875098935943,0.5,0.5,4.4182422095400495
57970,0.2,0.6562875098935943,0.5,0.5,4.418242209540049
57970,0.3,0.6886598421344001,0.6,0.6,4.613293606743509
57970,0.4,0.6211680283143675,0.6,0.6,4.854165048598327
57970,0.5,0.6211680283143675,0.6,0.6,4.970718008977239
57970,0.6,0.46692683960570014,0.6,0.6,5.364518845245399
135498,0.0,0.5046972663014149,0.3333333333333333,0.3,4.580905302056837
135498,0.1,0.5311292217834279,0.3333333333333333,0.3,4.580905302056837
135498,0.2,0.5311292217834279,0.3333333333333333,0.3,4.749482902935687
135498,0.3,0.5311292217834279,0.3333333333333333,0.3,4.749482902935687
135498,0.4,0.5311292217834279,0.3333333333333333,0.3,4.950393373399945
135498,0.5,0.4907023256490295,0.3333333333333333,0.3,5.3687099234682085
135498,0.6,0.4161948278707595,0.3333333333333333,0.3,5.673336959495268
45757,0.0,0.21649988245062435,0.2857142857142857,0.2,5.675079275505199
45757,0.1,0.21649988245062435,0.2857142857142857,0.2,6.125873837584219
45757,0.2,0.21649988245062435,0.2857142857142857,0.2,6.285472789871237
45757,0.3,0.21649988245062435,0.2857142857142857,0.2,7.032695172792726
45757,0.4,0.21649988245062435,0.2857142857142857,0.2,7.032695172792726
45757,0.5,0.21649988245062435,0.2857142857142857,0.2,7.152377673256429
45757,0.6,0.21649988245062435,0.2857142857142857,0.2,7.307298287913023
34131,0.0,0.3137881686669634,0.3,0.3,2.4918585173824472
34131,0.1,0.3137881686669634,0.3,0.3,2.7692687958722813
34131,0.2,0.25375101836086567,0.2,0.2,2.7692687958722813
34131,0.3,0.32956672613478283,0.3,0.3,2.7692687958722813
34131,0.4,0.3676775653505214,0.3,0.3,3.801095870278661
34131,0.5,0.3212264850819693,0.3,0.3,3.8010958702786617
34131,0.6,0.25375101836086567,0.2,0.2,5.437698646047383
183872,0.0,0.3221742891674439,0.2857142857142857,0.2,1.7187134797049353
183872,0.1,0.3221742891674439,0.2857142857142857,0.2,1.7187134797049353
183872,0.2,0.2293178775103795,0.2857142857142857,0.2,1.7960088835434316
183872,0.3,0.22400414303045632,0.2857142857142857,0.2,1.7960088835434316
183872,0.4,0.16997985481932348,0.2857142857142857,0.2,2.8360641578955725
183872,0.5,0.06993108739817411,0.14285714285714285,0.1,4.414355871677791
183872,0.6,0.06993108739817411,0.14285714285714285,0.1,5.07606663456592
198019,0.0,0.41329799831916164,0.4,0.4,3.72489442386563
198019,0.1,0.4105508489807405,0.4,0.4,3.72489442386563
198019,0.2,0.4105508489807405,0.4,0.4,4.184132329210754
198019,0.3,0.43386246927915895,0.4,0.4,4.184132329210754
198019,0.4,0.4382156670460325,0.4,0.4,5.43774797405713
198019,0.5,0.5777246527812562,0.5,0.5,7.739666063209462
198019,0.6,0.642768455799925,0.6,0.6,9.814441675533912
135222,0.0,0.37382531897306115,0.3,0.3,2.049167024922385
135222,0.1,0.3489076502461903,0.3,0.3,2.049167024922385
135222,0.2,0.3489076502461903,0.3,0.3,2.0491670249223852
135222,0.3,0.34275989662365053,0.3,0.3,2.0491670249223852
135222,0.4,0.28546989565597386,0.2,0.2,2.0491670249223852
135222,0.5,0.25375101836086567,0.2,0.2,4.106093088638219
135222,0.6,0.16294758424241465,0.2,0.2,5.372498054776647
83310,0.0,0.5607379784595917,0.4,0.4,3.514662223933949
83310,0.1,0.46558134657426714,0.4,0.4,3.514662223933949
83310,0.2,0.4496410267469783,0.4,0.4,3.514662223933949
83310,0.3,0.39235102577930164,0.3,0.3,3.824744094589042
83310,0.4,0.38401078472648814,0.3,0.3,4.082484749240549
83310,0.5,0.28546989565597386,0.2,0.2,4.573625925684223
83310,0.6,0.25375101836086567,0.2,0.2,5.064787327625995
85631,0.0,0.10093945326028299,0.1111111111111111,0.1,3.315295721257242
85631,0.1,0.10093945326028299,0.1111111111111111,0.1,3.6773604647893747
85631,0.2,0.08694451260789762,0.1111111111111111,0.1,3.9713619203922645
85631,0.3,0.08694451260789762,0.1111111111111111,0.1,4.5918841742029874
85631,0.4,0.08694451260789762,0.1111111111111111,0.1,5.904061971445789
85631,0.5,0.08694451260789762,0.1111111111111111,0.1,7.000243438303151
85631,0.6,0.08694451260789762,0.1111111111111111,0.1,7.593858982069984
192221,0.0,0.28546989565597386,0.2,0.2,4.8075555393620775
192221,0.1,0.28546989565597386,0.2,0.2,4.807555539362077
192221,0.2,0.2722767251671062,0.2,0.2,5.123032338212046
192221,0.3,0.26393648411429266,0.2,0.2,5.19872475263862
192221,0.4,0.25810421612773926,0.2,0.2,5.865325975931747
192221,0.5,0.31104101932854233,0.3,0.3,6.073237033208049
192221,0.6,0.31104101932854233,0.3,0.3,6.391552995878872
46649,0.0,0.8545987840133263,0.8,0.8,2.3215294279884136
46649,0.1,0.7985486769931687,0.7,0.7,2.3215294279884136
46649,0.2,0.727086166986125,0.6,0.6,2.8744683235765693
46649,0.3,0.7295178306885598,0.6,0.6,2.8744683235765693
46649,0.4,0.703392045107844,0.6,0.6,3.2370404121524863
46649,0.5,0.7301712856342574,0.7,0.7,4.4872579098865195
46649,0.6,0.6325666429475691,0.7,0.7,5.1623471976829265
75360,0.0,0.5,0.5,0.1,4.1812156761689065
75360,0.1,0.5,0.5,0.1,4.401117684933554
75360,0.2,0.5,0.5,0.1,5.046188991719108
75360,0.3,0.5,0.5,0.1,6.112799979940677
75360,0.4,0.3154648767857287,0.5,0.1,6.112799979940677
75360,0.5,0.25,0.5,0.1,6.832975375864942
75360,0.6,0.25,0.5,0.1,6.832975375864942
123431,0.0,0.3022010466065483,0.4,0.4,2.471898879494949
123431,0.1,0.24055784787199802,0.3,0.3,2.7295917557120037
123431,0.2,0.1771200932817816,0.2,0.2,2.9971088992495094
123431,0.3,0.16877985222896807,0.2,0.2,3.2843174069460934
123431,0.4,0.15558668174010043,0.2,0.2,3.792579693665401
123431,0.5,0.14540121598667338,0.2,0.2,4.654550117340806
123431,0.6,0.15859438647554103,0.2,0.2,5.332275374688846
52124,0.0,0.41966252301007995,0.375,0.3,3.1074790694352346
52124,0.1,0.416550215497296,0.375,0.3,3.1074790694352346
52124,0.2,0.3516450798625575,0.25,0.2,3.173327879392809
52124,0.3,0.3516450798625575,0.25,0.2,3.399294209261831
52124,0.4,0.32341529035126887,0.25,0.2,4.12829703598708
52124,0.5,0.30846844961870695,0.25,0.2,5.501767958838274
52124,0.6,0.2924120941300124,0.25,0.2,6.394927603532092
188873,0.0,0.3788748389864684,0.2857142857142857,0.2,5.3207699587943695
188873,0.1,0.3788748389864684,0.2857142857142857,0.2,5.671797442148166
188873,0.2,0.3788748389864684,0.2857142857142857,0.2,6.968997747278209
188873,0.3,0.3788748389864684,0.2857142857142857,0.2,7.45788018836753
188873,0.4,0.3788748389864684,0.2857142857142857,0.2,7.953764455891852
188873,0.5,0.3788748389864684,0.2857142857142857,0.2,10.060382792062715
188873,0.6,0.34845906590102727,0.2857142857142857,0.2,11.277217578054625
61353,0.0,0.31104101932854233,0.3,0.3,2.8809402245136435
61353,0.1,0.31104101932854233,0.3,0.3,3.126789754733733
61353,0.2,0.31104101932854233,0.3,0.3,3.1839336499666584
61353,0.3,0.25375101836086567,0.2,0.2,3.1839336499666584
61353,0.4,0.18786525296928555,0.2,0.2,3.355427657366421
61353,0.5,0.16877985222896807,0.2,0.2,4.719933989911025
61353,0.6,0.25375101836086567,0.2,0.2,5.883977771141573
26598,0.0,0.1173271512737744,0.2,0.2,3.3493431216963074
26598,0.1,0.1173271512737744,0.2,0.2,3.5062019504933746
26598,0.2,0.1173271512737744,0.2,0.2,3.8251184829962974
26598,0.3,0.1173271512737744,0.2,0.2,4.116788494882949
26598,0.4,0.1173271512737744,0.2,0.2,4.957058689383522
26598,0.5,0.1173271512737744,0.2,0.2,5.5291009356191525
26598,0.6,0.1173271512737744,0.2,0.2,5.908065986942235
65603,0.0,0.8799256993878044,0.9,0.9,3.2022385810849223
65603,0.1,0.8799256993878044,0.9,0.9,3.2022385810849223
65603,0.2,0.8799256993878044,0.9,0.9,3.2022385810849214
65603,0.3,0.8799256993878044,0.9,0.9,3.494319793603244
65603,0.4,0.8096867362293506,0.9,0.9,3.9824529294567093
65603,0.5,0.8096867362293506,0.9,0.9,4.390865810552277
65603,0.6,0.8799256993878044,0.9,0.9,5.102642934579271
112488,0.0,0.319393943239799,0.25,0.1,2.547542306796371
112488,0.1,0.4258585909863988,0.5,0.2,2.5475423067963714
112488,0.2,0.44295238679582516,0.5,0.2,2.599657017598731
112488,0.3,0.5752380722082772,0.75,0.3,3.1886229586533394
112488,0.4,0.8356926147784279,1.0,0.4,4.064884731160982
112488,0.5,0.8413996915747763,1.0,0.4,5.467221750186259
112488,0.6,0.7813636277104522,1.0,0.4,6.315963033075418
4272,0.0,0.5142868981910397,0.4,0.4,2.257405811837995
4272,0.1,0.5260277435279719,0.4,0.4,2.257405811837995
4272,0.2,0.5392209140168396,0.4,0.4,2.34488833417633
4272,0.3,0.6094435300763643,0.5,0.5,2.3448883341763302
4272,0.4,0.6562875098935943,0.5,0.5,2.5037836237903552
4272,0.5,0.7021521511603253,0.6,0.6,3.322613252204478
4272,0.6,0.6255375731801701,0.5,0.5,5.386152923989176
82922,0.0,0.39293601963400987,0.3333333333333333,0.3,2.0439889034214422
82922,0.1,0.36650406415199693,0.3333333333333333,0.3,2.0439889034214422
82922,0.2,0.36650406415199693,0.3333333333333333,0.3,2.1548151752755977
82922,0.3,0.3701113286210376,0.3333333333333333,0.3,2.1548151752755977
82922,0.4,0.3635899661353842,0.3333333333333333,0.3,2.337814881106205
82922,0.5,0.22872763868796617,0.3333333333333333,0.3,3.3935198771396857
82922,0.6,0.21792318581923426,0.3333333333333333,0.3,5.602574285201568
89059,0.0,0.8007093873297685,0.7,0.7,2.0167202644673194
89059,0.1,0.8007093873297685,0.7,0.7,2.0167202644673194
89059,0.2,0.7902084359403552,0.7,0.7,2.19919942201783
89059,0.3,0.713577510861271,0.6,0.6,2.3605849354239545
89059,0.4,0.6313698411667235,0.5,0.5,2.3605849354239545
89059,0.5,0.6066963807379432,0.5,0.5,4.214910776656178
89059,0.6,0.5130787813371948,0.5,0.5,6.63269796544723
143943,0.0,0.3076404150444236,0.3,0.3,2.720673634465032
143943,0.1,0.3076404150444236,0.3,0.3,2.720673634465032
143943,0.2,0.3137881686669634,0.3,0.3,3.040037576893066
143943,0.3,0.25810421612773926,0.2,0.2,3.040037576893066
143943,0.4,0.2722767251671062,0.2,0.2,3.2578491446376097
143943,0.5,0.37382531897306115,0.3,0.3,3.667318351899298
143943,0.6,0.33571447975732266,0.3,0.3,5.380197619967706
173054,0.0,0.37042471468894245,0.3,0.3,3.1062636119927296
173054,0.1,0.37382531897306115,0.3,0.3,3.1062636119927296
173054,0.2,0.37817851673993474,0.3,0.3,3.2901381965528502
173054,0.3,0.3590931159996173,0.3,0.3,3.2901381965528507
173054,0.4,0.36743335705243085,0.3,0.3,4.822731424100908
173054,0.5,0.2971943938939771,0.3,0.3,8.64364055031796
173054,0.6,0.36743335705243085,0.3,0.3,10.850157620865762
132522,0.0,0.6184208789759464,0.6,0.6,3.291782707454496
132522,0.1,0.6245686325984862,0.6,0.6,3.435901270915867
132522,0.2,0.752396735261674,0.8,0.8,3.6637123228098636
132522,0.3,0.8096867362293506,0.9,0.9,3.862138212744928
132522,0.4,0.8096867362293506,0.9,0.9,4.106065510038694
132522,0.5,0.9048433681146754,0.9,0.9,4.957017518846638
132522,0.6,0.9365622454097835,0.9,0.9,6.437334390445973
168070,0.0,0.4496410267469783,0.4,0.4,2.799362269445445
168070,0.1,0.4413007856941648,0.4,0.4,2.799362269445445
168070,0.2,0.4413007856941648,0.4,0.4,2.919031584258567
168070,0.3,0.43546851770761136,0.4,0.4,2.919031584258567
168070,0.4,0.3973576784918729,0.4,0.4,3.007760867140841
168070,0.5,0.3890174374390593,0.4,0.4,3.2728423496696024
168070,0.6,0.3973576784918729,0.4,0.4,4.781278516664463
98246,0.0,0.7240784622506844,0.6,0.6,1.952056289591311
98246,0.1,0.7240784622506844,0.6,0.6,1.9520562895913112
98246,0.2,0.7240784622506844,0.6,0.6,1.952056289591311
98246,0.3,0.7240784622506844,0.6,0.6,1.952056289591311
98246,0.4,0.7372716327395521,0.6,0.6,2.8248882945045595
98246,0.5,0.7193323649351328,0.6,0.6,4.714723221167685
98246,0.6,0.612844134360483,0.5,0.5,6.574669131469314
50073,0.0,0.40554419626816934,0.3,0.3,7.016330809708473
50073,0.1,0.39235102577930164,0.3,0.3,7.016330809708473
50073,0.2,0.36743335705243085,0.3,0.3,7.016330809708473
50073,0.3,0.3532608480130639,0.3,0.3,7.243647162240767
50073,0.4,0.3532608480130639,0.3,0.3,7.243647162240767
50073,0.5,0.3532608480130639,0.3,0.3,8.413291547526985
50073,0.6,0.34006767752419625,0.3,0.3,9.211218238255835
44150,0.0,0.2763144372979935,0.4,0.4,2.2069862791040147
44150,0.1,0.2763144372979935,0.4,0.4,2.2069862791040147
44150,0.2,0.2836753398003077,0.4,0.4,2.2069862791040147
44150,0.3,0.24080205617008857,0.3,0.3,2.2069862791040147
44150,0.4,0.21248378315909897,0.3,0.3,3.153322996517841
44150,0.5,0.15519378219142235,0.2,0.2,7.891433917244409
44150,0.6,0.18011145091829325,0.2,0.2,10.954273366609396
82795,0.0,0.5894491510192593,0.6,0.6,2.574420506468532
82795,0.1,0.6704332738652171,0.7,0.7,2.574420506468532
82795,0.2,0.6289218303653598,0.6,0.6,2.697578001987252
82795,0.3,0.6289218303653598,0.6,0.6,2.697578001987252
82795,0.4,0.738511526687071,0.7,0.7,2.697578001987252
82795,0.5,0.7492566863745749,0.7,0.7,3.09806222578911
82795,0.6,0.7111458471588363,0.7,0.7,4.970720871505
174470,0.0,0.6323224346494786,0.7,0.7,3.3973457112249577
174470,0.1,0.6295752853110574,0.7,0.7,3.3973457112249577
174470,0.2,0.6261746810269387,0.7,0.7,3.3973457112249577
174470,0.3,0.6076489742206983,0.7,0.7,4.90199849196297
174470,0.4,0.6325666429475691,0.7,0.7,7.933610132590948
174470,0.5,0.6076489742206983,0.7,0.7,8.397768687601609
174470,0.6,0.6076489742206983,0.7,0.7,9.436536771558265
169406,0.0,0.26917187536075465,0.2222222222222222,0.2,3.195617019160281
169406,0.1,0.26917187536075465,0.2222222222222222,0.2,3.2907179565874536
169406,0.2,0.26917187536075465,0.2222222222222222,0.2,3.2907179565874536
169406,0.3,0.26917187536075465,0.2222222222222222,0.2,3.2907179565874536
169406,0.4,0.26556461089171396,0.2222222222222222,0.2,3.39748693049751
169406,0.5,0.26917187536075465,0.2222222222222222,0.2,3.6557310019141243
169406,0.6,0.26917187536075465,0.2222222222222222,0.2,4.330140974170926
18689,0.0,0.3123025509962144,0.375,0.3,3.1116760602962157
18689,0.1,0.3123025509962144,0.375,0.3,3.111676060296216
18689,0.2,0.3056950429087391,0.375,0.3,3.1116760602962157
18689,0.3,0.2962461955075199,0.375,0.3,3.2430104536314572
18689,0.4,0.2962461955075199,0.375,0.3,4.230608492476664
18689,0.5,0.2530695652636693,0.375,0.3,4.767890521259074
18689,0.6,0.2530695652636693,0.375,0.3,4.767890521259073
189773,0.0,0.3874113890106069,0.4,0.4,3.098723470353673
189773,0.1,0.3874113890106069,0.4,0.4,3.8558328724036977
189773,0.2,0.3957516300634204,0.4,0.4,4.943126387561145
189773,0.3,0.5084546302044863,0.4,0.4,5.535595379429333
189773,0.4,0.5118552344886049,0.4,0.4,6.393769556888059
189773,0.5,0.4875076576646263,0.4,0.4,7.143319260500857
189773,0.6,0.5826642895499509,0.4,0.4,7.337391046415371
100185,0.0,0.713184611312593,0.6,0.6,3.39709530139596
100185,0.1,0.713184611312593,0.6,0.6,3.5915141497089733
100185,0.2,0.713184611312593,0.6,0.6,3.591514149708974
100185,0.3,0.6531474610064952,0.5,0.5,3.8332230385992068
100185,0.4,0.6531474610064952,0.5,0.5,4.069797055790836
100185,0.5,0.6241757330498082,0.5,0.5,4.399705867643761
100185,0.6,0.47673575290937803,0.5,0.5,4.719397070408543
200772,0.0,0.6092266434923485,0.4444444444444444,0.4,2.161911469749704
200772,0.1,0.6092266434923485,0.4444444444444444,0.4,2.178935538979025
200772,0.2,0.5719902351416036,0.4444444444444444,0.4,2.2263359439668644
200772,0.3,0.5683829706725629,0.4444444444444444,0.4,2.375105354374742
200772,0.4,0.5426268411045877,0.4444444444444444,0.4,2.786039571001839
200772,0.5,0.32056628965085,0.4444444444444444,0.4,4.525398736217252
200772,0.6,0.2258135406713534,0.3333333333333333,0.3,5.897857186487059
24601,0.0,0.22895985839858982,0.4,0.2,2.1674816812996083
24601,0.1,0.22490694523001417,0.4,0.2,2.1674816812996087
24601,0.2,0.12092199990360374,0.2,0.1,2.1674816812996087
24601,0.3,0.14038609443307223,0.2,0.1,2.7592762242077304
24601,0.4,0.12092199990360374,0.2,0.1,3.3283277633045336
24601,0.5,0.10861750945625488,0.2,0.1,5.423291951450508
24601,0.6,0.1931383602531968,0.4,0.2,5.874757952587163
74242,0.0,0.1326823237826694,0.2222222222222222,0.2,1.8886040611720827
74242,0.1,0.12445731072568322,0.2222222222222222,0.2,1.9428613321766217
74242,0.2,0.060771606354535226,0.1111111111111111,0.1,1.9428613321766217
74242,0.3,0.06368570437114798,0.1111111111111111,0.1,2.0066592935150833
74242,0.4,0.06729296884018866,0.1111111111111111,0.1,5.022923458513854
74242,0.5,0.13920368626832283,0.2222222222222222,0.2,6.149714570830574
74242,0.6,0.17903687496920354,0.2222222222222222,0.2,6.610829566155251
57789,0.0,0.6999914408237253,0.6,0.6,3.234127032355185
57789,0.1,0.6999914408237253,0.6,0.6,3.4245307650421637
57789,0.2,0.703392045107844,0.6,0.6,3.9687585263726297
57789,0.3,0.7077452428747176,0.6,0.6,3.9687585263726297
57789,0.4,0.7378580717413733,0.6,0.6,5.113597279187077
57789,0.5,0.7295178306885598,0.6,0.6,6.592154300212668
57789,0.6,0.7163246601996921,0.6,0.6,7.869006642733287
127118,0.0,0.28077218886614447,0.2,0.1,2.042136056697733
127118,0.1,0.28077218886614447,0.2,0.1,2.2220747355853243
127118,0.2,0.28077218886614447,0.2,0.1,2.2220747355853248
127118,0.3,0.28077218886614447,0.2,0.1,2.3945187657118154
127118,0.4,0.28077218886614447,0.2,0.1,2.8038457630201314
127118,0.5,0.17714752793103522,0.2,0.1,3.525096091230144
127118,0.6,0.10001307161417165,0.2,0.1,5.0680922835885625
135334,0.0,0.4737280481739375,0.5,0.5,2.3118921480050774
135334,0.1,0.47098089883551636,0.5,0.5,2.3118921480050774
135334,0.2,0.47098089883551636,0.5,0.5,2.479911117368673
135334,0.3,0.4737280481739375,0.5,0.5,2.479911117368673
135334,0.4,0.47712865245805614,0.5,0.5,2.547009800604085
135334,0.5,0.49251431037719756,0.5,0.5,2.964012076742325
135334,0.6,0.6066963807379432,0.5,0.5,4.388003715812671
124307,0.0,0.29363713736616454,0.42857142857142855,0.3,2.393823323385688
124307,0.1,0.4056392088813927,0.42857142857142855,0.3,2.3938233233856883
124307,0.2,0.4217434634272524,0.42857142857142855,0.3,2.4561643082580904
124307,0.3,0.34845906590102727,0.2857142857142857,0.2,2.4987748031893084
124307,0.4,0.3221742891674439,0.2857142857142857,0.2,2.773267195841137
124307,0.5,0.3022371313321923,0.2857142857142857,0.2,3.771416917617125
124307,0.6,0.14656879505245024,0.14285714285714285,0.1,4.91096719849994
114285,0.0,0.3806265275412985,0.2,0.2,1.9621617004594185
114285,0.1,0.3806265275412985,0.2,0.2,2.366479354513433
114285,0.2,0.3806265275412985,0.2,0.2,2.556684403781525
114285,0.3,0.3103875643828447,0.2,0.2,4.7625156660962995
114285,0.4,0.2722767251671062,0.2,0.2,5.404217569062483
114285,0.5,0.1771200932817816,0.2,0.2,6.261356396801309
114285,0.6,0.16294758424241465,0.2,0.2,6.786058069578859
191934,0.0,0.7875162168409008,0.7,0.7,3.4318430193587366
191934,0.1,0.7973087830456499,0.7,0.7,3.4880162094990466
191934,0.2,0.7945616337072288,0.7,0.7,3.4880162094990466
191934,0.3,0.7372716327395521,0.6,0.6,3.7694988153848135
191934,0.4,0.727086166986125,0.6,0.6,3.849255157349588
191934,0.5,0.7236855627020065,0.6,0.6,3.986938738100398
191934,0.6,0.6461020441401674,0.5,0.5,4.974174555441175
20669,0.0,0.6538558461911597,0.6,0.6,2.7607895230595476
20669,0.1,0.5904180916009433,0.5,0.5,3.127612270297184
20669,0.2,0.5962503595874966,0.5,0.5,3.127612270297184
20669,0.3,0.5260113964290429,0.5,0.5,3.127612270297184
20669,0.4,0.5130787813371948,0.5,0.5,3.127612270297184
20669,0.5,0.4166986026032803,0.4,0.4,4.002556216835692
20669,0.6,0.38401078472648814,0.3,0.3,5.5257122055597865
97966,0.0,0.41733571045004886,0.6,0.6,4.243034906420233
97966,0.1,0.4256759515028624,0.6,0.6,4.243034906420233
97966,0.2,0.4256759515028624,0.6,0.6,4.243034906420232
97966,0.3,0.46378679071860096,0.6,0.6,4.466649097473984
97966,0.4,0.47397225647202795,0.6,0.6,4.466649097473984
97966,0.5,0.4308547645437183,0.5,0.5,4.544175184006529
97966,0.6,0.43860856659471054,0.5,0.5,5.967712032276216
178499,0.0,0.6108955484412857,0.5,0.4,3.4075675084903834
178499,0.1,0.6108955484412857,0.5,0.4,3.4075675084903834
178499,0.2,0.6789129915888081,0.625,0.5,3.4075675084903834
178499,0.3,0.752602584638524,0.75,0.6,3.4075675084903834
178499,0.4,0.7833105917674734,0.75,0.6,8.010875770636261
178499,0.5,0.8198797139238487,0.75,0.6,9.63675551538322
178499,0.6,0.8198797139238487,0.75,0.6,10.922323429545006
74770,0.0,0.5362132092813989,0.4,0.4,2.0861475691505853
74770,0.1,0.5362132092813989,0.4,0.4,2.0861475691505853
74770,0.2,0.5362132092813989,0.4,0.4,2.0861475691505853
74770,0.3,0.5260277435279719,0.4,0.4,2.086147569150585
74770,0.4,0.5115397488526185,0.4,0.4,2.3212652217495933
74770,0.5,0.2786686870877365,0.3,0.3,3.031851794903451
74770,0.6,0.20485192729094986,0.3,0.3,4.074287228361273
165229,0.0,0.30059499817809576,0.4,0.4,5.106172168653578
165229,0.1,0.30059499817809576,0.4,0.4,5.15484693502866
165229,0.2,0.3255126669049666,0.4,0.4,5.241184632399511
165229,0.3,0.4089448005522881,0.4,0.4,5.241184632399512
165229,0.4,0.5041014324376127,0.4,0.4,5.545703088050365
165229,0.5,0.5041014324376127,0.4,0.4,5.817986612277712
165229,0.6,0.5041014324376127,0.4,0.4,6.115370427004157
46482,0.0,0.3670370453650102,0.375,0.3,2.5261034653333194
46482,0.1,0.35731722976475083,0.375,0.3,2.5261034653333194
46482,0.2,0.2874802580900168,0.25,0.2,2.5261034653333194
46482,0.3,0.28362763671503505,0.25,0.2,2.633742216761146
46482,0.4,0.28362763671503505,0.25,0.2,2.6766301428153754
46482,0.5,0.09285825605119434,0.125,0.1,3.255143180019523
46482,0.6,0.08340940864997513,0.125,0.1,4.558045870167165
196155,0.0,0.6640413119445867,0.6,0.6,2.3072972888990355
196155,0.1,0.6674419162287054,0.6,0.6,2.3072972888990355
196155,0.2,0.6744873330950333,0.6,0.6,2.3957361809817512
196155,0.3,0.6999914408237253,0.6,0.6,2.3957361809817512
196155,0.4,0.6950518040550305,0.6,0.6,2.3957361809817517
196155,0.5,0.6544929540379283,0.7,0.7,4.61580138709009
196155,0.6,0.714530104344026,0.8,0.8,5.898042192591196
119927,0.0,0.6153357603278141,0.6,0.6,3.039489436142949
119927,0.1,0.6103961235591193,0.6,0.6,3.0394894361429494
119927,0.2,0.667686124526796,0.7,0.7,3.0394894361429494
119927,0.3,0.6295752853110574,0.7,0.7,4.914198892273538
119927,0.4,0.6261746810269387,0.7,0.7,6.281993637162811
119927,0.5,0.6218214832600651,0.7,0.7,6.744853387563749
119927,0.6,0.5944558037318306,0.7,0.7,7.074916581345183
198360,0.0,0.8056490240984634,0.7,0.7,1.747075826477576
198360,0.1,0.8029018747600423,0.7,0.7,1.747075826477576
198360,0.2,0.7951480727090499,0.7,0.7,1.7886720272282908
198360,0.3,0.7843761679538016,0.7,0.7,1.8807505506400068
198360,0.4,0.771182997464934,0.7,0.7,1.8807505506400068
198360,0.5,0.6109825625609405,0.6,0.6,3.313264089412386
198360,0.6,0.6159892152735118,0.7,0.7,4.9848166168131245
17964,0.0,0.5242168405733768,0.7,0.7,3.1452331638213917
17964,0.1,0.5242168405733768,0.7,0.7,3.2210634959759745
17964,0.2,0.5944558037318306,0.7,0.7,3.6586690838960294
17964,0.3,0.5944558037318306,0.7,0.7,3.8683858594474487
17964,0.4,0.646739151986936,0.7,0.7,4.8147659937640235
17964,0.5,0.7301712856342574,0.7,0.7,5.120649164061285
17964,0.6,0.7843761679538016,0.7,0.7,6.147985628309832
105178,0.0,0.1200743006121955,0.1,0.1,3.754448639850904
105178,0.1,0.1200743006121955,0.1,0.1,3.754448639850904
105178,0.2,0.081963461396457,0.1,0.1,3.8336612872297926
105178,0.3,0.07362322034364344,0.1,0.1,3.999907382805108
105178,0.4,0.05729000096767664,0.1,0.1,4.690325804063727
105178,0.5,0.0,0.0,0.0,4.98241419083253
105178,0.6,0.0,0.0,0.0,5.69505190723897
16979,0.0,0.1280645751947239,0.2222222222222222,0.2,2.851632710527373
16979,0.1,0.1280645751947239,0.2222222222222222,0.2,2.8516327105273724
16979,0.2,0.1280645751947239,0.2222222222222222,0.2,3.905412015214877
16979,0.3,0.1280645751947239,0.2222222222222222,0.2,5.1872700813925325
16979,0.4,0.1280645751947239,0.2222222222222222,0.2,5.685962085528722
16979,0.5,0.1280645751947239,0.2222222222222222,0.2,6.287958709385056
16979,0.6,0.1280645751947239,0.2222222222222222,0.2,7.239282279421535
11996,0.0,0.19031326377064925,0.1,0.1,2.7567216051703567
11996,0.1,0.19031326377064925,0.1,0.1,2.8048296575515437
11996,0.2,0.19031326377064925,0.1,0.1,2.850900111285619
11996,0.3,0.19031326377064925,0.1,0.1,3.1376613178105486
11996,0.4,0.19031326377064925,0.1,0.1,3.1376613178105486
11996,0.5,0.3076404150444236,0.3,0.3,5.766117568100649
11996,0.6,0.318141366433837,0.3,0.3,6.73328722259898
63273,0.0,0.5084546302044863,0.4,0.4,2.183206330988496
63273,0.1,0.5142868981910397,0.4,0.4,2.183206330988496
63273,0.2,0.5084546302044863,0.4,0.4,2.183206330988496
63273,0.3,0.43546851770761136,0.4,0.4,2.3314195074854274
63273,0.4,0.3590931159996173,0.3,0.3,3.5290820448991083
63273,0.5,0.3455070459620716,0.3,0.3,4.9785703734338735
63273,0.6,0.24080205617008857,0.3,0.3,5.58713872893874
158564,0.0,0.44841747989838854,0.3,0.3,1.9908645235330031
158564,0.1,0.44841747989838854,0.3,0.3,2.002336682301144
158564,0.2,0.44066367784739624,0.3,0.3,2.363682365413979
158564,0.3,0.44066367784739624,0.3,0.3,3.0068431827888906
158564,0.4,0.44066367784739624,0.3,0.3,5.481699998678517
158564,0.5,0.4379165285089751,0.3,0.3,6.397076190679181
158564,0.6,0.23715724358787935,0.3,0.3,7.739227319550883
155885,0.0,0.07809742170892055,0.1111111111111111,0.1,2.8831659517330013
155885,0.1,0.07809742170892055,0.1111111111111111,0.1,3.1393217015842843
155885,0.2,0.06729296884018866,0.1111111111111111,0.1,3.423951356734352
155885,0.3,0.060771606354535226,0.1111111111111111,0.1,4.012999800306068
155885,0.4,0.0,0.0,0.0,4.946346083341866
155885,0.5,0.0,0.0,0.0,5.625201317583587
155885,0.6,0.0,0.0,0.0,5.713481196493349
181172,0.0,0.26917187536075465,0.2222222222222222,0.2,3.221757702719523
181172,0.1,0.2626505128751012,0.2222222222222222,0.2,3.6994683583092547
181172,0.2,0.1881430150968312,0.2222222222222222,0.2,3.6994683583092547
181172,0.3,0.1881430150968312,0.2222222222222222,0.2,3.955166214699221
181172,0.4,0.13886902806345577,0.2222222222222222,0.2,5.182887167534585
181172,0.5,0.13886902806345577,0.2222222222222222,0.2,6.144367439431287
181172,0.6,0.1326823237826694,0.2222222222222222,0.2,8.171623690440171
159077,0.0,0.5718923847947027,0.5,0.5,1.9606572592866531
159077,0.1,0.6291823857623794,0.6,0.6,1.9606572592866531
159077,0.2,0.6291823857623794,0.6,0.6,1.9606572592866531
159077,0.3,0.6291823857623794,0.6,0.6,1.9606572592866531
159077,0.4,0.45238817608539944,0.4,0.4,2.1639039879023025
159077,0.5,0.38401078472648814,0.3,0.3,3.8993560756037766
159077,0.6,0.42771471565661906,0.4,0.4,4.710958761957417
170813,0.0,0.2688331918231124,0.42857142857142855,0.3,2.122414312154875
170813,0.1,0.2992489649085536,0.42857142857142855,0.3,2.1224143121548744
170813,0.2,0.2992489649085536,0.42857142857142855,0.3,2.1224143121548744
170813,0.3,0.2992489649085536,0.42857142857142855,0.3,2.2529924600115683
170813,0.4,0.3849862137901215,0.42857142857142855,0.3,4.303504655123502
170813,0.5,0.3849862137901215,0.42857142857142855,0.3,6.5232724900519585
170813,0.6,0.3849862137901215,0.42857142857142855,0.3,7.005899297152643
186557,0.0,0.33644750366255316,0.4444444444444444,0.4,4.469177310908084
186557,0.1,0.3452945945615302,0.4444444444444444,0.4,4.469177310908084
186557,0.2,0.3700939880826475,0.4444444444444444,0.4,4.714147906163122
186557,0.3,0.3809157814897695,0.3333333333333333,0.3,4.879067234951215
186557,0.4,0.45344857675989453,0.4444444444444444,0.4,5.224355791283105
186557,0.5,0.5766079837295491,0.4444444444444444,0.4,5.621216993723333
186557,0.6,0.5827946880103355,0.4444444444444444,0.4,5.621216993723334
195390,0.0,0.7295178306885598,0.6,0.6,3.512619304659058
195390,0.1,0.741258676025492,0.6,0.6,3.512619304659059
195390,0.2,0.7456118737923656,0.6,0.6,3.711339869903388
195390,0.3,0.7456118737923656,0.6,0.6,3.711339869903388
195390,0.4,0.7514441417789189,0.6,0.6,3.9798705422921303
195390,0.5,0.7514441417789189,0.6,0.6,5.365691016469
195390,0.6,0.7514441417789189,0.6,0.6,7.6562265249699735
128609,0.0,0.69480759575694,0.6,0.6,2.9608705628944394
128609,0.1,0.7520975967246166,0.7,0.7,2.96087056289444
128609,0.2,0.6991607935238136,0.6,0.6,3.3673731494847567
128609,0.3,0.6772344824334544,0.6,0.6,3.530322768005692
128609,0.4,0.5906622998990338,0.6,0.6,3.530322768005692
128609,0.5,0.44105657739607423,0.4,0.4,4.340857463441057
128609,0.6,0.3489076502461903,0.3,0.3,4.708530748237363
129273,0.0,0.7739301468033551,0.7,0.7,2.090125333299171
129273,0.1,0.7739301468033551,0.7,0.7,2.090125333299171
129273,0.2,0.6914069914728213,0.6,0.6,2.588973408068383
129273,0.3,0.6255375731801701,0.5,0.5,3.7831296761409208
129273,0.4,0.5940629041831526,0.6,0.6,4.384729763711079
129273,0.5,0.5333722989313572,0.5,0.5,6.491468878572351
129273,0.6,0.41393510616593016,0.5,0.5,7.399050284605387
131332,0.0,0.48846025114738134,0.6,0.6,2.0551033886858727
131332,0.1,0.4250224965571649,0.5,0.5,2.0551033886858727
131332,0.2,0.41452154516775147,0.5,0.5,2.0551033886858727
131332,0.3,0.48476050832620526,0.5,0.5,2.179146564690683
131332,0.4,0.4662348015199647,0.5,0.5,3.0858249340226322
131332,0.5,0.44470138997828357,0.5,0.5,5.20419881749162
131332,0.6,0.3686301588332763,0.5,0.5,7.079511862986753
131546,0.0,0.8792722444421068,0.8,0.8,3.344222458115577
131546,0.1,0.9365622454097835,0.9,0.9,3.5413931365261995
131546,0.2,0.9399628496939022,0.9,0.9,3.6872531004880096
131546,0.3,0.9399628496939022,0.9,0.9,4.138081655991117
131546,0.4,0.8585858272992664,0.8,0.8,5.182580316867368
131546,0.5,0.8312201477710319,0.8,0.8,5.622141445878494
131546,0.6,0.8228799067182183,0.8,0.8,6.048685444470841
177880,0.0,0.8096867362293506,0.9,0.9,3.878167930484536
177880,0.1,0.8096867362293506,0.9,0.9,3.995926069391449
177880,0.2,0.8096867362293506,0.9,0.9,3.995926069391449
177880,0.3,0.8096867362293506,0.9,0.9,3.995926069391449
177880,0.4,0.9048433681146754,0.9,0.9,4.174363964909528
177880,0.5,0.9180365386035428,0.9,0.9,4.310457187567801
177880,0.6,1.0,1.0,1.0,5.0434352018026924
5819,0.0,0.19031326377064925,0.1,0.1,2.724063387819563
5819,0.1,0.19031326377064925,0.1,0.1,2.724063387819563
5819,0.2,0.19031326377064925,0.1,0.1,2.8403573982962533
5819,0.3,0.19031326377064925,0.1,0.1,3.0315522174356753
5819,0.4,0.19031326377064925,0.1,0.1,3.162130365292369
5819,0.5,0.19031326377064925,0.1,0.1,4.449344574614737
5819,0.6,0.19031326377064925,0.1,0.1,5.125170670126738
53447,0.0,0.19031326377064925,0.1,0.1,3.029623259232452
53447,0.1,0.1200743006121955,0.1,0.1,3.59579416289983
53447,0.2,0.1200743006121955,0.1,0.1,3.8394850782055676
53447,0.3,0.1200743006121955,0.1,0.1,4.027664467084451
53447,0.4,0.1200743006121955,0.1,0.1,4.321808575882558
53447,0.5,0.081963461396457,0.1,0.1,4.823056270850737
53447,0.6,0.07362322034364344,0.1,0.1,5.890225737753432
30122,0.0,0.38106030800593454,0.625,0.5,2.199021062600381
30122,0.1,0.389844765420912,0.625,0.5,2.2360417336808602
30122,0.2,0.392957072933696,0.625,0.5,2.2360417336808602
30122,0.3,0.3249396297861736,0.5,0.4,2.2360417336808602
30122,0.4,0.3493353179199547,0.5,0.4,3.0072577831104845
30122,0.5,0.5914316963475001,0.5,0.4,5.7388338084581685
30122,0.6,0.592096086333742,0.5,0.4,7.373717450560496
75745,0.0,0.32936664493152884,0.42857142857142855,0.3,3.008767511373732
75745,0.1,0.4312081483589565,0.42857142857142855,0.3,3.2853952017937886
75745,0.2,0.43832731113445295,0.42857142857142855,0.3,3.2853952017937886
75745,0.3,0.5184389207203508,0.5714285714285714,0.4,3.9144579924209806
75745,0.4,0.5687918516410434,0.5714285714285714,0.4,4.334404471312279
75745,0.5,0.5950766283746268,0.5714285714285714,0.4,5.2821999516181695
75745,0.6,0.6372294155593914,0.5714285714285714,0.4,6.669723480421685
188751,0.0,0.8799256993878044,0.9,0.9,4.287207726668521
188751,0.1,0.9180365386035428,0.9,0.9,4.61839047716036
188751,0.2,0.9365622454097835,0.9,0.9,5.715851402207275
188751,0.3,0.9399628496939022,0.9,0.9,5.715851402207275
188751,0.4,0.9399628496939022,0.9,0.9,6.9628038724034464
188751,0.5,0.9399628496939022,0.9,0.9,7.9058650864862985
188751,0.6,0.9399628496939022,0.9,0.9,8.392585775899901
166377,0.0,0.5290191011644836,0.5,0.5,4.093831451560538
166377,0.1,0.5290191011644836,0.5,0.5,4.093831451560538
166377,0.2,0.5992580643229373,0.5,0.5,4.145342325454433
166377,0.3,0.6094435300763643,0.5,0.5,4.145342325454433
166377,0.4,0.6177837711291778,0.5,0.5,4.957726752459813
166377,0.5,0.6427014398560487,0.5,0.5,7.118057869453355
166377,0.6,0.6558946103449164,0.5,0.5,9.807474495092194
26958,0.0,0.76259854811403,0.7,0.7,2.858891773490172
26958,0.1,0.76259854811403,0.7,0.7,2.858891773490172
26958,0.2,0.76259854811403,0.7,0.7,2.858891773490172
26958,0.3,0.7564507944914902,0.7,0.7,2.972408256145857
26958,0.4,0.6211680283143675,0.6,0.6,3.0260176921696034
26958,0.5,0.6153357603278141,0.6,0.6,6.440996480373228
26958,0.6,0.5688846800592621,0.6,0.6,8.048924975878348
51241,0.0,0.5295945844906996,0.5714285714285714,0.4,2.400562512642562
51241,0.1,0.5262412743626487,0.5714285714285714,0.4,2.400562512642562
51241,0.2,0.4563101869644745,0.42857142857142855,0.3,2.481764279130002
51241,0.3,0.44880592638464256,0.42857142857142855,0.3,2.8082045101511004
51241,0.4,0.34845906590102727,0.2857142857142857,0.2,3.567448473779618
51241,0.5,0.30974139191202427,0.2857142857142857,0.2,3.6445124903589536
51241,0.6,0.10004876742114938,0.14285714285714285,0.1,4.620894021126189
40611,0.0,0.7295178306885598,0.6,0.6,3.0322996352245175
40611,0.1,0.7295178306885598,0.6,0.6,3.032299635224517
40611,0.2,0.7267706813501387,0.6,0.6,3.032299635224517
40611,0.3,0.7138929964972575,0.6,0.6,3.427438775045411
40611,0.4,0.8312201477710319,0.8,0.8,3.5878434321525097
40611,0.5,0.6862118313330364,0.7,0.7,3.7153208944938187
40611,0.6,0.6103961235591193,0.6,0.6,4.893124171448301
69882,0.0,0.5013379360002626,0.5,0.5,2.6768439570086473
69882,0.1,0.45238817608539944,0.4,0.4,2.728383745245336
69882,0.2,0.4557887803695181,0.4,0.4,2.728383745245336
69882,0.3,0.5174319791040684,0.5,0.5,2.8003744580221044
69882,0.4,0.5364574175794894,0.5,0.5,2.8003744580221044
69882,0.5,0.6682725635286172,0.7,0.7,3.485172422177474
69882,0.6,0.5867020016808382,0.6,0.6,5.429260804981068
106180,0.0,0.6642855202426773,0.7,0.7,2.6564199024112205
106180,0.1,0.6744873330950333,0.6,0.6,2.892008696991615
106180,0.2,0.6612941626061656,0.6,0.6,2.925984445218165
106180,0.3,0.6538558461911597,0.6,0.6,3.4287475292813268
106180,0.4,0.7111458471588363,0.7,0.7,3.4777793028939685
106180,0.5,0.6886598421344001,0.6,0.6,4.447641898976546
106180,0.6,0.6313698411667235,0.5,0.5,5.358240683937955
140306,0.0,0.583616883032706,0.6,0.6,1.9977291505408925
140306,0.1,0.6541000544892502,0.7,0.7,2.5506877615757237
140306,0.2,0.5940629041831526,0.6,0.6,2.989382550249501
140306,0.3,0.5867020016808382,0.6,0.6,3.4933638449982873
140306,0.4,0.656940964839292,0.6,0.6,5.702825029210684
140306,0.5,0.5906622998990338,0.6,0.6,6.806478296828364
140306,0.6,0.5867020016808382,0.6,0.6,7.481162043878809
72471,0.0,0.713577510861271,0.6,0.6,2.759378704072416
72471,0.1,0.7077452428747176,0.6,0.6,2.7593787040724163
72471,0.2,0.6285289308166818,0.5,0.5,2.7593787040724163
72471,0.3,0.5931103107003975,0.5,0.5,3.1194334488914848
72471,0.4,0.37817851673993474,0.3,0.3,3.1194334488914848
72471,0.5,0.3137881686669634,0.3,0.3,3.5701542407805613
72471,0.6,0.26547551659886887,0.3,0.3,3.847389745017851
31584,0.0,0.519879989905432,0.4,0.4,3.8435460789323037
31584,0.1,0.5142868981910397,0.4,0.4,4.030041082915918
31584,0.2,0.4268840683567074,0.4,0.4,4.030041082915919
31584,0.3,0.4352243094095209,0.4,0.4,4.030041082915919
31584,0.4,0.44105657739607423,0.4,0.4,4.443815347143285
31584,0.5,0.46014197813639174,0.4,0.4,5.664990500929391
31584,0.6,0.46014197813639174,0.4,0.4,6.415795120632677
65676,0.0,0.2229847345485124,0.3,0.3,3.9364896582056312
65676,0.1,0.21562383204619817,0.3,0.3,4.092986156467672
65676,0.2,0.21287668270777707,0.3,0.3,4.092986156467672
65676,0.3,0.22606985319664472,0.3,0.3,4.2215119011676405
65676,0.4,0.21588438744321767,0.3,0.3,4.302218884430696
65676,0.5,0.18351205520241193,0.2,0.2,4.302218884430696
65676,0.6,0.17736430157987212,0.2,0.2,4.834968907876921
60889,0.0,0.8663396293502587,0.8,0.8,2.0979419781380373
60889,0.1,0.8475533671469987,0.8,0.8,2.0979419781380373
60889,0.2,0.752396735261674,0.8,0.8,2.0979419781380373
60889,0.3,0.6923595849555763,0.7,0.7,2.097941978138037
60889,0.4,0.6541000544892502,0.7,0.7,2.4401495227194507
60889,0.5,0.5398580218636082,0.6,0.6,4.484021697642414
60889,0.6,0.3532608480130639,0.3,0.3,8.168690063305764
87261,0.0,0.0,0.0,0.0,6.29441878546948
87261,0.1,0.0,0.0,0.0,6.634864274520081
87261,0.2,0.0,0.0,0.0,7.297357727986197
87261,0.3,0.0,0.0,0.0,8.67663250145419
87261,0.4,0.0,0.0,0.0,9.796826240859183
87261,0.5,0.0,0.0,0.0,9.91889755199483
87261,0.6,0.0,0.0,0.0,10.101644213768177
29550,0.0,0.4490545877451571,0.5,0.5,2.20018805587749
29550,0.1,0.4490545877451571,0.5,0.5,2.20018805587749
29550,0.2,0.44470138997828357,0.5,0.5,2.20018805587749
29550,0.3,0.38466423967218577,0.4,0.4,2.5639304962464
29550,0.4,0.3973576784918729,0.4,0.4,2.5639304962464005
29550,0.5,0.25074331362542507,0.3,0.3,3.005071396664376
29550,0.6,0.34006767752419625,0.3,0.3,4.878003203952554
134680,0.0,0.3317274364713827,0.3,0.3,1.817589311109367
134680,0.1,0.3273742387045091,0.3,0.3,1.817589311109367
134680,0.2,0.2476032647383259,0.2,0.2,1.817589311109367
134680,0.3,0.19031326377064925,0.1,0.1,1.817589311109367
134680,0.4,0.1200743006121955,0.1,0.1,1.817589311109367
134680,0.5,0.05729000096767664,0.1,0.1,2.9740519439775275
134680,0.6,0.05729000096767664,0.1,0.1,3.8716904713758638
185833,0.0,0.48476050832620526,0.5,0.5,3.603780277795612
185833,0.1,0.48476050832620526,0.5,0.5,3.603780277795612
185833,0.2,0.4881611126103239,0.5,0.5,3.6037802777956123
185833,0.3,0.49251431037719756,0.5,0.5,3.7584003027398154
185833,0.4,0.5010937277021721,0.5,0.5,3.7584003027398154
185833,0.5,0.6784580292820441,0.7,0.7,3.8483893056290297
185833,0.6,0.6889589806714576,0.7,0.7,4.690825192698455
139847,0.0,0.05729000096767664,0.1,0.1,5.49753016298467
139847,0.1,0.05729000096767664,0.1,0.1,6.038042212860618
139847,0.2,0.05729000096767664,0.1,0.1,6.490443854837489
139847,0.3,0.05729000096767664,0.1,0.1,7.256275263773615
139847,0.4,0.05729000096767664,0.1,0.1,8.787644021253332
139847,0.5,0.05729000096767664,0.1,0.1,9.779170593611283
139847,0.6,0.05729000096767664,0.1,0.1,10.296696438185817
30246,0.0,0.39235102577930164,0.3,0.3,4.009679199971623
30246,0.1,0.462834197235846,0.4,0.4,4.0096791999716235
30246,0.2,0.462834197235846,0.4,0.4,4.107828958775931
30246,0.3,0.4733351486252594,0.4,0.4,4.187894767995138
30246,0.4,0.4733351486252594,0.4,0.4,4.187894767995137
30246,0.5,0.4875076576646263,0.4,0.4,4.867985276520712
30246,0.6,0.5743240484971374,0.4,0.4,5.729579490440123
98194,0.0,0.3800937667159343,0.3333333333333333,0.1,6.180827825399106
98194,0.1,0.3800937667159343,0.3333333333333333,0.1,6.180827825399105
98194,0.2,0.3800937667159343,0.3333333333333333,0.1,6.95680221518373
98194,0.3,0.3800937667159343,0.3333333333333333,0.1,7.88822187339296
98194,0.4,0.3800937667159343,0.3333333333333333,0.1,8.139438540905228
98194,0.5,0.3800937667159343,0.3333333333333333,0.1,8.75538604554722
98194,0.6,0.3800937667159343,0.3333333333333333,0.1,8.991407940403937
185468,0.0,0.6814657340174848,0.6,0.6,2.1647339504330048
185468,0.1,0.6994050018219041,0.6,0.6,2.195150049825533
185468,0.2,0.6421150008542275,0.5,0.5,2.4086935460091725
185468,0.3,0.6171973321273566,0.5,0.5,2.447560935947229
185468,0.4,0.5426051712020292,0.5,0.5,2.6006352505545665
185468,0.5,0.6535403605551733,0.6,0.6,3.612387902393891
185468,0.6,0.6291823857623794,0.6,0.6,4.759702189734249
167775,0.0,0.5007008281534939,0.3,0.3,2.430171043149576
167775,0.1,0.5007008281534939,0.3,0.3,2.6438616512974535
167775,0.2,0.4757831594266231,0.3,0.3,2.6438616512974535
167775,0.3,0.46258998893775544,0.3,0.3,2.7794089987860313
167775,0.4,0.44841747989838854,0.3,0.3,3.2255456101592004
167775,0.5,0.33231387547320396,0.3,0.3,4.360297727645721
167775,0.6,0.3239736344203904,0.3,0.3,5.1309652880506
49287,0.0,0.6890836328547508,0.75,0.6,3.408696349021549
49287,0.1,0.6890836328547508,0.75,0.6,3.6603909201002542
49287,0.2,0.6890836328547508,0.75,0.6,3.660390920100255
49287,0.3,0.7686589401272185,0.75,0.6,4.436655268090593
49287,0.4,0.7686589401272185,0.75,0.6,4.758592561622845
49287,0.5,0.7686589401272185,0.75,0.6,5.6212344134506225
49287,0.6,0.7686589401272185,0.75,0.6,6.223659171735656
187296,0.0,0.8087341427465955,0.7,0.7,5.401477736015458
187296,0.1,0.8029018747600423,0.7,0.7,5.401477736015458
187296,0.2,0.7843761679538016,0.7,0.7,5.683506543991966
187296,0.3,0.7843761679538016,0.7,0.7,5.683506543991966
187296,0.4,0.771182997464934,0.7,0.7,5.853676570426667
187296,0.5,0.771182997464934,0.7,0.7,5.971016289761578
187296,0.6,0.7628427564121205,0.7,0.7,7.062979280444537
125576,0.0,0.7797624147899086,0.7,0.7,1.572430653724758
125576,0.1,0.7841156125567822,0.7,0.7,1.572430653724758
125576,0.2,0.7875162168409008,0.7,0.7,1.6434084654412566
125576,0.3,0.809049628382582,0.7,0.7,2.2198718132109483
125576,0.4,0.8765250951036857,0.8,0.8,2.219871813210948
125576,0.5,0.8444133182598994,0.8,0.8,5.531168949854404
125576,0.6,0.7655899057505416,0.7,0.7,7.1936137501674775
139870,0.0,0.3292503152628619,0.2222222222222222,0.2,2.1084577319616153
139870,0.1,0.2888234191284636,0.2222222222222222,0.2,2.1084577319616153
139870,0.2,0.2737896239487001,0.2222222222222222,0.2,3.1347977563794434
139870,0.3,0.25182871946797925,0.3333333333333333,0.3,3.831171787457644
139870,0.4,0.2054688304512165,0.2222222222222222,0.2,5.917925019000061
139870,0.5,0.16504193431681816,0.2222222222222222,0.2,6.368842025108666
139870,0.6,0.2737896239487001,0.2222222222222222,0.2,7.150593944484759
1424,0.0,0.857999388297445,0.8,0.8,3.54231335075983
1424,0.1,0.8029018747600423,0.7,0.7,3.7492380927028877
1424,0.2,0.8444133182598994,0.8,0.8,3.7492380927028877
1424,0.3,0.7847690675024798,0.8,0.8,3.9391832803568803
1424,0.4,0.6896124356171551,0.8,0.8,4.619744153171975
1424,0.5,0.555935717868485,0.7,0.7,5.6095334300092645
1424,0.6,0.5242168405733768,0.7,0.7,6.6055707903648155
75776,0.0,0.5844272499712312,0.5555555555555556,0.5,4.122357420481819
75776,0.1,0.5693934547914677,0.5555555555555556,0.5,4.271935208444172
75776,0.2,0.5517912496700417,0.5555555555555556,0.5,4.439105190714176
75776,0.3,0.5471735010820962,0.5555555555555556,0.5,4.4391051907141765
75776,0.4,0.5406521385964428,0.5555555555555556,0.5,4.689619506279142
75776,0.5,0.4769664342252948,0.4444444444444444,0.4,4.8417638669774155
75776,0.6,0.4769664342252948,0.4444444444444444,0.4,5.844928478184113
183812,0.0,0.8749190466752332,0.8,0.8,3.715256189372923
183812,0.1,0.8749190466752332,0.8,0.8,3.9206883560528625
183812,0.2,0.8749190466752332,0.8,0.8,3.9206883560528625
183812,0.3,0.8749190466752332,0.8,0.8,3.920688356052863
183812,0.4,0.8629390250661401,0.8,0.8,4.057127526750188
183812,0.5,0.8029018747600423,0.7,0.7,4.483669354204467
183812,0.6,0.7329184349726785,0.6,0.6,4.811759873526616
128174,0.0,0.4791674166118128,0.4,0.4,3.92349676909006
128174,0.1,0.530625149592936,0.5,0.5,3.92349676909006
128174,0.2,0.5201791284424895,0.5,0.5,4.183117060116346
128174,0.3,0.5833013973967196,0.6,0.6,4.8114699613528344
128174,0.4,0.5867020016808382,0.6,0.6,5.531420173942823
128174,0.5,0.5333722989313572,0.5,0.5,7.134569070561137
128174,0.6,0.5226271392438532,0.4,0.4,7.444824773113753
198384,0.0,0.9263767796563563,0.9,0.9,3.19789548486545
198384,0.1,0.9263767796563563,0.9,0.9,3.19789548486545
198384,0.2,0.8663396293502587,0.8,0.8,3.19789548486545
198384,0.3,0.8663396293502587,0.8,0.8,3.1978954848654504
198384,0.4,0.8721718973368121,0.8,0.8,3.2515372055211182
198384,0.5,0.8792722444421068,0.8,0.8,3.3887445703346244
198384,0.6,0.8087341427465955,0.7,0.7,3.75916517011954
80037,0.0,0.5795349314197388,0.5,0.4,2.764564000549639
80037,0.1,0.5795349314197388,0.5,0.4,2.764564000549639
80037,0.2,0.5826472389325228,0.5,0.4,2.9129047856604195
80037,0.3,0.5069245530350369,0.5,0.4,3.3348144318142054
80037,0.4,0.4842909895499857,0.5,0.4,3.5799077225714413
80037,0.5,0.49335211605979573,0.5,0.4,3.9169545821558125
80037,0.6,0.38832042598600736,0.375,0.3,5.585920114234754
88962,0.0,0.8370524157575853,0.8,0.8,3.397207270515987
88962,0.1,0.8585858272992664,0.8,0.8,3.716216701651798
88962,0.2,0.8585858272992664,0.8,0.8,3.9284392837084097
88962,0.3,0.7985486769931687,0.7,0.7,4.0542635676812235
88962,0.4,0.8585858272992664,0.8,0.8,4.649825746409695
88962,0.5,0.8198885490817066,0.8,0.8,6.279996105365448
88962,0.6,0.76259854811403,0.7,0.7,7.299580014751788
113996,0.0,0.18351205520241193,0.2,0.2,2.8205941738961524
113996,0.1,0.18786525296928555,0.2,0.2,3.151265063857957
113996,0.2,0.26393648411429266,0.2,0.2,3.1512650638579567
113996,0.3,0.1771200932817816,0.2,0.2,4.239263761064633
113996,0.4,0.2152309324975201,0.2,0.2,5.429129467186098
113996,0.5,0.20203776200865248,0.2,0.2,5.945019680505991
113996,0.6,0.20203776200865248,0.2,0.2,6.604720525492121
11213,0.0,0.3890174374390593,0.4,0.4,2.974904349408076
11213,0.1,0.3890174374390593,0.4,0.4,3.8042478059932585
11213,0.2,0.2830218848546101,0.3,0.3,3.8042478059932585
11213,0.3,0.26547551659886887,0.3,0.3,4.533790464867139
11213,0.4,0.19369752095583892,0.2,0.2,5.3394201994549215
11213,0.5,0.32956672613478283,0.3,0.3,7.737625615451887
11213,0.6,0.37042471468894245,0.3,0.3,8.796394343071565
148445,0.0,0.37382531897306115,0.3,0.3,1.53053475853119
148445,0.1,0.3103875643828447,0.2,0.2,1.53053475853119
148445,0.2,0.37042471468894245,0.3,0.3,1.6803367438319547
148445,0.3,0.406197651213867,0.4,0.4,1.8315572554585304
148445,0.4,0.39300448072499927,0.4,0.4,4.766464564666284
148445,0.5,0.30859300852717864,0.4,0.4,6.500191330311094
148445,0.6,0.2978478488396747,0.4,0.4,7.610717771481063
101396,0.0,0.23643704028587592,0.2857142857142857,0.2,3.1246236944088843
101396,0.1,0.23643704028587592,0.2857142857142857,0.2,3.2082763053521335
101396,0.2,0.3221742891674439,0.2857142857142857,0.2,4.338259024996818
101396,0.3,0.3221742891674439,0.2857142857142857,0.2,6.055351757360637
101396,0.4,0.3221742891674439,0.2857142857142857,0.2,7.4505623087309285
101396,0.5,0.3221742891674439,0.2857142857142857,0.2,7.45056230873093
101396,0.6,0.3221742891674439,0.2857142857142857,0.2,7.917289230138394
64451,0.0,0.8007093873297685,0.7,0.7,3.212674189699334
64451,0.1,0.809049628382582,0.7,0.7,3.212674189699334
64451,0.2,0.8690867786886797,0.8,0.8,3.4220553029885634
64451,0.3,0.8663396293502587,0.8,0.8,3.6693127695358383
64451,0.4,0.8148818963691354,0.7,0.7,3.8960337427439646
64451,0.5,0.8607465376358662,0.8,0.8,4.227126928473803
64451,0.6,0.752396735261674,0.8,0.8,5.141681240913585
187281,0.0,0.06343775459021642,0.1,0.1,2.461339275036587
187281,0.1,0.06003715030609775,0.1,0.1,2.461339275036587
187281,0.2,0.07362322034364344,0.1,0.1,2.4613392750365874
187281,0.3,0.149754413753547,0.2,0.2,2.4613392750365874
187281,0.4,0.22606985319664472,0.3,0.3,2.6446429677806003
187281,0.5,0.44406428213151494,0.3,0.3,3.9833345357331944
187281,0.6,0.45424974788494193,0.3,0.3,8.367039430050994
63375,0.0,0.40554419626816934,0.3,0.3,6.551143262805338
63375,0.1,0.5232642470906218,0.5,0.5,7.2573093121547885
63375,0.2,0.5262719518260625,0.5,0.5,7.885504586972044
63375,0.3,0.4733351486252594,0.4,0.4,8.495572957328141
63375,0.4,0.4689819508583858,0.4,0.4,9.686214214165277
63375,0.5,0.4733351486252594,0.4,0.4,10.272212771545618
63375,0.6,0.4733351486252594,0.4,0.4,10.272212771545618
115729,0.0,0.6994050018219041,0.6,0.6,2.737134783266202
115729,0.1,0.713577510861271,0.6,0.6,2.9740185245829105
115729,0.2,0.7209384133635853,0.6,0.6,2.97401852458291
115729,0.3,0.7165852155967116,0.6,0.6,3.49227053208038
115729,0.4,0.6377618030873539,0.5,0.5,4.011178223930635
115729,0.5,0.6892195360684771,0.6,0.6,4.963049092329626
115729,0.6,0.6070118663739296,0.5,0.5,5.221176252761227
139975,0.0,0.8746071583782726,1.0,0.3,4.391661622490419
139975,0.1,0.8746071583782726,1.0,0.3,4.391661622490419
139975,0.2,0.8746071583782726,1.0,0.3,4.391661622490419
139975,0.3,0.8746071583782726,1.0,0.3,4.55981858500036
139975,0.4,0.8746071583782726,1.0,0.3,4.808680690657507
139975,0.5,0.8746071583782726,1.0,0.3,5.107076517207155
139975,0.6,0.7343258582304697,1.0,0.3,5.915370204685316
88539,0.0,0.244212503630646,0.3333333333333333,0.2,5.339745912780698
88539,0.1,0.244212503630646,0.3333333333333333,0.2,5.339745912780698
88539,0.2,0.244212503630646,0.3333333333333333,0.2,5.468556396870915
88539,0.3,0.244212503630646,0.3333333333333333,0.2,5.623942917268532
88539,0.4,0.244212503630646,0.3333333333333333,0.2,5.909186205515355
88539,0.5,0.244212503630646,0.3333333333333333,0.2,6.072599827133218
88539,0.6,0.244212503630646,0.3333333333333333,0.2,6.82626352531989
8828,0.0,0.6592952146290351,0.5,0.5,4.037161527408115
8828,0.1,0.6636484123959087,0.5,0.5,4.222490553273541
8828,0.2,0.6636484123959087,0.5,0.5,4.439597255623793
8828,0.3,0.6636484123959087,0.5,0.5,4.439597255623793
8828,0.4,0.6636484123959087,0.5,0.5,5.2099989306075845
8828,0.5,0.6636484123959087,0.5,0.5,5.427100715486963
8828,0.6,0.650455241907041,0.5,0.5,6.59479664630728
1918,0.0,0.9180365386035428,0.9,0.9,3.6727429766666035
1918,0.1,0.9180365386035428,0.9,0.9,4.29092717443667
1918,0.2,0.9263767796563563,0.9,0.9,4.29092717443667
1918,0.3,1.0,1.0,1.0,5.255921068779381
1918,0.4,0.9427099990323233,0.9,0.9,6.678686082132846
1918,0.5,0.9427099990323233,0.9,0.9,7.1483975100321
1918,0.6,0.9399628496939022,0.9,0.9,7.2859266420807085
163574,0.0,0.25375101836086567,0.2,0.2,2.276162343663037
163574,0.1,0.26393648411429266,0.2,0.2,2.276162343663037
163574,0.2,0.26393648411429266,0.2,0.2,2.276162343663037
163574,0.3,0.26393648411429266,0.2,0.2,2.2761623436630365
163574,0.4,0.3239736344203904,0.3,0.3,3.92924937973308
163574,0.5,0.21248378315909897,0.3,0.3,7.263762658123314
163574,0.6,0.24855585822108087,0.4,0.4,9.501542255902216
51441,0.0,0.5826642895499509,0.4,0.4,1.9781702946068638
51441,0.1,0.6531474610064952,0.5,0.5,1.9781702946068638
51441,0.2,0.6531474610064952,0.5,0.5,2.1929893216741307
51441,0.3,0.6558946103449164,0.5,0.5,2.1929893216741307
51441,0.4,0.6377618030873539,0.5,0.5,3.4297833979652297
51441,0.5,0.593818695885062,0.5,0.5,3.9496373321925526
51441,0.6,0.5090917380512548,0.5,0.5,4.641232188983151
96538,0.0,0.7766223659028094,0.7,0.7,2.645969468148748
96538,0.1,0.7766223659028094,0.7,0.7,2.677315013349651
96538,0.2,0.771182997464934,0.7,0.7,2.950055383988049
96538,0.3,0.8607465376358662,0.8,0.8,2.9500553839880492
96538,0.4,0.8721718973368121,0.8,0.8,3.6035154369026214
96538,0.5,0.809049628382582,0.7,0.7,5.192401741863634
96538,0.6,0.7456118737923656,0.6,0.6,8.528984408199154
178334,0.0,0.3676775653505214,0.3,0.3,3.8183124839404066
178334,0.1,0.3676775653505214,0.3,0.3,3.8183124839404066
178334,0.2,0.3676775653505214,0.3,0.3,3.8183124839404066
178334,0.3,0.3676775653505214,0.3,0.3,4.021069080910709
178334,0.4,0.34275989662365053,0.3,0.3,4.22754877823091
178334,0.5,0.32956672613478283,0.3,0.3,4.442682931662715
178334,0.6,0.32956672613478283,0.3,0.3,4.858832063200973
61502,0.0,0.4689819508583858,0.4,0.4,1.75562872036624
61502,0.1,0.4689819508583858,0.4,0.4,1.75562872036624
61502,0.2,0.4733351486252594,0.4,0.4,1.75562872036624
61502,0.3,0.4382156670460325,0.4,0.4,1.75562872036624
61502,0.4,0.31104101932854233,0.3,0.3,1.8192289137384023
61502,0.5,0.18786525296928555,0.2,0.2,2.3897093257339694
61502,0.6,0.15244663285300125,0.2,0.2,3.6074291161204477
70759,0.0,0.7077452428747176,0.6,0.6,2.323201646847626
70759,0.1,0.6562875098935943,0.5,0.5,2.323201646847626
70759,0.2,0.6562875098935943,0.5,0.5,2.7310959480671673
70759,0.3,0.6255375731801701,0.5,0.5,2.7310959480671673
70759,0.4,0.6066963807379432,0.5,0.5,2.7310959480671673
70759,0.5,0.5226271392438532,0.4,0.4,4.511506876862588
70759,0.6,0.3325580837712945,0.4,0.4,5.363151974337688
5911,0.0,0.55774662082308,0.4,0.4,2.652601825421533
5911,0.1,0.5494063797702665,0.4,0.4,2.652601825421533
5911,0.2,0.5226271392438532,0.4,0.4,2.870276565833633
5911,0.3,0.46258998893775544,0.3,0.3,3.2767364391234937
5911,0.4,0.45424974788494193,0.3,0.3,3.7777329455550244
5911,0.5,0.3676775653505214,0.3,0.3,5.455892343959411
5911,0.6,0.28546989565597386,0.2,0.2,6.374944201031397
52730,0.0,0.9365622454097835,0.9,0.9,4.312252241454916
52730,0.1,0.9365622454097835,0.9,0.9,4.312252241454916
52730,0.2,0.9427099990323233,0.9,0.9,4.312252241454916
52730,0.3,1.0,1.0,1.0,4.312252241454916
52730,0.4,1.0,1.0,1.0,4.312252241454916
52730,0.5,1.0,1.0,1.0,5.442238082086568
52730,0.6,1.0,1.0,1.0,7.303574938822772
165639,0.0,0.12445731072568322,0.2222222222222222,0.2,4.276265784530802
165639,0.1,0.12445731072568322,0.2222222222222222,0.2,4.276265784530802
165639,0.2,0.12445731072568322,0.2222222222222222,0.2,4.276265784530801
165639,0.3,0.12445731072568322,0.2222222222222222,0.2,4.527991646530452
165639,0.4,0.12445731072568322,0.2222222222222222,0.2,4.705205294885949
165639,0.5,0.12445731072568322,0.2222222222222222,0.2,5.162484792528594
165639,0.6,0.12445731072568322,0.2222222222222222,0.2,6.005266988855043
78616,0.0,0.24661756247359962,0.2857142857142857,0.2,3.793788670203372
78616,0.1,0.34845906590102727,0.2857142857142857,0.2,3.793788670203372
78616,0.2,0.3788748389864684,0.2857142857142857,0.2,3.793788670203372
78616,0.3,0.34845906590102727,0.2857142857142857,0.2,3.9723973828664483
78616,0.4,0.34845906590102727,0.2857142857142857,0.2,4.201178160798113
78616,0.5,0.3323548113551676,0.2857142857142857,0.2,4.2790921437873255
78616,0.6,0.3150551263919474,0.2857142857142857,0.2,4.755430472002809
94655,0.0,0.8607465376358662,0.8,0.8,2.5737184150299317
94655,0.1,0.8607465376358662,0.8,0.8,2.721325678030912
94655,0.2,0.8007093873297685,0.7,0.7,2.7213256780309125
94655,0.3,0.7973087830456499,0.7,0.7,2.8684081153919783
94655,0.4,0.741258676025492,0.6,0.6,3.011618395119882
94655,0.5,0.713184611312593,0.6,0.6,3.3523383538740843
94655,0.6,0.602642321508127,0.6,0.6,4.192294757099548
26125,0.0,0.6320686750437109,0.4444444444444444,0.4,7.111822559762558
26125,0.1,0.6320686750437109,0.4444444444444444,0.4,7.111822559762558
26125,0.2,0.6320686750437109,0.4444444444444444,0.4,7.507346094124299
26125,0.3,0.6320686750437109,0.4444444444444444,0.4,7.8098730978225195
26125,0.4,0.6320686750437109,0.4444444444444444,0.4,7.9224179737352385
26125,0.5,0.6320686750437109,0.4444444444444444,0.4,8.193460283735714
26125,0.6,0.6320686750437109,0.4444444444444444,0.4,8.25473564041258
48518,0.0,0.06343775459021642,0.1,0.1,3.6601208290585374
48518,0.1,0.06343775459021642,0.1,0.1,3.9221613733856437
48518,0.2,0.06343775459021642,0.1,0.1,4.286000373229892
48518,0.3,0.06343775459021642,0.1,0.1,4.9517249749552
48518,0.4,0.06343775459021642,0.1,0.1,5.763873022501384
48518,0.5,0.06343775459021642,0.1,0.1,6.125316992681183
48518,0.6,0.06343775459021642,0.1,0.1,6.9433817342077315
63143,0.0,0.5722852843433808,0.6,0.6,2.8524469359258537
63143,0.1,0.5722852843433808,0.6,0.6,2.8524469359258537
63143,0.2,0.5972029530702516,0.6,0.6,3.2594426850267424
63143,0.3,0.680635086717573,0.6,0.6,3.2594426850267424
63143,0.4,0.6187363646119328,0.6,0.6,4.313974173622578
63143,0.5,0.6245686325984862,0.6,0.6,4.8432830635854955
63143,0.6,0.69480759575694,0.6,0.6,5.758560164430895
78164,0.0,0.6682725635286172,0.7,0.7,4.765535793805308
78164,0.1,0.646739151986936,0.7,0.7,4.93707507813267
78164,0.2,0.646739151986936,0.7,0.7,6.279580743343301
78164,0.3,0.6218214832600651,0.7,0.7,6.699274091968363
78164,0.4,0.6218214832600651,0.7,0.7,6.699274091968363
78164,0.5,0.6218214832600651,0.7,0.7,7.038196480581648
78164,0.6,0.646739151986936,0.7,0.7,7.349448720525759
4257,0.0,0.8749190466752332,0.8,0.8,3.89950050525403
4257,0.1,0.8749190466752332,0.8,0.8,3.89950050525403
4257,0.2,0.8749190466752332,0.8,0.8,3.9798281560227537
4257,0.3,0.8749190466752332,0.8,0.8,3.9798281560227537
4257,0.4,0.8690867786886797,0.8,0.8,4.221805349917992
4257,0.5,0.8690867786886797,0.8,0.8,6.0863531974302525
4257,0.6,0.8690867786886797,0.8,0.8,6.587506316032092
125995,0.0,0.4301897685231449,0.3333333333333333,0.3,2.8660286214220028
125995,0.1,0.4938754728942929,0.4444444444444444,0.4,2.988336432712874
125995,0.2,0.4974827373633336,0.4444444444444444,0.4,3.074775421371226
125995,0.3,0.4342138096775728,0.4444444444444444,0.4,3.074775421371226
125995,0.4,0.41980209233980026,0.4444444444444444,0.4,3.074775421371226
125995,0.5,0.2890824683571142,0.3333333333333333,0.3,3.582123734246758
125995,0.6,0.3292503152628619,0.2222222222222222,0.2,5.33865172657039
99298,0.0,0.7868078316562364,0.7,0.7,2.182852127059427
99298,0.1,0.7295178306885598,0.6,0.6,2.182852127059427
99298,0.2,0.7677823931808154,0.7,0.7,2.182852127059427
99298,0.3,0.6612941626061656,0.6,0.6,2.3808019408284755
99298,0.4,0.5362132092813989,0.4,0.4,3.3217177820440833
99298,0.5,0.4662348015199647,0.5,0.5,5.79998842936721
99298,0.6,0.26214192825862653,0.4,0.4,7.4038617268587315
161150,0.0,0.8012958263315898,0.7,0.7,3.7044079647217876
161150,0.1,0.7902084359403552,0.7,0.7,3.7044079647217876
161150,0.2,0.7163246601996921,0.6,0.6,4.088757314676915
161150,0.3,0.6950518040550305,0.6,0.6,4.088757314676915
161150,0.4,0.6257817814782607,0.5,0.5,4.417719942514621
161150,0.5,0.5176875024751584,0.4,0.4,5.547376276873709
161150,0.6,0.381263635388067,0.4,0.4,6.127991667306437
160757,0.0,0.8475533671469987,0.8,0.8,2.2796561890544274
160757,0.1,0.8799256993878044,0.9,0.9,2.415927667807977
160757,0.2,0.8799256993878044,0.9,0.9,2.634202322918329
160757,0.3,0.8226356984201277,0.8,0.8,2.767687039654861
160757,0.4,0.7875162168409008,0.7,0.7,3.0626083040941205
160757,0.5,0.6916511997709118,0.6,0.6,3.06260830409412
160757,0.6,0.6070118663739296,0.5,0.5,4.048354348320996
149684,0.0,0.3788748389864684,0.2857142857142857,0.2,4.785978933233497
149684,0.1,0.34845906590102727,0.2857142857142857,0.2,5.051741221112668
149684,0.2,0.34845906590102727,0.2857142857142857,0.2,5.051741221112668
149684,0.3,0.3323548113551676,0.2857142857142857,0.2,5.428377076415314
149684,0.4,0.3323548113551676,0.2857142857142857,0.2,5.428377076415314
149684,0.5,0.3323548113551676,0.2857142857142857,0.2,5.794921185674154
149684,0.6,0.3323548113551676,0.2857142857142857,0.2,6.4631226654750735
38441,0.0,0.4388691219917301,0.5,0.5,2.5828424628564384
38441,0.1,0.4388691219917301,0.5,0.5,2.5828424628564384
38441,0.2,0.3686301588332763,0.5,0.5,2.7364173226959787
38441,0.3,0.3113401578655997,0.4,0.4,2.7364173226959787
38441,0.4,0.3929881336260703,0.5,0.5,3.0627856393680495
38441,0.5,0.34345193470938595,0.4,0.4,3.5268416765896724
38441,0.6,0.4064967897509243,0.5,0.5,6.530380006382535
180541,0.0,0.5774691294101661,0.6,0.6,3.1705132659539585
180541,0.1,0.5774691294101661,0.6,0.6,3.1705132659539585
180541,0.2,0.5525514606832953,0.6,0.6,3.1705132659539585
180541,0.3,0.35664510519825354,0.4,0.4,3.170513265953958
180541,0.4,0.33569813265839366,0.4,0.4,3.38566962804398
180541,0.5,0.37382531897306115,0.3,0.3,3.385669628043979
180541,0.6,0.3676775653505214,0.3,0.3,4.951532127101023
191769,0.0,0.6211680283143675,0.6,0.6,3.521349071500276
191769,0.1,0.6153357603278141,0.6,0.6,3.521349071500276
191769,0.2,0.6153357603278141,0.6,0.6,3.5631959419125145
191769,0.3,0.6069955192750006,0.6,0.6,3.673705267105978
191769,0.4,0.5688846800592621,0.6,0.6,6.560499740975873
191769,0.5,0.5752766419798925,0.6,0.6,9.835760729838617
191769,0.6,0.5645314822923885,0.6,0.6,10.433478359861141
