answer_id,user_id,movie_id,kind,rating,source,position,response_ms,strategy_used,created_at
8eff9c8e83f347738db638e79a2b2133,0b6c97152bd0478db021e058219afd8c,1307,rated,5.0,seed,0,,,2026-10-02T17:51:33.498+00:00
4cb8eff324ec4b3a8f2b671dcdc4d007,0b6c97152bd0478db021e058219afd8c,2959,rated,5.0,seed,1,,,2026-10-02T17:51:33.641+00:00
5565e56dc17a46d5a7a916ea439e7d76,0b6c97152bd0478db021e058219afd8c,164909,rated,5.0,seed,2,,,2026-10-02T17:51:33.751+00:00
aa81277965fe4c9bbedfdb5c6b3a797b,0b6c97152bd0478db021e058219afd8c,31658,rated,5.0,seed,3,,,2026-10-02T17:51:33.863+00:00
6e84fdd96d694de19066c0779581d1c1,0b6c97152bd0478db021e058219afd8c,1721,interested,,swipe,4,10622.0,adaptive,2026-10-02T17:51:44.596+00:00
2c00483a7d8849f58adb41a0b5f699a5,0b6c97152bd0478db021e058219afd8c,2628,rated,4.0,swipe,5,4929.0,adaptive,2026-10-02T17:51:49.640+00:00
f979726891b445d1a2de796229900be2,0b6c97152bd0478db021e058219afd8c,231,interested,,swipe,6,4633.0,adaptive,2026-10-02T17:51:54.389+00:00
f1c1272e804349a0a59db0f9e46f7a03,0b6c97152bd0478db021e058219afd8c,2706,interested,,swipe,7,3049.0,adaptive,2026-10-02T17:51:57.530+00:00
e5999abb811e4157b5cbf4abd664d886,0b6c97152bd0478db021e058219afd8c,2710,not_interested,,swipe,8,5139.0,adaptive,2026-10-02T17:52:02.769+00:00
37fbee00aaa14becb1daca885d62aede,0b6c97152bd0478db021e058219afd8c,5378,rated,4.0,swipe,9,3636.0,adaptive,2026-10-02T17:52:06.513+00:00
e75c15e5a2c54573b199f5b5745ba618,0b6c97152bd0478db021e058219afd8c,4306,rated,5.0,swipe,10,2634.0,adaptive,2026-10-02T17:52:09.246+00:00
ae024163659f478d84cc8525d099104a,0b6c97152bd0478db021e058219afd8c,344,not_interested,,swipe,11,5004.0,adaptive,2026-10-02T17:52:14.375+00:00
cc67248225384e74b4d1ea39555a76d2,0b6c97152bd0478db021e058219afd8c,2712,interested,,swipe,12,5096.0,adaptive,2026-10-02T17:52:19.576+00:00
828778d1b19e4e268783e1e1f9cced52,0b6c97152bd0478db021e058219afd8c,1917,not_interested,,swipe,13,2657.0,adaptive,2026-10-02T17:52:22.345+00:00
9d4b435863f84fbd8db47bb95d7a3a11,0eba23e249cf4bf09b55e38d8192c370,1036,rated,5.0,seed,0,,,2026-10-02T22:16:53.544+00:00
6cf49f22c3334a56a03d85a9071cba6e,0eba23e249cf4bf09b55e38d8192c370,3769,rated,5.0,seed,1,,,2026-10-02T22:16:53.677+00:00
63e2792ab3fd43808496b95125e5590f,0eba23e249cf4bf09b55e38d8192c370,84944,rated,5.0,seed,2,,,2026-10-02T22:16:53.907+00:00
5dcd341c3d564f4ba51e4c1791f4bf35,0eba23e249cf4bf09b55e38d8192c370,2119,rated,5.0,seed,3,,,2026-10-02T22:16:54.026+00:00
402aee6e07d741228e7667320c6f2977,0eba23e249cf4bf09b55e38d8192c370,780,rated,5.0,seed,4,,,2026-10-02T22:16:54.313+00:00
9f3bdcb5591a41d68fbb91faea15b38e,0eba23e249cf4bf09b55e38d8192c370,1721,rated,4.0,swipe,5,3843.0,adaptive,2026-10-02T22:16:58.278+00:00
ea61f2f72dde41e3852d1adb358f16a5,0eba23e249cf4bf09b55e38d8192c370,2628,rated,5.0,swipe,6,2426.0,adaptive,2026-10-02T22:17:00.820+00:00
f1f6419d3d3b471a959d7365395e04c8,0eba23e249cf4bf09b55e38d8192c370,231,interested,,swipe,7,2693.0,adaptive,2026-10-02T22:17:03.630+00:00
5556f92d4d2547618960cf8db182d778,0eba23e249cf4bf09b55e38d8192c370,2706,interested,,swipe,8,2377.0,adaptive,2026-10-02T22:17:06.215+00:00
de32224a27814700b93c2cb68aa14ea3,0eba23e249cf4bf09b55e38d8192c370,2710,not_interested,,swipe,9,1863.0,adaptive,2026-10-02T22:17:08.194+00:00
5fe32382c0ce4fd38b73eed56c2eb0a4,0eba23e249cf4bf09b55e38d8192c370,5378,rated,5.0,swipe,10,2596.0,adaptive,2026-10-02T22:17:10.913+00:00
feb83b20a4f1484db2039c1190421a9a,0eba23e249cf4bf09b55e38d8192c370,4306,rated,5.0,swipe,11,2311.0,adaptive,2026-10-02T22:17:13.375+00:00
507b02a0c7214ea893eac92f882f04fe,0eba23e249cf4bf09b55e38d8192c370,344,rated,4.0,swipe,12,3181.0,adaptive,2026-10-02T22:17:16.676+00:00
cf87d8f886804e08bde29563d0c86952,0eba23e249cf4bf09b55e38d8192c370,2712,interested,,swipe,13,4836.0,adaptive,2026-10-02T22:17:21.617+00:00
5680dc066b6c4f159f340c8f674e28c3,0eba23e249cf4bf09b55e38d8192c370,1917,rated,4.0,swipe,14,2403.0,adaptive,2026-10-02T22:17:24.150+00:00
54cdae2003f74fa79a2c8dee1d978129,0eba23e249cf4bf09b55e38d8192c370,1580,rated,5.0,swipe,15,9947.0,adaptive,2026-10-02T22:17:34.268+00:00
0b13d9004fb44051af09921027dbbb97,0eba23e249cf4bf09b55e38d8192c370,3793,interested,,swipe,16,2808.0,adaptive,2026-10-02T22:17:37.169+00:00
7d246a2657e24fec856573387e4879b7,0eba23e249cf4bf09b55e38d8192c370,19,not_interested,,swipe,17,4148.0,adaptive,2026-10-02T22:17:41.448+00:00
5363833d7fed4f4595a5fa350a652c48,0eba23e249cf4bf09b55e38d8192c370,5459,rated,4.0,swipe,18,5041.0,adaptive,2026-10-02T22:17:46.597+00:00
bb60b4c1fc04454ca97cca8283ff9b34,0eba23e249cf4bf09b55e38d8192c370,6365,interested,,swipe,19,2965.0,adaptive,2026-10-02T22:17:57.789+00:00
ef060e1116994c3e93d512964ba8d336,0eba23e249cf4bf09b55e38d8192c370,586,rated,5.0,swipe,20,3023.0,adaptive,2026-10-02T22:18:00.931+00:00
b999c124c37a4a31870e2ecd4640bb3e,0eba23e249cf4bf09b55e38d8192c370,48385,rated,3.0,swipe,21,4341.0,adaptive,2026-10-02T22:18:05.499+00:00
0caba79738e34642b0785c71884ff2a4,0eba23e249cf4bf09b55e38d8192c370,480,rated,5.0,swipe,22,2938.0,adaptive,2026-10-02T22:18:08.538+00:00
a4cab2de782d4b55854e7de511a19e21,0eba23e249cf4bf09b55e38d8192c370,377,rated,4.0,swipe,23,2601.0,adaptive,2026-10-02T22:18:11.255+00:00
38f37eb1b4fe48f5809b8b1a8413c997,0eba23e249cf4bf09b55e38d8192c370,648,rated,5.0,swipe,24,2248.0,adaptive,2026-10-02T22:18:13.600+00:00
9216460a82994b29908b5215fd0a65cc,0eba23e249cf4bf09b55e38d8192c370,3785,not_interested,,swipe,25,3617.0,adaptive,2026-10-02T22:18:17.318+00:00
a88b3d320d8e452c821c52c6b727057e,0eba23e249cf4bf09b55e38d8192c370,736,rated,4.0,swipe,26,3468.0,adaptive,2026-10-02T22:18:20.908+00:00
7edc7554984f49fe9ee2fb74263935ce,0eba23e249cf4bf09b55e38d8192c370,500,rated,5.0,swipe,27,2722.0,adaptive,2026-10-02T22:18:23.749+00:00
d81bd3b51acc486a9b9cc11c7c7dd5a5,0eba23e249cf4bf09b55e38d8192c370,367,interested,,swipe,28,3784.0,adaptive,2026-10-02T22:18:27.653+00:00
ae6c8f8f94924c478504ec3c6a611a00,0eba23e249cf4bf09b55e38d8192c370,4896,rated,5.0,swipe,29,2847.0,adaptive,2026-10-02T22:18:30.605+00:00
4166faba070b46219cd16c9bd360cb5d,0eba23e249cf4bf09b55e38d8192c370,380,interested,,swipe,30,10623.0,adaptive,2026-10-02T22:18:41.324+00:00
85913e4ef83d43cf88ac771015d590ae,0eba23e249cf4bf09b55e38d8192c370,733,rated,5.0,swipe,31,2329.0,adaptive,2026-10-02T22:18:43.759+00:00
89ebe5e20d344a03aac07474b83aba88,0eba23e249cf4bf09b55e38d8192c370,4718,not_interested,,swipe,32,2566.0,adaptive,2026-10-02T22:18:46.431+00:00
3b5e229bac004b39a84f48f465e78a66,0eba23e249cf4bf09b55e38d8192c370,1101,rated,5.0,swipe,33,2334.0,adaptive,2026-10-02T22:18:48.870+00:00
5c06d2375f5842559a963a828670dc0d,0eba23e249cf4bf09b55e38d8192c370,1608,interested,,swipe,34,3250.0,adaptive,2026-10-02T22:18:52.217+00:00
70c8d8e1c896497fbdb76bab985c2374,0eba23e249cf4bf09b55e38d8192c370,597,interested,,swipe,35,5479.0,adaptive,2026-10-02T22:18:57.792+00:00
e5396597166440cba8b55f7e9a0a6e70,0eba23e249cf4bf09b55e38d8192c370,1552,rated,5.0,swipe,36,2148.0,adaptive,2026-10-02T22:19:00.041+00:00
b86dd42eefe2447aa858066121b01a21,0eba23e249cf4bf09b55e38d8192c370,1370,rated,5.0,swipe,37,2393.0,adaptive,2026-10-02T22:19:02.530+00:00
59ad3a9ddbc14f7cac372f170fb640bf,0eba23e249cf4bf09b55e38d8192c370,165,rated,4.0,swipe,38,2265.0,adaptive,2026-10-02T22:19:04.894+00:00
219b6bc6678f49aeb8bc66df8f44d17f,0eba23e249cf4bf09b55e38d8192c370,2617,interested,,swipe,39,3499.0,adaptive,2026-10-02T22:19:08.484+00:00
6736c82506bb449981920386b4ef902a,0eba23e249cf4bf09b55e38d8192c370,1573,rated,5.0,swipe,40,2973.0,adaptive,2026-10-02T22:19:11.573+00:00
df4ae301ca9047f1a4f1818136cc1c43,0eba23e249cf4bf09b55e38d8192c370,1923,interested,,swipe,41,3528.0,adaptive,2026-10-02T22:19:15.211+00:00
1d2824647f25459a917232be38394d74,0eba23e249cf4bf09b55e38d8192c370,8360,rated,4.0,swipe,42,2614.0,adaptive,2026-10-02T22:19:17.919+00:00
e8c26ca63a8d4e1096b949040b6fd40f,0eba23e249cf4bf09b55e38d8192c370,4308,not_interested,,swipe,43,2784.0,adaptive,2026-10-02T22:19:20.795+00:00
6359b02b98854753a982053921dd8a5f,0eba23e249cf4bf09b55e38d8192c370,3623,rated,5.0,swipe,44,10107.0,adaptive,2026-10-02T22:19:30.997+00:00
3478e9dfd9d0467fb1fb06f5c87e7802,0eba23e249cf4bf09b55e38d8192c370,3948,interested,,swipe,45,2934.0,adaptive,2026-10-02T22:19:34.028+00:00
069589b244834e20b956a20b2d4eac56,0eba23e249cf4bf09b55e38d8192c370,1544,interested,,swipe,46,4325.0,adaptive,2026-10-02T22:19:38.462+00:00
215b4d01e2c7440980bb4b0159a08efb,0eba23e249cf4bf09b55e38d8192c370,2012,rated,4.0,swipe,47,3428.0,adaptive,2026-10-02T22:19:42.002+00:00
1d4b69f5749f45b084116f49ebfb90d2,0eba23e249cf4bf09b55e38d8192c370,2000,rated,4.0,swipe,48,6637.0,adaptive,2026-10-02T22:19:48.748+00:00
74da884da4644c5da96b835972c7cc6b,0eba23e249cf4bf09b55e38d8192c370,5349,rated,4.0,swipe,49,3100.0,adaptive,2026-10-02T22:19:51.945+00:00
137a937abeba4f1ebe6cf90ec83da14f,0eba23e249cf4bf09b55e38d8192c370,2,interested,,swipe,50,3161.0,adaptive,2026-10-02T22:19:55.215+00:00
43d2813a03c34033aeb264790e6ae7db,0eba23e249cf4bf09b55e38d8192c370,434,interested,,swipe,51,3355.0,adaptive,2026-10-02T22:19:58.661+00:00
d733ec0dc99e45158887764cf36c3c88,0eba23e249cf4bf09b55e38d8192c370,63992,not_interested,,swipe,52,3738.0,adaptive,2026-10-02T22:20:02.499+00:00
ef2b45e6a77745f29331d6aa19c0ec5c,0eba23e249cf4bf09b55e38d8192c370,5816,rated,5.0,swipe,53,2541.0,adaptive,2026-10-02T22:20:05.205+00:00
5f757ef04c834b23a161f450220da321,0eba23e249cf4bf09b55e38d8192c370,5481,rated,4.0,swipe,54,4935.0,adaptive,2026-10-02T22:20:10.281+00:00
4e67b0da29864f58b9623bf82cc8a8e5,0eba23e249cf4bf09b55e38d8192c370,8368,rated,5.0,swipe,55,3090.0,adaptive,2026-10-02T22:20:13.489+00:00
632a7aad68004cc2b89c9f14a748599c,0eba23e249cf4bf09b55e38d8192c370,40815,rated,5.0,swipe,56,2485.0,adaptive,2026-10-02T22:20:16.087+00:00
cd52a11e041c4b6ca76647daf0de5181,0eba23e249cf4bf09b55e38d8192c370,54001,rated,5.0,swipe,57,2775.0,adaptive,2026-10-02T22:20:18.952+00:00
06de92ab033f46c08f169713e1bac65e,0eba23e249cf4bf09b55e38d8192c370,69844,rated,5.0,swipe,58,2683.0,adaptive,2026-10-02T22:20:21.735+00:00
8ed437389ebc40dd9224e70963ca9748,0eba23e249cf4bf09b55e38d8192c370,81834,rated,4.0,swipe,59,3808.0,adaptive,2026-10-02T22:20:25.637+00:00
a4abb6e005c346d083513efa4e1b1827,0eba23e249cf4bf09b55e38d8192c370,1380,rated,4.0,swipe,60,3258.0,adaptive,2026-10-02T22:20:29.015+00:00
9dbf2b05736c42e9975aeb58dcecc085,0eba23e249cf4bf09b55e38d8192c370,88125,rated,3.0,swipe,61,2963.0,adaptive,2026-10-02T22:20:32.083+00:00
88e5bf4ae395444fb77220e9d0ccaa8a,0eba23e249cf4bf09b55e38d8192c370,6539,rated,5.0,swipe,62,2737.0,adaptive,2026-10-02T22:20:34.936+00:00
04ff3857d6064d3fa722d22fd7c3aa07,0eba23e249cf4bf09b55e38d8192c370,45722,rated,5.0,swipe,63,2980.0,adaptive,2026-10-02T22:20:38.124+00:00
07f763f0ae2a48b5b884a11464726b2e,0eba23e249cf4bf09b55e38d8192c370,30793,rated,4.0,swipe,64,3371.0,adaptive,2026-10-02T22:20:41.597+00:00
625825d4ad144ae0b297d99dbc42b7ab,0eba23e249cf4bf09b55e38d8192c370,33493,rated,5.0,swipe,65,2660.0,adaptive,2026-10-02T22:20:44.351+00:00
a6ca5ea20fa349faa67ab99650193733,0eba23e249cf4bf09b55e38d8192c370,53125,rated,5.0,swipe,66,4820.0,adaptive,2026-10-02T22:20:49.292+00:00
66f13c33cbd845dc93359c403c202d69,0eba23e249cf4bf09b55e38d8192c370,45499,not_interested,,swipe,67,3498.0,adaptive,2026-10-02T22:20:52.890+00:00
af8311bb082b4a89b3169375b9c96ee2,0eba23e249cf4bf09b55e38d8192c370,4447,rated,4.0,swipe,68,2667.0,adaptive,2026-10-02T22:20:55.651+00:00
f620fb6723f64e4d94d76c00aab20199,0eba23e249cf4bf09b55e38d8192c370,8957,not_interested,,swipe,69,3233.0,adaptive,2026-10-02T22:20:58.999+00:00
f665c1f55b2d41a9be126bd0e38ad066,0eba23e249cf4bf09b55e38d8192c370,4370,not_interested,,swipe,70,10644.0,adaptive,2026-10-02T22:21:09.729+00:00
0d4c400487b44e6dad2de748d53e8804,0eba23e249cf4bf09b55e38d8192c370,6333,not_interested,,swipe,71,3332.0,adaptive,2026-10-02T22:21:13.175+00:00
3650eeff5342464e84d72738682208db,0eba23e249cf4bf09b55e38d8192c370,8644,interested,,swipe,72,4221.0,adaptive,2026-10-02T22:21:17.524+00:00
dd6d18405d4f4ebe85f7378c5cdcefc0,0eba23e249cf4bf09b55e38d8192c370,5218,rated,4.0,swipe,73,2396.0,adaptive,2026-10-02T22:21:20.024+00:00
fc2be98046e44ab1a552029f5687c334,0eba23e249cf4bf09b55e38d8192c370,77561,rated,4.0,swipe,74,2445.0,adaptive,2026-10-02T22:21:22.588+00:00
a2827574018d4f9599457ba3fa53ebc2,0eba23e249cf4bf09b55e38d8192c370,4816,rated,4.0,swipe,75,2652.0,adaptive,2026-10-02T22:21:25.353+00:00
41086e8851f1428480159a0b227d0b02,0eba23e249cf4bf09b55e38d8192c370,59315,rated,5.0,swipe,76,2033.0,adaptive,2026-10-02T22:21:27.491+00:00
673f87aa70b4432e8d6bd7a25e42e3e7,0eba23e249cf4bf09b55e38d8192c370,72998,rated,4.0,swipe,77,3040.0,adaptive,2026-10-02T22:21:30.649+00:00
c0f6fce83374432cb3c3ca0a7129772f,0eba23e249cf4bf09b55e38d8192c370,8636,rated,4.0,swipe,78,5368.0,adaptive,2026-10-02T22:21:36.128+00:00
5b24dbee84ec4adda56fd096c5738596,0eba23e249cf4bf09b55e38d8192c370,41566,rated,4.0,swipe,79,2032.0,adaptive,2026-10-02T22:21:38.269+00:00
d49121ab460047b48405ce063b7f3d02,0eba23e249cf4bf09b55e38d8192c370,8376,rated,4.0,swipe,80,2188.0,adaptive,2026-10-02T22:21:40.597+00:00
46acdede95944f8e9fbafc0025f9f41f,0eba23e249cf4bf09b55e38d8192c370,98809,rated,4.0,swipe,81,2523.0,adaptive,2026-10-02T22:21:43.337+00:00
d64990a227bb43cf9f1639bfdc4d6754,0eba23e249cf4bf09b55e38d8192c370,6934,not_interested,,swipe,82,21685.0,adaptive,2026-10-02T22:22:05.119+00:00
d36d7e0dcce247cda07ca9a7b836b496,0eba23e249cf4bf09b55e38d8192c370,73017,interested,,swipe,83,2942.0,adaptive,2026-10-02T22:22:08.171+00:00
3316fff191da439a92f01d56e752a9c9,0eba23e249cf4bf09b55e38d8192c370,69122,rated,5.0,swipe,84,6464.0,adaptive,2026-10-02T22:22:14.857+00:00
31b956946c3b468a9a772fd43f025a8c,0eba23e249cf4bf09b55e38d8192c370,89745,rated,5.0,swipe,85,2694.0,adaptive,2026-10-02T22:22:17.662+00:00
32b3d241c89c465eafe049e8de524b4b,0eba23e249cf4bf09b55e38d8192c370,106489,rated,4.0,swipe,86,2938.0,adaptive,2026-10-02T22:22:20.700+00:00
10182b13f03544de9be71027d4484fba,0eba23e249cf4bf09b55e38d8192c370,5502,rated,4.0,swipe,87,4665.0,adaptive,2026-10-02T22:22:25.487+00:00
20aaf17168424eef9cde3cd290f011f7,0eba23e249cf4bf09b55e38d8192c370,53996,rated,4.0,swipe,88,8380.0,adaptive,2026-10-02T22:22:33.970+00:00
a3b00e79d4da425ebd339905314941f9,1cf78c4132644f6aa58d9325cb68525c,2572,rated,5.0,seed,0,,,2026-10-02T18:54:21.345+00:00
ca2e053e4d2f488c9e6e5886a41cd6ad,1cf78c4132644f6aa58d9325cb68525c,205383,rated,5.0,seed,1,,,2026-10-02T18:54:21.468+00:00
b6c7e33a6adf4c85809d517148dc21e1,1cf78c4132644f6aa58d9325cb68525c,593,rated,5.0,seed,2,,,2026-10-02T18:54:21.588+00:00
65f950d7c4fe40b29e90c123822dd16f,1cf78c4132644f6aa58d9325cb68525c,1721,rated,4.0,swipe,3,8221.0,pop_entropy,2026-10-02T18:54:29.922+00:00
e15e02082dcc46c5b1c84ae1390e95c7,1cf78c4132644f6aa58d9325cb68525c,2628,rated,2.0,swipe,4,6432.0,pop_entropy,2026-10-02T18:54:36.491+00:00
ae2deb1faf9f4beeb747b6856cfb5adc,1cf78c4132644f6aa58d9325cb68525c,5378,rated,3.0,swipe,5,11785.0,pop_entropy,2026-10-02T18:54:48.377+00:00
18c446e7e3eb49fdb37cbcdc65386f35,1cf78c4132644f6aa58d9325cb68525c,1917,rated,2.0,swipe,6,6203.0,pop_entropy,2026-10-02T18:54:54.704+00:00
8bf24cccdb2a43cf870eaa4b833f2c66,1cf78c4132644f6aa58d9325cb68525c,231,rated,3.0,swipe,7,4075.0,pop_entropy,2026-10-02T18:54:58.881+00:00
2e833223212a413dad3a459bf9548e06,1cf78c4132644f6aa58d9325cb68525c,780,rated,1.0,swipe,8,3853.0,pop_entropy,2026-10-02T18:55:02.839+00:00
e5c1bf1011d5421cbee7cc0aec111123,1cf78c4132644f6aa58d9325cb68525c,2710,not_interested,,swipe,9,5272.0,pop_entropy,2026-10-02T18:55:08.331+00:00
6e110f2afa434738b3a05130816a87c0,1cf78c4132644f6aa58d9325cb68525c,6934,not_interested,,swipe,10,3998.0,pop_entropy,2026-10-02T18:55:12.441+00:00
93763b767d3a43d3a58608ddfdd9746a,1cf78c4132644f6aa58d9325cb68525c,72998,rated,3.0,swipe,11,6601.0,pop_entropy,2026-10-02T18:55:19.152+00:00
f9e97f62acba40a2a466a79210ad40f1,1cf78c4132644f6aa58d9325cb68525c,6365,not_interested,,swipe,12,3792.0,pop_entropy,2026-10-02T18:55:23.113+00:00
62e00f6bbdd448ef881b1a2c20fc430b,2598f7d0187440fba1f3ebed755c0ed9,49272,rated,5.0,seed,0,,,2026-10-02T17:15:06.901+00:00
930eec00775a4d51bcebd7bd726870a8,2598f7d0187440fba1f3ebed755c0ed9,2959,rated,5.0,seed,1,,,2026-10-02T17:15:07.054+00:00
1f2741c4f0314947acead2b9f2c4aa93,2598f7d0187440fba1f3ebed755c0ed9,112556,rated,5.0,seed,2,,,2026-10-02T17:15:07.332+00:00
cd87f1f2d43140dba6947f068cc0dd69,2598f7d0187440fba1f3ebed755c0ed9,1721,not_interested,,swipe,3,3339.0,adaptive,2026-10-02T17:15:10.898+00:00
69894d28337a4a6b8d754f8c995b4147,2598f7d0187440fba1f3ebed755c0ed9,2628,rated,4.0,swipe,4,2622.0,adaptive,2026-10-02T17:15:13.645+00:00
4f28a27798a84d208b7276450bbe4406,2598f7d0187440fba1f3ebed755c0ed9,231,not_interested,,swipe,5,3009.0,adaptive,2026-10-02T17:15:16.781+00:00
33caddc832ed41dca9ae41829e37ef6f,2598f7d0187440fba1f3ebed755c0ed9,2706,not_interested,,swipe,6,4113.0,adaptive,2026-10-02T17:15:21.028+00:00
9ce67f1169a64f898bb80a02fcfa984f,2598f7d0187440fba1f3ebed755c0ed9,2710,not_interested,,swipe,7,6148.0,adaptive,2026-10-02T17:15:27.331+00:00
ba08590bacbd47d493bc1a422abf627c,2598f7d0187440fba1f3ebed755c0ed9,5378,rated,4.0,swipe,8,7334.0,adaptive,2026-10-02T17:15:34.803+00:00
fa5b6a736a15473cbc573604db521994,2598f7d0187440fba1f3ebed755c0ed9,4306,rated,5.0,swipe,9,2595.0,adaptive,2026-10-02T17:15:37.519+00:00
48bfde933ca44285a311d3b0fd2f0860,2598f7d0187440fba1f3ebed755c0ed9,344,not_interested,,swipe,10,2458.0,adaptive,2026-10-02T17:15:40.121+00:00
99788e55edae4323ba482cbe7bf26b1e,2598f7d0187440fba1f3ebed755c0ed9,2712,not_interested,,swipe,11,2506.0,adaptive,2026-10-02T17:15:42.760+00:00
2804975296aa40dc93c01dc73590e308,2598f7d0187440fba1f3ebed755c0ed9,1917,not_interested,,swipe,12,2458.0,adaptive,2026-10-02T17:15:45.366+00:00
0352382d46cb4056ba15fb1e290c050e,2598f7d0187440fba1f3ebed755c0ed9,6539,rated,5.0,recommendation,13,,,2026-10-02T17:15:54.464+00:00
f25c140148194a96b6bf105dd0bd691e,2598f7d0187440fba1f3ebed755c0ed9,58559,rated,4.0,recommendation,14,,,2026-10-02T17:15:58.769+00:00
e57e3a64b5a04c1cb2b7425e7593d82f,2598f7d0187440fba1f3ebed755c0ed9,5349,rated,4.0,recommendation,15,,,2026-10-02T17:16:02.119+00:00
ae22b596348c4a6b935393629f5ff605,2598f7d0187440fba1f3ebed755c0ed9,79132,rated,4.0,recommendation,16,,,2026-10-02T17:16:05.192+00:00
38ec8428abef42628290bb3c83e2cb72,2598f7d0187440fba1f3ebed755c0ed9,8360,rated,2.0,recommendation,17,,,2026-10-02T17:16:09.066+00:00
a3254c1222f44e439085b335d8c74671,2598f7d0187440fba1f3ebed755c0ed9,8961,rated,5.0,recommendation,18,,,2026-10-02T17:16:12.592+00:00
21a25be607f74ed281c6eb03bf543855,2598f7d0187440fba1f3ebed755c0ed9,48516,interested,,recommendation,19,,,2026-10-02T17:16:15.706+00:00
b9b1454199394c4bb56bf4d09c1d0605,2598f7d0187440fba1f3ebed755c0ed9,48780,interested,,recommendation,20,,,2026-10-02T17:16:17.526+00:00
f6c8a43627884a30a8f15235faff0eb4,2598f7d0187440fba1f3ebed755c0ed9,106782,rated,4.0,recommendation,21,,,2026-10-02T17:16:21.492+00:00
d7f6337ec0444321a4822e63120bd4ac,2598f7d0187440fba1f3ebed755c0ed9,6874,rated,4.0,recommendation,22,,,2026-10-02T17:16:25.808+00:00
f889485622874faea78e9558041746b7,2598f7d0187440fba1f3ebed755c0ed9,33794,rated,4.0,swipe,23,8197.0,adaptive,2026-10-02T17:35:58.884+00:00
437be9c67c3848e1b30b711b6c9d769c,2598f7d0187440fba1f3ebed755c0ed9,6377,rated,4.0,swipe,24,3248.0,adaptive,2026-10-02T17:36:02.268+00:00
f56fb8e4c543496ebada92481f817030,2598f7d0187440fba1f3ebed755c0ed9,4886,rated,3.0,swipe,25,3104.0,adaptive,2026-10-02T17:36:05.524+00:00
87f3da9662a74de58b4ef99920c59fa5,2598f7d0187440fba1f3ebed755c0ed9,19,not_interested,,swipe,26,2392.0,adaptive,2026-10-02T17:36:08.189+00:00
6b2568af1ca74ea9b40a7ea382fd0de7,2598f7d0187440fba1f3ebed755c0ed9,4963,interested,,swipe,27,3289.0,adaptive,2026-10-02T17:36:11.610+00:00
59773eae5cc74391a59ea01d67fcde19,26d02c5ee22342c9b2c92e81cfb87097,5418,rated,5.0,seed,0,,,2026-10-02T18:13:23.813+00:00
5ed6c37c0a5248cf87ebd31ee3c97a68,26d02c5ee22342c9b2c92e81cfb87097,2423,rated,5.0,seed,1,,,2026-10-02T18:13:23.904+00:00
d89814f4a9444d948975b6e34a58e49a,26d02c5ee22342c9b2c92e81cfb87097,260,rated,5.0,seed,2,,,2026-10-02T18:13:24.025+00:00
0b35f1d2ee6d43e99f152e93b5f09518,26d02c5ee22342c9b2c92e81cfb87097,1721,rated,4.0,swipe,3,7777.0,adaptive,2026-10-02T18:13:31.897+00:00
035e7c9b11c04656bfbd885b4c4b2f8e,26d02c5ee22342c9b2c92e81cfb87097,2628,rated,4.0,swipe,4,4484.0,adaptive,2026-10-02T18:13:36.486+00:00
ea37243babc04de9a7986f10649701ff,26d02c5ee22342c9b2c92e81cfb87097,231,rated,4.0,swipe,5,3611.0,adaptive,2026-10-02T18:13:40.213+00:00
440ee556ae734071a8da9d32d5bc659e,26d02c5ee22342c9b2c92e81cfb87097,2706,rated,2.0,swipe,6,3218.0,adaptive,2026-10-02T18:13:43.558+00:00
1ca41556eb434ec285f5b43de1671457,26d02c5ee22342c9b2c92e81cfb87097,2710,not_interested,,swipe,7,5330.0,adaptive,2026-10-02T18:13:48.988+00:00
98e76d994beb47ed90ba82648a148d7f,26d02c5ee22342c9b2c92e81cfb87097,5378,rated,4.0,swipe,8,4078.0,adaptive,2026-10-02T18:13:53.181+00:00
ba8fe4264bbc4a498ec2b1770cc77f0d,26d02c5ee22342c9b2c92e81cfb87097,4306,rated,5.0,swipe,9,4406.0,adaptive,2026-10-02T18:13:57.690+00:00
13d12fd1710b468493d11ecfbc32d2fa,26d02c5ee22342c9b2c92e81cfb87097,344,rated,3.0,swipe,10,3156.0,adaptive,2026-10-02T18:14:00.949+00:00
08147c75180a46a78663b06a699bdfb3,26d02c5ee22342c9b2c92e81cfb87097,2712,not_interested,,swipe,11,6159.0,adaptive,2026-10-02T18:14:07.283+00:00
032cc8bf525b4e47ba165f1d67abbe66,26d02c5ee22342c9b2c92e81cfb87097,1917,rated,4.0,swipe,12,5265.0,adaptive,2026-10-02T18:14:12.661+00:00
0edf7361708a4175be7b4816e2b7261f,4a22c1b783894d37892ac198b3da4d15,45517,rated,5.0,seed,0,,,2026-10-02T17:36:43.858+00:00
e9c91dc7ab6a403a89681ed1f49aba6a,4a22c1b783894d37892ac198b3da4d15,87876,rated,5.0,seed,1,,,2026-10-02T17:36:43.997+00:00
4b02d40a702d41fcbb46d4be25aa8531,4a22c1b783894d37892ac198b3da4d15,170957,rated,5.0,seed,2,,,2026-10-02T17:36:44.118+00:00
a2695c87269e4ec8b42a94186dafeb3a,4a22c1b783894d37892ac198b3da4d15,1721,not_interested,,swipe,3,10344.0,pop_entropy,2026-10-02T17:36:54.611+00:00
681220bed7254d6dad772d976366a9e4,4a22c1b783894d37892ac198b3da4d15,2628,not_interested,,swipe,4,4845.0,pop_entropy,2026-10-02T17:36:59.567+00:00
35d629b11cbf4beb8ca7214bf2b36f87,4a22c1b783894d37892ac198b3da4d15,5378,not_interested,,swipe,5,2013.0,pop_entropy,2026-10-02T17:37:01.717+00:00
cde82461218d424a883699de7e2d00ef,4a22c1b783894d37892ac198b3da4d15,1917,not_interested,,swipe,6,2930.0,pop_entropy,2026-10-02T17:37:04.784+00:00
3300563ed282416eb59559eb7296ce96,4a22c1b783894d37892ac198b3da4d15,231,not_interested,,swipe,7,4650.0,pop_entropy,2026-10-02T17:37:09.685+00:00
b55ca669a85649dfb0222ef241a2a7e5,4a22c1b783894d37892ac198b3da4d15,780,not_interested,,swipe,8,2268.0,pop_entropy,2026-10-02T17:37:12.087+00:00
553219fa4f9b4b9eaa8feebf7ce879d7,4a22c1b783894d37892ac198b3da4d15,2710,not_interested,,swipe,9,2085.0,pop_entropy,2026-10-02T17:37:14.319+00:00
5c31fadcba564e51946410e8ef8969b5,4a22c1b783894d37892ac198b3da4d15,6934,not_interested,,swipe,10,2373.0,pop_entropy,2026-10-02T17:37:16.816+00:00
5bcb6b89e6034f629d3bbbd463f1298c,4a22c1b783894d37892ac198b3da4d15,72998,not_interested,,swipe,11,2391.0,pop_entropy,2026-10-02T17:37:19.370+00:00
127b7e4db19f4cca983139f2bda2970c,4a22c1b783894d37892ac198b3da4d15,6365,not_interested,,swipe,12,1956.0,pop_entropy,2026-10-02T17:37:21.449+00:00
2ca10eb409ec43478bf50eda19b20fff,4a22c1b783894d37892ac198b3da4d15,104245,rated,5.0,recommendation,13,,,2026-10-02T17:37:42.099+00:00
7b47420ef68d49869481687c7385caf5,4a22c1b783894d37892ac198b3da4d15,103755,rated,5.0,recommendation,14,,,2026-10-02T17:37:44.898+00:00
9d53a59d8a354b12951ac4094a80abe9,4a22c1b783894d37892ac198b3da4d15,172547,rated,5.0,recommendation,15,,,2026-10-02T17:37:49.947+00:00
3cfdfac3ece54b66ab27bbc5e002d001,4a22c1b783894d37892ac198b3da4d15,120474,not_interested,,recommendation,16,,,2026-10-02T17:37:51.368+00:00
344592c6840040f798f5af1060aaa507,4a22c1b783894d37892ac198b3da4d15,110655,interested,,recommendation,17,,,2026-10-02T17:37:55.585+00:00
0cf79698283a471dbafe91d88a9493cb,4a22c1b783894d37892ac198b3da4d15,112460,interested,,recommendation,18,,,2026-10-02T17:37:58.253+00:00
1c9e5e1df274403681c6c0038ddda903,4a22c1b783894d37892ac198b3da4d15,95105,not_interested,,recommendation,19,,,2026-10-02T17:38:00.337+00:00
e87c7a2ddb154475825ad5f0fcbc2020,4a22c1b783894d37892ac198b3da4d15,160569,not_interested,,recommendation,20,,,2026-10-02T17:38:02.202+00:00
98849d9b16c84159a17ddebc0ccbf856,4a22c1b783894d37892ac198b3da4d15,168418,rated,4.0,recommendation,21,,,2026-10-02T17:38:04.769+00:00
d6dc4ce9568c438c92ef4cdf0681773f,4a22c1b783894d37892ac198b3da4d15,86298,rated,5.0,recommendation,22,,,2026-10-02T17:38:07.540+00:00
9014195795854caab1d50e7dab8b407d,6735f3c2acb240e298d840659422cbb2,593,rated,5.0,seed,0,,,2026-10-02T22:05:03.528+00:00
307f597ad3214969aaef6d077848309f,6735f3c2acb240e298d840659422cbb2,1221,rated,5.0,seed,1,,,2026-10-02T22:05:03.677+00:00
f10baa4cea7e416cb32e6804e6f34e57,6735f3c2acb240e298d840659422cbb2,6565,rated,5.0,seed,2,,,2026-10-02T22:05:04.052+00:00
dd6d6220df33461d8afffc85759f17a7,6735f3c2acb240e298d840659422cbb2,1721,rated,5.0,swipe,3,16343.0,pop_entropy,2026-10-02T22:05:20.573+00:00
53dafafff41042eea6a53ca7603bf450,6735f3c2acb240e298d840659422cbb2,2628,rated,5.0,swipe,4,4723.0,pop_entropy,2026-10-02T22:05:25.479+00:00
f0c697ee86544e778e063a1c84f36a8d,6735f3c2acb240e298d840659422cbb2,5378,rated,5.0,swipe,5,5249.0,pop_entropy,2026-10-02T22:05:30.912+00:00
ab39d450a4a145e7a35326a5134cd70a,6735f3c2acb240e298d840659422cbb2,1917,rated,3.0,swipe,6,4133.0,pop_entropy,2026-10-02T22:05:35.176+00:00
d7f13be6c52d43c2b73534485e6c2604,6735f3c2acb240e298d840659422cbb2,231,rated,5.0,swipe,7,4261.0,pop_entropy,2026-10-02T22:05:39.567+00:00
7267b5fc4c114d5fa0fdb4ae9c72fd62,6735f3c2acb240e298d840659422cbb2,780,rated,3.0,swipe,8,3569.0,pop_entropy,2026-10-02T22:05:43.281+00:00
fda9a90c054647cd9e1f4d9e40cdc2ee,6735f3c2acb240e298d840659422cbb2,2710,rated,4.0,swipe,9,4125.0,pop_entropy,2026-10-02T22:05:47.537+00:00
5c35743ab4db448ab8268696f1fec869,6735f3c2acb240e298d840659422cbb2,6934,rated,4.0,swipe,10,7171.0,pop_entropy,2026-10-02T22:05:54.836+00:00
30ff0fd4a688416fb511a4657bdd66c3,6735f3c2acb240e298d840659422cbb2,72998,rated,5.0,swipe,11,3402.0,pop_entropy,2026-10-02T22:05:58.366+00:00
57b8a544cc26403bab74d06457319cd6,6735f3c2acb240e298d840659422cbb2,6365,rated,4.0,swipe,12,3199.0,pop_entropy,2026-10-02T22:06:01.684+00:00
b228b101d64a4235b6dd85ab9ced6911,6735f3c2acb240e298d840659422cbb2,2706,rated,5.0,swipe,13,26423.0,pop_entropy,2026-10-02T22:06:28.229+00:00
06e634f012ac410d86bd0bdc2b781d08,6735f3c2acb240e298d840659422cbb2,33493,rated,5.0,swipe,14,3391.0,pop_entropy,2026-10-02T22:06:31.749+00:00
22392ade9dba45c79369378c061007fc,6735f3c2acb240e298d840659422cbb2,344,rated,3.0,swipe,15,4899.0,pop_entropy,2026-10-02T22:06:36.767+00:00
f9a5d204dfa5460196aa00a73d3464a4,6735f3c2acb240e298d840659422cbb2,2683,rated,2.0,swipe,16,3499.0,pop_entropy,2026-10-02T22:06:40.401+00:00
badab2a6715a46a88231e1da556da94f,6735f3c2acb240e298d840659422cbb2,19,rated,2.0,swipe,17,3589.0,pop_entropy,2026-10-02T22:06:44.130+00:00
f176f9ad4fb047bbb70a590adcd61a5d,6735f3c2acb240e298d840659422cbb2,3977,rated,4.0,swipe,18,3215.0,pop_entropy,2026-10-02T22:06:47.481+00:00
895db80bb44147b48c7619869191f419,6735f3c2acb240e298d840659422cbb2,48385,not_interested,,swipe,19,11153.0,pop_entropy,2026-10-02T22:06:58.798+00:00
67379908b422476b9dde3edbf48ad32e,6735f3c2acb240e298d840659422cbb2,4306,rated,5.0,swipe,20,5130.0,pop_entropy,2026-10-02T22:07:04.054+00:00
28e6e0e9a81243699f32fc705fc66678,6735f3c2acb240e298d840659422cbb2,53996,rated,1.0,swipe,21,8387.0,pop_entropy,2026-10-02T22:07:12.566+00:00
21c03df04b2a41e3ba668fabaf59a384,6735f3c2acb240e298d840659422cbb2,4310,rated,5.0,swipe,22,3999.0,pop_entropy,2026-10-02T22:07:16.768+00:00
425762eeb8a44b59ae20c2c72ca2ae38,6735f3c2acb240e298d840659422cbb2,3785,rated,4.0,swipe,23,4093.0,pop_entropy,2026-10-02T22:07:20.985+00:00
502ba7b0a71842ea825a8e0deaa1ce87,6735f3c2acb240e298d840659422cbb2,1517,rated,3.0,swipe,24,4170.0,pop_entropy,2026-10-02T22:07:25.289+00:00
95d9a723339a4efbb265906bada315c5,6735f3c2acb240e298d840659422cbb2,5349,rated,4.0,swipe,25,7283.0,pop_entropy,2026-10-02T22:07:32.703+00:00
551728ff0f16464d8cb17dd3aadae04c,6735f3c2acb240e298d840659422cbb2,6539,rated,5.0,swipe,26,4101.0,pop_entropy,2026-10-02T22:07:36.938+00:00
5689b3a92dba4786a913980593c307a1,6735f3c2acb240e298d840659422cbb2,51662,not_interested,,swipe,27,7182.0,pop_entropy,2026-10-02T22:07:44.250+00:00
3280a282b06540c7a38c79cfc7c49de0,6ea48b55840b496892c67af01e4347a1,1089,rated,5.0,seed,0,,,2026-10-02T18:08:43.967+00:00
293997bfa351489db593d0d8a846956e,6ea48b55840b496892c67af01e4347a1,858,rated,5.0,seed,1,,,2026-10-02T18:08:44.084+00:00
edd8e60c9b5b4f668031aef73021661b,6ea48b55840b496892c67af01e4347a1,2073,rated,5.0,seed,2,,,2026-10-02T18:08:44.223+00:00
a80caf4ec2ec4ecab69857a8087ec17c,6ea48b55840b496892c67af01e4347a1,1721,rated,4.0,swipe,3,15987.0,pop_entropy,2026-10-02T18:09:00.335+00:00
692d1b4347b544daade3da2070493625,6ea48b55840b496892c67af01e4347a1,2628,rated,4.0,swipe,4,10575.0,pop_entropy,2026-10-02T18:09:11.032+00:00
0f44409eb19f4db39f6df467da34472b,6ea48b55840b496892c67af01e4347a1,5378,rated,4.0,swipe,5,7542.0,pop_entropy,2026-10-02T18:09:18.711+00:00
b10947ed3f174cb7bb1f2d2156dbaae0,6ea48b55840b496892c67af01e4347a1,1917,not_interested,,swipe,6,11881.0,pop_entropy,2026-10-02T18:09:30.712+00:00
2b8bb8ff210b424b83b553cd07563998,6ea48b55840b496892c67af01e4347a1,231,rated,3.0,swipe,7,15628.0,pop_entropy,2026-10-02T18:09:46.454+00:00
7bd936cef3554128af0df1b6fec7d4bb,6ea48b55840b496892c67af01e4347a1,780,rated,3.0,swipe,8,5991.0,pop_entropy,2026-10-02T18:09:52.573+00:00
1102f4d1e9994ae7a2e602d9ac50ba2a,6ea48b55840b496892c67af01e4347a1,2710,interested,,swipe,9,6846.0,pop_entropy,2026-10-02T18:09:59.538+00:00
b3eab7f203bd4772a0795c68bb64102c,6ea48b55840b496892c67af01e4347a1,6934,rated,4.0,swipe,10,4581.0,pop_entropy,2026-10-02T18:10:04.236+00:00
d1b3c19c72a14ad5896fd20fca309e51,6ea48b55840b496892c67af01e4347a1,72998,rated,4.0,swipe,11,4386.0,pop_entropy,2026-10-02T18:10:08.859+00:00
95d6143e8e874ed78fd41c6f8de39e9c,6ea48b55840b496892c67af01e4347a1,6365,rated,4.0,swipe,12,4292.0,pop_entropy,2026-10-02T18:20:13.484+00:00
f89cc4704df4492a8cc71f28507cb266,6ea48b55840b496892c67af01e4347a1,2706,rated,4.0,swipe,13,8635.0,pop_entropy,2026-10-02T18:23:20.681+00:00
07b30582d2d0494cb6d20cc8611bbedf,6ea48b55840b496892c67af01e4347a1,33493,rated,4.0,swipe,14,5831.0,pop_entropy,2026-10-02T18:23:26.641+00:00
fb34840527724c3984c651dedf582fc1,6ea48b55840b496892c67af01e4347a1,344,rated,4.0,swipe,15,5712.0,pop_entropy,2026-10-02T18:23:32.477+00:00
926caa6a8b9949ff9d9f1f53210e7e94,6ea48b55840b496892c67af01e4347a1,2683,rated,5.0,swipe,16,3250.0,pop_entropy,2026-10-02T18:23:35.851+00:00
829a227a2c8840c6927a22add14c8463,6ea48b55840b496892c67af01e4347a1,19,rated,2.0,swipe,17,4022.0,pop_entropy,2026-10-02T18:23:40.101+00:00
0f6889d518df475d911640236415242f,6ea48b55840b496892c67af01e4347a1,3977,not_interested,,swipe,18,5767.0,pop_entropy,2026-10-02T18:23:45.968+00:00
5efe53749e5d4be7bcf29e22701b4665,6ea48b55840b496892c67af01e4347a1,48385,interested,,swipe,19,9832.0,pop_entropy,2026-10-02T18:23:55.910+00:00
d4413a1d8ef84e608f166bb3c1f51395,6ea48b55840b496892c67af01e4347a1,4306,rated,5.0,swipe,20,4601.0,pop_entropy,2026-10-02T18:24:00.638+00:00
34c01a1354f64d2a8a5b5eddd3465c14,6ea48b55840b496892c67af01e4347a1,53996,rated,2.0,swipe,21,29712.0,pop_entropy,2026-10-02T18:24:30.456+00:00
8e70d5931fbd48eb9620a5cd4fcd3d41,6ea48b55840b496892c67af01e4347a1,4310,rated,2.0,swipe,22,6287.0,pop_entropy,2026-10-02T18:24:36.894+00:00
7dbd6693838347d19a6f7ac71ffc6233,6ea48b55840b496892c67af01e4347a1,3785,rated,3.0,swipe,23,4371.0,pop_entropy,2026-10-02T18:24:41.437+00:00
085cad7b9fc246ab920cdf8bd3869645,6ea48b55840b496892c67af01e4347a1,1517,rated,5.0,swipe,24,4246.0,pop_entropy,2026-10-02T18:24:45.807+00:00
38ecea2472094230bde63b774477eb3f,6ea48b55840b496892c67af01e4347a1,5349,interested,,swipe,25,4688.0,pop_entropy,2026-10-02T18:24:50.599+00:00
38ea9cc24cb2423bbbfb39df77a0c7ed,6ea48b55840b496892c67af01e4347a1,6539,rated,4.0,swipe,26,3548.0,pop_entropy,2026-10-02T18:24:54.248+00:00
e74a20a2f52f47c5bdf465bb0a2362ae,6ea48b55840b496892c67af01e4347a1,51662,interested,,swipe,27,6053.0,pop_entropy,2026-10-02T18:25:00.408+00:00
0b0cb9a8659c4af5aefbe87a76ce5380,6ea48b55840b496892c67af01e4347a1,3623,interested,,swipe,28,128536.0,pop_entropy,2026-10-02T18:27:09.092+00:00
33a571354e064cbda6dbb9be7e739da1,6ea48b55840b496892c67af01e4347a1,8636,not_interested,,swipe,29,5796.0,pop_entropy,2026-10-02T18:27:14.999+00:00
39bf50ea929a49a292edb756d07533f3,6ea48b55840b496892c67af01e4347a1,2712,rated,2.0,swipe,30,3981.0,pop_entropy,2026-10-02T18:27:19.080+00:00
13d40cb5cc4f4658bc52073ad1c560b3,6ea48b55840b496892c67af01e4347a1,4718,not_interested,,swipe,31,4339.0,pop_entropy,2026-10-02T18:27:23.632+00:00
49520bd2560a4a8094a913e9dc491a64,7831fce95aed4242b098cfb1a35bb51a,6638,rated,5.0,seed,0,,,2026-10-02T18:08:30.966+00:00
1122f0effac349a093661c35ce31c167,7831fce95aed4242b098cfb1a35bb51a,5696,rated,5.0,seed,1,,,2026-10-02T18:08:31.111+00:00
42c16c8e097b4b84accb63cfa0c45efd,7831fce95aed4242b098cfb1a35bb51a,1257,rated,5.0,seed,2,,,2026-10-02T18:08:31.249+00:00
f75bd58946c8477f90bbc22d3d64b69c,7831fce95aed4242b098cfb1a35bb51a,1721,rated,4.0,swipe,3,7581.0,pop_entropy,2026-10-02T18:08:38.982+00:00
d4b514692a2f4e9494b5e0bde56c9d71,7831fce95aed4242b098cfb1a35bb51a,2628,not_interested,,swipe,4,6657.0,pop_entropy,2026-10-02T18:08:45.766+00:00
28bb6b6308624eeb91eff3eef8cbc07a,7831fce95aed4242b098cfb1a35bb51a,5378,not_interested,,swipe,5,3374.0,pop_entropy,2026-10-02T18:08:49.319+00:00
b2f38fa29c8a4c139688649b7166dd9b,7831fce95aed4242b098cfb1a35bb51a,1917,not_interested,,swipe,6,3939.0,pop_entropy,2026-10-02T18:08:53.516+00:00
a51df395834a438aa6953e2ff00e5758,7831fce95aed4242b098cfb1a35bb51a,231,rated,3.0,swipe,7,4078.0,pop_entropy,2026-10-02T18:08:57.731+00:00
f31ecc1da8c94e3aa7a2a360cc19a9fd,7831fce95aed4242b098cfb1a35bb51a,780,not_interested,,swipe,8,5754.0,pop_entropy,2026-10-02T18:09:03.604+00:00
2a5d785db0e34a9599bc265fc5ed9cc7,7831fce95aed4242b098cfb1a35bb51a,2710,not_interested,,swipe,9,2646.0,pop_entropy,2026-10-02T18:09:06.366+00:00
88e3bce3350940428cd1efade43ebe1c,7831fce95aed4242b098cfb1a35bb51a,6934,not_interested,,swipe,10,4998.0,pop_entropy,2026-10-02T18:09:11.480+00:00
f7b515793a614e27a03e038ab94cd670,7831fce95aed4242b098cfb1a35bb51a,72998,rated,4.0,swipe,11,3276.0,pop_entropy,2026-10-02T18:09:14.873+00:00
1c0152515d414c758a9a14f521c04def,7831fce95aed4242b098cfb1a35bb51a,6365,not_interested,,swipe,12,3176.0,pop_entropy,2026-10-02T18:09:18.154+00:00
91aeaa87ae3d4910b6e07d33d3ced462,7831fce95aed4242b098cfb1a35bb51a,2706,rated,2.0,swipe,13,51101.0,pop_entropy,2026-10-02T18:10:09.388+00:00
9ddb8333a9a145eab6f4edbcd45cae5a,7831fce95aed4242b098cfb1a35bb51a,33493,not_interested,,swipe,14,3183.0,pop_entropy,2026-10-02T18:10:12.698+00:00
89b8790a2d334fb38597dd00913f7ab4,7831fce95aed4242b098cfb1a35bb51a,344,not_interested,,swipe,15,7921.0,pop_entropy,2026-10-02T18:10:20.736+00:00
25fc9dfe0e354a57b0d31b03e3b78ecc,7831fce95aed4242b098cfb1a35bb51a,2683,rated,4.0,swipe,16,4691.0,pop_entropy,2026-10-02T18:10:25.551+00:00
921891cbc81f4f94bd81731ba7dbf1d7,7831fce95aed4242b098cfb1a35bb51a,19,not_interested,,swipe,17,3125.0,pop_entropy,2026-10-02T18:10:28.796+00:00
8b645984564341589d19205c51ae6800,7831fce95aed4242b098cfb1a35bb51a,3977,not_interested,,swipe,18,2742.0,pop_entropy,2026-10-02T18:10:31.660+00:00
e6a8619b4c294c5baa85574253c689be,7831fce95aed4242b098cfb1a35bb51a,48385,interested,,swipe,19,5613.0,pop_entropy,2026-10-02T18:10:37.369+00:00
9716358e7e8b476dbb767281b1c82536,7831fce95aed4242b098cfb1a35bb51a,4306,rated,4.0,swipe,20,3597.0,pop_entropy,2026-10-02T18:10:41.086+00:00
d1cdb1b950bc445493310fcc548b24c0,7831fce95aed4242b098cfb1a35bb51a,53996,not_interested,,swipe,21,5414.0,pop_entropy,2026-10-02T18:10:46.615+00:00
275c92dfa3b34c4eb79180945086285e,7831fce95aed4242b098cfb1a35bb51a,4310,rated,5.0,swipe,22,4078.0,pop_entropy,2026-10-02T18:10:50.817+00:00
9059a443fbbf4bdb99faf21fabc97a2f,7831fce95aed4242b098cfb1a35bb51a,3785,not_interested,,swipe,23,3380.0,pop_entropy,2026-10-02T18:10:54.324+00:00
aad16586700c4e2fa8d088c0ba226473,7831fce95aed4242b098cfb1a35bb51a,1517,rated,4.0,swipe,24,3368.0,pop_entropy,2026-10-02T18:10:57.799+00:00
0dfd0c5d7d914759ba3e3ebd486007ef,7831fce95aed4242b098cfb1a35bb51a,5349,not_interested,,swipe,25,4875.0,pop_entropy,2026-10-02T18:11:03.691+00:00
558f8259e6b9484f83eb921eb02d97e0,7831fce95aed4242b098cfb1a35bb51a,6539,rated,3.0,swipe,26,3249.0,pop_entropy,2026-10-02T18:11:07.096+00:00
c8cc1953ae614459a9a6841ebe3c6d3a,7831fce95aed4242b098cfb1a35bb51a,51662,not_interested,,swipe,27,4986.0,pop_entropy,2026-10-02T18:11:12.217+00:00
a301ef2808504bdaa67efa637c8232f1,7831fce95aed4242b098cfb1a35bb51a,4482,rated,3.0,recommendation,28,,,2026-10-02T18:11:27.965+00:00
8ea3fdf50a144ac9889d8ec948dd3fcf,794942c44df841e48d157367b5e3be27,2119,rated,5.0,seed,0,,,2026-10-02T22:14:16.517+00:00
93c15efdb9b74a2eadec21f68c79d005,794942c44df841e48d157367b5e3be27,1036,rated,5.0,seed,1,,,2026-10-02T22:14:16.652+00:00
ed7b1d9379744731b03c4979aa39f7bd,794942c44df841e48d157367b5e3be27,780,rated,5.0,seed,2,,,2026-10-02T22:14:16.941+00:00
edcad431ee974ceda9317e03295e3325,794942c44df841e48d157367b5e3be27,3769,rated,5.0,seed,3,,,2026-10-02T22:14:17.072+00:00
370bc2dba0e44a26b2521363edb33fe2,794942c44df841e48d157367b5e3be27,84944,rated,5.0,seed,4,,,2026-10-02T22:14:17.306+00:00
1d0b0dc87dff455389cded6e812a0022,794942c44df841e48d157367b5e3be27,1721,rated,4.0,swipe,5,12027.0,pop_entropy,2026-10-02T22:14:29.473+00:00
f4d347546936427992ac26488da5843e,794942c44df841e48d157367b5e3be27,2628,rated,5.0,swipe,6,3278.0,pop_entropy,2026-10-02T22:14:32.878+00:00
ad7cf0376b454a5abe84f8fa0d649c80,794942c44df841e48d157367b5e3be27,5378,rated,5.0,swipe,7,2912.0,pop_entropy,2026-10-02T22:14:35.899+00:00
2a379b908a404895b51cb5b974082304,794942c44df841e48d157367b5e3be27,1917,rated,4.0,swipe,8,5150.0,pop_entropy,2026-10-02T22:14:41.147+00:00
60dd94c78c9b499b8b681cae51da20dc,794942c44df841e48d157367b5e3be27,231,not_interested,,swipe,9,4139.0,pop_entropy,2026-10-02T22:14:45.403+00:00
00f034513e74445d893190e7f0710119,794942c44df841e48d157367b5e3be27,2710,not_interested,,swipe,10,3427.0,pop_entropy,2026-10-02T22:14:48.952+00:00
6d4920941c7f4918b5dce229cfe6f016,794942c44df841e48d157367b5e3be27,6934,interested,,swipe,11,5365.0,pop_entropy,2026-10-02T22:14:54.431+00:00
49e1527552074c288fb29904cf8a08b0,794942c44df841e48d157367b5e3be27,72998,rated,3.0,swipe,12,5813.0,pop_entropy,2026-10-02T22:15:00.345+00:00
59b3689258604988a68abd7fe9e446ea,794942c44df841e48d157367b5e3be27,6365,interested,,swipe,13,4226.0,pop_entropy,2026-10-02T22:15:04.735+00:00
60ab89e27b19409b990a5b1fee9a9861,794942c44df841e48d157367b5e3be27,2706,interested,,swipe,14,10338.0,pop_entropy,2026-10-02T22:15:15.186+00:00
551cd42b83984266a93a433d809afa36,794942c44df841e48d157367b5e3be27,33493,rated,5.0,recommendation,15,,,2026-10-02T22:15:33.607+00:00
371035a4c89d40d999f1155b195bf896,794942c44df841e48d157367b5e3be27,1210,rated,5.0,recommendation,16,,,2026-10-02T22:15:36.432+00:00
33a34188023448938b9bdd5e200a62f4,794942c44df841e48d157367b5e3be27,1580,rated,5.0,recommendation,17,,,2026-10-02T22:15:39.626+00:00
763eda288d144d648ce16894a2f2dd84,794942c44df841e48d157367b5e3be27,733,rated,5.0,recommendation,18,,,2026-10-02T22:15:42.449+00:00
3462ab134fe7448e8293a83f28587283,794942c44df841e48d157367b5e3be27,260,rated,5.0,recommendation,19,,,2026-10-02T22:15:44.406+00:00
2f4bb800d2c142919342d38bab741fa0,794942c44df841e48d157367b5e3be27,2115,rated,5.0,recommendation,20,,,2026-10-02T22:15:47.077+00:00
f25d6b2254d14cd5b8c8319fb49d5d56,794942c44df841e48d157367b5e3be27,1101,rated,4.0,recommendation,21,,,2026-10-02T22:15:49.209+00:00
8141b506b7044e3694783b51ca75cb66,794942c44df841e48d157367b5e3be27,648,rated,5.0,recommendation,22,,,2026-10-02T22:15:52.203+00:00
78c65bc9a6fe488085183ba71c459be6,794942c44df841e48d157367b5e3be27,1544,rated,4.0,recommendation,23,,,2026-10-02T22:15:56.583+00:00
de40da473c084dd1aaa61ebcd7bfb771,794942c44df841e48d157367b5e3be27,3623,rated,4.0,recommendation,24,,,2026-10-02T22:16:00.028+00:00
f1a00a4349a84fe78d81dab6d7fad102,7acc0e1f078a494e9d84d427a352dac2,189363,rated,5.0,seed,0,,,2026-10-02T18:09:33.378+00:00
adeeee7c463549d48f05b3d723ae462e,7acc0e1f078a494e9d84d427a352dac2,285833,rated,5.0,seed,1,,,2026-10-02T18:09:33.498+00:00
66897284608f46228e50729dd3e1e510,7acc0e1f078a494e9d84d427a352dac2,91886,rated,5.0,seed,2,,,2026-10-02T18:09:33.815+00:00
7c50e66d4c544045af6b8a49b0484912,7acc0e1f078a494e9d84d427a352dac2,1721,rated,3.0,swipe,3,9483.0,adaptive,2026-10-02T18:09:43.479+00:00
298ea67ca47a48388818c1d88d99b92e,7acc0e1f078a494e9d84d427a352dac2,2628,rated,2.0,swipe,4,10417.0,adaptive,2026-10-02T18:09:54.008+00:00
78e0899c00d4408f97074e9480797717,7acc0e1f078a494e9d84d427a352dac2,231,rated,3.0,swipe,5,8890.0,adaptive,2026-10-02T18:10:03.119+00:00
cc23ec1183ca41e98e3fb7ee901a5c45,7acc0e1f078a494e9d84d427a352dac2,2706,rated,2.0,swipe,6,4459.0,adaptive,2026-10-02T18:10:07.708+00:00
a26d997d4e3240018e84139633d07ac4,7acc0e1f078a494e9d84d427a352dac2,2710,not_interested,,swipe,7,6033.0,adaptive,2026-10-02T18:10:13.859+00:00
2e2bbbbd0d0e44cba17501791ea9bc84,7acc0e1f078a494e9d84d427a352dac2,5378,rated,4.0,swipe,8,5308.0,adaptive,2026-10-02T18:10:19.319+00:00
4b18ed06da7f4d7d82beee50d3c4f456,7acc0e1f078a494e9d84d427a352dac2,4306,rated,2.0,swipe,9,15700.0,adaptive,2026-10-02T18:10:35.139+00:00
821db3ddb6c5478ea56129aa26d9aef9,7acc0e1f078a494e9d84d427a352dac2,344,not_interested,,swipe,10,6757.0,adaptive,2026-10-02T18:10:41.983+00:00
2c09000f87a84657bb125a816223cf73,7acc0e1f078a494e9d84d427a352dac2,2712,not_interested,,swipe,11,11376.0,adaptive,2026-10-02T18:10:53.480+00:00
2178c162435c40a5a1a47b04874497c6,7acc0e1f078a494e9d84d427a352dac2,1917,not_interested,,swipe,12,7364.0,adaptive,2026-10-02T18:11:00.988+00:00
5e36700746e54883910b940835b42e73,7acc0e1f078a494e9d84d427a352dac2,287823,rated,4.0,recommendation,13,,,2026-10-02T18:11:10.661+00:00
76c9c461a4e7462c9f40f91ed1f48408,7acc0e1f078a494e9d84d427a352dac2,286569,not_interested,,recommendation,14,,,2026-10-02T18:11:16.648+00:00
b300f4f643f34e05b63f78c4eecc3aa5,7acc0e1f078a494e9d84d427a352dac2,210569,not_interested,,recommendation,15,,,2026-10-02T18:11:19.237+00:00
f40ffccc305740ae988c3470da57e26c,7acc0e1f078a494e9d84d427a352dac2,184471,not_interested,,recommendation,16,,,2026-10-02T18:11:21.547+00:00
dab4f9d9339d404f91725f0e861fe77d,7acc0e1f078a494e9d84d427a352dac2,122906,rated,4.0,recommendation,17,,,2026-10-02T18:11:26.258+00:00
187e23ae1e1a473b871e89b72aec6a7c,7acc0e1f078a494e9d84d427a352dac2,187031,not_interested,,recommendation,18,,,2026-10-02T18:11:47.818+00:00
4c3fabc471874d52b6eaa32c31c7af8a,7acc0e1f078a494e9d84d427a352dac2,201586,not_interested,,recommendation,19,,,2026-10-02T18:11:51.431+00:00
f82393b79ee34604a56019782a433234,7acc0e1f078a494e9d84d427a352dac2,192389,not_interested,,recommendation,20,,,2026-10-02T18:11:53.649+00:00
a1aeaa7a2f524f6e839e256b911a1c32,7acc0e1f078a494e9d84d427a352dac2,122910,not_interested,,recommendation,21,,,2026-10-02T18:11:56.943+00:00
cd4e0bc730924d6594447f23901b9ac9,7acc0e1f078a494e9d84d427a352dac2,586,rated,5.0,swipe,22,66465.0,adaptive,2026-10-02T18:12:07.590+00:00
24e135ce3c1343a886afa0be20dbad3f,7acc0e1f078a494e9d84d427a352dac2,2953,rated,5.0,swipe,23,2410.0,adaptive,2026-10-02T18:12:10.218+00:00
1bf9baf4e22f4d6cb359f66a8698ae75,7acc0e1f078a494e9d84d427a352dac2,500,rated,4.0,swipe,24,2807.0,adaptive,2026-10-02T18:12:13.158+00:00
926730cbfa924f4bb2cc7794e902aa2e,7acc0e1f078a494e9d84d427a352dac2,780,rated,3.0,swipe,25,13293.0,adaptive,2026-10-02T18:12:26.559+00:00
d36be7c8ea0444b79549188757bb941d,7acc0e1f078a494e9d84d427a352dac2,4896,rated,4.0,swipe,26,4956.0,adaptive,2026-10-02T18:12:31.608+00:00
fbae601ac4f74e8fb5d9b20d02d86c97,7acc0e1f078a494e9d84d427a352dac2,4308,not_interested,,swipe,27,3109.0,adaptive,2026-10-02T18:12:34.818+00:00
b8cf7d83ddde4bf4b15acf9a66a38f26,7acc0e1f078a494e9d84d427a352dac2,1707,rated,4.0,recommendation,28,,,2026-10-02T18:12:40.578+00:00
58f68fdb0030427697bcf77043ad2a15,7acc0e1f078a494e9d84d427a352dac2,3247,not_interested,,recommendation,29,,,2026-10-02T18:12:43.886+00:00
dcca67b22c564e36b17a4c892a09ee30,7acc0e1f078a494e9d84d427a352dac2,374,not_interested,,recommendation,30,,,2026-10-02T18:12:50.060+00:00
3936c6eff6b54261bcc83668cc392218,7acc0e1f078a494e9d84d427a352dac2,455,rated,3.0,recommendation,31,,,2026-10-02T18:13:14.028+00:00
eabc747e01424d088de6d512b1c211c5,7acc0e1f078a494e9d84d427a352dac2,2054,rated,2.0,recommendation,32,,,2026-10-02T18:13:17.918+00:00
9000496da9154679806a851dadb8c684,7acc0e1f078a494e9d84d427a352dac2,7004,rated,3.0,recommendation,33,,,2026-10-02T18:13:24.134+00:00
5420cb924297451fb8cd3c28c7ec7f54,7acc0e1f078a494e9d84d427a352dac2,2082,not_interested,,recommendation,34,,,2026-10-02T18:13:29.274+00:00
c4404e9ae4ab4619a11182a3a3a5d9de,7acc0e1f078a494e9d84d427a352dac2,355,not_interested,,recommendation,35,,,2026-10-02T18:13:30.975+00:00
444d0f174aef4d80835c200c8e558d24,7acc0e1f078a494e9d84d427a352dac2,2420,rated,3.0,recommendation,36,,,2026-10-02T18:13:34.038+00:00
b98986626e1e49a7b41a7d2af7795444,7acc0e1f078a494e9d84d427a352dac2,158,not_interested,,recommendation,37,,,2026-10-02T18:13:35.879+00:00
9c4212f2c0774b11b8253e487fd08adf,7acc0e1f078a494e9d84d427a352dac2,2,rated,2.0,swipe,38,68209.0,adaptive,2026-10-02T18:13:43.148+00:00
5812dc57dbb743fbb77e5170e0157b1d,7acc0e1f078a494e9d84d427a352dac2,1485,not_interested,,swipe,39,12108.0,adaptive,2026-10-02T18:13:55.354+00:00
8d9321c0e6014074a95f0260c2f28463,7acc0e1f078a494e9d84d427a352dac2,2011,not_interested,,swipe,40,3483.0,adaptive,2026-10-02T18:13:58.980+00:00
472db309c4134b23b3d8d499ea5d6f61,7acc0e1f078a494e9d84d427a352dac2,6934,not_interested,,swipe,41,3351.0,adaptive,2026-10-02T18:14:02.428+00:00
6af283db8f8a4f42a6a00c55989ba21b,7acc0e1f078a494e9d84d427a352dac2,63992,rated,4.0,swipe,42,4988.0,adaptive,2026-10-02T18:14:07.624+00:00
f35c505df09c4160a0a5e5b22d8571ac,7acc0e1f078a494e9d84d427a352dac2,19,not_interested,,swipe,43,5673.0,adaptive,2026-10-02T18:14:13.409+00:00
605671d24555413bbd36aae02ba89bf9,7acc0e1f078a494e9d84d427a352dac2,2012,not_interested,,swipe,44,2957.0,adaptive,2026-10-02T18:14:16.479+00:00
1b7b2e4146604324a396230701522745,7acc0e1f078a494e9d84d427a352dac2,72998,not_interested,,swipe,45,3435.0,adaptive,2026-10-02T18:14:20.119+00:00
b5a2252e410841d0b4088cc37742208c,7acc0e1f078a494e9d84d427a352dac2,597,rated,5.0,swipe,46,5274.0,adaptive,2026-10-02T18:14:25.579+00:00
22b358435b864b33868fad73020a7fdd,7acc0e1f078a494e9d84d427a352dac2,587,not_interested,,swipe,47,33321.0,adaptive,2026-10-02T18:14:59.088+00:00
df91781f44584c3086942679d594477b,7acc0e1f078a494e9d84d427a352dac2,539,interested,,swipe,48,20455.0,adaptive,2026-10-02T18:15:19.669+00:00
8e722645a00348dfa4c8171dd44cd1df,7acc0e1f078a494e9d84d427a352dac2,6365,not_interested,,swipe,49,3215.0,adaptive,2026-10-02T18:15:22.988+00:00
d24a7a4588ab48689057b77b4aecd647,7acc0e1f078a494e9d84d427a352dac2,8360,not_interested,,swipe,50,9331.0,adaptive,2026-10-02T18:15:32.568+00:00
f7f17065b0f1456796e176b7a4112e7c,7acc0e1f078a494e9d84d427a352dac2,8957,not_interested,,swipe,51,8650.0,adaptive,2026-10-02T18:15:41.339+00:00
faaa653a8a3d41abbc363127e565f3d4,7acc0e1f078a494e9d84d427a352dac2,377,not_interested,,swipe,52,3514.0,adaptive,2026-10-02T18:15:44.966+00:00
b697dc516fa54f7e8a408c7fb82a5c3d,7acc0e1f078a494e9d84d427a352dac2,364,not_interested,,swipe,53,2386.0,adaptive,2026-10-02T18:15:47.459+00:00
179eac024fd34fa29cc2eed0f5313d76,7acc0e1f078a494e9d84d427a352dac2,367,not_interested,,swipe,54,2052.0,adaptive,2026-10-02T18:15:49.628+00:00
94b218af53db44d28e075da208be21ef,7acc0e1f078a494e9d84d427a352dac2,48385,rated,4.0,swipe,55,5096.0,adaptive,2026-10-02T18:15:54.847+00:00
65b755d4e73143a9abd9ce02d1a14adc,7acc0e1f078a494e9d84d427a352dac2,5502,not_interested,,swipe,56,2752.0,adaptive,2026-10-02T18:15:57.785+00:00
6e0f79fc6c624860995e634167c1aa70,7acc0e1f078a494e9d84d427a352dac2,480,rated,4.0,swipe,57,4110.0,adaptive,2026-10-02T18:16:02.006+00:00
85b44db7603f4b6596dcc7a9d89f4154,7acc0e1f078a494e9d84d427a352dac2,30793,rated,3.0,swipe,58,3140.0,adaptive,2026-10-02T18:16:05.242+00:00
fa219672348542fab2701a14670cbe80,7acc0e1f078a494e9d84d427a352dac2,356,not_interested,,swipe,59,6797.0,adaptive,2026-10-02T18:16:12.159+00:00
63815eb29d33430ea1b4565b4fb3c685,7acc0e1f078a494e9d84d427a352dac2,5679,not_interested,,swipe,60,4213.0,adaptive,2026-10-02T18:16:16.486+00:00
0355157d78694a16959a2aa424c92e89,7acc0e1f078a494e9d84d427a352dac2,1101,rated,2.0,swipe,61,5339.0,adaptive,2026-10-02T18:16:21.937+00:00
0168dbe5925d4521b51e4bf8cff7443b,7acc0e1f078a494e9d84d427a352dac2,736,interested,,swipe,62,5323.0,adaptive,2026-10-02T18:16:27.384+00:00
a7b706079db442efb50320eadbbde3de,95b3c0d693e947ebbf64b183bb40a34b,260,rated,5.0,seed,0,,,2026-10-02T18:18:32.778+00:00
4590a1b202034a7f888194c5d70a4a7b,95b3c0d693e947ebbf64b183bb40a34b,5418,rated,5.0,seed,1,,,2026-10-02T18:18:32.894+00:00
afb72232d7504fbf953e36d6a0da587e,95b3c0d693e947ebbf64b183bb40a34b,2423,rated,5.0,seed,2,,,2026-10-02T18:18:32.992+00:00
664f8983593a4282b66d0a4876ac98ce,95b3c0d693e947ebbf64b183bb40a34b,1610,rated,5.0,seed,3,,,2026-10-02T18:18:33.097+00:00
ea445ab613f0466fb362e2f4aa11f946,95b3c0d693e947ebbf64b183bb40a34b,2028,rated,5.0,seed,4,,,2026-10-02T18:18:33.196+00:00
faaf1324336b422a8f53f8bb670e5cd8,95b3c0d693e947ebbf64b183bb40a34b,1721,rated,5.0,swipe,5,6105.0,adaptive,2026-10-02T18:18:39.398+00:00
64fb0fba33104ebd89aa2f67dd4e51f2,95b3c0d693e947ebbf64b183bb40a34b,2628,rated,5.0,swipe,6,2799.0,adaptive,2026-10-02T18:18:42.299+00:00
e7cded1cae144f0b84c6b3909770cf41,95b3c0d693e947ebbf64b183bb40a34b,231,rated,3.0,swipe,7,2610.0,adaptive,2026-10-02T18:18:44.998+00:00
69af31f7d5b1492b91906d1cc0a8e3a9,95b3c0d693e947ebbf64b183bb40a34b,2706,rated,1.0,swipe,8,2941.0,adaptive,2026-10-02T18:18:48.049+00:00
06d7a8794702467d95d2fb4f8abfd11f,95b3c0d693e947ebbf64b183bb40a34b,2710,rated,1.0,swipe,9,3102.0,adaptive,2026-10-02T18:18:51.248+00:00
655957be96aa460e960088e2077312a8,95b3c0d693e947ebbf64b183bb40a34b,5378,rated,5.0,swipe,10,2588.0,adaptive,2026-10-02T18:18:53.939+00:00
1a608c0904c142fc975ef5f8322894fc,95b3c0d693e947ebbf64b183bb40a34b,4306,rated,5.0,swipe,11,2497.0,adaptive,2026-10-02T18:18:56.539+00:00
322d759482274169a1cb4644f4760234,95b3c0d693e947ebbf64b183bb40a34b,344,rated,3.0,swipe,12,3012.0,adaptive,2026-10-02T18:18:59.659+00:00
56a81d87875348f5a92010168918adb6,95b3c0d693e947ebbf64b183bb40a34b,2712,rated,1.0,swipe,13,2518.0,adaptive,2026-10-02T18:19:02.288+00:00
279f9abeefe646e68f87eeaa865d7481,95b3c0d693e947ebbf64b183bb40a34b,1917,rated,4.0,swipe,14,2784.0,adaptive,2026-10-02T18:19:05.183+00:00
8f77675aa069402ba9dae697135c62b8,95b3c0d693e947ebbf64b183bb40a34b,3578,rated,5.0,swipe,15,34856.0,adaptive,2026-10-02T18:19:40.140+00:00
351d389148394a4a9358c88f8e4f2188,95b3c0d693e947ebbf64b183bb40a34b,19,rated,3.0,swipe,16,2732.0,adaptive,2026-10-02T18:19:42.979+00:00
651b91e714f04c08acb1d5e0e15c0578,95b3c0d693e947ebbf64b183bb40a34b,33493,rated,4.0,swipe,17,2180.0,adaptive,2026-10-02T18:19:45.286+00:00
a929ab18d55b4ac18a7221f1577224b7,95b3c0d693e947ebbf64b183bb40a34b,586,rated,4.0,swipe,18,2131.0,adaptive,2026-10-02T18:19:47.519+00:00
88c65c6e456a4c53b1ccb0cdb3fa25be,95b3c0d693e947ebbf64b183bb40a34b,3793,rated,5.0,swipe,19,2710.0,adaptive,2026-10-02T18:19:50.329+00:00
de179011e9de45679034557e3def55e2,95b3c0d693e947ebbf64b183bb40a34b,48385,rated,1.0,swipe,20,5839.0,adaptive,2026-10-02T18:19:56.278+00:00
d205cc271cca47a281dd57c7c25b86fe,95b3c0d693e947ebbf64b183bb40a34b,5349,rated,5.0,swipe,21,3582.0,adaptive,2026-10-02T18:19:59.969+00:00
7cec325ac3f64429982067f5aa898768,95b3c0d693e947ebbf64b183bb40a34b,6539,rated,5.0,swipe,22,8554.0,adaptive,2026-10-02T18:20:08.634+00:00
eae8a3332b0e4ea29b0154cb8605e1e2,95b3c0d693e947ebbf64b183bb40a34b,1580,rated,5.0,swipe,23,2154.0,adaptive,2026-10-02T18:20:10.930+00:00
9185f0f4c2cd445194124cd6f97e5b2a,95b3c0d693e947ebbf64b183bb40a34b,5952,rated,5.0,swipe,24,2094.0,adaptive,2026-10-02T18:20:13.139+00:00
369825e07063411e92cd5aa01f8776cf,95b3c0d693e947ebbf64b183bb40a34b,7153,rated,5.0,swipe,25,2325.0,adaptive,2026-10-02T18:20:15.579+00:00
23084529844e47239cd28f75cc6e7a58,95b3c0d693e947ebbf64b183bb40a34b,4993,rated,5.0,swipe,26,1859.0,adaptive,2026-10-02T18:20:17.659+00:00
d8ff7167f6e34b09a0b65d1c0b4fb357,95b3c0d693e947ebbf64b183bb40a34b,4896,rated,5.0,swipe,27,1957.0,adaptive,2026-10-02T18:20:19.730+00:00
347b0bfe6c4749a8b76119596cc6e1f2,95b3c0d693e947ebbf64b183bb40a34b,5816,rated,5.0,swipe,28,2108.0,adaptive,2026-10-02T18:20:21.939+00:00
3870b6c73d35426abaaaa28985d2d0b4,95b3c0d693e947ebbf64b183bb40a34b,8368,rated,5.0,swipe,29,2260.0,adaptive,2026-10-02T18:20:24.297+00:00
eb4d0e50d5c24c8e98bbd925dcb35699,95b3c0d693e947ebbf64b183bb40a34b,40815,rated,5.0,recommendation,30,,,2026-10-02T18:20:43.677+00:00
e10cd8d5a94a46ddbf0ae9c7a47134e2,95b3c0d693e947ebbf64b183bb40a34b,8636,rated,5.0,recommendation,31,,,2026-10-02T18:20:46.948+00:00
3b823b635c1b4c50b8789b156f2d01cf,95b3c0d693e947ebbf64b183bb40a34b,1210,rated,5.0,recommendation,32,,,2026-10-02T18:20:49.748+00:00
d2c27933086649c4a4f82f5b18bbedcf,95b3c0d693e947ebbf64b183bb40a34b,4886,rated,5.0,recommendation,33,,,2026-10-02T18:20:52.861+00:00
0a65e868a434456981afffe24fe622f2,95b3c0d693e947ebbf64b183bb40a34b,54001,rated,5.0,recommendation,34,,,2026-10-02T18:20:56.218+00:00
e254e072d20743389aeb6dc6b9bda047,95b3c0d693e947ebbf64b183bb40a34b,1196,rated,5.0,recommendation,35,,,2026-10-02T18:20:59.778+00:00
39b19938121247fea5178665cb836528,95b3c0d693e947ebbf64b183bb40a34b,6377,rated,5.0,recommendation,36,,,2026-10-02T18:21:03.950+00:00
ece2a6b72c9c44faa71d8f3f4b9e053c,95b3c0d693e947ebbf64b183bb40a34b,6365,rated,4.0,recommendation,37,,,2026-10-02T18:21:07.669+00:00
fa12ed39bbaf411a98882046ca88d56b,95b3c0d693e947ebbf64b183bb40a34b,8961,rated,5.0,recommendation,38,,,2026-10-02T18:21:10.718+00:00
2f5f61f9086545a3ba3aa1d58f35e715,95b3c0d693e947ebbf64b183bb40a34b,4963,rated,5.0,recommendation,39,,,2026-10-02T18:21:14.221+00:00
dbf2ffdb0aa14f2397f48ecf7b4ba390,95b3c0d693e947ebbf64b183bb40a34b,780,rated,4.0,swipe,40,55698.0,adaptive,2026-10-02T18:21:20.120+00:00
8a86d6e4ab9d465da7e81d609823b91f,95b3c0d693e947ebbf64b183bb40a34b,3785,rated,1.0,swipe,41,3706.0,adaptive,2026-10-02T18:21:23.909+00:00
821a93a7c6d74b458dc8f32966f66f2e,95b3c0d693e947ebbf64b183bb40a34b,59315,rated,5.0,swipe,42,3200.0,adaptive,2026-10-02T18:21:27.201+00:00
bbb2b13c2f694432873d797d064a14df,95b3c0d693e947ebbf64b183bb40a34b,8360,rated,5.0,swipe,43,2634.0,adaptive,2026-10-02T18:21:29.958+00:00
5765219245ce4a2fbb332955e1b9d9a4,95b3c0d693e947ebbf64b183bb40a34b,6333,rated,3.0,swipe,44,2414.0,adaptive,2026-10-02T18:21:32.471+00:00
2890f1b7e1704248966cf24caa9b5457,95b3c0d693e947ebbf64b183bb40a34b,45722,rated,5.0,swipe,45,2492.0,adaptive,2026-10-02T18:21:35.060+00:00
cb436a8eddad42878179d1b3e951886b,95b3c0d693e947ebbf64b183bb40a34b,69844,rated,5.0,swipe,46,2450.0,adaptive,2026-10-02T18:21:37.619+00:00
c07dbfca75634bad9049d3ea23ff753b,95b3c0d693e947ebbf64b183bb40a34b,4718,rated,1.0,swipe,47,2807.0,adaptive,2026-10-02T18:21:40.568+00:00
573fff1f53bb466a97c8974da148a0c1,95b3c0d693e947ebbf64b183bb40a34b,81834,rated,5.0,swipe,48,2401.0,adaptive,2026-10-02T18:21:43.090+00:00
4142560533724c5693708cd41a146bcc,95b3c0d693e947ebbf64b183bb40a34b,88125,rated,5.0,swipe,49,1949.0,adaptive,2026-10-02T18:21:45.140+00:00
73694f8a22f24dbcb9671b42b05eb169,95b3c0d693e947ebbf64b183bb40a34b,4308,rated,2.0,swipe,50,2905.0,adaptive,2026-10-02T18:21:48.149+00:00
6e9fb4970cad4d37920b663c685b1d5e,95b3c0d693e947ebbf64b183bb40a34b,1923,rated,5.0,swipe,51,2427.0,adaptive,2026-10-02T18:21:50.699+00:00
7fc294d9b2f44f00ba1f3f7f6768cc73,95b3c0d693e947ebbf64b183bb40a34b,2012,rated,4.0,swipe,52,2756.0,adaptive,2026-10-02T18:21:53.561+00:00
fecd73386e0e4efc89d8b2bfa28cf748,95b3c0d693e947ebbf64b183bb40a34b,33794,rated,3.0,swipe,53,3470.0,adaptive,2026-10-02T18:21:57.129+00:00
0695bac75d134d118c8390e8ebfaa11e,95b3c0d693e947ebbf64b183bb40a34b,77561,rated,5.0,swipe,54,2198.0,adaptive,2026-10-02T18:21:59.439+00:00
687ad8fc16924ea587d9d4ac1f16f254,95b3c0d693e947ebbf64b183bb40a34b,89745,rated,5.0,swipe,55,2628.0,adaptive,2026-10-02T18:22:02.161+00:00
4dc10178c3934cceb4c6da5c3ac255be,95b3c0d693e947ebbf64b183bb40a34b,30793,rated,5.0,swipe,56,2219.0,adaptive,2026-10-02T18:22:04.508+00:00
a3b48d8ffd5a4633abe1202da114d811,95b3c0d693e947ebbf64b183bb40a34b,45499,rated,3.0,swipe,57,3696.0,adaptive,2026-10-02T18:22:08.547+00:00
bd8ce28497c9404fb7adc3d7e76a2f90,95b3c0d693e947ebbf64b183bb40a34b,53125,rated,5.0,swipe,58,2533.0,adaptive,2026-10-02T18:22:11.249+00:00
4d9926ab0d57447696baea4f4b9f8f22,95b3c0d693e947ebbf64b183bb40a34b,5218,rated,4.0,swipe,59,3057.0,adaptive,2026-10-02T18:22:14.438+00:00
00ccf378af19498089209296a09fcc8a,95b3c0d693e947ebbf64b183bb40a34b,98809,rated,5.0,swipe,60,53210.0,adaptive,2026-10-02T18:23:07.748+00:00
3792bc69484f40f8aa69bff450a34b32,95b3c0d693e947ebbf64b183bb40a34b,72998,rated,5.0,swipe,61,3053.0,adaptive,2026-10-02T18:23:10.949+00:00
ccc1cdb2088f41b78237f5503cbd555f,95b3c0d693e947ebbf64b183bb40a34b,106489,rated,5.0,swipe,62,2237.0,adaptive,2026-10-02T18:23:13.402+00:00
b4b2d57c9efc4d50a2455d02d0d10c9e,95b3c0d693e947ebbf64b183bb40a34b,118696,rated,5.0,swipe,63,2152.0,adaptive,2026-10-02T18:23:15.670+00:00
c379e5bcba3f49f4b7f06db7f15b60e9,95b3c0d693e947ebbf64b183bb40a34b,3948,rated,5.0,swipe,64,16083.0,adaptive,2026-10-02T18:23:31.940+00:00
9a3b2b6bfa124921864beb41076bd384,95b3c0d693e947ebbf64b183bb40a34b,73017,rated,5.0,swipe,65,3331.0,adaptive,2026-10-02T18:23:35.370+00:00
e227d2875b5b49aaab1b378a93e3fc3f,95b3c0d693e947ebbf64b183bb40a34b,86332,rated,5.0,swipe,66,2638.0,adaptive,2026-10-02T18:23:38.259+00:00
d3cf5b51db83458d96ce7e5ebce1b779,95b3c0d693e947ebbf64b183bb40a34b,102125,rated,5.0,swipe,67,2502.0,adaptive,2026-10-02T18:23:40.852+00:00
ba92ec74b0674ce1aa3796424b3e2293,95b3c0d693e947ebbf64b183bb40a34b,88140,rated,5.0,swipe,68,2099.0,adaptive,2026-10-02T18:23:43.119+00:00
0d15bf0b35484b05a6ee13180cbdf847,95b3c0d693e947ebbf64b183bb40a34b,122892,rated,5.0,swipe,69,2412.0,adaptive,2026-10-02T18:23:45.640+00:00
16a658319fd44410bfe67819c7180861,95b3c0d693e947ebbf64b183bb40a34b,63992,rated,1.0,swipe,70,2359.0,adaptive,2026-10-02T18:23:48.096+00:00
78ca3986ebc6400ca80145c5e69e10b4,95b3c0d693e947ebbf64b183bb40a34b,87232,rated,1.0,swipe,71,2465.0,adaptive,2026-10-02T18:23:50.668+00:00
ab27649c2cf74d1ca0fc94bbad5fc1db,95b3c0d693e947ebbf64b183bb40a34b,5481,rated,4.0,swipe,72,3849.0,adaptive,2026-10-02T18:23:54.619+00:00
4f916e03687b4c98bc2bd3639ee3eb84,95b3c0d693e947ebbf64b183bb40a34b,110102,rated,5.0,swipe,73,2677.0,adaptive,2026-10-02T18:23:57.387+00:00
70cb4cbe82aa4b70bf20c8ce516fd55a,95b3c0d693e947ebbf64b183bb40a34b,8957,not_interested,,swipe,74,5006.0,adaptive,2026-10-02T18:24:02.567+00:00
7826713337e24fd7839a3845b0c56e71,95b3c0d693e947ebbf64b183bb40a34b,4370,not_interested,,swipe,75,5871.0,adaptive,2026-10-02T18:24:08.548+00:00
5e135618297b4ca28e7f4663bccf8740,95b3c0d693e947ebbf64b183bb40a34b,1380,rated,4.0,swipe,76,112896.0,adaptive,2026-10-02T18:26:01.554+00:00
5c420a0140cc4173854b9b77163f0dbc,95b3c0d693e947ebbf64b183bb40a34b,111362,not_interested,,swipe,77,2909.0,adaptive,2026-10-02T18:26:04.914+00:00
3ae4a2496b784159835f7ffbd723deae,95b3c0d693e947ebbf64b183bb40a34b,5502,interested,,swipe,78,8029.0,adaptive,2026-10-02T18:26:13.063+00:00
164f6c7cbecc4398a4b73e7460c811b4,95b3c0d693e947ebbf64b183bb40a34b,2011,rated,5.0,swipe,79,3615.0,adaptive,2026-10-02T18:26:16.790+00:00
0c4a44f83c79415ab9986c95bdf8e8d2,95b3c0d693e947ebbf64b183bb40a34b,91500,rated,5.0,swipe,80,3044.0,adaptive,2026-10-02T18:26:19.963+00:00
e277c07a8e8049c99d82017e2f5475c2,95b3c0d693e947ebbf64b183bb40a34b,4447,rated,4.0,swipe,81,2681.0,adaptive,2026-10-02T18:26:22.740+00:00
4578db3fdef24084be4c258197215326,95b3c0d693e947ebbf64b183bb40a34b,106072,rated,5.0,swipe,82,2474.0,adaptive,2026-10-02T18:26:25.381+00:00
0ee492ed3a3149a8baba1e14e4f43e0c,95b3c0d693e947ebbf64b183bb40a34b,106487,rated,5.0,swipe,83,2839.0,adaptive,2026-10-02T18:26:28.382+00:00
9a8b704b85b2441ca9fbac35c8764713,95b3c0d693e947ebbf64b183bb40a34b,68319,rated,5.0,swipe,84,2849.0,adaptive,2026-10-02T18:26:31.334+00:00
734777ab5d3f48e296135a21a60543e5,95b3c0d693e947ebbf64b183bb40a34b,52722,rated,5.0,swipe,85,2222.0,adaptive,2026-10-02T18:26:33.662+00:00
73231fa5278343f69487761a2848002f,95b3c0d693e947ebbf64b183bb40a34b,86880,rated,4.0,swipe,86,2657.0,adaptive,2026-10-02T18:26:36.413+00:00
acfd34c6e8524d16ac75f79de3be2b60,95b3c0d693e947ebbf64b183bb40a34b,95510,rated,5.0,swipe,87,2386.0,adaptive,2026-10-02T18:26:38.892+00:00
31a8bf50e86a46a6ad4b8b825f787be2,95b3c0d693e947ebbf64b183bb40a34b,53996,rated,5.0,swipe,88,2262.0,adaptive,2026-10-02T18:26:41.392+00:00
e75068a80b984ee384e41777c13178d7,95b3c0d693e947ebbf64b183bb40a34b,91542,rated,4.0,swipe,89,2359.0,adaptive,2026-10-02T18:26:43.853+00:00
0ccec685bb11419e9c58f0980f2aaad6,95b3c0d693e947ebbf64b183bb40a34b,8644,rated,4.0,swipe,90,2197.0,adaptive,2026-10-02T18:26:46.173+00:00
79a2eae6fddb49aa8ee014064fdec39a,95b3c0d693e947ebbf64b183bb40a34b,122920,rated,5.0,swipe,91,2164.0,adaptive,2026-10-02T18:26:48.484+00:00
3edba7d7a1934f6aba81972cc1c06757,95b3c0d693e947ebbf64b183bb40a34b,112852,rated,5.0,swipe,92,2192.0,adaptive,2026-10-02T18:26:50.783+00:00
1c8b4afcc8ee4623b6cad9efcdcad9d4,95b3c0d693e947ebbf64b183bb40a34b,4816,rated,2.0,swipe,93,2822.0,adaptive,2026-10-02T18:26:53.722+00:00
e2a136e0db1340b1bb42d6891e8c524a,95b3c0d693e947ebbf64b183bb40a34b,122922,rated,5.0,swipe,94,2834.0,adaptive,2026-10-02T18:26:56.673+00:00
0f5fa686a9f546129db8709990760b45,95b3c0d693e947ebbf64b183bb40a34b,122900,rated,5.0,swipe,95,2803.0,adaptive,2026-10-02T18:26:59.583+00:00
0c040adaa2b74d749ca6b8cf5dc8cf4d,95b3c0d693e947ebbf64b183bb40a34b,116823,rated,5.0,swipe,96,2414.0,adaptive,2026-10-02T18:27:02.091+00:00
84cb2ad3d7f94285a6d05d62ba883758,95b3c0d693e947ebbf64b183bb40a34b,117529,rated,5.0,swipe,97,2093.0,adaptive,2026-10-02T18:27:04.313+00:00
8ef88306a914451f9f97454ca4fd6577,95b3c0d693e947ebbf64b183bb40a34b,8376,rated,3.0,swipe,98,2579.0,adaptive,2026-10-02T18:27:07.003+00:00
03b2b8889e0a4fb7abcba108fb100318,95b3c0d693e947ebbf64b183bb40a34b,103042,rated,4.0,swipe,99,3022.0,adaptive,2026-10-02T18:27:10.123+00:00
0b34e5f4f39046ddb2627fff5c2f11e9,95b3c0d693e947ebbf64b183bb40a34b,34150,rated,5.0,swipe,100,2430.0,adaptive,2026-10-02T18:27:12.670+00:00
336f0e22843c4fc083d25a2fe60f8d77,95b3c0d693e947ebbf64b183bb40a34b,5459,rated,5.0,swipe,101,2632.0,adaptive,2026-10-02T18:27:15.412+00:00
012f9d3d241c45b2b29821c06e093537,95b3c0d693e947ebbf64b183bb40a34b,60040,rated,5.0,swipe,102,2957.0,adaptive,2026-10-02T18:27:18.493+00:00
4603546d6a6343de8d3497efc9992e29,95b3c0d693e947ebbf64b183bb40a34b,94777,rated,5.0,swipe,103,2426.0,adaptive,2026-10-02T18:27:21.274+00:00
595910a1a3fc466ab140d211987b95e9,95b3c0d693e947ebbf64b183bb40a34b,110553,rated,5.0,swipe,104,10051.0,adaptive,2026-10-02T18:27:31.444+00:00
e09589e72ecd43afbfce35110c231ace,95b3c0d693e947ebbf64b183bb40a34b,69122,rated,5.0,swipe,105,2937.0,adaptive,2026-10-02T18:27:34.481+00:00
78406ba371d7401fb06747bf849c54f4,95b3c0d693e947ebbf64b183bb40a34b,5679,rated,1.0,swipe,106,2696.0,adaptive,2026-10-02T18:27:37.293+00:00
42e5ef8c6a1c4dfba239f1b3e48c007a,95b3c0d693e947ebbf64b183bb40a34b,122924,rated,4.0,swipe,107,4501.0,adaptive,2026-10-02T18:27:41.894+00:00
768eace1526947219a30dedc182ab52e,95b3c0d693e947ebbf64b183bb40a34b,103772,rated,5.0,swipe,108,3972.0,adaptive,2026-10-02T18:27:46.000+00:00
b4a47eb539dd4cb9b2d1b8f7fc9d9950,95b3c0d693e947ebbf64b183bb40a34b,41566,rated,5.0,swipe,109,12041.0,adaptive,2026-10-02T18:27:58.163+00:00
8d8c362ac15a4d22883a346b3c648653,95b3c0d693e947ebbf64b183bb40a34b,4025,rated,5.0,swipe,110,3012.0,adaptive,2026-10-02T18:28:01.291+00:00
6ef9fbc537134e01baa061b6f32444bb,95b3c0d693e947ebbf64b183bb40a34b,102445,rated,3.0,swipe,111,4591.0,adaptive,2026-10-02T18:28:06.083+00:00
ea3bfc55ef6745238565c077ce73b7f6,95b3c0d693e947ebbf64b183bb40a34b,1097,rated,5.0,swipe,112,2197.0,adaptive,2026-10-02T18:28:08.412+00:00
d8acf64b3ae64b309a3b1a2518bffb75,95b3c0d693e947ebbf64b183bb40a34b,122918,rated,5.0,swipe,113,2247.0,adaptive,2026-10-02T18:28:10.820+00:00
2c6bd1e77d4843a5af9e703533ff3a20,95b3c0d693e947ebbf64b183bb40a34b,356,rated,5.0,swipe,114,2081.0,adaptive,2026-10-02T18:28:13.002+00:00
1efb6451de6a4b7eac1ac7dcd067fdae,95b3c0d693e947ebbf64b183bb40a34b,122886,rated,5.0,swipe,115,2977.0,adaptive,2026-10-02T18:28:16.122+00:00
8cb76530093b4760ad2f24c355caeb67,95b3c0d693e947ebbf64b183bb40a34b,91529,rated,4.0,swipe,116,4281.0,adaptive,2026-10-02T18:28:20.622+00:00
dc7726c512de441d8011beafd8d88b29,95b3c0d693e947ebbf64b183bb40a34b,1,rated,5.0,swipe,117,2104.0,adaptive,2026-10-02T18:28:22.834+00:00
d01c12a7d77a4d67a3a5c3a78b2670e8,95b3c0d693e947ebbf64b183bb40a34b,104,rated,5.0,swipe,118,2053.0,adaptive,2026-10-02T18:28:24.992+00:00
f257aed15f2f4df8a992114068421eed,95b3c0d693e947ebbf64b183bb40a34b,68358,rated,3.0,swipe,119,2240.0,adaptive,2026-10-02T18:28:27.329+00:00
4147ba97b803482a8f8329a61415944d,95b3c0d693e947ebbf64b183bb40a34b,69526,rated,3.0,swipe,120,2189.0,adaptive,2026-10-02T18:28:29.622+00:00
e885c0096e4a4c5e820a964e074b17e5,95b3c0d693e947ebbf64b183bb40a34b,122912,rated,5.0,swipe,121,1983.0,adaptive,2026-10-02T18:28:31.962+00:00
bdb98017f14e4ccf90dd416e3aeb84b3,95b3c0d693e947ebbf64b183bb40a34b,35836,rated,5.0,swipe,122,2826.0,adaptive,2026-10-02T18:28:34.952+00:00
6da3920a03eb446db241bb3f8b48a52e,95b3c0d693e947ebbf64b183bb40a34b,2953,rated,4.0,swipe,123,3221.0,adaptive,2026-10-02T18:28:38.284+00:00
b84816bef6a0450884b6061e38c263da,95b3c0d693e947ebbf64b183bb40a34b,122926,rated,4.0,swipe,124,8582.0,adaptive,2026-10-02T18:28:46.972+00:00
3426ce0d30dd40cfbf91975475fd3b78,95b3c0d693e947ebbf64b183bb40a34b,122916,rated,5.0,swipe,125,2632.0,adaptive,2026-10-02T18:28:49.694+00:00
38f5d8b87893471b9c78ce6d5e571afd,95b3c0d693e947ebbf64b183bb40a34b,122914,rated,5.0,swipe,126,2078.0,adaptive,2026-10-02T18:28:51.893+00:00
625e3273c7ee40f8a5ccb55e50dd65e9,95b3c0d693e947ebbf64b183bb40a34b,6373,rated,5.0,swipe,127,3017.0,adaptive,2026-10-02T18:28:55.042+00:00
b80782d7a1ae4ea898572d93fb6ce754,95b3c0d693e947ebbf64b183bb40a34b,122906,rated,5.0,swipe,128,2340.0,adaptive,2026-10-02T18:28:57.503+00:00
c8b71793fac04f4ba2c3c3593ea2121a,95b3c0d693e947ebbf64b183bb40a34b,34,rated,3.0,swipe,129,2773.0,adaptive,2026-10-02T18:29:00.380+00:00
5b7a558fcb7342c1b0c5abe65996d0ba,95b3c0d693e947ebbf64b183bb40a34b,143355,rated,5.0,swipe,130,2946.0,adaptive,2026-10-02T18:29:03.434+00:00
7a90902b7c574f87afa75307f84e89fc,95b3c0d693e947ebbf64b183bb40a34b,122904,rated,4.0,swipe,131,2487.0,adaptive,2026-10-02T18:29:06.112+00:00
bfcac530b91d4448bec5f03fc6b66703,95b3c0d693e947ebbf64b183bb40a34b,188301,rated,5.0,swipe,132,2559.0,adaptive,2026-10-02T18:29:08.792+00:00
43b902056ddb475ca01aa93b445dbf57,95b3c0d693e947ebbf64b183bb40a34b,201773,rated,5.0,swipe,133,2934.0,adaptive,2026-10-02T18:29:11.831+00:00
9f1e8d86db3c4b2bbccbafebf4ea7259,95b3c0d693e947ebbf64b183bb40a34b,135143,rated,4.0,swipe,134,3029.0,adaptive,2026-10-02T18:29:14.952+00:00
552d539398d44598b34b0d8c92273a7d,95b3c0d693e947ebbf64b183bb40a34b,53464,rated,3.0,swipe,135,6399.0,adaptive,2026-10-02T18:29:21.453+00:00
792c1c69f6e9400da0ea7c7b1ec68864,95b3c0d693e947ebbf64b183bb40a34b,4246,rated,3.0,swipe,136,2762.0,adaptive,2026-10-02T18:29:24.352+00:00
b9ada9efbf3c46bbbd6ff2d4e9060a7f,95b3c0d693e947ebbf64b183bb40a34b,3751,rated,4.0,swipe,137,3459.0,adaptive,2026-10-02T18:29:28.017+00:00
0313dce4ef4243dcb854a2dd900041cf,95b3c0d693e947ebbf64b183bb40a34b,2,rated,4.0,swipe,138,2214.0,adaptive,2026-10-02T18:29:30.332+00:00
7dc622577e6541db9a137cf8a25f2c65,95b3c0d693e947ebbf64b183bb40a34b,87520,rated,5.0,swipe,139,3488.0,adaptive,2026-10-02T18:29:33.982+00:00
ace9d2e906e54f35909caeba9c22143c,95b3c0d693e947ebbf64b183bb40a34b,60074,rated,4.0,swipe,140,3778.0,adaptive,2026-10-02T18:29:37.862+00:00
416b0f0d0c52487b80b6c142bbb8b77e,95b3c0d693e947ebbf64b183bb40a34b,6934,rated,3.0,swipe,141,4079.0,adaptive,2026-10-02T18:29:42.053+00:00
1760eef81d134f8d9c4888e0bc0abf3f,95b3c0d693e947ebbf64b183bb40a34b,122910,rated,4.0,swipe,142,2100.0,adaptive,2026-10-02T18:29:44.272+00:00
da9328d480914924a581d1009bd67337,95b3c0d693e947ebbf64b183bb40a34b,2657,rated,2.0,swipe,143,2871.0,adaptive,2026-10-02T18:29:47.271+00:00
56c07f46105c4e218559cbe201823c09,95b3c0d693e947ebbf64b183bb40a34b,33679,rated,3.0,swipe,144,2863.0,adaptive,2026-10-02T18:29:50.253+00:00
2fab352d1df147d5bbb1bbcf894c684e,95b3c0d693e947ebbf64b183bb40a34b,45447,rated,3.0,swipe,145,2605.0,adaptive,2026-10-02T18:29:52.983+00:00
68b84218c4634e8fa757448c2fa762f3,95b3c0d693e947ebbf64b183bb40a34b,3752,rated,4.0,swipe,146,3820.0,adaptive,2026-10-02T18:29:56.913+00:00
37816a2ab99d43bc8c69f602b5d63e50,95b3c0d693e947ebbf64b183bb40a34b,166528,rated,5.0,swipe,147,3434.0,adaptive,2026-10-02T18:30:00.434+00:00
54c0ba1659784bb499d43b2424621215,95b3c0d693e947ebbf64b183bb40a34b,187593,rated,5.0,swipe,148,2792.0,adaptive,2026-10-02T18:30:03.472+00:00
c94edd94845c4806bc0b27e7df21de28,95b3c0d693e947ebbf64b183bb40a34b,8972,rated,5.0,swipe,149,3321.0,adaptive,2026-10-02T18:30:06.901+00:00
b4a85e0a4b70487086a491398729d133,95b3c0d693e947ebbf64b183bb40a34b,46972,rated,5.0,swipe,150,2139.0,adaptive,2026-10-02T18:30:09.173+00:00
a6fb4d3743c64638ad97e5b4e9ca7857,95b3c0d693e947ebbf64b183bb40a34b,87430,rated,4.0,swipe,151,2497.0,adaptive,2026-10-02T18:30:12.102+00:00
7036b260e517499fbe5641be747d9558,95b3c0d693e947ebbf64b183bb40a34b,76093,rated,5.0,swipe,152,3313.0,adaptive,2026-10-02T18:30:15.552+00:00
8979816450114232ba31ed1827fa3b7d,95b3c0d693e947ebbf64b183bb40a34b,1407,rated,2.0,swipe,153,4968.0,adaptive,2026-10-02T18:30:20.703+00:00
ddf13956a03a4ab697b70b1b28afcaf5,95b3c0d693e947ebbf64b183bb40a34b,56174,rated,5.0,swipe,154,6254.0,adaptive,2026-10-02T18:30:27.090+00:00
8ee8a4631e814b8f99357c40c4e9d91f,95b3c0d693e947ebbf64b183bb40a34b,1088,rated,2.0,swipe,155,5024.0,adaptive,2026-10-02T18:30:32.280+00:00
75f331f4569e4bc5b6ba1bfa6960aa06,95b3c0d693e947ebbf64b183bb40a34b,480,rated,5.0,swipe,156,2259.0,adaptive,2026-10-02T18:30:34.642+00:00
979e28f2608042449d183bf4b5e7081c,95b3c0d693e947ebbf64b183bb40a34b,1291,rated,5.0,swipe,157,3591.0,adaptive,2026-10-02T18:30:38.342+00:00
613ec16a000a4a0eb7f63fad517b1502,95b3c0d693e947ebbf64b183bb40a34b,1198,rated,5.0,swipe,158,2513.0,adaptive,2026-10-02T18:30:40.962+00:00
3fb09b8fe746498c8846705af9ec8314,95b3c0d693e947ebbf64b183bb40a34b,1270,rated,5.0,swipe,159,3020.0,adaptive,2026-10-02T18:30:44.113+00:00
ea31375251e049c68aa0422911146999,95b3c0d693e947ebbf64b183bb40a34b,135133,rated,5.0,swipe,160,6065.0,adaptive,2026-10-02T18:30:50.303+00:00
e19d4a06a38d4b57ae80172a751174da,95b3c0d693e947ebbf64b183bb40a34b,102903,rated,3.0,swipe,161,4193.0,adaptive,2026-10-02T18:30:54.602+00:00
3ccdb08366cf49fea35da9eacb616b7f,95b3c0d693e947ebbf64b183bb40a34b,79091,rated,5.0,swipe,162,2242.0,adaptive,2026-10-02T18:30:56.963+00:00
2f4e33d41051477085d893cee171160a,95b3c0d693e947ebbf64b183bb40a34b,50872,rated,5.0,swipe,163,2169.0,adaptive,2026-10-02T18:30:59.256+00:00
82eb82d1a7f04fd694780d6992735dcb,95b3c0d693e947ebbf64b183bb40a34b,59784,rated,5.0,swipe,164,2055.0,adaptive,2026-10-02T18:31:01.413+00:00
625d129955924752b435e7faa52834fc,95b3c0d693e947ebbf64b183bb40a34b,5299,rated,4.0,swipe,165,2657.0,adaptive,2026-10-02T18:31:04.182+00:00
9398aa55b8b04046a78908b8cc94c95e,95b3c0d693e947ebbf64b183bb40a34b,33615,rated,4.0,swipe,166,2716.0,adaptive,2026-10-02T18:31:06.997+00:00
e8f11c6042f14d99a27f77501f65ce95,9b83ed6d04254a9ab0de96c4bd0e387a,1307,rated,5.0,seed,0,,,2026-10-02T18:12:44.361+00:00
dfb118a9ce82479fa2f4129e85711fe2,9b83ed6d04254a9ab0de96c4bd0e387a,1088,rated,5.0,seed,1,,,2026-10-02T18:12:44.470+00:00
4991d5302ec0461980339cf2aabdd16e,9b83ed6d04254a9ab0de96c4bd0e387a,3844,rated,5.0,seed,2,,,2026-10-02T18:12:44.582+00:00
cf5458528bf241799b6ca92bff2b1fef,9b83ed6d04254a9ab0de96c4bd0e387a,1721,rated,5.0,swipe,3,4602.0,pop_entropy,2026-10-02T18:12:49.276+00:00
b6467d6f117046a49a23ffe4bcb80698,9b83ed6d04254a9ab0de96c4bd0e387a,2628,rated,5.0,swipe,4,4114.0,pop_entropy,2026-10-02T18:12:53.496+00:00
1859159caec7411cb1203730c503c5a1,9b83ed6d04254a9ab0de96c4bd0e387a,5378,rated,5.0,swipe,5,2648.0,pop_entropy,2026-10-02T18:12:56.255+00:00
5ccde88fe0c643e7ae1d9f7bf4a3fc21,9b83ed6d04254a9ab0de96c4bd0e387a,1917,rated,4.0,swipe,6,3954.0,pop_entropy,2026-10-02T18:13:00.330+00:00
f762df838ec14ba2ab14977811196273,9b83ed6d04254a9ab0de96c4bd0e387a,231,rated,3.0,swipe,7,3314.0,pop_entropy,2026-10-02T18:13:03.755+00:00
4c95fe3e82d84747b9758b245195a0c6,9b83ed6d04254a9ab0de96c4bd0e387a,780,rated,4.0,swipe,8,2611.0,pop_entropy,2026-10-02T18:13:06.520+00:00
8f11d5b9a66e4e80b175774d4a7b6d46,9b83ed6d04254a9ab0de96c4bd0e387a,2710,not_interested,,swipe,9,10750.0,pop_entropy,2026-10-02T18:13:17.476+00:00
adbb9df35a144818b7c6b49dbaf655b0,9b83ed6d04254a9ab0de96c4bd0e387a,6934,not_interested,,swipe,10,36823.0,pop_entropy,2026-10-02T18:13:54.677+00:00
f8a1f15e07b846029311b9e5b6a91ffc,9b83ed6d04254a9ab0de96c4bd0e387a,72998,rated,4.0,swipe,11,8208.0,pop_entropy,2026-10-02T18:14:02.988+00:00
65e0aaacc8c24de4b562dd2ede4ec92e,9b83ed6d04254a9ab0de96c4bd0e387a,6365,not_interested,,swipe,12,8973.0,pop_entropy,2026-10-02T18:14:12.056+00:00
5859955fbc844169b69231533e62893d,9b83ed6d04254a9ab0de96c4bd0e387a,33493,rated,5.0,recommendation,13,,,2026-10-02T18:17:00.096+00:00
b6f5bf054e93402f8fbcd90c4fdf5fa5,9b83ed6d04254a9ab0de96c4bd0e387a,597,rated,5.0,recommendation,14,,,2026-10-02T18:17:03.846+00:00
ec1e0a03d70b4568bc41814c506b21e8,9b83ed6d04254a9ab0de96c4bd0e387a,1101,rated,5.0,recommendation,15,,,2026-10-02T18:17:08.307+00:00
468669693d0840ff9f61d62eaa35e5a0,9b83ed6d04254a9ab0de96c4bd0e387a,539,rated,5.0,recommendation,16,,,2026-10-02T18:17:18.984+00:00
d12f9d68501e4174bb2774d9c1bf7af9,9b83ed6d04254a9ab0de96c4bd0e387a,1380,rated,5.0,recommendation,17,,,2026-10-02T18:17:47.824+00:00
8462adaf5e89405fbc59360ff0d757da,9b83ed6d04254a9ab0de96c4bd0e387a,1210,rated,5.0,recommendation,18,,,2026-10-02T18:17:52.145+00:00
dde0eceeb0b7424eb208064f820d0aa8,9b83ed6d04254a9ab0de96c4bd0e387a,2424,rated,5.0,recommendation,19,,,2026-10-02T18:17:56.927+00:00
d7da9cce4267429fb1266008316e0de0,9b83ed6d04254a9ab0de96c4bd0e387a,3578,not_interested,,recommendation,20,,,2026-10-02T18:18:00.584+00:00
c9f5a5551fa8456ba93aa32152d59775,9b83ed6d04254a9ab0de96c4bd0e387a,587,rated,5.0,recommendation,21,,,2026-10-02T18:18:04.505+00:00
19f276b016ff46719aca939a75cf0f8e,9b83ed6d04254a9ab0de96c4bd0e387a,260,rated,5.0,recommendation,22,,,2026-10-02T18:18:09.225+00:00
9409d0df732f466bb2c3d69101cc6dd0,9d10c755bd414c82918df074c1d6d8a9,1101,rated,5.0,seed,0,,,2026-10-02T17:51:01.260+00:00
5ec20efd95db4dc4baa012dc4cc68657,9d10c755bd414c82918df074c1d6d8a9,2959,rated,5.0,seed,1,,,2026-10-02T17:51:01.469+00:00
86865a9f325441deb58b13c093640e2b,9d10c755bd414c82918df074c1d6d8a9,274053,rated,5.0,seed,2,,,2026-10-02T17:51:01.626+00:00
d27200f079084b21a82fe07118d0824d,9d10c755bd414c82918df074c1d6d8a9,1721,not_interested,,swipe,3,28832.0,adaptive,2026-10-02T17:51:30.988+00:00
44655e85f922451e9398410af682308b,9d10c755bd414c82918df074c1d6d8a9,2628,rated,4.0,swipe,4,14122.0,adaptive,2026-10-02T17:51:45.211+00:00
e0aceed94bd347c48f79ada129382414,9d10c755bd414c82918df074c1d6d8a9,231,rated,4.0,swipe,5,11506.0,adaptive,2026-10-02T17:51:56.899+00:00
1588dc9889be4fe8854787d603179adf,9d10c755bd414c82918df074c1d6d8a9,2706,not_interested,,swipe,6,3578.0,adaptive,2026-10-02T17:52:00.598+00:00
55c062cc412946e0b27b4b756981ac59,9d10c755bd414c82918df074c1d6d8a9,2710,rated,5.0,swipe,7,2503.0,adaptive,2026-10-02T17:52:03.197+00:00
aec753f083c14b61b9fe732c2511397d,9d10c755bd414c82918df074c1d6d8a9,5378,rated,5.0,swipe,8,2158.0,adaptive,2026-10-02T17:52:05.481+00:00
f0321e37c8d1441392324685eed0c0f6,9d10c755bd414c82918df074c1d6d8a9,4306,rated,5.0,swipe,9,2421.0,adaptive,2026-10-02T17:52:08.054+00:00
4c7bbf0ef87e4b41b21a4a2845118c38,9d10c755bd414c82918df074c1d6d8a9,344,interested,,swipe,10,3115.0,adaptive,2026-10-02T17:52:11.286+00:00
7026cdd930e84c568866a77c2f4f7951,9d10c755bd414c82918df074c1d6d8a9,2712,not_interested,,swipe,11,2637.0,adaptive,2026-10-02T17:52:14.053+00:00
4832dc34080f45a6bb4e91f20e55812f,9d10c755bd414c82918df074c1d6d8a9,1917,interested,,swipe,12,4491.0,adaptive,2026-10-02T17:52:18.637+00:00
449aa25faa8c406d9448237e85d4d342,9d10c755bd414c82918df074c1d6d8a9,33493,rated,5.0,recommendation,13,,,2026-10-02T17:52:43.225+00:00
c1e82bfc5fa04344ab61cc4f9397eddc,9d10c755bd414c82918df074c1d6d8a9,6539,rated,5.0,recommendation,14,,,2026-10-02T17:52:45.990+00:00
cb714e37e2af4bc9aea6058b38e86158,9d10c755bd414c82918df074c1d6d8a9,8360,rated,5.0,recommendation,15,,,2026-10-02T17:52:49.160+00:00
a52f1e36986f48aa92c257f33af209e8,9d10c755bd414c82918df074c1d6d8a9,3793,rated,4.0,recommendation,16,,,2026-10-02T17:52:51.667+00:00
362920d61afb4eacbb84d1d4fe51c351,9d10c755bd414c82918df074c1d6d8a9,5349,rated,5.0,recommendation,17,,,2026-10-02T17:52:53.723+00:00
0137bb5062e24b338f0f4d39268cf074,9d10c755bd414c82918df074c1d6d8a9,4896,rated,4.0,recommendation,18,,,2026-10-02T17:52:57.866+00:00
458515246d67437c8a7e0c96974c0d7c,9d10c755bd414c82918df074c1d6d8a9,1210,rated,5.0,recommendation,19,,,2026-10-02T17:53:01.205+00:00
5e1d6aac037b4cf5b8d50c1498ba34bd,9d10c755bd414c82918df074c1d6d8a9,3623,not_interested,,recommendation,20,,,2026-10-02T17:53:05.375+00:00
e0e1c617b2e34b68a1f3de2e99e79692,aae9cb114f654b74a724cf553426a4b7,48516,rated,5.0,seed,0,,,2026-10-02T18:48:15.351+00:00
92f2565e711845fe9855cad00feb70bd,aae9cb114f654b74a724cf553426a4b7,2248,rated,5.0,seed,1,,,2026-10-02T18:48:15.520+00:00
0675fd9c24ef4da3bac7fccc98dc4ddc,aae9cb114f654b74a724cf553426a4b7,3441,rated,5.0,seed,2,,,2026-10-02T18:48:15.745+00:00
7daa679c33c14d9bb7b621af6bc0a80c,aae9cb114f654b74a724cf553426a4b7,1721,rated,4.0,swipe,3,11509.0,pop_entropy,2026-10-02T18:48:27.487+00:00
f37f81369d5c4754acf8dc0d04c6c69b,aae9cb114f654b74a724cf553426a4b7,2628,rated,4.0,swipe,4,5161.0,pop_entropy,2026-10-02T18:48:32.780+00:00
76b0b5b5dc9b4e7b8f59bd183cffe469,aae9cb114f654b74a724cf553426a4b7,5378,rated,4.0,swipe,5,4239.0,pop_entropy,2026-10-02T18:48:37.148+00:00
0918e545a9214edf917fd2433a677b8a,aae9cb114f654b74a724cf553426a4b7,1917,rated,3.0,swipe,6,4368.0,pop_entropy,2026-10-02T18:48:41.665+00:00
a0de004f5cdd411782d4f386e03fe2c5,aae9cb114f654b74a724cf553426a4b7,231,rated,4.0,swipe,7,4022.0,pop_entropy,2026-10-02T18:48:45.858+00:00
88efb79287c14a3f9295436777be0f4d,aae9cb114f654b74a724cf553426a4b7,780,rated,4.0,swipe,8,2850.0,pop_entropy,2026-10-02T18:48:48.856+00:00
dbbda251dee54514971cb1bfea5f4c9c,aae9cb114f654b74a724cf553426a4b7,2710,not_interested,,swipe,9,6458.0,pop_entropy,2026-10-02T18:48:55.439+00:00
94903b86013840e6ab7489037b75eae1,aae9cb114f654b74a724cf553426a4b7,6934,rated,5.0,swipe,10,4060.0,pop_entropy,2026-10-02T18:48:59.671+00:00
94b0396e71a143d69be4db0e001cbead,aae9cb114f654b74a724cf553426a4b7,72998,rated,4.0,swipe,11,3986.0,pop_entropy,2026-10-02T18:49:03.770+00:00
8b6497f489504491acd2803fdf97a1a3,aae9cb114f654b74a724cf553426a4b7,6365,rated,5.0,swipe,12,2500.0,pop_entropy,2026-10-02T18:49:06.400+00:00
fd5ca66a02204810a9a493ae58a3939a,aae9cb114f654b74a724cf553426a4b7,2706,rated,4.0,swipe,13,24188.0,pop_entropy,2026-10-02T18:49:30.712+00:00
8d4b6fa9e88240f8abe6b4eb24c76774,aae9cb114f654b74a724cf553426a4b7,33493,rated,4.0,swipe,14,4005.0,pop_entropy,2026-10-02T18:49:34.835+00:00
ba94ee40a7c1475cbb128957b414a2ca,aae9cb114f654b74a724cf553426a4b7,344,rated,3.0,swipe,15,3201.0,pop_entropy,2026-10-02T18:49:38.171+00:00
a4423c8647ff455baf480625b34fb3c5,aae9cb114f654b74a724cf553426a4b7,2683,rated,3.0,swipe,16,3003.0,pop_entropy,2026-10-02T18:49:41.303+00:00
ac2fa290205e4280b8cf9357a92030d7,aae9cb114f654b74a724cf553426a4b7,19,rated,4.0,swipe,17,3221.0,pop_entropy,2026-10-02T18:49:44.738+00:00
843c4b34ae2f495fac6e3d5293883451,aae9cb114f654b74a724cf553426a4b7,3977,rated,5.0,swipe,18,2973.0,pop_entropy,2026-10-02T18:49:47.839+00:00
a709832632124819b8bf8c91bb6e32bc,aae9cb114f654b74a724cf553426a4b7,48385,rated,5.0,swipe,19,3120.0,pop_entropy,2026-10-02T18:49:51.070+00:00
940b8ae880fc4b4bb368895d640278af,aae9cb114f654b74a724cf553426a4b7,4306,rated,4.0,swipe,20,2919.0,pop_entropy,2026-10-02T18:49:54.121+00:00
d537a2b91fab44919e36593c97adfb2d,aae9cb114f654b74a724cf553426a4b7,53996,not_interested,,swipe,21,4675.0,pop_entropy,2026-10-02T18:49:58.902+00:00
9c4136de2f3645ad8149ebeae1bf466b,aae9cb114f654b74a724cf553426a4b7,4310,not_interested,,swipe,22,4418.0,pop_entropy,2026-10-02T18:50:03.472+00:00
0041e6066e7b499ea4a2d5f25766a4ac,aae9cb114f654b74a724cf553426a4b7,3785,not_interested,,swipe,23,4102.0,pop_entropy,2026-10-02T18:50:07.721+00:00
991fe75833c84fb8a6712875c1dcb558,aae9cb114f654b74a724cf553426a4b7,1517,rated,3.0,swipe,24,3579.0,pop_entropy,2026-10-02T18:50:11.490+00:00
50459d500d974a84b6b3e45a3be5786b,aae9cb114f654b74a724cf553426a4b7,5349,rated,5.0,swipe,25,3295.0,pop_entropy,2026-10-02T18:50:14.953+00:00
3f516563086a401695f9ade4fcae6f4d,aae9cb114f654b74a724cf553426a4b7,6539,rated,5.0,swipe,26,4131.0,pop_entropy,2026-10-02T18:50:19.208+00:00
db82f73a9f49472cb3fd2e3492f6bd77,aae9cb114f654b74a724cf553426a4b7,51662,rated,5.0,swipe,27,4084.0,pop_entropy,2026-10-02T18:50:23.424+00:00
da2cf98ea1104166b3826339fd9ba127,aae9cb114f654b74a724cf553426a4b7,3793,not_interested,,recommendation,28,,,2026-10-02T18:50:35.496+00:00
e77afa49667d4b49b061d7161c59adac,aae9cb114f654b74a724cf553426a4b7,8644,not_interested,,recommendation,29,,,2026-10-02T18:50:37.987+00:00
867144a4aa12411fad2218eae95f0310,aae9cb114f654b74a724cf553426a4b7,3578,interested,,recommendation,30,,,2026-10-02T18:50:41.434+00:00
27dcba2722444b7aab81d20e08bf3470,aae9cb114f654b74a724cf553426a4b7,5418,interested,,recommendation,31,,,2026-10-02T18:50:42.787+00:00
62f65615e3ae4a60a5fb7c1c16f095f1,aae9cb114f654b74a724cf553426a4b7,45722,interested,,recommendation,32,,,2026-10-02T18:50:50.639+00:00
2247cd975dbf4728a3ccfd18cade6199,aae9cb114f654b74a724cf553426a4b7,5952,interested,,recommendation,33,,,2026-10-02T18:50:52.707+00:00
ad2ed470a6a14d92a5923da438e5fe4c,aae9cb114f654b74a724cf553426a4b7,33794,interested,,recommendation,34,,,2026-10-02T18:50:54.423+00:00
e65a6a136efc40c98c45c16a03791174,aae9cb114f654b74a724cf553426a4b7,7153,interested,,recommendation,35,,,2026-10-02T18:50:56.138+00:00
50ef4518b8d24d8383e0d6d78cd7de28,aae9cb114f654b74a724cf553426a4b7,8636,interested,,recommendation,36,,,2026-10-02T18:50:57.739+00:00
e84bc9105da64ebb8a19bf3a45242154,aae9cb114f654b74a724cf553426a4b7,4896,rated,5.0,recommendation,37,,,2026-10-02T18:51:02.487+00:00
5d9ae1317d754c34942aac3bed800aad,aae9cb114f654b74a724cf553426a4b7,3623,rated,5.0,swipe,38,43680.0,pop_entropy,2026-10-02T18:51:07.212+00:00
d9d240a6d82147f48fc1418a7365a582,aae9cb114f654b74a724cf553426a4b7,2712,not_interested,,swipe,39,4051.0,pop_entropy,2026-10-02T18:51:11.375+00:00
2fd7d4477f314d4e83acb38cb15e4c54,aae9cb114f654b74a724cf553426a4b7,4718,not_interested,,swipe,40,3933.0,pop_entropy,2026-10-02T18:51:15.443+00:00
9449503bccc84c8eb618cc50cd16b0e2,aae9cb114f654b74a724cf553426a4b7,4369,not_interested,,swipe,41,3779.0,pop_entropy,2026-10-02T18:51:19.327+00:00
5eb304284c6b4bc889e9d417a125085a,aae9cb114f654b74a724cf553426a4b7,2617,rated,4.0,swipe,42,4279.0,pop_entropy,2026-10-02T18:51:23.745+00:00
bb103aa524eb41fea46adf2f6214771c,aae9cb114f654b74a724cf553426a4b7,6874,rated,5.0,swipe,43,2962.0,pop_entropy,2026-10-02T18:51:26.841+00:00
a425fe9fcae14a40bb94883a19bbcc7b,aae9cb114f654b74a724cf553426a4b7,1923,rated,5.0,swipe,44,4351.0,pop_entropy,2026-10-02T18:51:31.304+00:00
0b5f76eaebbd47f0a64d82ddf7be01e9,aae9cb114f654b74a724cf553426a4b7,586,rated,5.0,swipe,45,2865.0,pop_entropy,2026-10-02T18:51:34.294+00:00
a3440774f17442d39c07bc42998bea61,aae9cb114f654b74a724cf553426a4b7,480,rated,5.0,swipe,46,2252.0,pop_entropy,2026-10-02T18:51:36.664+00:00
b3d5201616f44e5aae28c72dfc6b962d,aae9cb114f654b74a724cf553426a4b7,8360,rated,4.0,swipe,47,3427.0,pop_entropy,2026-10-02T18:51:40.195+00:00
c21675c974b548079869205996571111,aae9cb114f654b74a724cf553426a4b7,4308,rated,4.0,swipe,48,3316.0,pop_entropy,2026-10-02T18:51:43.613+00:00
92c4cead45874a93ab02e8ebe42959e3,aae9cb114f654b74a724cf553426a4b7,2012,rated,3.0,swipe,49,4461.0,pop_entropy,2026-10-02T18:51:48.209+00:00
f0bbf090cb73430bae818ba72fa6363c,aae9cb114f654b74a724cf553426a4b7,30793,not_interested,,swipe,50,3187.0,pop_entropy,2026-10-02T18:51:51.510+00:00
5f45ac45b60b42bc9432bbd3da9b3495,aae9cb114f654b74a724cf553426a4b7,1676,not_interested,,swipe,51,8281.0,pop_entropy,2026-10-02T18:51:59.918+00:00
c7efb08a9fa44e758139f93429f27713,aae9cb114f654b74a724cf553426a4b7,1391,not_interested,,swipe,52,3569.0,pop_entropy,2026-10-02T18:52:03.613+00:00
1d42b72f04be4d40825c2310adb02bee,aae9cb114f654b74a724cf553426a4b7,3948,rated,5.0,swipe,53,3227.0,pop_entropy,2026-10-02T18:52:06.931+00:00
ac263a7b72a848aabdca19be81576e60,aae9cb114f654b74a724cf553426a4b7,63992,not_interested,,swipe,54,3482.0,pop_entropy,2026-10-02T18:52:10.543+00:00
1050046764864179b9665723d0c3fcde,aae9cb114f654b74a724cf553426a4b7,5481,rated,4.0,swipe,55,4521.0,pop_entropy,2026-10-02T18:52:15.186+00:00
84fcccb71f0146faa172e3c4f4f5d3f5,aae9cb114f654b74a724cf553426a4b7,1380,rated,5.0,swipe,56,2454.0,pop_entropy,2026-10-02T18:52:17.816+00:00
726675598b2741aa90448e3b503b2feb,aae9cb114f654b74a724cf553426a4b7,367,rated,3.0,swipe,57,3588.0,pop_entropy,2026-10-02T18:52:21.531+00:00
ac10644317e34a27956c798ee24fc997,aae9cb114f654b74a724cf553426a4b7,4447,rated,5.0,swipe,58,2472.0,pop_entropy,2026-10-02T18:52:24.121+00:00
6f628b9b092f43938f3de1ff75d2e672,aae9cb114f654b74a724cf553426a4b7,5816,rated,5.0,swipe,59,2357.0,pop_entropy,2026-10-02T18:52:26.602+00:00
0488ad6b9c364106874ead2dd05a515b,aae9cb114f654b74a724cf553426a4b7,4816,rated,3.0,swipe,60,2680.0,pop_entropy,2026-10-02T18:52:29.401+00:00
1f454a9d6ea748cfbc4e3504ba296a88,aae9cb114f654b74a724cf553426a4b7,8376,rated,3.0,swipe,61,2650.0,pop_entropy,2026-10-02T18:52:32.150+00:00
f6ac0deebe53490199575ae60c70cba8,aae9cb114f654b74a724cf553426a4b7,5459,rated,3.0,swipe,62,3761.0,pop_entropy,2026-10-02T18:52:36.021+00:00
9ce569b01e5a45b8abbdd179abe55e3e,aae9cb114f654b74a724cf553426a4b7,1580,rated,5.0,swipe,63,2527.0,pop_entropy,2026-10-02T18:52:38.668+00:00
ae6644874653471f83fca14190ddf9ba,aae9cb114f654b74a724cf553426a4b7,7438,rated,5.0,swipe,64,2243.0,pop_entropy,2026-10-02T18:52:41.033+00:00
d35d1a1cdab34238ac503a604e7cae46,aae9cb114f654b74a724cf553426a4b7,69122,rated,5.0,swipe,65,2969.0,pop_entropy,2026-10-02T18:52:44.116+00:00
1a24187b3d664d8c93abbbaf1c497d92,aae9cb114f654b74a724cf553426a4b7,89745,rated,5.0,swipe,66,2643.0,pop_entropy,2026-10-02T18:52:46.885+00:00
abe317a89d464c909b3a8d91e2e10e28,aae9cb114f654b74a724cf553426a4b7,8957,not_interested,,swipe,67,6092.0,pop_entropy,2026-10-02T18:52:53.185+00:00
472b1f43ac614b9aa4e4f708119953d6,aae9cb114f654b74a724cf553426a4b7,4370,not_interested,,swipe,68,6146.0,pop_entropy,2026-10-02T18:52:59.434+00:00
8270bdd7fe8147ef80fac36ba6e39afd,aae9cb114f654b74a724cf553426a4b7,4025,rated,5.0,swipe,69,3982.0,pop_entropy,2026-10-02T18:53:03.537+00:00
cd399766118949d6acac0a6e2cc03934,aae9cb114f654b74a724cf553426a4b7,53125,rated,3.0,swipe,70,4845.0,pop_entropy,2026-10-02T18:53:08.556+00:00
a2a606d373594548b6b889a83aa56eec,aae9cb114f654b74a724cf553426a4b7,1527,rated,4.0,swipe,71,2986.0,pop_entropy,2026-10-02T18:53:11.676+00:00
c2f2d2051dcd4170a024551231bf4d9a,aae9cb114f654b74a724cf553426a4b7,356,rated,5.0,swipe,72,2513.0,pop_entropy,2026-10-02T18:53:14.335+00:00
013e4aeff0c94bc78e03e4d8d1606dff,aae9cb114f654b74a724cf553426a4b7,5502,rated,5.0,swipe,73,3097.0,pop_entropy,2026-10-02T18:53:17.560+00:00
fbae731e0fa444c78425a9309e0882fa,aae9cb114f654b74a724cf553426a4b7,4270,rated,4.0,swipe,74,2805.0,pop_entropy,2026-10-02T18:53:20.494+00:00
d1d4dbe211e34dcc96199a3fcdfc808b,aae9cb114f654b74a724cf553426a4b7,6377,rated,3.0,swipe,75,4345.0,pop_entropy,2026-10-02T18:53:24.977+00:00
fc11e0526f1a40e0a43797ffc20b4f55,aae9cb114f654b74a724cf553426a4b7,104,rated,5.0,swipe,76,2072.0,pop_entropy,2026-10-02T18:53:27.194+00:00
2733022593d04c299168b1f1b10ee10b,aae9cb114f654b74a724cf553426a4b7,91500,rated,5.0,swipe,77,2383.0,pop_entropy,2026-10-02T18:53:29.703+00:00
c1e09f627b6545ca8115a4a09c59fa2c,aae9cb114f654b74a724cf553426a4b7,8361,rated,5.0,swipe,78,2502.0,pop_entropy,2026-10-02T18:53:32.339+00:00
f5e935ddd37943498dbc90ce25476ce3,aae9cb114f654b74a724cf553426a4b7,35836,rated,5.0,swipe,79,2798.0,pop_entropy,2026-10-02T18:53:35.255+00:00
4eacdc35ec70463d80cd579902683254,aae9cb114f654b74a724cf553426a4b7,1573,rated,5.0,swipe,80,2414.0,pop_entropy,2026-10-02T18:53:37.784+00:00
c41a4b6ff78749ff8963682eaaab78b1,aae9cb114f654b74a724cf553426a4b7,4246,rated,5.0,swipe,81,2616.0,pop_entropy,2026-10-02T18:53:40.556+00:00
d206652ea95c4aad88570d3e76655043,aae9cb114f654b74a724cf553426a4b7,288,rated,5.0,swipe,82,2637.0,pop_entropy,2026-10-02T18:53:43.292+00:00
e0c918fad09c4fddaf49a38509db878c,aae9cb114f654b74a724cf553426a4b7,33679,rated,5.0,swipe,83,2343.0,pop_entropy,2026-10-02T18:53:45.744+00:00
6e6a319bb29847e38eb0d3e4df324d64,aae9cb114f654b74a724cf553426a4b7,2657,rated,4.0,swipe,84,3296.0,pop_entropy,2026-10-02T18:53:49.153+00:00
219b79ab06db4e9c95eb28dc67f1ddc5,aae9cb114f654b74a724cf553426a4b7,4993,rated,5.0,swipe,85,2748.0,pop_entropy,2026-10-02T18:53:52.029+00:00
722dd9142e1944adabc98b1e664c9636,aae9cb114f654b74a724cf553426a4b7,45499,not_interested,,swipe,86,4063.0,pop_entropy,2026-10-02T18:53:56.212+00:00
c1ee1ec282f340dba91c8352dde232e6,aae9cb114f654b74a724cf553426a4b7,122886,rated,5.0,swipe,87,3056.0,pop_entropy,2026-10-02T18:53:59.382+00:00
afc1037a804d4d8eb72f6ed7fbb0c516,aae9cb114f654b74a724cf553426a4b7,52722,rated,5.0,swipe,88,2327.0,pop_entropy,2026-10-02T18:54:01.875+00:00
a40c4aedc7884deeabfb59e746115252,aae9cb114f654b74a724cf553426a4b7,32587,rated,4.0,swipe,89,4658.0,pop_entropy,2026-10-02T18:54:06.639+00:00
3e9efb85a0944411877a40d3017778ed,aae9cb114f654b74a724cf553426a4b7,1407,rated,4.0,swipe,90,4516.0,pop_entropy,2026-10-02T18:54:11.280+00:00
60e9339b88094f249cb75cadf1a64c7a,aae9cb114f654b74a724cf553426a4b7,5679,not_interested,,swipe,91,14524.0,pop_entropy,2026-10-02T18:54:25.929+00:00
788c7c1785cd4f9ca9bef5689324bc3b,aae9cb114f654b74a724cf553426a4b7,2011,rated,3.0,swipe,92,3283.0,pop_entropy,2026-10-02T18:54:29.335+00:00
ddeeb1a3e75244608dd019dfd55b9b81,aae9cb114f654b74a724cf553426a4b7,59615,rated,4.0,swipe,93,5813.0,pop_entropy,2026-10-02T18:54:35.251+00:00
8c28edcd64be40908d79e9fa81cd73d9,aae9cb114f654b74a724cf553426a4b7,68319,not_interested,,swipe,94,4523.0,pop_entropy,2026-10-02T18:54:39.914+00:00
03d8680b0a9448ff8c23cddf86adfeed,aae9cb114f654b74a724cf553426a4b7,8961,rated,5.0,swipe,95,2688.0,pop_entropy,2026-10-02T18:54:42.718+00:00
a69502d9259342eeab2ca6ae8b5a2b2a,aae9cb114f654b74a724cf553426a4b7,1101,rated,5.0,swipe,96,2929.0,pop_entropy,2026-10-02T18:54:45.749+00:00
c7d8561bc8f34cb7bdfb607d8e15f51d,ab5fb06b488c4221b0c2c21cfd782d1a,6155,rated,5.0,seed,0,,,2026-10-02T21:25:19.520+00:00
0212975c49814e90862dbb66dc941586,ab5fb06b488c4221b0c2c21cfd782d1a,597,rated,5.0,seed,1,,,2026-10-02T21:25:19.690+00:00
4a627dd77a734c3fbe89a5d7838bc107,ab5fb06b488c4221b0c2c21cfd782d1a,203218,rated,5.0,seed,2,,,2026-10-02T21:25:19.919+00:00
9c4f4a6998e6469485d6965a64db7cb7,ab5fb06b488c4221b0c2c21cfd782d1a,1721,rated,4.0,swipe,3,10912.0,pop_entropy,2026-10-02T21:25:30.972+00:00
3182de2da23642ef84f33e4a64655792,ab5fb06b488c4221b0c2c21cfd782d1a,2628,not_interested,,swipe,4,4520.0,pop_entropy,2026-10-02T21:25:35.646+00:00
15315b546299477bb5892f6aaeac2a03,ab5fb06b488c4221b0c2c21cfd782d1a,5378,not_interested,,swipe,5,2699.0,pop_entropy,2026-10-02T21:25:38.476+00:00
85de4d2feba3441da0856a10c660145d,ab5fb06b488c4221b0c2c21cfd782d1a,1917,not_interested,,swipe,6,3614.0,pop_entropy,2026-10-02T21:25:42.225+00:00
55078ff1f857412b8f4c9f15eb56b137,ab5fb06b488c4221b0c2c21cfd782d1a,231,not_interested,,swipe,7,3005.0,pop_entropy,2026-10-02T21:25:45.376+00:00
621dfdbddb61432aa2c62c2dc8c0235e,ab5fb06b488c4221b0c2c21cfd782d1a,780,not_interested,,swipe,8,4747.0,pop_entropy,2026-10-02T21:25:50.256+00:00
ef9f4851baae4252a9893fc25cc55eb0,ab5fb06b488c4221b0c2c21cfd782d1a,2710,rated,1.0,swipe,9,4747.0,pop_entropy,2026-10-02T21:25:55.141+00:00
f49d4a4d04264b52b2008d5c2d1ae368,ab5fb06b488c4221b0c2c21cfd782d1a,6934,not_interested,,swipe,10,4211.0,pop_entropy,2026-10-02T21:25:59.491+00:00
176afb76e59d4736ac2d9e50a9d9730d,ab5fb06b488c4221b0c2c21cfd782d1a,72998,not_interested,,swipe,11,2716.0,pop_entropy,2026-10-02T21:26:02.324+00:00
8b43da9dcec34caa943d4110304aea23,ab5fb06b488c4221b0c2c21cfd782d1a,6365,not_interested,,swipe,12,3103.0,pop_entropy,2026-10-02T21:26:05.578+00:00
62c3397dd6b24e2ab80154cdc2a95761,b90ee73ed4d845c6bb68a8c0d9199632,7143,rated,5.0,seed,0,,,2026-10-02T17:46:30.263+00:00
2f6278d98c144a18bc0d69a96016a470,b90ee73ed4d845c6bb68a8c0d9199632,318,rated,5.0,seed,1,,,2026-10-02T17:46:30.423+00:00
276d2663f09f432cbf9d89b72db615eb,b90ee73ed4d845c6bb68a8c0d9199632,7153,rated,5.0,seed,2,,,2026-10-02T17:46:30.606+00:00
74911966c8b44efbac54a6b3d139e030,b90ee73ed4d845c6bb68a8c0d9199632,58559,rated,5.0,seed,3,,,2026-10-02T17:46:30.777+00:00
c1b187da847b4df8a07116e40525e7b8,b90ee73ed4d845c6bb68a8c0d9199632,48780,rated,5.0,seed,4,,,2026-10-02T17:46:30.970+00:00
c72c32eceb334c82b30a26701e4a6074,b90ee73ed4d845c6bb68a8c0d9199632,1721,not_interested,,swipe,5,12790.0,pop_entropy,2026-10-02T17:46:43.927+00:00
f12cc32890e0465f95ff6f4493819015,b90ee73ed4d845c6bb68a8c0d9199632,2628,rated,3.0,swipe,6,4716.0,pop_entropy,2026-10-02T17:46:48.839+00:00
213ae1a25522486ea00a2b30fc33554f,b90ee73ed4d845c6bb68a8c0d9199632,5378,rated,4.0,swipe,7,6124.0,pop_entropy,2026-10-02T17:46:55.069+00:00
a00998a8ec604d428c575abb83fb80ce,b90ee73ed4d845c6bb68a8c0d9199632,1917,not_interested,,swipe,8,3942.0,pop_entropy,2026-10-02T17:46:59.135+00:00
0e0bcc19ec5e43c4b951e8d274de7dba,b90ee73ed4d845c6bb68a8c0d9199632,231,not_interested,,swipe,9,3878.0,pop_entropy,2026-10-02T17:47:03.143+00:00
808f7eb4a59b4b789e4f3e9ad3502363,b90ee73ed4d845c6bb68a8c0d9199632,780,interested,,swipe,10,4074.0,pop_entropy,2026-10-02T17:47:07.339+00:00
105450b65d794c778c7aed1af9dacf7a,b90ee73ed4d845c6bb68a8c0d9199632,2710,not_interested,,swipe,11,2935.0,pop_entropy,2026-10-02T17:47:10.401+00:00
4585cd46129a4596a9f4940b87492b81,b90ee73ed4d845c6bb68a8c0d9199632,6934,rated,4.0,swipe,12,4603.0,pop_entropy,2026-10-02T17:47:15.127+00:00
73d070eef3cd48b3aff7cac66b8fc95c,b90ee73ed4d845c6bb68a8c0d9199632,72998,rated,4.0,swipe,13,2494.0,pop_entropy,2026-10-02T17:47:17.755+00:00
7bb0409664874b598ff01d04c582e800,b90ee73ed4d845c6bb68a8c0d9199632,6365,rated,4.0,swipe,14,2330.0,pop_entropy,2026-10-02T17:47:20.199+00:00
3e9e51dcfe794b90b3529fc3934fd253,b90ee73ed4d845c6bb68a8c0d9199632,5952,rated,5.0,recommendation,15,,,2026-10-02T17:47:48.310+00:00
c595e5b98b1641aab5fcde456cb9ce6c,b90ee73ed4d845c6bb68a8c0d9199632,4993,rated,5.0,recommendation,16,,,2026-10-02T17:47:50.982+00:00
83d66c89a27b4dc4809336f7b6585e17,b90ee73ed4d845c6bb68a8c0d9199632,79132,rated,5.0,recommendation,17,,,2026-10-02T17:47:53.669+00:00
8f493f7621204aa39e7020c74d9e32ae,b90ee73ed4d845c6bb68a8c0d9199632,33794,rated,4.0,recommendation,18,,,2026-10-02T17:47:55.553+00:00
21513e4579d5493288e24e0820c4ab59,b90ee73ed4d845c6bb68a8c0d9199632,3578,rated,5.0,recommendation,19,,,2026-10-02T17:48:02.637+00:00
2aeddf4275124b4d975ae6bb4b41047f,b90ee73ed4d845c6bb68a8c0d9199632,91529,rated,4.0,recommendation,20,,,2026-10-02T17:48:06.413+00:00
d933af9d5d824c64a371479f81e3f93e,b90ee73ed4d845c6bb68a8c0d9199632,2571,rated,4.0,recommendation,21,,,2026-10-02T17:48:09.545+00:00
80b6073d20c4469cbba9bc1d510f6de7,b90ee73ed4d845c6bb68a8c0d9199632,6539,rated,3.0,recommendation,22,,,2026-10-02T17:48:20.063+00:00
cc35c9eb8a38403398db80ede7bc59b4,b90ee73ed4d845c6bb68a8c0d9199632,260,rated,4.0,recommendation,23,,,2026-10-02T17:48:24.718+00:00
3b9177614e5b4eea97d3bf6f7a8d50da,b90ee73ed4d845c6bb68a8c0d9199632,1198,rated,4.0,recommendation,24,,,2026-10-02T17:48:27.411+00:00
217c2c66ee874ec0a96cdd9f78b39cc4,b90ee73ed4d845c6bb68a8c0d9199632,2706,not_interested,,swipe,25,75459.0,pop_entropy,2026-10-02T17:48:35.781+00:00
5eca420b6be64d77974165f4f8ff3106,b90ee73ed4d845c6bb68a8c0d9199632,33493,rated,5.0,swipe,26,8584.0,pop_entropy,2026-10-02T17:48:44.471+00:00
58e0bb9933a24ef5801d0079e49057c7,b90ee73ed4d845c6bb68a8c0d9199632,344,not_interested,,swipe,27,2594.0,pop_entropy,2026-10-02T17:48:47.246+00:00
ad42990581d44ffa9a469490e68ecb43,b90ee73ed4d845c6bb68a8c0d9199632,2683,not_interested,,swipe,28,2720.0,pop_entropy,2026-10-02T17:48:50.090+00:00
7bace0ae549242358de3afbebf61956f,b90ee73ed4d845c6bb68a8c0d9199632,19,not_interested,,swipe,29,2148.0,pop_entropy,2026-10-02T17:48:52.474+00:00
91fc8ad7daf646fa80c57774816c9eca,b90ee73ed4d845c6bb68a8c0d9199632,44191,interested,,recommendation,30,,,2026-10-02T17:49:09.686+00:00
8a33a493917548ed9f92c17c5c1d3f6c,b90ee73ed4d845c6bb68a8c0d9199632,1196,rated,4.0,recommendation,31,,,2026-10-02T17:49:15.490+00:00
b0ff02c25ec04182a0b53604e492bc84,b90ee73ed4d845c6bb68a8c0d9199632,1210,rated,2.0,recommendation,32,,,2026-10-02T17:49:19.929+00:00
4dfd6b83c4084ffd9ebdb72b31e7d50e,b90ee73ed4d845c6bb68a8c0d9199632,2028,interested,,recommendation,33,,,2026-10-02T17:49:26.406+00:00
bf1dfdf4eb864a259389048c63d9a662,b90ee73ed4d845c6bb68a8c0d9199632,98809,rated,3.0,recommendation,34,,,2026-10-02T17:49:29.259+00:00
996f577347be40469f4b372079843122,b90ee73ed4d845c6bb68a8c0d9199632,3977,not_interested,,swipe,35,44378.0,pop_entropy,2026-10-02T17:49:36.982+00:00
d4a7f73f01b94b49b47f9cd8b3f88de5,b90ee73ed4d845c6bb68a8c0d9199632,48385,not_interested,,swipe,36,2012.0,pop_entropy,2026-10-02T17:49:39.118+00:00
753a10113b10432e9a52453830ddbca4,b90ee73ed4d845c6bb68a8c0d9199632,4306,not_interested,,swipe,37,2291.0,pop_entropy,2026-10-02T17:49:41.518+00:00
beaa3da8b1d645ec81f1ee58f9d0d422,b90ee73ed4d845c6bb68a8c0d9199632,53996,rated,3.0,swipe,38,2687.0,pop_entropy,2026-10-02T17:49:44.370+00:00
657a3c812b1f48fc82f71e0e6a72949a,b90ee73ed4d845c6bb68a8c0d9199632,4310,not_interested,,swipe,39,3282.0,pop_entropy,2026-10-02T17:49:47.758+00:00
3bdfb32cf0a448c283b0a8e2a0dcf35c,b90ee73ed4d845c6bb68a8c0d9199632,3785,not_interested,,swipe,40,2685.0,pop_entropy,2026-10-02T17:49:50.582+00:00
490f4ebd08e64c44b026af724f93fa03,b90ee73ed4d845c6bb68a8c0d9199632,1517,not_interested,,swipe,41,2716.0,pop_entropy,2026-10-02T17:49:53.398+00:00
776c416bb3294a84b64801b9e41826a3,b90ee73ed4d845c6bb68a8c0d9199632,5349,not_interested,,swipe,42,2926.0,pop_entropy,2026-10-02T17:49:56.460+00:00
a5689ec29e9f4973a1f4e0d9618e58c0,b90ee73ed4d845c6bb68a8c0d9199632,51662,interested,,swipe,43,3409.0,pop_entropy,2026-10-02T17:50:00.050+00:00
8655474100c04dbaa22ee1e8dfbc2ebe,b90ee73ed4d845c6bb68a8c0d9199632,3623,rated,4.0,swipe,44,8297.0,pop_entropy,2026-10-02T17:50:08.470+00:00
7a043a604e434806b6692296655fff99,b90ee73ed4d845c6bb68a8c0d9199632,8636,interested,,swipe,45,2319.0,pop_entropy,2026-10-02T17:50:11.010+00:00
26af3f90d2db4c46826e998c96bd07f2,b90ee73ed4d845c6bb68a8c0d9199632,2712,not_interested,,swipe,46,12290.0,pop_entropy,2026-10-02T17:50:23.442+00:00
7d2a35167d8741848e34623d2e5b8618,b90ee73ed4d845c6bb68a8c0d9199632,4718,not_interested,,swipe,47,3284.0,pop_entropy,2026-10-02T17:50:26.870+00:00
959ca65b44df4f089e3f46da964fdccc,b90ee73ed4d845c6bb68a8c0d9199632,4369,interested,,swipe,48,3660.0,pop_entropy,2026-10-02T17:50:30.647+00:00
868585b697ee4aaab2b0c6a11efbaf2a,b90ee73ed4d845c6bb68a8c0d9199632,2617,not_interested,,swipe,49,4432.0,pop_entropy,2026-10-02T17:50:35.202+00:00
4a595901718c4ca5b8955c38d45c1bf9,b90ee73ed4d845c6bb68a8c0d9199632,6874,not_interested,,swipe,50,2195.0,pop_entropy,2026-10-02T17:50:37.531+00:00
607056d2bdf849f894177d3f76c95f4a,b90ee73ed4d845c6bb68a8c0d9199632,1923,not_interested,,swipe,51,2855.0,pop_entropy,2026-10-02T17:50:40.508+00:00
eca0f9482f4349e1a5957f252f3070c5,b90ee73ed4d845c6bb68a8c0d9199632,586,rated,4.0,swipe,52,3048.0,pop_entropy,2026-10-02T17:50:43.710+00:00
524885ad3f42404a9fac9b3695f7ea2a,b90ee73ed4d845c6bb68a8c0d9199632,4896,rated,3.0,swipe,53,2625.0,pop_entropy,2026-10-02T17:50:46.446+00:00
367e97bc39854315adb04e6b5be8dcd3,b90ee73ed4d845c6bb68a8c0d9199632,480,rated,5.0,swipe,54,2073.0,pop_entropy,2026-10-02T17:50:48.639+00:00
c2c841a33181475f96f8533d8a04f521,b90ee73ed4d845c6bb68a8c0d9199632,8360,not_interested,,swipe,55,2016.0,pop_entropy,2026-10-02T17:50:50.770+00:00
551b76fdd0fe4a49bd8ae8f07f52f8f8,b90ee73ed4d845c6bb68a8c0d9199632,4308,not_interested,,swipe,56,2594.0,pop_entropy,2026-10-02T17:50:53.582+00:00
92a2d0097b904977b97dcb308db0fb22,b90ee73ed4d845c6bb68a8c0d9199632,2012,rated,2.0,swipe,57,5256.0,pop_entropy,2026-10-02T17:50:58.959+00:00
da128e449541475b89ec35aca1ef2d60,b90ee73ed4d845c6bb68a8c0d9199632,30793,not_interested,,swipe,58,2050.0,pop_entropy,2026-10-02T17:51:01.126+00:00
d5427287d01d4a42946e84b468987b69,b90ee73ed4d845c6bb68a8c0d9199632,1676,not_interested,,swipe,59,2449.0,pop_entropy,2026-10-02T17:51:03.698+00:00
dc39aff4a01544ffa28fd7c044ca6de6,b90ee73ed4d845c6bb68a8c0d9199632,1391,not_interested,,swipe,60,2223.0,pop_entropy,2026-10-02T17:51:06.042+00:00
db386641fe984cd0a8d700831fe00ca2,ba9e312098e543b39a06846e274fea1f,58559,rated,5.0,seed,0,,,2026-10-02T18:00:32.977+00:00
05e47efd2eb54a868b881a0bb96ba69a,ba9e312098e543b39a06846e274fea1f,296,rated,5.0,seed,1,,,2026-10-02T18:00:33.100+00:00
9468515e333c463d9a24aaab15664a9b,ba9e312098e543b39a06846e274fea1f,2810,rated,5.0,seed,2,,,2026-10-02T18:00:33.219+00:00
bf72701e986741c39530294878c1caa2,ba9e312098e543b39a06846e274fea1f,78499,rated,5.0,seed,3,,,2026-10-02T18:00:33.452+00:00
b0ba8ef891e145f19d1bfc14c6f71c81,ba9e312098e543b39a06846e274fea1f,202439,rated,5.0,seed,4,,,2026-10-02T18:00:33.631+00:00
1a07484c52a84e8ea535117fe5f4b830,ba9e312098e543b39a06846e274fea1f,1721,rated,4.0,swipe,5,8736.0,pop_entropy,2026-10-02T18:00:42.476+00:00
0999680be73f4ce284ce31e306abd7cf,ba9e312098e543b39a06846e274fea1f,2628,rated,3.0,swipe,6,4707.0,pop_entropy,2026-10-02T18:00:47.313+00:00
d0de4bed62da446497666c23e226c997,ba9e312098e543b39a06846e274fea1f,5378,rated,3.0,swipe,7,7020.0,pop_entropy,2026-10-02T18:00:54.478+00:00
58820fe4350c47d9981727eef34a056a,ba9e312098e543b39a06846e274fea1f,1917,interested,,swipe,8,12062.0,pop_entropy,2026-10-02T18:01:06.658+00:00
2ac1dfb22d3d4defb2b88f741436e202,ba9e312098e543b39a06846e274fea1f,231,not_interested,,swipe,9,5685.0,pop_entropy,2026-10-02T18:01:12.467+00:00
363afd87162542189b569ef1c549d705,ba9e312098e543b39a06846e274fea1f,780,rated,4.0,swipe,10,5437.0,pop_entropy,2026-10-02T18:01:18.097+00:00
7dfbc96e06434256ab7890989c0faf10,ba9e312098e543b39a06846e274fea1f,2710,not_interested,,swipe,11,3398.0,pop_entropy,2026-10-02T18:01:21.608+00:00
c2d5722f63a44c5ca317eecfa357c728,ba9e312098e543b39a06846e274fea1f,6934,interested,,swipe,12,12276.0,pop_entropy,2026-10-02T18:01:34.015+00:00
37f5b39bd7e449718d156253df0e529e,ba9e312098e543b39a06846e274fea1f,72998,rated,4.0,swipe,13,2656.0,pop_entropy,2026-10-02T18:01:36.773+00:00
d553c7c374924140b83b4d63b23851cd,ba9e312098e543b39a06846e274fea1f,6365,not_interested,,swipe,14,7237.0,pop_entropy,2026-10-02T18:01:44.212+00:00
adf1661fe0434895b59192d4a8bf6903,ba9e312098e543b39a06846e274fea1f,2706,not_interested,,swipe,15,33227.0,pop_entropy,2026-10-02T18:02:17.811+00:00
30e0f4ee6def44a8a3f821978f995bbe,ba9e312098e543b39a06846e274fea1f,33493,rated,5.0,swipe,16,2767.0,pop_entropy,2026-10-02T18:02:20.710+00:00
a686b29fdcc94e09b0df90bcbb766ec0,ba9e312098e543b39a06846e274fea1f,344,rated,3.0,swipe,17,10179.0,pop_entropy,2026-10-02T18:02:31.003+00:00
dfb03afb0e1f4f21a8d6a0d242e29795,ba9e312098e543b39a06846e274fea1f,2683,rated,3.0,swipe,18,9428.0,pop_entropy,2026-10-02T18:02:40.540+00:00
01e7b8dcb2214dbfbdc25ca9a0342a9f,bcf2d3aa646144348459b153a22a682e,195159,rated,5.0,seed,0,,,2026-10-02T17:59:29.705+00:00
a2b76f7ba9af43a0a6cd48e3da3c0ec2,bcf2d3aa646144348459b153a22a682e,90249,rated,5.0,seed,1,,,2026-10-02T17:59:29.877+00:00
98fb9cf78b894b558627bd2a29ce1865,bcf2d3aa646144348459b153a22a682e,48780,rated,5.0,seed,2,,,2026-10-02T17:59:30.023+00:00
3a8818a26caf47e9873f9a46eb46197e,bcf2d3aa646144348459b153a22a682e,1721,not_interested,,swipe,3,10451.0,pop_entropy,2026-10-02T17:59:40.609+00:00
c4d195ee24d74433bb0a4ec9922818f6,bcf2d3aa646144348459b153a22a682e,2628,rated,4.0,swipe,4,6133.0,pop_entropy,2026-10-02T17:59:46.886+00:00
4c405c87d9be4079b5afadf5af5804aa,bcf2d3aa646144348459b153a22a682e,5378,rated,5.0,swipe,5,3299.0,pop_entropy,2026-10-02T17:59:50.304+00:00
3f257ab63fc94770b101f179ddb7bd47,bcf2d3aa646144348459b153a22a682e,1917,not_interested,,swipe,6,5128.0,pop_entropy,2026-10-02T17:59:55.574+00:00
c4a33e7acc2c44c8a2d9a6d7715c7a11,bcf2d3aa646144348459b153a22a682e,231,interested,,swipe,7,3437.0,pop_entropy,2026-10-02T17:59:59.173+00:00
4a8d39d079a3440fab46916192e12aaf,bcf2d3aa646144348459b153a22a682e,780,rated,3.0,swipe,8,3085.0,pop_entropy,2026-10-02T18:00:02.371+00:00
28314db4501e43db8db7ebe6cdff7d9e,bcf2d3aa646144348459b153a22a682e,2710,rated,4.0,swipe,9,3121.0,pop_entropy,2026-10-02T18:00:05.660+00:00
cc58e487bbfb4495b3bc6c2734d6abda,bcf2d3aa646144348459b153a22a682e,6934,not_interested,,swipe,10,3253.0,pop_entropy,2026-10-02T18:00:09.162+00:00
af329c0504e54da7b3b392aca1eaa78a,bcf2d3aa646144348459b153a22a682e,72998,rated,5.0,swipe,11,2372.0,pop_entropy,2026-10-02T18:00:11.692+00:00
735da1ee558849639a480f2396ca23f8,bcf2d3aa646144348459b153a22a682e,6365,not_interested,,swipe,12,3488.0,pop_entropy,2026-10-02T18:00:15.309+00:00
d036f4a91f0f4861b4c20f07d838d9af,bcf2d3aa646144348459b153a22a682e,33493,rated,5.0,recommendation,13,,,2026-10-02T18:01:28.064+00:00
24a412b3b0d2458f8d3fda58e7271140,bcf2d3aa646144348459b153a22a682e,92938,interested,,recommendation,14,,,2026-10-02T18:01:37.339+00:00
f6eccd033dcb4c5faa28c6aca401bfe2,bcf2d3aa646144348459b153a22a682e,286897,rated,5.0,recommendation,15,,,2026-10-02T18:01:40.072+00:00
ce9d9353ef684cbcb75947c8825ad4a2,bcf2d3aa646144348459b153a22a682e,113348,interested,,recommendation,16,,,2026-10-02T18:01:44.592+00:00
071bc95a947e4bb38ca532617a12e04c,bcf2d3aa646144348459b153a22a682e,61160,interested,,recommendation,17,,,2026-10-02T18:01:50.477+00:00
f67b7fda15684a42aa6da33b7496cc46,bcf2d3aa646144348459b153a22a682e,2706,not_interested,,swipe,18,110516.0,pop_entropy,2026-10-02T18:02:06.126+00:00
5a7e36b4d26d4909b2e87b509d004517,bcf2d3aa646144348459b153a22a682e,344,interested,,swipe,19,3716.0,pop_entropy,2026-10-02T18:02:10.012+00:00
c6d2261d69a8420ea7162db956332b34,bcf2d3aa646144348459b153a22a682e,2683,interested,,swipe,20,3491.0,pop_entropy,2026-10-02T18:02:13.749+00:00
5e411486aa18414cb7ec03aa8abee486,bcf2d3aa646144348459b153a22a682e,19,interested,,swipe,21,2713.0,pop_entropy,2026-10-02T18:02:16.579+00:00
18875d74696d4c528ce3713d8d60c3a3,bcf2d3aa646144348459b153a22a682e,3977,not_interested,,swipe,22,3655.0,pop_entropy,2026-10-02T18:02:20.325+00:00
d220c7154f164024938d30368b91fcc8,bcf2d3aa646144348459b153a22a682e,48385,interested,,swipe,23,2499.0,pop_entropy,2026-10-02T18:02:22.913+00:00
366f00f5eec44dfdbd6c6c52b00eb553,bcf2d3aa646144348459b153a22a682e,4306,rated,5.0,swipe,24,2795.0,pop_entropy,2026-10-02T18:02:25.830+00:00
f32ef077f5484639842678d10e89bac8,bcf2d3aa646144348459b153a22a682e,53996,rated,5.0,swipe,25,2800.0,pop_entropy,2026-10-02T18:02:28.746+00:00
18257fc1a5474917b7a1211d12b5eb2e,bcf2d3aa646144348459b153a22a682e,4310,not_interested,,swipe,26,3267.0,pop_entropy,2026-10-02T18:02:32.177+00:00
e9b0c78aae7d4710b55164045eedfd9d,bcf2d3aa646144348459b153a22a682e,3785,rated,4.0,swipe,27,7153.0,pop_entropy,2026-10-02T18:02:39.435+00:00
06c9e730a4484914bb16faa809744b3a,bfa3c236df5f4876852049d3812334b0,2959,rated,5.0,seed,0,,,2026-10-02T18:58:40.728+00:00
418fda6cf475487f812de19af0457f7f,bfa3c236df5f4876852049d3812334b0,441,rated,5.0,seed,1,,,2026-10-02T18:58:40.874+00:00
8d7b9f59ecff4f4ead1fcaad8086161a,bfa3c236df5f4876852049d3812334b0,1378,rated,5.0,seed,2,,,2026-10-02T18:58:41.032+00:00
d0ac3b9525ad43489d2135d1f5bda274,bfa3c236df5f4876852049d3812334b0,1721,rated,3.0,swipe,3,12033.0,pop_entropy,2026-10-02T18:58:53.190+00:00
5c8a31f3d5734290a49504b5e4d1c84c,bfa3c236df5f4876852049d3812334b0,2628,not_interested,,swipe,4,18062.0,pop_entropy,2026-10-02T18:59:11.382+00:00
dfd98743fa1b4d31a1a35a0a5d11fd92,bfa3c236df5f4876852049d3812334b0,5378,not_interested,,swipe,5,8601.0,pop_entropy,2026-10-02T18:59:20.084+00:00
8d0b2b0cf4a84a4ca515b58fe192c6f0,bfa3c236df5f4876852049d3812334b0,1917,rated,4.0,swipe,6,5318.0,pop_entropy,2026-10-02T18:59:25.529+00:00
f91d9cfceba54028b5ad26e612509182,bfa3c236df5f4876852049d3812334b0,231,rated,5.0,swipe,7,3535.0,pop_entropy,2026-10-02T18:59:29.282+00:00
8798cbc32bb14c1ab0ca6e79f7c8ef34,bfa3c236df5f4876852049d3812334b0,780,rated,4.0,swipe,8,5266.0,pop_entropy,2026-10-02T18:59:34.776+00:00
4d2f106a0cd1436585a4058ddb549a21,bfa3c236df5f4876852049d3812334b0,2710,rated,5.0,swipe,9,2943.0,pop_entropy,2026-10-02T18:59:37.918+00:00
4cffe2b2e8a94b789d3b5b7b475f4d4c,bfa3c236df5f4876852049d3812334b0,6934,not_interested,,swipe,10,13101.0,pop_entropy,2026-10-02T18:59:51.119+00:00
e8eaeab248db4208b362eeb0e55ae19d,bfa3c236df5f4876852049d3812334b0,72998,not_interested,,swipe,11,5568.0,pop_entropy,2026-10-02T18:59:56.815+00:00
3c6abe782e7b4d66b84feb0ef93934ba,bfa3c236df5f4876852049d3812334b0,6365,rated,3.0,swipe,12,4786.0,pop_entropy,2026-10-02T19:00:01.720+00:00
4345635a63394341af50738f6f4301ec,bfa3c236df5f4876852049d3812334b0,2706,rated,5.0,swipe,13,148485.0,pop_entropy,2026-10-02T19:02:30.549+00:00
85961227a3fc46918d0790a3709f0a99,bfa3c236df5f4876852049d3812334b0,33493,not_interested,,swipe,14,15821.0,pop_entropy,2026-10-02T19:02:46.512+00:00
7acbbd47733c446ca4ea20d58dc7958a,bfa3c236df5f4876852049d3812334b0,344,rated,5.0,swipe,15,5857.0,pop_entropy,2026-10-02T19:02:52.576+00:00
64fe3b8acaa442f4bd24f6f971df83a6,bfa3c236df5f4876852049d3812334b0,2683,rated,5.0,swipe,16,5056.0,pop_entropy,2026-10-02T19:02:57.760+00:00
d37dd51a583a41afb6f187774dc528f3,bfa3c236df5f4876852049d3812334b0,19,rated,4.0,swipe,17,3231.0,pop_entropy,2026-10-02T19:03:01.104+00:00
04f2e1fad8894f0cb5d3868187d535e2,bfa3c236df5f4876852049d3812334b0,3977,rated,5.0,swipe,18,3266.0,pop_entropy,2026-10-02T19:03:04.480+00:00
cf89e8dee1e3499da595a9814cd1a8d3,bfa3c236df5f4876852049d3812334b0,48385,rated,2.0,swipe,19,5296.0,pop_entropy,2026-10-02T19:03:10.189+00:00
80a1abdc4f53492f8bcc9ffbbf1dd9fa,bfa3c236df5f4876852049d3812334b0,4306,rated,4.0,swipe,20,3454.0,pop_entropy,2026-10-02T19:03:13.809+00:00
f4a92822abbc4a058e1b2c2da5305114,bfa3c236df5f4876852049d3812334b0,53996,not_interested,,swipe,21,6584.0,pop_entropy,2026-10-02T19:03:20.503+00:00
971257f73a654323a90fc5d430baf61c,bfa3c236df5f4876852049d3812334b0,4310,rated,2.0,swipe,22,5812.0,pop_entropy,2026-10-02T19:03:26.471+00:00
b4a495829f674e7e8c65eb2b3185fabd,bfa3c236df5f4876852049d3812334b0,3785,rated,3.0,swipe,23,3430.0,pop_entropy,2026-10-02T19:03:30.042+00:00
d0e282ef9d2645ac9d5e723aeaedc2ba,bfa3c236df5f4876852049d3812334b0,1517,rated,4.0,swipe,24,3231.0,pop_entropy,2026-10-02T19:03:33.397+00:00
97a168cfdfa747fda273ca7b323c84c6,bfa3c236df5f4876852049d3812334b0,5349,not_interested,,swipe,25,7181.0,pop_entropy,2026-10-02T19:03:40.744+00:00
e11f68946294451eba9cc8722eba42fe,bfa3c236df5f4876852049d3812334b0,6539,not_interested,,swipe,26,8404.0,pop_entropy,2026-10-02T19:03:49.262+00:00
3ece9388bb484069a640774c8243178e,bfa3c236df5f4876852049d3812334b0,51662,rated,4.0,swipe,27,4663.0,pop_entropy,2026-10-02T19:03:54.034+00:00
eb6b329f43da4e81b1a6cd88f24e5cb1,ce855be4f7eb4ceda854570ce383c399,1682,rated,5.0,seed,0,,,2026-10-02T18:32:49.618+00:00
17a2ee0129354577a7bee38e4921cc34,ce855be4f7eb4ceda854570ce383c399,108932,rated,5.0,seed,1,,,2026-10-02T18:32:49.778+00:00
28058833fc0a47b6b355c0a84f6900c1,ce855be4f7eb4ceda854570ce383c399,1270,rated,5.0,seed,2,,,2026-10-02T18:32:49.902+00:00
d7804aedd8eb4f17964b2669d7748575,ce855be4f7eb4ceda854570ce383c399,1721,rated,3.0,swipe,3,5695.0,pop_entropy,2026-10-02T18:32:55.711+00:00
7e15979f186d4e0fae20817e5d07378e,ce855be4f7eb4ceda854570ce383c399,2628,rated,3.0,swipe,4,6210.0,pop_entropy,2026-10-02T18:33:02.064+00:00
754b5618a10f4115b0186dc5ce620c3e,ce855be4f7eb4ceda854570ce383c399,5378,rated,4.0,swipe,5,3829.0,pop_entropy,2026-10-02T18:33:06.073+00:00
8f061ef3f2e14dc1b7920d59df36d25c,ce855be4f7eb4ceda854570ce383c399,1917,not_interested,,swipe,6,6994.0,pop_entropy,2026-10-02T18:33:13.183+00:00
225d49e380444b749e1f98e4c0c31b30,ce855be4f7eb4ceda854570ce383c399,231,not_interested,,swipe,7,2622.0,pop_entropy,2026-10-02T18:33:24.100+00:00
c5cd3e5f681e44489db5688bbf634713,ce855be4f7eb4ceda854570ce383c399,780,not_interested,,swipe,8,4482.0,pop_entropy,2026-10-02T18:33:34.887+00:00
1df3e78f6f1243d9895528bd5515085c,ce855be4f7eb4ceda854570ce383c399,2710,not_interested,,swipe,9,4536.0,pop_entropy,2026-10-02T18:33:39.519+00:00
37dcc5e624fb4d60a3b49b24509280c0,ce855be4f7eb4ceda854570ce383c399,6934,not_interested,,swipe,10,4001.0,pop_entropy,2026-10-02T18:33:43.633+00:00
af35df860af1431cb3c87617ba7946c4,ce855be4f7eb4ceda854570ce383c399,72998,rated,3.0,swipe,11,8475.0,pop_entropy,2026-10-02T18:33:52.226+00:00
a84001166d1e4fe6b7f690443ecfca37,ce855be4f7eb4ceda854570ce383c399,6365,not_interested,,swipe,12,5315.0,pop_entropy,2026-10-02T18:33:57.690+00:00
840cbd331a1a4e8b91754744369d0d0b,ce855be4f7eb4ceda854570ce383c399,2011,rated,4.0,recommendation,13,,,2026-10-02T18:34:12.499+00:00
f961e330f9864cf1b48ec3669f943d31,ce855be4f7eb4ceda854570ce383c399,1265,rated,5.0,recommendation,14,,,2026-10-02T18:34:15.169+00:00
5eabf80556da40939ff54b43b7a233f6,ce855be4f7eb4ceda854570ce383c399,1,rated,4.0,recommendation,15,,,2026-10-02T18:34:17.633+00:00
df26e20694324f65bf3b052bade231a9,ce855be4f7eb4ceda854570ce383c399,2012,rated,3.0,recommendation,16,,,2026-10-02T18:34:20.079+00:00
a637cb22ffa747b3b3b52c6d5814809b,ce855be4f7eb4ceda854570ce383c399,2716,rated,3.0,recommendation,17,,,2026-10-02T18:34:22.836+00:00
c3aeb7552c824739baca83e2231cb83c,ce855be4f7eb4ceda854570ce383c399,1198,rated,4.0,recommendation,18,,,2026-10-02T18:34:25.055+00:00
4103717ae3e2437eb7fc61efc8948394,ce855be4f7eb4ceda854570ce383c399,97913,rated,4.0,recommendation,19,,,2026-10-02T18:34:27.884+00:00
4bd8b0eb95944b2da36194b148f01da3,ce855be4f7eb4ceda854570ce383c399,1653,rated,4.0,recommendation,20,,,2026-10-02T18:34:34.734+00:00
39259a86d5154079a25826a87935fe6f,ce855be4f7eb4ceda854570ce383c399,2706,not_interested,,swipe,21,53995.0,pop_entropy,2026-10-02T18:34:51.857+00:00
595a40946358486ab653445f3cb88a2b,ce855be4f7eb4ceda854570ce383c399,33493,rated,4.0,swipe,22,4105.0,pop_entropy,2026-10-02T18:34:56.074+00:00
9816d6a71f1e4bd18ad4a99ab4e6900c,ce855be4f7eb4ceda854570ce383c399,344,interested,,swipe,23,4119.0,pop_entropy,2026-10-02T18:35:00.317+00:00
7283a96778d34000889d9e41dbe07575,ce855be4f7eb4ceda854570ce383c399,2683,rated,4.0,swipe,24,6280.0,pop_entropy,2026-10-02T18:35:06.716+00:00
19d369d0950c48cd98e92432f64b18cb,ce855be4f7eb4ceda854570ce383c399,19,not_interested,,swipe,25,3358.0,pop_entropy,2026-10-02T18:35:10.164+00:00
fc2e187d73d5461e8699bda362d00d6c,ce855be4f7eb4ceda854570ce383c399,3977,not_interested,,swipe,26,3363.0,pop_entropy,2026-10-02T18:35:13.678+00:00
a7873ea1e28b4578995ed3c822dbb9d2,ce855be4f7eb4ceda854570ce383c399,48385,interested,,swipe,27,6593.0,pop_entropy,2026-10-02T18:35:20.423+00:00
fef5567a34264dc5be9a970643acabe0,ce855be4f7eb4ceda854570ce383c399,1036,rated,4.0,recommendation,28,,,2026-10-02T18:35:35.824+00:00
75a94498d29c4b23988dc4f7c10d3a48,ce855be4f7eb4ceda854570ce383c399,134853,rated,4.0,recommendation,29,,,2026-10-02T18:35:55.630+00:00
ebdbe50b5b144ef4876002976fe88f56,ce855be4f7eb4ceda854570ce383c399,1196,rated,4.0,recommendation,30,,,2026-10-02T18:36:00.097+00:00
38ad80d9030f4f1399fed7c293fe4450,ce855be4f7eb4ceda854570ce383c399,81564,rated,5.0,recommendation,31,,,2026-10-02T18:36:03.519+00:00
ece67dbeee87442797028cb732137102,ce855be4f7eb4ceda854570ce383c399,1197,rated,5.0,recommendation,32,,,2026-10-02T18:36:07.483+00:00
ae4558c37c68426d82dc68a8e7133312,ce855be4f7eb4ceda854570ce383c399,4306,not_interested,,swipe,33,66966.0,pop_entropy,2026-10-02T18:36:27.510+00:00
ceb6249cf7c84c5f836903a68561ba77,ce855be4f7eb4ceda854570ce383c399,53996,not_interested,,swipe,34,3289.0,pop_entropy,2026-10-02T18:36:30.943+00:00
423225b70fdc4354a58be59b608fc24b,ce855be4f7eb4ceda854570ce383c399,4310,not_interested,,swipe,35,3088.0,pop_entropy,2026-10-02T18:36:34.145+00:00
50ac937bcead43199f998949f89c426a,ce855be4f7eb4ceda854570ce383c399,3785,interested,,swipe,36,3565.0,pop_entropy,2026-10-02T18:36:37.901+00:00
4351857fe1c54bf095f10abdde8cda0b,ce855be4f7eb4ceda854570ce383c399,1517,rated,3.0,swipe,37,3535.0,pop_entropy,2026-10-02T18:36:41.550+00:00
7b0c906c0263474d8ef298a66b7eeae2,ce855be4f7eb4ceda854570ce383c399,5349,not_interested,,swipe,38,5048.0,pop_entropy,2026-10-02T18:36:46.713+00:00
1809c6d0335840428c536ec6b8b7ced4,ce855be4f7eb4ceda854570ce383c399,6539,rated,5.0,swipe,39,3109.0,pop_entropy,2026-10-02T18:36:50.033+00:00
34a3e2a2ee7b48bf818f674bd3ee99a5,ce855be4f7eb4ceda854570ce383c399,51662,interested,,swipe,40,3677.0,pop_entropy,2026-10-02T18:36:53.857+00:00
9121309a1b0049a4b4564313bd968089,ce855be4f7eb4ceda854570ce383c399,3623,not_interested,,swipe,41,3666.0,pop_entropy,2026-10-02T18:36:57.636+00:00
2233f7a2aa2f4fa1a4394cdfbd586205,ce855be4f7eb4ceda854570ce383c399,8636,not_interested,,swipe,42,3160.0,pop_entropy,2026-10-02T18:37:01.060+00:00
0ba9551106ea49efbdfcb48ab6138138,ce855be4f7eb4ceda854570ce383c399,2712,not_interested,,swipe,43,2876.0,pop_entropy,2026-10-02T18:37:04.038+00:00
595fa8e3ed394bc9a17842e62f0e07cd,ce855be4f7eb4ceda854570ce383c399,4718,not_interested,,swipe,44,2201.0,pop_entropy,2026-10-02T18:37:06.360+00:00
dad9410eb6174d15b1b920e39a802098,ce855be4f7eb4ceda854570ce383c399,4369,interested,,swipe,45,6343.0,pop_entropy,2026-10-02T18:37:12.817+00:00
32e06e508a2240049fdf67a76ee970b2,ce855be4f7eb4ceda854570ce383c399,2617,rated,3.0,swipe,46,5317.0,pop_entropy,2026-10-02T18:37:18.255+00:00
44e9c49b165643aa9b93dc3cd066a866,ce855be4f7eb4ceda854570ce383c399,6874,not_interested,,swipe,47,4258.0,pop_entropy,2026-10-02T18:37:22.631+00:00
ced04864e5cd4ed8ad4a24e25219dc9c,ce855be4f7eb4ceda854570ce383c399,1923,not_interested,,swipe,48,1908.0,pop_entropy,2026-10-02T18:37:24.665+00:00
6ef09cb4b4d144b69f2996a8d1fe3ac7,ce855be4f7eb4ceda854570ce383c399,586,rated,4.0,swipe,49,4151.0,pop_entropy,2026-10-02T18:37:28.934+00:00
e74d6dade58348938ddf29e5a059fc42,ce855be4f7eb4ceda854570ce383c399,4896,rated,4.0,swipe,50,2884.0,pop_entropy,2026-10-02T18:37:31.935+00:00
980d2f98bebc48fd8aaaa5de17271bfe,ce855be4f7eb4ceda854570ce383c399,480,rated,3.0,swipe,51,2323.0,pop_entropy,2026-10-02T18:37:34.388+00:00
95234f43ba3543bda22bd9b73deb066a,ce855be4f7eb4ceda854570ce383c399,8360,not_interested,,swipe,52,2560.0,pop_entropy,2026-10-02T18:37:37.044+00:00
3380af2856d04965b06201b2fbd1bbf8,ce855be4f7eb4ceda854570ce383c399,4308,not_interested,,swipe,53,2548.0,pop_entropy,2026-10-02T18:37:39.700+00:00
22514b4bc2ea466cb061e94f75c2bf9f,ce855be4f7eb4ceda854570ce383c399,30793,rated,3.0,swipe,54,6035.0,pop_entropy,2026-10-02T18:37:45.854+00:00
082907f338db43959dcd0c337bc7f64a,ce855be4f7eb4ceda854570ce383c399,1676,not_interested,,swipe,55,4005.0,pop_entropy,2026-10-02T18:37:49.961+00:00
d3b64f9a20864f9db913409286fd5b68,ce855be4f7eb4ceda854570ce383c399,1391,not_interested,,swipe,56,1889.0,pop_entropy,2026-10-02T18:37:51.957+00:00
551b82fcf9074cb4b78f3ca8a6cf15e8,df7792644ff14b0880ad8387e859d4fa,3897,rated,5.0,seed,0,,,2026-10-02T18:08:48.045+00:00
0192016cd2c6449e99edee2cbb50114b,df7792644ff14b0880ad8387e859d4fa,1088,rated,5.0,seed,1,,,2026-10-02T18:08:48.176+00:00
79ae0f09b7fb4dbab6e35de74bead09f,df7792644ff14b0880ad8387e859d4fa,45517,rated,5.0,seed,2,,,2026-10-02T18:08:48.308+00:00
324428e6c3f64ae6a209e8c7df14c05d,df7792644ff14b0880ad8387e859d4fa,1721,interested,,swipe,3,9633.0,pop_entropy,2026-10-02T18:08:58.100+00:00
308c859cd35f4d8dbf07ce241fd1a4a7,df7792644ff14b0880ad8387e859d4fa,2628,rated,5.0,swipe,4,24087.0,pop_entropy,2026-10-02T18:09:22.300+00:00
11b9ebfffc174acca2ec0f00fe5f4286,df7792644ff14b0880ad8387e859d4fa,5378,rated,5.0,swipe,5,4646.0,pop_entropy,2026-10-02T18:09:27.046+00:00
4f599f22cd754638ae5e35f8faca7bdd,df7792644ff14b0880ad8387e859d4fa,1917,not_interested,,swipe,6,11400.0,pop_entropy,2026-10-02T18:09:38.561+00:00
c14f27b7578c4fe6a2d6ebfab3fa3b47,df7792644ff14b0880ad8387e859d4fa,231,not_interested,,swipe,7,13521.0,pop_entropy,2026-10-02T18:09:52.213+00:00
99c976cc13cf4077ae65eee6a59af29c,df7792644ff14b0880ad8387e859d4fa,780,not_interested,,swipe,8,3625.0,pop_entropy,2026-10-02T18:09:55.964+00:00
15ebdc05daca4a2d926be053de9407f2,df7792644ff14b0880ad8387e859d4fa,2710,not_interested,,swipe,9,7802.0,pop_entropy,2026-10-02T18:10:03.883+00:00
c454a331889d4292bcd8596e7a37119e,df7792644ff14b0880ad8387e859d4fa,6934,not_interested,,swipe,10,3090.0,pop_entropy,2026-10-02T18:10:07.094+00:00
9cda242e8bc745b6af30dac03e383208,df7792644ff14b0880ad8387e859d4fa,72998,rated,5.0,swipe,11,3380.0,pop_entropy,2026-10-02T18:10:10.593+00:00
24b37b9cb12d435fb973e45aeff2f5f0,df7792644ff14b0880ad8387e859d4fa,6365,interested,,swipe,12,3703.0,pop_entropy,2026-10-02T18:10:14.544+00:00
6f761cc7ff4e4e8d8f4a249619e440b5,df7792644ff14b0880ad8387e859d4fa,1210,rated,4.0,recommendation,13,,,2026-10-02T18:10:29.438+00:00
6e4239b0ef4c4e7bb296854f1c4a1a15,df7792644ff14b0880ad8387e859d4fa,59615,rated,5.0,recommendation,14,,,2026-10-02T18:10:33.224+00:00
b8e5dfa4ffc44ff78f8e575f07f68736,df7792644ff14b0880ad8387e859d4fa,4896,rated,5.0,recommendation,15,,,2026-10-02T18:10:37.501+00:00
e76915fdc0244171adcaaba6899d61cc,df7792644ff14b0880ad8387e859d4fa,33493,rated,5.0,recommendation,16,,,2026-10-02T18:10:41.214+00:00
d591ec1aff274494a36ed87abfcc186c,df7792644ff14b0880ad8387e859d4fa,45722,rated,5.0,recommendation,17,,,2026-10-02T18:10:58.861+00:00
71325acf5bff4c558e3a393368aa1c14,df7792644ff14b0880ad8387e859d4fa,8368,rated,5.0,recommendation,18,,,2026-10-02T18:11:02.524+00:00
8f908edfbfd445a797ca9f6d60a729da,df7792644ff14b0880ad8387e859d4fa,40815,rated,5.0,recommendation,19,,,2026-10-02T18:11:06.051+00:00
ceff1bb8eecc4373b031fa5df74c252e,df7792644ff14b0880ad8387e859d4fa,5816,rated,5.0,recommendation,20,,,2026-10-02T18:11:08.644+00:00
148f0dceeefd4ffbbe5cf669baef8448,df7792644ff14b0880ad8387e859d4fa,2706,interested,,swipe,21,113870.0,pop_entropy,2026-10-02T18:12:08.525+00:00
c9434957e8104ee3b8955db9b4943156,df7792644ff14b0880ad8387e859d4fa,344,not_interested,,swipe,22,9805.0,pop_entropy,2026-10-02T18:12:18.636+00:00
78e70dc49d114eae979d46d4c4895a5e,df7792644ff14b0880ad8387e859d4fa,2683,rated,3.0,swipe,23,4139.0,pop_entropy,2026-10-02T18:12:22.884+00:00
f18858efc9074d18b7e7fc81ff25e8ff,df7792644ff14b0880ad8387e859d4fa,19,not_interested,,swipe,24,25352.0,pop_entropy,2026-10-02T18:12:48.342+00:00
68260bc8ecc242d2825aedb569cd5ba0,df7792644ff14b0880ad8387e859d4fa,3977,rated,3.0,swipe,25,3377.0,pop_entropy,2026-10-02T18:12:51.841+00:00
a522cda4d73f4d13bdb40c715de654f4,df7792644ff14b0880ad8387e859d4fa,48385,not_interested,,swipe,26,4730.0,pop_entropy,2026-10-02T18:12:56.680+00:00
be1e2aa4ed384d5396586f1457479c76,df7792644ff14b0880ad8387e859d4fa,4306,rated,3.0,swipe,27,3087.0,pop_entropy,2026-10-02T18:12:59.908+00:00
3197a5ea92254445a0cf83e52d3d0cdb,df7792644ff14b0880ad8387e859d4fa,6539,rated,5.0,recommendation,28,,,2026-10-02T18:13:12.320+00:00
014fcd51e9fc4ad2a1d2127109fed790,f69b65c6d1794feeadfc7360a8c8de3f,171763,rated,5.0,seed,0,,,2026-10-02T17:51:11.103+00:00
034db7d7a1004b5ca534a1fb64497c19,f69b65c6d1794feeadfc7360a8c8de3f,480,rated,5.0,seed,1,,,2026-10-02T17:51:11.278+00:00
d0a8569b5090453ca7a45f9d86dcd112,f69b65c6d1794feeadfc7360a8c8de3f,200820,rated,5.0,seed,2,,,2026-10-02T17:51:11.377+00:00
4bfd3d206e784b30b95ab137521967f1,f69b65c6d1794feeadfc7360a8c8de3f,1721,rated,4.0,swipe,3,13500.0,adaptive,2026-10-02T17:51:24.976+00:00
099d5d6f20bf47e4ab7762d5eb7bb5a6,f69b65c6d1794feeadfc7360a8c8de3f,2628,interested,,swipe,4,13263.0,adaptive,2026-10-02T17:51:38.374+00:00
466e965fd54843498f01884da6b6b981,f69b65c6d1794feeadfc7360a8c8de3f,231,not_interested,,swipe,5,5663.0,adaptive,2026-10-02T17:51:44.146+00:00
ee335fc15519417693c7d7bf9a024e6b,f69b65c6d1794feeadfc7360a8c8de3f,2706,not_interested,,swipe,6,2958.0,adaptive,2026-10-02T17:51:47.219+00:00
90d4d9659dd54429978f118ffe4d7170,f69b65c6d1794feeadfc7360a8c8de3f,2710,interested,,swipe,7,3688.0,adaptive,2026-10-02T17:51:50.997+00:00
22fab57926ab46c899f6ce5e17c15336,f69b65c6d1794feeadfc7360a8c8de3f,5378,interested,,swipe,8,5475.0,adaptive,2026-10-02T17:51:56.578+00:00
227898a8b5ba4034ba46953b6355a8b0,f69b65c6d1794feeadfc7360a8c8de3f,4306,rated,4.0,swipe,9,4261.0,adaptive,2026-10-02T17:52:00.932+00:00
d1d1967b32e44f39ae591ce7e06b59eb,f69b65c6d1794feeadfc7360a8c8de3f,344,not_interested,,swipe,10,5772.0,adaptive,2026-10-02T17:52:06.855+00:00
92eeeadddf824d2380316b905160d08e,f69b65c6d1794feeadfc7360a8c8de3f,2712,not_interested,,swipe,11,14363.0,adaptive,2026-10-02T17:52:21.336+00:00
46a66bd6a17e470088d44286ee2f339f,f69b65c6d1794feeadfc7360a8c8de3f,1917,interested,,swipe,12,3891.0,adaptive,2026-10-02T17:52:25.327+00:00
becc204457834c5c903c872820551f00,f69b65c6d1794feeadfc7360a8c8de3f,780,interested,,recommendation,13,,,2026-10-02T17:53:35.730+00:00
b5b2c15edc5445ea91586dd96d36c8be,f69b65c6d1794feeadfc7360a8c8de3f,1580,rated,4.0,recommendation,14,,,2026-10-02T17:53:43.319+00:00
16b69b0396aa427eb861e0dd970ba820,f69b65c6d1794feeadfc7360a8c8de3f,1544,rated,5.0,recommendation,15,,,2026-10-02T17:53:47.625+00:00
7459a61681f24841a9fb04a36c99bc04,f69b65c6d1794feeadfc7360a8c8de3f,377,interested,,recommendation,16,,,2026-10-02T17:53:54.189+00:00
acc0a5d30d2b4f468314ac1da7012e78,f69b65c6d1794feeadfc7360a8c8de3f,356,rated,4.0,recommendation,17,,,2026-10-02T17:53:59.577+00:00
d2fe031592484a218c179e852665c46b,f69b65c6d1794feeadfc7360a8c8de3f,3578,interested,,recommendation,18,,,2026-10-02T17:54:05.457+00:00
b71d0e1239c849a696d9b8028798d55e,f69b65c6d1794feeadfc7360a8c8de3f,364,rated,5.0,recommendation,19,,,2026-10-02T17:54:07.967+00:00
2f4808276a1842feb23a0928515ee918,f69b65c6d1794feeadfc7360a8c8de3f,242894,rated,3.0,recommendation,20,,,2026-10-02T17:54:12.051+00:00
e3af01db8877416b8b515f47107c3ed5,f69b65c6d1794feeadfc7360a8c8de3f,736,interested,,recommendation,21,,,2026-10-02T17:54:14.240+00:00
adf57e64720e4f4388083ff5667110d9,f69b65c6d1794feeadfc7360a8c8de3f,1210,interested,,recommendation,22,,,2026-10-02T17:54:17.382+00:00
d552419b360042938f380764d1005379,ff3282dce8c44ed8be6cad41a567500a,81564,rated,5.0,seed,0,,,2026-10-02T18:14:41.942+00:00
0f74ca5d69fc408e9d413f4ab0503c14,ff3282dce8c44ed8be6cad41a567500a,208703,rated,5.0,seed,1,,,2026-10-02T18:14:42.046+00:00
1b0420e056264699ba9dbd3ad68d85ee,ff3282dce8c44ed8be6cad41a567500a,8972,rated,5.0,seed,2,,,2026-10-02T18:14:42.150+00:00
13f40d30c5d04c09ba815036a09e3485,ff3282dce8c44ed8be6cad41a567500a,56775,rated,5.0,seed,3,,,2026-10-02T18:14:42.281+00:00
2bab4400420e47a29a5414caa3294a46,ff3282dce8c44ed8be6cad41a567500a,59315,rated,5.0,seed,4,,,2026-10-02T18:14:42.401+00:00
180d9a6f46d74cc28a28b5252d051fd2,ff3282dce8c44ed8be6cad41a567500a,1721,rated,4.0,swipe,5,12477.0,pop_entropy,2026-10-02T18:14:54.993+00:00
bc55775642b843dbb85a52d58f505652,ff3282dce8c44ed8be6cad41a567500a,2628,rated,4.0,swipe,6,5893.0,pop_entropy,2026-10-02T18:15:00.993+00:00
2296d0edd25c47c5ad4deb82fa792c5f,ff3282dce8c44ed8be6cad41a567500a,5378,rated,4.0,swipe,7,7653.0,pop_entropy,2026-10-02T18:15:08.746+00:00
5b07b62095f04a31b054cf08963e7c85,ff3282dce8c44ed8be6cad41a567500a,1917,interested,,swipe,8,6046.0,pop_entropy,2026-10-02T18:15:14.883+00:00
ad70ca2737ad41a989bdc8efb35da344,ff3282dce8c44ed8be6cad41a567500a,231,rated,3.0,swipe,9,8939.0,pop_entropy,2026-10-02T18:15:24.031+00:00
e3a5b44c45e84afcbdf40344fd6433ff,ff3282dce8c44ed8be6cad41a567500a,780,rated,2.0,swipe,10,3634.0,pop_entropy,2026-10-02T18:15:27.760+00:00
ff4aacb215804e619f975c7914ad3c10,ff3282dce8c44ed8be6cad41a567500a,2710,not_interested,,swipe,11,4119.0,pop_entropy,2026-10-02T18:15:31.978+00:00
1ecff43af4c9472ba7de5de0b2bc1673,ff3282dce8c44ed8be6cad41a567500a,6934,rated,4.0,swipe,12,3814.0,pop_entropy,2026-10-02T18:15:36.151+00:00
76075605f3ee45a6bc93a77876ff64b9,ff3282dce8c44ed8be6cad41a567500a,72998,rated,3.0,swipe,13,5336.0,pop_entropy,2026-10-02T18:15:41.684+00:00
31e8fe5e62f34607bed756e3958fcd5d,ff3282dce8c44ed8be6cad41a567500a,6365,rated,5.0,swipe,14,33265.0,pop_entropy,2026-10-02T18:16:15.159+00:00
dabc58f8f9b241d9b280c5313357b6f4,ff3282dce8c44ed8be6cad41a567500a,6378,rated,5.0,recommendation,15,,,2026-10-02T18:16:38.500+00:00
626f5390ffe04938bbe00a93a3c4f42a,ff3282dce8c44ed8be6cad41a567500a,45447,rated,4.0,recommendation,16,,,2026-10-02T18:16:41.791+00:00
f120e883776843c3b1d210ca4a8df1cc,ff3282dce8c44ed8be6cad41a567500a,53125,rated,4.0,recommendation,17,,,2026-10-02T18:16:45.601+00:00
9129484159e040a8b16b768ab04611a5,ff3282dce8c44ed8be6cad41a567500a,8361,rated,3.0,recommendation,18,,,2026-10-02T18:16:50.666+00:00
1b260f5ae2ae4c5bae1493ab3a20a091,ff3282dce8c44ed8be6cad41a567500a,8644,rated,4.0,recommendation,19,,,2026-10-02T18:16:52.779+00:00
9fd5a5e23c3140a4a6bcf81038a96c6a,ff3282dce8c44ed8be6cad41a567500a,45722,rated,5.0,recommendation,20,,,2026-10-02T18:16:55.055+00:00
332b396d1570436bbd935cadcaa465bd,ff3282dce8c44ed8be6cad41a567500a,8984,rated,3.0,recommendation,21,,,2026-10-02T18:17:01.672+00:00
ff05982d540b43f7a681ae90b55c1f42,ff3282dce8c44ed8be6cad41a567500a,3793,rated,4.0,recommendation,22,,,2026-10-02T18:17:14.283+00:00
