user_id,lam,ndcg,recall,precision,novelty
129015,0.0,0.0,0.0,0.0,2.954922706657262
129015,0.1,0.0,0.0,0.0,3.1076279012400483
129015,0.2,0.0,0.0,0.0,3.279055753754116
129015,0.3,0.060771606354535226,0.1111111111111111,0.1,3.8353504135755934
129015,0.4,0.06729296884018866,0.1111111111111111,0.1,4.020452405788746
129015,0.5,0.07191071742813417,0.1111111111111111,0.1,4.166947648367592
129015,0.6,0.07191071742813417,0.1111111111111111,0.1,4.571871430401595
1799,0.0,0.09515663188532462,0.1,0.1,2.1265692572583546
1799,0.1,0.09515663188532462,0.1,0.1,2.1265692572583546
1799,0.2,0.09515663188532462,0.1,0.1,2.126569257258354
1799,0.3,0.09515663188532462,0.1,0.1,2.126569257258354
1799,0.4,0.081963461396457,0.1,0.1,3.8401903389670418
1799,0.5,0.06003715030609775,0.1,0.1,5.672769254935693
1799,0.6,0.0,0.0,0.0,7.867914837213841
1748,0.0,0.20187890652056598,0.1111111111111111,0.1,2.096648980862103
1748,0.1,0.20187890652056598,0.1111111111111111,0.1,2.096648980862103
1748,0.2,0.20187890652056598,0.1111111111111111,0.1,2.096648980862103
1748,0.3,0.20187890652056598,0.1111111111111111,0.1,2.139308938598526
1748,0.4,0.20187890652056598,0.1111111111111111,0.1,2.8890221878926035
1748,0.5,0.20187890652056598,0.1111111111111111,0.1,5.7645793544753365
1748,0.6,0.0,0.0,0.0,7.64080187504003
21567,0.0,0.0,0.0,0.0,3.5159663320625745
21567,0.1,0.0,0.0,0.0,3.6932335487034473
21567,0.2,0.0,0.0,0.0,3.977073545762849
21567,0.3,0.0,0.0,0.0,3.977073545762849
21567,0.4,0.0,0.0,0.0,4.175129796511771
21567,0.5,0.0,0.0,0.0,4.840076412323502
21567,0.6,0.0,0.0,0.0,5.1096220563286145
12823,0.0,0.25810421612773926,0.2,0.2,2.863068155583482
12823,0.1,0.25810421612773926,0.2,0.2,2.863068155583482
12823,0.2,0.26393648411429266,0.2,0.2,2.863068155583482
12823,0.3,0.26393648411429266,0.2,0.2,3.012667470359697
12823,0.4,0.20203776200865248,0.2,0.2,3.0126674703596965
12823,0.5,0.23715724358787935,0.3,0.3,3.643658922093941
12823,0.6,0.06003715030609775,0.1,0.1,6.904767846640249
18333,0.0,0.0,0.0,0.0,2.3780111772106456
18333,0.1,0.0,0.0,0.0,2.3780111772106456
18333,0.2,0.0,0.0,0.0,2.521585328469865
18333,0.3,0.0,0.0,0.0,2.6241261165053764
18333,0.4,0.0,0.0,0.0,2.821120107920716
18333,0.5,0.0,0.0,0.0,3.0514048432528815
18333,0.6,0.0,0.0,0.0,5.064519302419905
34601,0.0,0.0,0.0,0.0,3.178067227340708
34601,0.1,0.0,0.0,0.0,3.3915244065005177
34601,0.2,0.0,0.0,0.0,3.447229567028689
34601,0.3,0.0,0.0,0.0,3.5620521692692924
34601,0.4,0.0,0.0,0.0,3.562052169269292
34601,0.5,0.0,0.0,0.0,3.9640778778440917
34601,0.6,0.0,0.0,0.0,5.216793765254533
199352,0.0,0.19031326377064925,0.1,0.1,3.878118152700652
199352,0.1,0.19031326377064925,0.1,0.1,3.878118152700651
199352,0.2,0.19031326377064925,0.1,0.1,3.9293078422040266
199352,0.3,0.19031326377064925,0.1,0.1,4.175722980246346
199352,0.4,0.19031326377064925,0.1,0.1,4.8009391825238925
199352,0.5,0.1200743006121955,0.1,0.1,5.185050701453635
199352,0.6,0.06003715030609775,0.1,0.1,5.500790568138938
162788,0.0,0.0,0.0,0.0,2.357276895911413
162788,0.1,0.0,0.0,0.0,2.731742126852684
162788,0.2,0.0,0.0,0.0,2.731742126852684
162788,0.3,0.0,0.0,0.0,3.252482623817243
162788,0.4,0.0,0.0,0.0,3.6903331651892786
162788,0.5,0.0,0.0,0.0,3.6903331651892786
162788,0.6,0.0,0.0,0.0,4.290769589216507
124025,0.0,0.19031326377064925,0.1,0.1,2.4131677637978464
124025,0.1,0.19031326377064925,0.1,0.1,2.513751211317012
124025,0.2,0.2476032647383259,0.2,0.2,2.618158723192945
124025,0.3,0.25035041407674696,0.2,0.2,2.618158723192945
124025,0.4,0.18351205520241193,0.2,0.2,3.2097483113136334
124025,0.5,0.149754413753547,0.2,0.2,3.32010984838985
124025,0.6,0.0,0.0,0.0,4.958764891421314
138214,0.0,0.0,0.0,0.0,3.096391270323543
138214,0.1,0.0,0.0,0.0,3.3396659092480925
138214,0.2,0.0,0.0,0.0,3.4113569708567377
138214,0.3,0.0,0.0,0.0,3.9200087768303553
138214,0.4,0.0,0.0,0.0,3.9200087768303553
138214,0.5,0.0,0.0,0.0,3.9930594611518138
138214,0.6,0.0,0.0,0.0,5.109851861962205
5353,0.0,0.319393943239799,0.25,0.1,2.300026889764802
5353,0.1,0.319393943239799,0.25,0.1,2.631024100839661
5353,0.2,0.319393943239799,0.25,0.1,2.631024100839661
5353,0.3,0.319393943239799,0.25,0.1,3.094024644818643
5353,0.4,0.319393943239799,0.25,0.1,3.7500743684028968
5353,0.5,0.0,0.0,0.0,4.3701041111139185
5353,0.6,0.0,0.0,0.0,4.847043300509305
85404,0.0,0.05729000096767664,0.1,0.1,4.194439846237362
85404,0.1,0.05729000096767664,0.1,0.1,4.194439846237362
85404,0.2,0.0,0.0,0.0,4.277201479053601
85404,0.3,0.0,0.0,0.0,4.3215028763662255
85404,0.4,0.0,0.0,0.0,4.724500752884288
85404,0.5,0.0,0.0,0.0,5.140274385687285
85404,0.6,0.0,0.0,0.0,6.334735247536079
190397,0.0,0.06729296884018866,0.1111111111111111,0.1,3.1572913976205683
190397,0.1,0.06729296884018866,0.1111111111111111,0.1,3.194984027616696
190397,0.2,0.07191071742813417,0.1111111111111111,0.1,3.2280701266787473
190397,0.3,0.07809742170892055,0.1111111111111111,0.1,3.2280701266787473
190397,0.4,0.07191071742813417,0.1111111111111111,0.1,3.5126048173764124
190397,0.5,0.07191071742813417,0.1111111111111111,0.1,4.152689720391196
190397,0.6,0.0,0.0,0.0,4.401253028387641
148390,0.0,0.081963461396457,0.1,0.1,2.34227759377931
148390,0.1,0.081963461396457,0.1,0.1,2.34227759377931
148390,0.2,0.1200743006121955,0.1,0.1,2.34227759377931
148390,0.3,0.1200743006121955,0.1,0.1,2.34227759377931
148390,0.4,0.1200743006121955,0.1,0.1,2.5600970106100163
148390,0.5,0.081963461396457,0.1,0.1,2.8606783077628752
148390,0.6,0.0,0.0,0.0,5.0329087374965935
186647,0.0,0.2476032647383259,0.2,0.2,1.8259065390920337
186647,0.1,0.2476032647383259,0.2,0.2,1.8259065390920337
186647,0.2,0.25375101836086567,0.2,0.2,1.8259065390920337
186647,0.3,0.25375101836086567,0.2,0.2,1.8842747882969042
186647,0.4,0.15859438647554103,0.2,0.2,1.9499343908468525
186647,0.5,0.13706097493385985,0.2,0.2,3.1207888115747364
186647,0.6,0.0,0.0,0.0,6.210308483421718
199194,0.0,0.0,0.0,0.0,2.1604467195783927
199194,0.1,0.0,0.0,0.0,2.1604467195783927
199194,0.2,0.0,0.0,0.0,2.2101342658236893
199194,0.3,0.0,0.0,0.0,2.326492205092114
199194,0.4,0.0,0.0,0.0,2.3264922050921144
199194,0.5,0.0,0.0,0.0,2.948227300652415
199194,0.6,0.0,0.0,0.0,4.3430643432418155
129104,0.0,0.0,0.0,0.0,6.28665562880836
129104,0.1,0.0,0.0,0.0,6.508984973685076
129104,0.2,0.0,0.0,0.0,6.731394915311033
129104,0.3,0.05729000096767664,0.1,0.1,6.9191540173239785
129104,0.4,0.05729000096767664,0.1,0.1,6.919154017323978
129104,0.5,0.0,0.0,0.0,7.280655864852539
129104,0.6,0.06003715030609775,0.1,0.1,8.818596867305358
51503,0.0,0.0,0.0,0.0,3.1794276243965305
51503,0.1,0.0,0.0,0.0,3.2942055085865243
51503,0.2,0.0,0.0,0.0,3.2942055085865243
51503,0.3,0.0,0.0,0.0,3.2942055085865243
51503,0.4,0.0,0.0,0.0,3.4748111993336415
51503,0.5,0.0,0.0,0.0,4.184277585389908
51503,0.6,0.0,0.0,0.0,5.939606561176043
19831,0.0,0.06003715030609775,0.1,0.1,2.8788931798972355
19831,0.1,0.06343775459021642,0.1,0.1,2.878893179897236
19831,0.2,0.06343775459021642,0.1,0.1,3.2173021945309133
19831,0.3,0.06003715030609775,0.1,0.1,3.2173021945309133
19831,0.4,0.0,0.0,0.0,3.333344914474169
19831,0.5,0.0,0.0,0.0,3.4153592171651326
19831,0.6,0.0,0.0,0.0,5.234060155570018
19217,0.0,0.0,0.0,0.0,4.058988922282316
19217,0.1,0.0,0.0,0.0,4.394068927084048
19217,0.2,0.0,0.0,0.0,4.821436863297774
19217,0.3,0.0,0.0,0.0,4.9311850802349735
19217,0.4,0.0,0.0,0.0,5.018703535314481
19217,0.5,0.0,0.0,0.0,5.828262220079368
19217,0.6,0.0,0.0,0.0,6.79100779816189
2966,0.0,0.0,0.0,0.0,8.190229351473864
2966,0.1,0.0,0.0,0.0,9.862248468719164
2966,0.2,0.0,0.0,0.0,10.796805495453311
2966,0.3,0.0,0.0,0.0,10.79680549545331
2966,0.4,0.0,0.0,0.0,11.186601242537161
2966,0.5,0.0,0.0,0.0,11.186601242537161
2966,0.6,0.0,0.0,0.0,11.406559000880096
114727,0.0,0.0,0.0,0.0,4.711477554992539
114727,0.1,0.0,0.0,0.0,4.7114775549925385
114727,0.2,0.0,0.0,0.0,4.7114775549925385
114727,0.3,0.0,0.0,0.0,4.9729544873129505
114727,0.4,0.0,0.0,0.0,5.155309702271491
114727,0.5,0.0,0.0,0.0,5.317083651461227
114727,0.6,0.0,0.0,0.0,6.016357805779842
148795,0.0,0.0,0.0,0.0,2.485272730284654
148795,0.1,0.0,0.0,0.0,2.485272730284654
148795,0.2,0.0,0.0,0.0,2.4852727302846542
148795,0.3,0.0,0.0,0.0,2.4852727302846542
148795,0.4,0.0,0.0,0.0,2.7354183403654018
148795,0.5,0.0,0.0,0.0,3.2858909581298086
148795,0.6,0.0,0.0,0.0,4.312569310287521
73506,0.0,0.0,0.0,0.0,3.5997391289595297
73506,0.1,0.0,0.0,0.0,3.706357598938846
73506,0.2,0.0,0.0,0.0,3.706357598938846
73506,0.3,0.0,0.0,0.0,3.9017495257999952
73506,0.4,0.0,0.0,0.0,3.901749525799995
73506,0.5,0.0,0.0,0.0,4.840732462268699
73506,0.6,0.0,0.0,0.0,6.1183550781564335
134227,0.0,0.0,0.0,0.0,2.979724723442387
134227,0.1,0.0,0.0,0.0,2.979724723442387
134227,0.2,0.0,0.0,0.0,3.1306236763594297
134227,0.3,0.0,0.0,0.0,3.1306236763594297
134227,0.4,0.0,0.0,0.0,3.4028712642879926
134227,0.5,0.0,0.0,0.0,4.350299189072942
134227,0.6,0.0,0.0,0.0,5.385229086192184
36368,0.0,0.05729000096767664,0.1,0.1,4.541039015972744
36368,0.1,0.05729000096767664,0.1,0.1,4.541039015972744
36368,0.2,0.06343775459021642,0.1,0.1,4.541039015972744
36368,0.3,0.06343775459021642,0.1,0.1,4.945803927880066
36368,0.4,0.06343775459021642,0.1,0.1,4.945803927880066
36368,0.5,0.06343775459021642,0.1,0.1,5.11591541525773
36368,0.6,0.06343775459021642,0.1,0.1,5.211712277509481
184793,0.0,0.16294758424241465,0.2,0.2,1.8568427934385006
184793,0.1,0.21588438744321767,0.3,0.3,1.9249757172062552
184793,0.2,0.24080205617008857,0.3,0.3,1.9249757172062552
184793,0.3,0.18351205520241193,0.2,0.2,1.9702923540772281
184793,0.4,0.25375101836086567,0.2,0.2,1.9702923540772281
184793,0.5,0.19031326377064925,0.1,0.1,5.446657735547014
184793,0.6,0.0,0.0,0.0,9.791358220559877
168311,0.0,0.0,0.0,0.0,2.187670879609524
168311,0.1,0.0,0.0,0.0,2.214955434350248
168311,0.2,0.0,0.0,0.0,2.214955434350248
168311,0.3,0.0,0.0,0.0,2.2971254120713995
168311,0.4,0.0,0.0,0.0,2.2971254120713995
168311,0.5,0.0,0.0,0.0,2.390509687304715
168311,0.6,0.0,0.0,0.0,3.8099284582799
132870,0.0,0.0,0.0,0.0,2.892054289672567
132870,0.1,0.0,0.0,0.0,3.13991581639809
132870,0.2,0.0,0.0,0.0,3.13991581639809
132870,0.3,0.0,0.0,0.0,3.5021314050870416
132870,0.4,0.0,0.0,0.0,3.8171718844250853
132870,0.5,0.0,0.0,0.0,3.8628925797773634
132870,0.6,0.0,0.0,0.0,4.562537821879294
153534,0.0,0.0,0.0,0.0,3.276897815226414
153534,0.1,0.0,0.0,0.0,3.3229682689604894
153534,0.2,0.0,0.0,0.0,3.523222961473677
153534,0.3,0.0,0.0,0.0,3.523222961473677
153534,0.4,0.0,0.0,0.0,3.523222961473677
153534,0.5,0.0,0.0,0.0,4.226380139481346
153534,0.6,0.0,0.0,0.0,4.837045760027238
39159,0.0,0.06779095235709003,0.1,0.1,4.820679094129448
39159,0.1,0.06343775459021642,0.1,0.1,4.820679094129448
39159,0.2,0.06003715030609775,0.1,0.1,4.820679094129448
39159,0.3,0.05729000096767664,0.1,0.1,4.820679094129448
39159,0.4,0.0,0.0,0.0,5.313244989319042
39159,0.5,0.0,0.0,0.0,5.586503438760085
39159,0.6,0.0,0.0,0.0,6.4016561539105385
132622,0.0,0.0,0.0,0.0,6.529965210942552
132622,0.1,0.0,0.0,0.0,6.697653709958772
132622,0.2,0.0,0.0,0.0,7.100707179152596
132622,0.3,0.0,0.0,0.0,7.829796625274608
132622,0.4,0.0,0.0,0.0,7.97686878846026
132622,0.5,0.0,0.0,0.0,8.59541361919526
132622,0.6,0.0,0.0,0.0,9.067779713636257
138851,0.0,0.0,0.0,0.0,2.3428765098127387
138851,0.1,0.0,0.0,0.0,2.6147996513304603
138851,0.2,0.0,0.0,0.0,2.806104881521578
138851,0.3,0.0,0.0,0.0,2.806104881521578
138851,0.4,0.0,0.0,0.0,3.0976025360505397
138851,0.5,0.05729000096767664,0.1,0.1,3.2060884841577013
138851,0.6,0.06003715030609775,0.1,0.1,4.271381344383772
44427,0.0,0.09021422696383824,0.16666666666666666,0.1,2.3323494120411516
44427,0.1,0.0844211180355177,0.16666666666666666,0.1,2.3323494120411516
44427,0.2,0.0844211180355177,0.16666666666666666,0.1,2.4644362746243633
44427,0.3,0.0844211180355177,0.16666666666666666,0.1,2.4644362746243633
44427,0.4,0.0844211180355177,0.16666666666666666,0.1,2.6384662063802042
44427,0.5,0.0,0.0,0.0,6.4988010174447
44427,0.6,0.0,0.0,0.0,10.104466887236239
128796,0.0,0.13603488629504495,0.125,0.1,2.077289305586402
128796,0.1,0.13603488629504495,0.125,0.1,2.170161909757536
128796,0.2,0.10780509678375629,0.125,0.1,2.170161909757536
128796,0.3,0.10780509678375629,0.125,0.1,2.170161909757536
128796,0.4,0.09285825605119434,0.125,0.1,2.170161909757536
128796,0.5,0.07680190056249983,0.125,0.1,4.394067401742346
128796,0.6,0.0,0.0,0.0,6.733986484198778
63197,0.0,0.0,0.0,0.0,3.989072771891793
63197,0.1,0.0,0.0,0.0,4.224082297870671
63197,0.2,0.0,0.0,0.0,4.224082297870671
63197,0.3,0.0,0.0,0.0,4.570270989085103
63197,0.4,0.0,0.0,0.0,4.570270989085103
63197,0.5,0.0,0.0,0.0,4.698227370479843
63197,0.6,0.0,0.0,0.0,5.711102116212516
138977,0.0,0.12663167705327655,0.16666666666666666,0.1,1.9258913119034833
138977,0.1,0.1597913855951283,0.16666666666666666,0.1,1.9258913119034833
138977,0.2,0.1597913855951283,0.16666666666666666,0.1,2.0049679161053944
138977,0.3,0.1597913855951283,0.16666666666666666,0.1,2.0049679161053944
138977,0.4,0.1597913855951283,0.16666666666666666,0.1,2.1525312649861785
138977,0.5,0.2532633541065531,0.16666666666666666,0.1,3.7540447281667917
138977,0.6,0.0844211180355177,0.16666666666666666,0.1,4.864885382020455
119053,0.0,0.20066335283495065,0.25,0.2,1.9039466186252672
119053,0.1,0.22889314234623928,0.25,0.2,1.9039466186252672
119053,0.2,0.21283678685754479,0.25,0.2,1.9039466186252672
119053,0.3,0.17626766470116947,0.25,0.2,1.9039466186252672
119053,0.4,0.17626766470116947,0.25,0.2,1.9039466186252672
119053,0.5,0.13292257878226094,0.25,0.2,2.7404206621126352
119053,0.6,0.06490513563473845,0.125,0.1,3.1914295860882103
127027,0.0,0.3458999455107497,0.3,0.3,2.3928306612933734
127027,0.1,0.3590931159996173,0.3,0.3,2.516946353338231
127027,0.2,0.2971943938939771,0.3,0.3,2.6733636759018986
127027,0.3,0.2786686870877365,0.3,0.3,2.6733636759018986
127027,0.4,0.23441009424945825,0.3,0.3,2.8382515843138845
127027,0.5,0.16294758424241465,0.2,0.2,3.0074164492834234
127027,0.6,0.07362322034364344,0.1,0.1,4.345149259970659
179331,0.0,0.0,0.0,0.0,3.0090989964526527
179331,0.1,0.0,0.0,0.0,3.0090989964526527
179331,0.2,0.0,0.0,0.0,3.0090989964526527
179331,0.3,0.0,0.0,0.0,3.0090989964526527
179331,0.4,0.0,0.0,0.0,3.220351040583135
179331,0.5,0.0,0.0,0.0,5.63219438640195
179331,0.6,0.0,0.0,0.0,8.7737780615754
14058,0.0,0.0,0.0,0.0,4.2383683390759135
14058,0.1,0.0,0.0,0.0,4.2383683390759135
14058,0.2,0.0,0.0,0.0,4.2383683390759135
14058,0.3,0.0,0.0,0.0,4.2383683390759135
14058,0.4,0.0,0.0,0.0,4.448171547371967
14058,0.5,0.0,0.0,0.0,5.224170642401771
14058,0.6,0.0,0.0,0.0,7.794026080336846
200470,0.0,0.06343775459021642,0.1,0.1,4.847283586743071
200470,0.1,0.05729000096767664,0.1,0.1,4.84728358674307
200470,0.2,0.0,0.0,0.0,5.095421337685544
200470,0.3,0.0,0.0,0.0,5.347804740874257
200470,0.4,0.0,0.0,0.0,5.856452965703097
200470,0.5,0.0,0.0,0.0,5.856452965703097
200470,0.6,0.0,0.0,0.0,7.196041781940522
92742,0.0,0.3317274364713827,0.3,0.3,2.7003719648636153
92742,0.1,0.3317274364713827,0.3,0.3,2.7003719648636153
92742,0.2,0.3890174374390593,0.4,0.4,2.8443864082785613
92742,0.3,0.3890174374390593,0.4,0.4,2.9322040645780727
92742,0.4,0.3890174374390593,0.4,0.4,2.9322040645780727
92742,0.5,0.26393648411429266,0.2,0.2,3.3387920789354837
92742,0.6,0.1173271512737744,0.2,0.2,4.871942340917721
162838,0.0,0.0,0.0,0.0,2.3726772950158823
162838,0.1,0.0,0.0,0.0,2.777638291021722
162838,0.2,0.0,0.0,0.0,2.777638291021722
162838,0.3,0.06003715030609775,0.1,0.1,3.2289793830841007
162838,0.4,0.06343775459021642,0.1,0.1,3.5635455789417962
162838,0.5,0.05729000096767664,0.1,0.1,3.9527365467460207
162838,0.6,0.0,0.0,0.0,4.371212814037856
150141,0.0,0.19031326377064925,0.1,0.1,2.931828236126935
150141,0.1,0.19031326377064925,0.1,0.1,2.931828236126935
150141,0.2,0.19031326377064925,0.1,0.1,2.931828236126935
150141,0.3,0.19031326377064925,0.1,0.1,3.8860558593059027
150141,0.4,0.19031326377064925,0.1,0.1,5.587233222926824
150141,0.5,0.1200743006121955,0.1,0.1,7.797800927545639
150141,0.6,0.0,0.0,0.0,8.711895118103651
145941,0.0,0.0,0.0,0.0,4.391471457922254
145941,0.1,0.0,0.0,0.0,4.391471457922254
145941,0.2,0.0,0.0,0.0,4.442215124839401
145941,0.3,0.0,0.0,0.0,4.442215124839401
145941,0.4,0.0,0.0,0.0,4.939899395590485
145941,0.5,0.0,0.0,0.0,5.900753265966032
145941,0.6,0.0,0.0,0.0,6.100979500141433
5061,0.0,0.06003715030609775,0.1,0.1,2.507216309281751
5061,0.1,0.05729000096767664,0.1,0.1,2.731105303456302
5061,0.2,0.0,0.0,0.0,3.5458228044593847
5061,0.3,0.0,0.0,0.0,3.846792634551303
5061,0.4,0.0,0.0,0.0,4.698402712375687
5061,0.5,0.0,0.0,0.0,6.982517654922196
5061,0.6,0.0,0.0,0.0,7.255254777928981
152177,0.0,0.0,0.0,0.0,2.770062781643101
152177,0.1,0.0,0.0,0.0,3.092449019036102
152177,0.2,0.0,0.0,0.0,3.092449019036102
152177,0.3,0.0,0.0,0.0,3.2985820683262275
152177,0.4,0.0,0.0,0.0,3.498779165463863
152177,0.5,0.0,0.0,0.0,3.839382794155503
152177,0.6,0.0,0.0,0.0,4.290711124626934
106755,0.0,0.0,0.0,0.0,2.1672654506524482
106755,0.1,0.0,0.0,0.0,2.1672654506524482
106755,0.2,0.0,0.0,0.0,2.1672654506524482
106755,0.3,0.0,0.0,0.0,2.1672654506524482
106755,0.4,0.0,0.0,0.0,2.1672654506524482
106755,0.5,0.0,0.0,0.0,4.5356701935702946
106755,0.6,0.0,0.0,0.0,7.212546715462852
187338,0.0,0.19031326377064925,0.1,0.1,1.9943549591488758
187338,0.1,0.19031326377064925,0.1,0.1,1.9943549591488758
187338,0.2,0.19031326377064925,0.1,0.1,1.9943549591488758
187338,0.3,0.19031326377064925,0.1,0.1,2.1487169217413538
187338,0.4,0.19031326377064925,0.1,0.1,3.6952576208127725
187338,0.5,0.19031326377064925,0.1,0.1,6.64619225399345
187338,0.6,0.0,0.0,0.0,8.435980355129695
143302,0.0,0.0,0.0,0.0,2.045245859792752
143302,0.1,0.0,0.0,0.0,2.045245859792752
143302,0.2,0.0,0.0,0.0,2.045245859792752
143302,0.3,0.0,0.0,0.0,2.287363781029887
143302,0.4,0.0,0.0,0.0,2.443015688304571
143302,0.5,0.0,0.0,0.0,2.6711117044581703
143302,0.6,0.0,0.0,0.0,3.848975802756301
165401,0.0,0.0,0.0,0.0,1.9316851139368807
165401,0.1,0.0,0.0,0.0,2.1802484794235033
165401,0.2,0.0,0.0,0.0,2.1802484794235033
165401,0.3,0.0,0.0,0.0,2.1802484794235033
165401,0.4,0.0,0.0,0.0,2.1802484794235033
165401,0.5,0.0,0.0,0.0,6.465588175263188
165401,0.6,0.0,0.0,0.0,7.520685495240727
81242,0.0,0.06343775459021642,0.1,0.1,2.6335258457210893
81242,0.1,0.05729000096767664,0.1,0.1,2.880713995621557
81242,0.2,0.05729000096767664,0.1,0.1,3.2005602960082102
81242,0.3,0.06779095235709003,0.1,0.1,3.2005602960082093
81242,0.4,0.07362322034364344,0.1,0.1,3.508203090708027
81242,0.5,0.25035041407674696,0.2,0.2,4.180261563334247
81242,0.6,0.25375101836086567,0.2,0.2,4.49838264423313
37210,0.0,0.0,0.0,0.0,2.9596676142561202
37210,0.1,0.0,0.0,0.0,3.2497117639931625
37210,0.2,0.0,0.0,0.0,3.2497117639931625
37210,0.3,0.0,0.0,0.0,3.4174538362437454
37210,0.4,0.0,0.0,0.0,3.6391864246377468
37210,0.5,0.0,0.0,0.0,3.8397374536122557
37210,0.6,0.0,0.0,0.0,4.957781511892581
17441,0.0,0.2532633541065531,0.16666666666666666,0.1,2.140865998977779
17441,0.1,0.2532633541065531,0.16666666666666666,0.1,2.140865998977779
17441,0.2,0.1597913855951283,0.16666666666666666,0.1,2.140865998977779
17441,0.3,0.18897028243029737,0.3333333333333333,0.2,2.2627385369638118
17441,0.4,0.18239675754127352,0.3333333333333333,0.2,2.4190242747615756
17441,0.5,0.09021422696383824,0.16666666666666666,0.1,3.096463875154908
17441,0.6,0.0,0.0,0.0,4.027885529079155
161894,0.0,0.23715724358787935,0.3,0.3,2.2291592189972462
161894,0.1,0.24491104563887164,0.3,0.3,2.229159218997246
161894,0.2,0.24491104563887164,0.3,0.3,2.414077310696217
161894,0.3,0.2365708045860581,0.3,0.3,2.414077310696217
161894,0.4,0.22337763409719047,0.3,0.3,2.506127600428127
161894,0.5,0.25074331362542507,0.3,0.3,2.5061276004281274
161894,0.6,0.06343775459021642,0.1,0.1,4.0119774507862465
135896,0.0,0.09285825605119434,0.125,0.1,5.411674017377118
135896,0.1,0.08340940864997513,0.125,0.1,5.411674017377118
135896,0.2,0.07680190056249983,0.125,0.1,5.46886164975251
135896,0.3,0.0718700645225042,0.125,0.1,5.628537821545652
135896,0.4,0.10780509678375629,0.125,0.1,6.31239091699494
135896,0.5,0.13603488629504495,0.125,0.1,7.5274094861859115
135896,0.6,0.21561019356751257,0.125,0.1,8.31679984912768
30587,0.0,0.12347490489631419,0.2,0.2,2.0878928425623244
30587,0.1,0.12347490489631419,0.2,0.2,2.0878928425623244
30587,0.2,0.12347490489631419,0.2,0.2,2.0878928425623244
30587,0.3,0.12782810266318778,0.2,0.2,2.2192049754849976
30587,0.4,0.12072775555789306,0.2,0.2,4.434665156550567
30587,0.5,0.0,0.0,0.0,6.3475124088165025
30587,0.6,0.0,0.0,0.0,8.616348094935478
10125,0.0,0.5235797327266082,0.5,0.5,2.59194987905095
10125,0.1,0.5016534216362489,0.5,0.5,2.59194987905095
10125,0.2,0.5016534216362489,0.5,0.5,2.59194987905095
10125,0.3,0.44161627133015113,0.4,0.4,2.95100844426296
10125,0.4,0.42771471565661906,0.4,0.4,2.95100844426296
10125,0.5,0.3103875643828447,0.2,0.2,3.6480550729424834
10125,0.6,0.3103875643828447,0.2,0.2,3.9835992895572794
17916,0.0,0.0,0.0,0.0,1.7937626148463885
17916,0.1,0.0,0.0,0.0,1.7937626148463888
17916,0.2,0.0,0.0,0.0,2.1919960653672854
17916,0.3,0.0,0.0,0.0,3.0759520505032234
17916,0.4,0.0,0.0,0.0,5.001632651716273
17916,0.5,0.0,0.0,0.0,6.280881881823935
17916,0.6,0.0,0.0,0.0,7.45721424358953
146811,0.0,0.19031326377064925,0.1,0.1,3.340960865381438
146811,0.1,0.1200743006121955,0.1,0.1,3.340960865381438
146811,0.2,0.09515663188532462,0.1,0.1,4.3765022686234385
146811,0.3,0.09515663188532462,0.1,0.1,4.964177756386958
146811,0.4,0.07362322034364344,0.1,0.1,5.668997711547403
146811,0.5,0.0,0.0,0.0,7.34214020021418
146811,0.6,0.0,0.0,0.0,7.677624471950189
192103,0.0,0.26393648411429266,0.2,0.2,3.6660333593141075
192103,0.1,0.26393648411429266,0.2,0.2,3.6660333593141075
192103,0.2,0.26393648411429266,0.2,0.2,3.951148095212342
192103,0.3,0.26393648411429266,0.2,0.2,4.182461879869951
192103,0.4,0.2722767251671062,0.2,0.2,4.182461879869951
192103,0.5,0.2722767251671062,0.2,0.2,4.259049251088796
192103,0.6,0.149754413753547,0.2,0.2,4.475643696789187
194207,0.0,0.0,0.0,0.0,1.8013445687066654
194207,0.1,0.0,0.0,0.0,1.8013445687066654
194207,0.2,0.0,0.0,0.0,1.9931191385541738
194207,0.3,0.0,0.0,0.0,1.9931191385541738
194207,0.4,0.0,0.0,0.0,2.5392786660778737
194207,0.5,0.0,0.0,0.0,4.131648067039768
194207,0.6,0.0,0.0,0.0,6.3248531971175925
197514,0.0,0.0,0.0,0.0,4.992887914425195
197514,0.1,0.0,0.0,0.0,4.992887914425195
197514,0.2,0.0,0.0,0.0,5.791656114706792
197514,0.3,0.0,0.0,0.0,5.791656114706792
197514,0.4,0.0,0.0,0.0,5.791656114706792
197514,0.5,0.0,0.0,0.0,6.316189776779323
197514,0.6,0.0,0.0,0.0,6.675815070720087
106766,0.0,0.14656879505245024,0.14285714285714285,0.1,2.294969316556231
106766,0.1,0.11615302196700909,0.14285714285714285,0.1,2.294969316556231
106766,0.2,0.11615302196700909,0.14285714285714285,0.1,2.3541766795582313
106766,0.3,0.10004876742114938,0.14285714285714285,0.1,2.3541766795582313
106766,0.4,0.08274908245792924,0.14285714285714285,0.1,2.3988226737270733
106766,0.5,0.06993108739817411,0.14285714285714285,0.1,2.6517188747711904
106766,0.6,0.0,0.0,0.0,4.179481031635178
144798,0.0,0.0,0.0,0.0,1.9922112803644736
144798,0.1,0.0,0.0,0.0,2.1261142579778607
144798,0.2,0.0,0.0,0.0,2.3806425001313203
144798,0.3,0.0,0.0,0.0,2.3806425001313203
144798,0.4,0.0,0.0,0.0,2.3806425001313203
144798,0.5,0.0,0.0,0.0,6.1569303782010545
144798,0.6,0.0,0.0,0.0,8.830568718534655
8026,0.0,0.319393943239799,0.25,0.1,2.246875416184619
8026,0.1,0.319393943239799,0.25,0.1,2.246875416184619
8026,0.2,0.319393943239799,0.25,0.1,2.932940332510437
8026,0.3,0.319393943239799,0.25,0.1,3.0573416482253513
8026,0.4,0.20151514190050246,0.25,0.1,5.343988163185097
8026,0.5,0.0,0.0,0.0,5.967484912919747
8026,0.6,0.0,0.0,0.0,7.460258042308655
153657,0.0,0.0,0.0,0.0,2.817856175667828
153657,0.1,0.0,0.0,0.0,3.0089644295959874
153657,0.2,0.0,0.0,0.0,3.179759924304009
153657,0.3,0.0,0.0,0.0,3.179759924304009
153657,0.4,0.0,0.0,0.0,3.3092581251132045
153657,0.5,0.0,0.0,0.0,3.4276695431768944
153657,0.6,0.0,0.0,0.0,4.368306796112561
18251,0.0,0.0,0.0,0.0,2.9839451349138995
18251,0.1,0.0,0.0,0.0,2.9839451349138995
18251,0.2,0.0,0.0,0.0,3.119250062301421
18251,0.3,0.0,0.0,0.0,3.2691264220764724
18251,0.4,0.0,0.0,0.0,3.2691264220764724
18251,0.5,0.0,0.0,0.0,3.5186670286830894
18251,0.6,0.0,0.0,0.0,4.253633472935094
51009,0.0,0.19369752095583892,0.2,0.2,2.81201302451139
51009,0.1,0.20203776200865248,0.2,0.2,2.8703416012143044
51009,0.2,0.20203776200865248,0.2,0.2,2.8703416012143044
51009,0.3,0.2722767251671062,0.2,0.2,2.9601801251632565
51009,0.4,0.2722767251671062,0.2,0.2,2.9601801251632565
51009,0.5,0.28546989565597386,0.2,0.2,3.3669534940236616
51009,0.6,0.19369752095583892,0.2,0.2,4.057528977835229
183132,0.0,0.19031326377064925,0.1,0.1,2.3256854907520976
183132,0.1,0.19031326377064925,0.1,0.1,2.5261703598567076
183132,0.2,0.19031326377064925,0.1,0.1,2.7047059169577436
183132,0.3,0.19031326377064925,0.1,0.1,2.7047059169577436
183132,0.4,0.25035041407674696,0.2,0.2,2.986385191958122
183132,0.5,0.2476032647383259,0.2,0.2,3.604001964471454
183132,0.6,0.19031326377064925,0.1,0.1,4.273426759604517
20842,0.0,0.0,0.0,0.0,1.8253017161245992
20842,0.1,0.0,0.0,0.0,1.8253017161245997
20842,0.2,0.0,0.0,0.0,2.0697142642366053
20842,0.3,0.0,0.0,0.0,2.0697142642366053
20842,0.4,0.0,0.0,0.0,3.7561699677829146
20842,0.5,0.0,0.0,0.0,8.694238571775765
20842,0.6,0.0,0.0,0.0,9.355749626968507
17939,0.0,0.13091322131132005,0.2,0.2,2.330487381187643
17939,0.1,0.1173271512737744,0.2,0.2,2.330487381187643
17939,0.2,0.1173271512737744,0.2,0.2,2.330487381187643
17939,0.3,0.06003715030609775,0.1,0.1,2.4617445605014945
17939,0.4,0.0,0.0,0.0,2.6101660141939584
17939,0.5,0.0,0.0,0.0,3.224691187133947
17939,0.6,0.0,0.0,0.0,4.284352301675833
193208,0.0,0.0,0.0,0.0,3.118618108665035
193208,0.1,0.0,0.0,0.0,3.118618108665035
193208,0.2,0.0,0.0,0.0,3.2369934480738736
193208,0.3,0.0,0.0,0.0,3.33025085607924
193208,0.4,0.0,0.0,0.0,3.4216507596908046
193208,0.5,0.0,0.0,0.0,3.5183020669435088
193208,0.6,0.0,0.0,0.0,6.614189622883117
186912,0.0,0.081963461396457,0.1,0.1,2.0388764014978227
186912,0.1,0.081963461396457,0.1,0.1,2.0388764014978227
186912,0.2,0.09515663188532462,0.1,0.1,2.3235327964525276
186912,0.3,0.09515663188532462,0.1,0.1,2.528294510909881
186912,0.4,0.07362322034364344,0.1,0.1,2.528294510909881
186912,0.5,0.06779095235709003,0.1,0.1,3.3393527806418533
186912,0.6,0.0,0.0,0.0,4.783371188547081
46991,0.0,0.0,0.0,0.0,3.7363655143240124
46991,0.1,0.0,0.0,0.0,3.7363655143240124
46991,0.2,0.0,0.0,0.0,3.7363655143240124
46991,0.3,0.0,0.0,0.0,4.072326885718345
46991,0.4,0.0,0.0,0.0,4.072326885718345
46991,0.5,0.0,0.0,0.0,5.162966384743128
46991,0.6,0.0,0.0,0.0,5.537387998216589
41251,0.0,0.05729000096767664,0.1,0.1,2.4201978300822136
41251,0.1,0.0,0.0,0.0,2.4715636176411757
41251,0.2,0.0,0.0,0.0,2.4715636176411757
41251,0.3,0.05729000096767664,0.1,0.1,2.622631663132725
41251,0.4,0.05729000096767664,0.1,0.1,2.7998168045939926
41251,0.5,0.0,0.0,0.0,3.197322022446505
41251,0.6,0.0,0.0,0.0,4.360782520612721
153879,0.0,0.1200743006121955,0.1,0.1,3.145437686605672
153879,0.1,0.07362322034364344,0.1,0.1,3.145437686605672
153879,0.2,0.06779095235709003,0.1,0.1,3.2318876807482098
153879,0.3,0.06343775459021642,0.1,0.1,3.3337883568596722
153879,0.4,0.0,0.0,0.0,3.572910806488685
153879,0.5,0.0,0.0,0.0,3.6893299713988945
153879,0.6,0.0,0.0,0.0,4.096667161771323
18117,0.0,0.0,0.0,0.0,3.3894011744063532
18117,0.1,0.0,0.0,0.0,3.5103565005604667
18117,0.2,0.0,0.0,0.0,3.554673717092941
18117,0.3,0.05729000096767664,0.1,0.1,3.685943585362834
18117,0.4,0.0,0.0,0.0,3.7395009669194854
18117,0.5,0.0,0.0,0.0,3.7395009669194863
18117,0.6,0.0,0.0,0.0,4.334214195417717
175463,0.0,0.0,0.0,0.0,3.710745787313184
175463,0.1,0.0,0.0,0.0,3.7107457873131837
175463,0.2,0.0,0.0,0.0,4.2123300109931945
175463,0.3,0.0,0.0,0.0,4.318336070784454
175463,0.4,0.0,0.0,0.0,4.555385360679806
175463,0.5,0.0,0.0,0.0,5.392402969936585
175463,0.6,0.0,0.0,0.0,6.288035168541772
149245,0.0,0.0,0.0,0.0,3.383892542954167
149245,0.1,0.0,0.0,0.0,3.383892542954166
149245,0.2,0.0,0.0,0.0,3.6286956641292556
149245,0.3,0.0,0.0,0.0,3.9012617588673626
149245,0.4,0.0,0.0,0.0,4.04558915549403
149245,0.5,0.0,0.0,0.0,5.088695525180087
149245,0.6,0.0,0.0,0.0,5.754713359237437
53998,0.0,0.2476032647383259,0.2,0.2,3.450342308544927
53998,0.1,0.2476032647383259,0.2,0.2,3.450342308544927
53998,0.2,0.2476032647383259,0.2,0.2,3.450342308544927
53998,0.3,0.19031326377064925,0.1,0.1,3.7773068924835385
53998,0.4,0.19031326377064925,0.1,0.1,4.001911747011315
53998,0.5,0.1200743006121955,0.1,0.1,4.143904349864025
53998,0.6,0.09515663188532462,0.1,0.1,5.031304227931783
102701,0.0,0.06801744314752248,0.125,0.1,4.504593553963869
102701,0.1,0.0718700645225042,0.125,0.1,4.50459355396387
102701,0.2,0.07680190056249983,0.125,0.1,4.50459355396387
102701,0.3,0.07680190056249983,0.125,0.1,4.5984173462573
102701,0.4,0.13603488629504495,0.125,0.1,4.700126418970635
102701,0.5,0.13603488629504495,0.125,0.1,4.945277740499302
102701,0.6,0.21561019356751257,0.125,0.1,5.531201301710853
65582,0.0,0.0,0.0,0.0,4.238229866913525
65582,0.1,0.0,0.0,0.0,4.35123399102614
65582,0.2,0.0,0.0,0.0,4.666383759225205
65582,0.3,0.0,0.0,0.0,4.8392013788748045
65582,0.4,0.0,0.0,0.0,4.8392013788748045
65582,0.5,0.0,0.0,0.0,4.839201378874804
65582,0.6,0.0,0.0,0.0,6.448612889886735
153324,0.0,0.0,0.0,0.0,3.043666194549862
153324,0.1,0.0,0.0,0.0,3.043666194549862
153324,0.2,0.0,0.0,0.0,3.134916498144548
153324,0.3,0.0,0.0,0.0,3.411875530352534
153324,0.4,0.0,0.0,0.0,3.8017876924835305
153324,0.5,0.0,0.0,0.0,4.50152724953901
153324,0.6,0.0,0.0,0.0,5.718639958462606
48895,0.0,0.0,0.0,0.0,2.0494257427282565
48895,0.1,0.0,0.0,0.0,2.2281725996871082
48895,0.2,0.0,0.0,0.0,2.2753149716520156
48895,0.3,0.0,0.0,0.0,2.275314971652015
48895,0.4,0.0,0.0,0.0,2.4361525978350738
48895,0.5,0.0,0.0,0.0,3.9420911833220025
48895,0.6,0.0,0.0,0.0,5.737002047775735
111367,0.0,0.05729000096767664,0.1,0.1,2.4371113482336533
111367,0.1,0.06003715030609775,0.1,0.1,2.4371113482336533
111367,0.2,0.05729000096767664,0.1,0.1,3.432106380993454
111367,0.3,0.0,0.0,0.0,4.41340996055388
111367,0.4,0.0,0.0,0.0,7.416495518618854
111367,0.5,0.0,0.0,0.0,8.805659273779122
111367,0.6,0.0,0.0,0.0,10.071638614755482
95942,0.0,0.12508095332476668,0.2,0.2,2.558493203195135
95942,0.1,0.12508095332476668,0.2,0.2,2.558493203195135
95942,0.2,0.12508095332476668,0.2,0.2,2.558493203195135
95942,0.3,0.07362322034364344,0.1,0.1,2.5623527654530585
95942,0.4,0.13706097493385985,0.2,0.2,2.6968127037447216
95942,0.5,0.12508095332476668,0.2,0.2,2.846592037529887
95942,0.6,0.05729000096767664,0.1,0.1,4.244321088097794
151387,0.0,0.0,0.0,0.0,3.9677856804745337
151387,0.1,0.0,0.0,0.0,4.3343729145638585
151387,0.2,0.0,0.0,0.0,4.7800892186541075
151387,0.3,0.0,0.0,0.0,5.1758843673782735
151387,0.4,0.0,0.0,0.0,5.1758843673782735
151387,0.5,0.0,0.0,0.0,5.929268162586165
151387,0.6,0.0,0.0,0.0,6.537746894181177
58803,0.0,0.20187890652056598,0.1111111111111111,0.1,2.2096991296494606
58803,0.1,0.20187890652056598,0.1111111111111111,0.1,2.396223624763471
58803,0.2,0.20187890652056598,0.1111111111111111,0.1,2.396223624763471
58803,0.3,0.10093945326028299,0.1111111111111111,0.1,2.396223624763471
58803,0.4,0.08694451260789762,0.1111111111111111,0.1,2.8703947858336205
58803,0.5,0.0,0.0,0.0,3.017187251882354
58803,0.6,0.0,0.0,0.0,3.472360504325917
53121,0.0,0.0,0.0,0.0,2.4051527114251847
53121,0.1,0.0,0.0,0.0,2.4051527114251847
53121,0.2,0.0,0.0,0.0,2.6372349059925817
53121,0.3,0.0,0.0,0.0,2.637234905992582
53121,0.4,0.05729000096767664,0.1,0.1,2.703868402893767
53121,0.5,0.06343775459021642,0.1,0.1,2.8514105694361875
53121,0.6,0.05729000096767664,0.1,0.1,4.223713720578475
23968,0.0,0.0,0.0,0.0,2.2766354790979175
23968,0.1,0.0,0.0,0.0,2.360073334944449
23968,0.2,0.0,0.0,0.0,2.3600733349444494
23968,0.3,0.0,0.0,0.0,2.7144736492974872
23968,0.4,0.0,0.0,0.0,3.3704417681052954
23968,0.5,0.0,0.0,0.0,3.7388002398443647
23968,0.6,0.0,0.0,0.0,5.681376524290599
113336,0.0,0.07362322034364344,0.1,0.1,2.1046533275187
113336,0.1,0.06779095235709003,0.1,0.1,2.1046533275187
113336,0.2,0.06779095235709003,0.1,0.1,2.248740128892292
113336,0.3,0.07362322034364344,0.1,0.1,2.248740128892292
113336,0.4,0.07362322034364344,0.1,0.1,2.3816268663777587
113336,0.5,0.081963461396457,0.1,0.1,3.9045659070118246
113336,0.6,0.0,0.0,0.0,5.362197292835283
99549,0.0,0.05729000096767664,0.1,0.1,2.8948955964714456
99549,0.1,0.0,0.0,0.0,3.050129134380577
99549,0.2,0.0,0.0,0.0,3.0501291343805765
99549,0.3,0.0,0.0,0.0,3.050129134380577
99549,0.4,0.0,0.0,0.0,3.234009410667599
99549,0.5,0.0,0.0,0.0,3.7157961305120857
99549,0.6,0.0,0.0,0.0,3.9668411746670684
164516,0.0,0.11615302196700909,0.14285714285714285,0.1,2.168317255275727
164516,0.1,0.10004876742114938,0.14285714285714285,0.1,2.168317255275727
164516,0.2,0.10004876742114938,0.14285714285714285,0.1,2.235614675125349
164516,0.3,0.08274908245792924,0.14285714285714285,0.1,2.235614675125349
164516,0.4,0.07328439752622512,0.14285714285714285,0.1,2.5916426981154252
164516,0.5,0.0,0.0,0.0,3.683421887041683
164516,0.6,0.0,0.0,0.0,4.438593825648356
7769,0.0,0.05729000096767664,0.1,0.1,4.139065460458594
7769,0.1,0.05729000096767664,0.1,0.1,4.139065460458594
7769,0.2,0.0,0.0,0.0,4.227728621760212
7769,0.3,0.0,0.0,0.0,4.227728621760212
7769,0.4,0.0,0.0,0.0,4.227728621760212
7769,0.5,0.0,0.0,0.0,4.227728621760212
7769,0.6,0.0,0.0,0.0,4.688811949231136
80779,0.0,0.06003715030609775,0.1,0.1,2.620490995105998
80779,0.1,0.06003715030609775,0.1,0.1,2.7229631796661993
80779,0.2,0.06003715030609775,0.1,0.1,2.7229631796661993
80779,0.3,0.06343775459021642,0.1,0.1,2.8695276344753493
80779,0.4,0.06779095235709003,0.1,0.1,3.2109314733865615
80779,0.5,0.09515663188532462,0.1,0.1,3.751559402980658
80779,0.6,0.07362322034364344,0.1,0.1,5.38871341439574
152304,0.0,0.0,0.0,0.0,2.2270580592212976
152304,0.1,0.0,0.0,0.0,2.2270580592212976
152304,0.2,0.0,0.0,0.0,2.2270580592212976
152304,0.3,0.0,0.0,0.0,2.2270580592212976
152304,0.4,0.0,0.0,0.0,2.2270580592212976
152304,0.5,0.0,0.0,0.0,4.033011504595995
152304,0.6,0.0,0.0,0.0,5.982223043031352
178543,0.0,0.18786525296928555,0.2,0.2,3.1616995578042495
178543,0.1,0.18351205520241193,0.2,0.2,3.1616995578042495
178543,0.2,0.25375101836086567,0.2,0.2,3.1616995578042495
178543,0.3,0.25375101836086567,0.2,0.2,3.1616995578042495
178543,0.4,0.3076404150444236,0.3,0.3,3.295330487517911
178543,0.5,0.25035041407674696,0.2,0.2,3.45897268051266
178543,0.6,0.06343775459021642,0.1,0.1,4.834784171957141
92928,0.0,0.0,0.0,0.0,3.9146699371981604
92928,0.1,0.0,0.0,0.0,3.9146699371981604
92928,0.2,0.0,0.0,0.0,3.9146699371981604
92928,0.3,0.0,0.0,0.0,3.9146699371981604
92928,0.4,0.0,0.0,0.0,3.9146699371981604
92928,0.5,0.0,0.0,0.0,4.152668074397969
92928,0.6,0.0,0.0,0.0,4.624584132262624
175706,0.0,0.0,0.0,0.0,2.7291016175385368
175706,0.1,0.0,0.0,0.0,2.849042794132806
175706,0.2,0.0,0.0,0.0,3.020420486676742
175706,0.3,0.0,0.0,0.0,3.020420486676742
175706,0.4,0.0,0.0,0.0,3.157406861714492
175706,0.5,0.0,0.0,0.0,3.7285199843173453
175706,0.6,0.0,0.0,0.0,4.317616381326973
106764,0.0,0.0,0.0,0.0,1.8584103565050227
106764,0.1,0.0,0.0,0.0,1.9186672261853164
106764,0.2,0.0,0.0,0.0,1.9186672261853162
106764,0.3,0.0,0.0,0.0,2.1059382209888016
106764,0.4,0.0,0.0,0.0,2.2110808276608056
106764,0.5,0.0,0.0,0.0,3.908670774623104
106764,0.6,0.0,0.0,0.0,5.687256976387992
18212,0.0,0.0,0.0,0.0,3.186159023772874
18212,0.1,0.0,0.0,0.0,3.186159023772874
18212,0.2,0.0,0.0,0.0,3.186159023772874
18212,0.3,0.0,0.0,0.0,3.186159023772874
18212,0.4,0.0,0.0,0.0,3.1861590237728743
18212,0.5,0.0,0.0,0.0,4.595575667937398
18212,0.6,0.0,0.0,0.0,6.418893804197781
39012,0.0,0.0,0.0,0.0,5.13370913290183
39012,0.1,0.0,0.0,0.0,5.13370913290183
39012,0.2,0.0,0.0,0.0,5.13370913290183
39012,0.3,0.0,0.0,0.0,5.13370913290183
39012,0.4,0.0,0.0,0.0,5.13370913290183
39012,0.5,0.0,0.0,0.0,5.13370913290183
39012,0.6,0.0,0.0,0.0,6.16900694752142
94896,0.0,0.0,0.0,0.0,4.037941056767044
94896,0.1,0.0,0.0,0.0,4.037941056767044
94896,0.2,0.0,0.0,0.0,4.037941056767044
94896,0.3,0.0,0.0,0.0,4.037941056767044
94896,0.4,0.0,0.0,0.0,4.037941056767044
94896,0.5,0.0,0.0,0.0,4.056940953841584
94896,0.6,0.0,0.0,0.0,6.370018911370897
89283,0.0,0.0,0.0,0.0,3.7869075002235753
89283,0.1,0.0,0.0,0.0,3.7869075002235753
89283,0.2,0.0,0.0,0.0,3.7869075002235753
89283,0.3,0.0,0.0,0.0,3.8437838196885856
89283,0.4,0.0,0.0,0.0,4.0241210542714665
89283,0.5,0.0,0.0,0.0,4.102661649193863
89283,0.6,0.0,0.0,0.0,4.39722333634195
13587,0.0,0.0,0.0,0.0,5.768908578210362
13587,0.1,0.0,0.0,0.0,5.768908578210361
13587,0.2,0.0,0.0,0.0,5.768908578210361
13587,0.3,0.0,0.0,0.0,6.141810564235223
13587,0.4,0.0,0.0,0.0,6.141810564235224
13587,0.5,0.0,0.0,0.0,6.820535918098029
13587,0.6,0.0,0.0,0.0,7.297085819834058
107915,0.0,0.19031326377064925,0.1,0.1,2.1474949099784104
107915,0.1,0.19031326377064925,0.1,0.1,2.3755688086533957
107915,0.2,0.19031326377064925,0.1,0.1,2.3755688086533957
107915,0.3,0.19031326377064925,0.1,0.1,3.311679357068923
107915,0.4,0.19031326377064925,0.1,0.1,5.1066475064638395
107915,0.5,0.05729000096767664,0.1,0.1,6.111009452802039
107915,0.6,0.0,0.0,0.0,7.593918742930785
166679,0.0,0.36529303966308646,0.4,0.2,4.739484784839514
166679,0.1,0.36529303966308646,0.4,0.2,4.739484784839515
166679,0.2,0.17714752793103522,0.2,0.1,5.089521648393399
166679,0.3,0.12092199990360374,0.2,0.1,5.089521648393398
166679,0.4,0.12092199990360374,0.2,0.1,5.089521648393398
166679,0.5,0.12092199990360374,0.2,0.1,5.552403327424456
166679,0.6,0.09359072962204816,0.2,0.1,6.025983981405147
162261,0.0,0.0,0.0,0.0,3.737074293361456
162261,0.1,0.0,0.0,0.0,3.737074293361456
162261,0.2,0.0,0.0,0.0,3.737074293361456
162261,0.3,0.0,0.0,0.0,3.737074293361456
162261,0.4,0.0,0.0,0.0,3.737074293361456
162261,0.5,0.0,0.0,0.0,3.737074293361456
162261,0.6,0.0,0.0,0.0,4.509808956801011
159880,0.0,0.0,0.0,0.0,4.5677293542507105
159880,0.1,0.0,0.0,0.0,4.690447669406606
159880,0.2,0.0,0.0,0.0,4.690447669406606
159880,0.3,0.0,0.0,0.0,5.116343194642737
159880,0.4,0.0,0.0,0.0,5.580192933549524
159880,0.5,0.0,0.0,0.0,6.055587248427665
159880,0.6,0.0,0.0,0.0,6.402696961670029
175949,0.0,0.06343775459021642,0.1,0.1,3.2213125036066828
175949,0.1,0.06343775459021642,0.1,0.1,3.2213125036066828
175949,0.2,0.06343775459021642,0.1,0.1,3.404084133319361
175949,0.3,0.06779095235709003,0.1,0.1,3.404084133319361
175949,0.4,0.081963461396457,0.1,0.1,3.404084133319361
175949,0.5,0.07362322034364344,0.1,0.1,3.587551477213919
175949,0.6,0.12508095332476668,0.2,0.2,3.824062566043616
23132,0.0,0.19031326377064925,0.1,0.1,5.724939942398402
23132,0.1,0.19031326377064925,0.1,0.1,5.724939942398402
23132,0.2,0.19031326377064925,0.1,0.1,5.724939942398402
23132,0.3,0.1200743006121955,0.1,0.1,5.809194282710797
23132,0.4,0.1200743006121955,0.1,0.1,6.477553148713258
23132,0.5,0.1200743006121955,0.1,0.1,7.672145033290112
23132,0.6,0.07362322034364344,0.1,0.1,7.944863490627474
79876,0.0,0.0,0.0,0.0,2.6737295659775477
79876,0.1,0.0,0.0,0.0,3.0925760139950134
79876,0.2,0.0,0.0,0.0,3.0925760139950134
79876,0.3,0.0,0.0,0.0,3.0925760139950134
79876,0.4,0.0,0.0,0.0,3.386140199671389
79876,0.5,0.0,0.0,0.0,3.7574242884831657
79876,0.6,0.0,0.0,0.0,4.063058086898146
113138,0.0,0.0,0.0,0.0,2.864187091724444
113138,0.1,0.0,0.0,0.0,2.894814224001717
113138,0.2,0.0,0.0,0.0,2.99915074849043
113138,0.3,0.0,0.0,0.0,2.9991507484904303
113138,0.4,0.0,0.0,0.0,3.0812120101279925
113138,0.5,0.0,0.0,0.0,3.504667588328849
113138,0.6,0.0,0.0,0.0,4.423065957815325
164404,0.0,0.0,0.0,0.0,5.328569442762026
164404,0.1,0.0,0.0,0.0,5.462521658252237
164404,0.2,0.0,0.0,0.0,5.462521658252237
164404,0.3,0.0,0.0,0.0,5.758190387777136
164404,0.4,0.0,0.0,0.0,5.758190387777136
164404,0.5,0.0,0.0,0.0,5.934787301818815
164404,0.6,0.0,0.0,0.0,6.5412134962641915
123270,0.0,0.10907458963273323,0.16666666666666666,0.1,2.1992526815759783
123270,0.1,0.10907458963273323,0.16666666666666666,0.1,2.1992526815759783
123270,0.2,0.19928881659657147,0.3333333333333333,0.2,2.4124353922904502
123270,0.3,0.19928881659657147,0.3333333333333333,0.2,2.4124353922904502
123270,0.4,0.2577670251008841,0.3333333333333333,0.2,2.988626113547867
123270,0.5,0.2577670251008841,0.3333333333333333,0.2,3.79015444814491
123270,0.6,0.07989569279756414,0.16666666666666666,0.1,5.256556971644858
189116,0.0,0.0,0.0,0.0,3.8865622214103537
189116,0.1,0.0,0.0,0.0,3.8865622214103532
189116,0.2,0.05729000096767664,0.1,0.1,4.04923210865945
189116,0.3,0.05729000096767664,0.1,0.1,4.04923210865945
189116,0.4,0.05729000096767664,0.1,0.1,4.193116883735772
189116,0.5,0.06003715030609775,0.1,0.1,4.1931168837357715
189116,0.6,0.06779095235709003,0.1,0.1,4.343628862585931
93754,0.0,0.462834197235846,0.4,0.4,1.9632501110905924
93754,0.1,0.46558134657426714,0.4,0.4,1.9632501110905924
93754,0.2,0.46558134657426714,0.4,0.4,2.064883046953068
93754,0.3,0.46558134657426714,0.4,0.4,2.064883046953068
93754,0.4,0.4689819508583858,0.4,0.4,2.064883046953068
93754,0.5,0.462834197235846,0.4,0.4,2.8262696819315676
93754,0.6,0.4059370958168474,0.4,0.4,3.013540676735053
158848,0.0,0.0,0.0,0.0,2.663747616794491
158848,0.1,0.0,0.0,0.0,2.663747616794491
158848,0.2,0.0,0.0,0.0,2.663747616794491
158848,0.3,0.0,0.0,0.0,2.663747616794491
158848,0.4,0.0,0.0,0.0,2.663747616794491
158848,0.5,0.0,0.0,0.0,4.045320523374909
158848,0.6,0.0,0.0,0.0,6.4497667929231195
192386,0.0,0.0,0.0,0.0,3.4296992749290043
192386,0.1,0.0,0.0,0.0,3.4296992749290043
192386,0.2,0.0,0.0,0.0,3.7666094686942415
192386,0.3,0.0,0.0,0.0,3.9559306978014446
192386,0.4,0.0,0.0,0.0,4.257864377956579
192386,0.5,0.0,0.0,0.0,4.920225693396638
192386,0.6,0.0,0.0,0.0,5.89736921280065
11792,0.0,0.0,0.0,0.0,2.045981546375085
11792,0.1,0.0,0.0,0.0,2.2371234056153075
11792,0.2,0.0,0.0,0.0,2.674415001633497
11792,0.3,0.0,0.0,0.0,2.7132545109237745
11792,0.4,0.0,0.0,0.0,2.7132545109237745
11792,0.5,0.0,0.0,0.0,2.7132545109237745
11792,0.6,0.0,0.0,0.0,4.6952879082457075
27983,0.0,0.1771200932817816,0.2,0.2,2.9647331794857767
27983,0.1,0.15558668174010043,0.2,0.2,2.9647331794857767
27983,0.2,0.149754413753547,0.2,0.2,2.964733179485777
27983,0.3,0.14540121598667338,0.2,0.2,2.964733179485777
27983,0.4,0.1392534623641336,0.2,0.2,2.964733179485777
27983,0.5,0.07362322034364344,0.1,0.1,3.2081038413964706
27983,0.6,0.06343775459021642,0.1,0.1,4.336853027357973
52088,0.0,0.0,0.0,0.0,2.9366880082189875
52088,0.1,0.0,0.0,0.0,2.9366880082189875
52088,0.2,0.0,0.0,0.0,2.9366880082189875
52088,0.3,0.0,0.0,0.0,3.369074945798135
52088,0.4,0.0,0.0,0.0,4.15153836577165
52088,0.5,0.0,0.0,0.0,6.201742116043125
52088,0.6,0.0,0.0,0.0,7.128751730127374
123246,0.0,0.10907458963273323,0.16666666666666666,0.1,1.9292994533651568
123246,0.1,0.10907458963273323,0.16666666666666666,0.1,1.9292994533651566
123246,0.2,0.10907458963273323,0.16666666666666666,0.1,1.9292994533651568
123246,0.3,0.10907458963273323,0.16666666666666666,0.1,2.165475769787763
123246,0.4,0.10907458963273323,0.16666666666666666,0.1,2.1654757697877627
123246,0.5,0.0,0.0,0.0,3.335533856194046
123246,0.6,0.0,0.0,0.0,5.0915237195516
174665,0.0,0.28546989565597386,0.2,0.2,2.1562135939534293
174665,0.1,0.28546989565597386,0.2,0.2,2.1562135939534293
174665,0.2,0.2722767251671062,0.2,0.2,2.1562135939534293
174665,0.3,0.19369752095583892,0.2,0.2,2.1562135939534293
174665,0.4,0.15558668174010043,0.2,0.2,2.6896235487608897
174665,0.5,0.0,0.0,0.0,4.466379969040956
174665,0.6,0.0,0.0,0.0,5.636986177668884
179932,0.0,0.0,0.0,0.0,3.1933055906493997
179932,0.1,0.0,0.0,0.0,3.284360569488053
179932,0.2,0.0,0.0,0.0,3.284360569488053
179932,0.3,0.0,0.0,0.0,3.4206074400900413
179932,0.4,0.0,0.0,0.0,3.585239977358158
179932,0.5,0.0,0.0,0.0,5.029793814418719
179932,0.6,0.0,0.0,0.0,10.057158029275879
126453,0.0,0.0,0.0,0.0,2.0031367063920213
126453,0.1,0.0,0.0,0.0,2.121877711068538
126453,0.2,0.0,0.0,0.0,2.1218777110685383
126453,0.3,0.0,0.0,0.0,2.2437502490545707
126453,0.4,0.0,0.0,0.0,2.3296392845421776
126453,0.5,0.0,0.0,0.0,3.7023122221928078
126453,0.6,0.0,0.0,0.0,5.674194163757764
50289,0.0,0.31104101932854233,0.3,0.3,3.1862081261125934
50289,0.1,0.31104101932854233,0.3,0.3,3.1862081261125934
50289,0.2,0.3076404150444236,0.3,0.3,3.186208126112593
50289,0.3,0.25035041407674696,0.2,0.2,3.356022900332911
50289,0.4,0.19031326377064925,0.1,0.1,3.495360250108766
50289,0.5,0.19031326377064925,0.1,0.1,3.987316302133325
50289,0.6,0.081963461396457,0.1,0.1,6.873085414927641
196308,0.0,0.12663167705327655,0.16666666666666666,0.1,3.781357101344632
196308,0.1,0.09797563950575583,0.16666666666666666,0.1,3.781357101344632
196308,0.2,0.09021422696383824,0.16666666666666666,0.1,4.0819812271993205
196308,0.3,0.09021422696383824,0.16666666666666666,0.1,4.43860331811217
196308,0.4,0.0844211180355177,0.16666666666666666,0.1,4.861297127359067
196308,0.5,0.0,0.0,0.0,5.421714831458988
196308,0.6,0.0,0.0,0.0,6.202696053932454
196911,0.0,0.19031326377064925,0.1,0.1,1.9383995708970343
196911,0.1,0.19031326377064925,0.1,0.1,2.001206566551385
196911,0.2,0.19031326377064925,0.1,0.1,2.001206566551385
196911,0.3,0.19031326377064925,0.1,0.1,2.2022807113531755
196911,0.4,0.19031326377064925,0.1,0.1,2.2022807113531755
196911,0.5,0.1200743006121955,0.1,0.1,3.0219571994426513
196911,0.6,0.06343775459021642,0.1,0.1,3.161825053722876
175958,0.0,0.19031326377064925,0.1,0.1,3.1998667113369814
175958,0.1,0.19031326377064925,0.1,0.1,3.199866711336981
175958,0.2,0.19031326377064925,0.1,0.1,3.1998667113369814
175958,0.3,0.09515663188532462,0.1,0.1,3.1998667113369814
175958,0.4,0.09515663188532462,0.1,0.1,3.6686148092946604
175958,0.5,0.07362322034364344,0.1,0.1,4.182273704071963
175958,0.6,0.0,0.0,0.0,5.264874176886019
36451,0.0,0.3516450798625575,0.25,0.2,2.4613262039376287
36451,0.1,0.3516450798625575,0.25,0.2,2.6425629800726615
36451,0.2,0.32341529035126887,0.25,0.2,2.6425629800726615
36451,0.3,0.30846844961870695,0.25,0.2,2.6425629800726615
36451,0.4,0.2924120941300124,0.25,0.2,2.8181131480768604
36451,0.5,0.21561019356751257,0.125,0.1,3.3041945077511143
36451,0.6,0.21561019356751257,0.125,0.1,4.015051702363982
194391,0.0,0.06779095235709003,0.1,0.1,3.0361754985928755
194391,0.1,0.06779095235709003,0.1,0.1,3.0361754985928755
194391,0.2,0.06343775459021642,0.1,0.1,3.0361754985928755
194391,0.3,0.05729000096767664,0.1,0.1,3.215223608942196
194391,0.4,0.0,0.0,0.0,3.4737120308310123
194391,0.5,0.0,0.0,0.0,4.688891712330298
194391,0.6,0.0,0.0,0.0,7.990086804882059
60093,0.0,0.0,0.0,0.0,2.561801018190205
60093,0.1,0.0,0.0,0.0,2.561801018190205
60093,0.2,0.0,0.0,0.0,2.561801018190205
60093,0.3,0.05729000096767664,0.1,0.1,2.7376131248423494
60093,0.4,0.06003715030609775,0.1,0.1,2.73761312484235
60093,0.5,0.07362322034364344,0.1,0.1,2.9353088883298986
60093,0.6,0.1200743006121955,0.1,0.1,4.848975522482066
197225,0.0,0.20287154344181754,0.3333333333333333,0.2,2.0587644763032165
197225,0.1,0.1597913855951283,0.16666666666666666,0.1,2.36630872896688
197225,0.2,0.1597913855951283,0.16666666666666666,0.1,2.49355053054434
197225,0.3,0.1597913855951283,0.16666666666666666,0.1,2.49355053054434
197225,0.4,0.1597913855951283,0.16666666666666666,0.1,3.5556185207906914
197225,0.5,0.09797563950575583,0.16666666666666666,0.1,3.859136195208632
197225,0.6,0.0,0.0,0.0,4.920891629360506
75327,0.0,0.0,0.0,0.0,2.100127878261878
75327,0.1,0.0,0.0,0.0,2.100127878261878
75327,0.2,0.0,0.0,0.0,2.3440630350045057
75327,0.3,0.0,0.0,0.0,2.3440630350045057
75327,0.4,0.0,0.0,0.0,2.661282983225312
75327,0.5,0.0,0.0,0.0,3.0942667353473565
75327,0.6,0.0,0.0,0.0,4.231602752698821
106851,0.0,0.3627705844406087,0.42857142857142855,0.3,3.2260682379595997
106851,0.1,0.35259006225288503,0.42857142857142855,0.3,3.4896609559069773
106851,0.2,0.35259006225288503,0.42857142857142855,0.3,3.4896609559069773
106851,0.3,0.2989508718460877,0.42857142857142855,0.3,3.4896609559069773
106851,0.4,0.2793056647266599,0.42857142857142855,0.3,3.651122380665439
106851,0.5,0.06993108739817411,0.14285714285714285,0.1,4.744031106306154
106851,0.6,0.14656879505245024,0.14285714285714285,0.1,6.1735331138886735
166917,0.0,0.17714752793103522,0.2,0.1,2.088220215952499
166917,0.1,0.17714752793103522,0.2,0.1,2.088220215952499
166917,0.2,0.17714752793103522,0.2,0.1,2.3783837117435445
166917,0.3,0.17714752793103522,0.2,0.1,2.704811582829187
166917,0.4,0.14038609443307223,0.2,0.1,2.704811582829187
166917,0.5,0.0,0.0,0.0,3.036535884260768
166917,0.6,0.0,0.0,0.0,3.829909046473708
189878,0.0,0.0,0.0,0.0,2.243066100772665
189878,0.1,0.0,0.0,0.0,2.243066100772665
189878,0.2,0.0,0.0,0.0,2.243066100772665
189878,0.3,0.0,0.0,0.0,2.3525032876708383
189878,0.4,0.0,0.0,0.0,2.684129487195073
189878,0.5,0.0,0.0,0.0,4.881342680854121
189878,0.6,0.0,0.0,0.0,7.165397162874709
154466,0.0,0.0,0.0,0.0,4.205122895025776
154466,0.1,0.0,0.0,0.0,4.205122895025776
154466,0.2,0.0,0.0,0.0,4.205122895025776
154466,0.3,0.0,0.0,0.0,4.531487739953173
154466,0.4,0.0,0.0,0.0,5.061957696083469
154466,0.5,0.0,0.0,0.0,5.948180757357861
154466,0.6,0.0,0.0,0.0,6.147246106676895
133774,0.0,0.07680190056249983,0.125,0.1,3.0645233437182307
133774,0.1,0.06490513563473845,0.125,0.1,3.154587391650142
133774,0.2,0.0,0.0,0.0,3.373423626261098
133774,0.3,0.0,0.0,0.0,3.419647217569112
133774,0.4,0.0,0.0,0.0,3.419647217569112
133774,0.5,0.0,0.0,0.0,3.560421525247933
133774,0.6,0.0,0.0,0.0,4.531434113527373
179807,0.0,0.0,0.0,0.0,1.8088866421419898
179807,0.1,0.0,0.0,0.0,1.8088866421419898
179807,0.2,0.0,0.0,0.0,1.9333838439154856
179807,0.3,0.0,0.0,0.0,2.053922984756704
179807,0.4,0.0,0.0,0.0,2.4100190044105765
179807,0.5,0.0,0.0,0.0,2.9244713620138163
179807,0.6,0.0,0.0,0.0,3.259373245211459
64277,0.0,0.0,0.0,0.0,2.959455080422372
64277,0.1,0.0,0.0,0.0,3.252494317452398
64277,0.2,0.0,0.0,0.0,3.252494317452398
64277,0.3,0.0,0.0,0.0,3.252494317452398
64277,0.4,0.0,0.0,0.0,3.3695126783714473
64277,0.5,0.06003715030609775,0.1,0.1,3.8829572283031624
64277,0.6,0.07362322034364344,0.1,0.1,4.607003659529187
184617,0.0,0.0,0.0,0.0,2.0779669424581284
184617,0.1,0.0,0.0,0.0,2.0779669424581284
184617,0.2,0.0,0.0,0.0,2.0779669424581284
184617,0.3,0.0,0.0,0.0,2.0779669424581284
184617,0.4,0.0,0.0,0.0,2.3185020114417614
184617,0.5,0.0,0.0,0.0,3.0277286589939942
184617,0.6,0.0,0.0,0.0,5.3876792360540176
138673,0.0,0.0,0.0,0.0,2.6044844951057
138673,0.1,0.0,0.0,0.0,2.6044844951056993
138673,0.2,0.0,0.0,0.0,2.6980269817875815
138673,0.3,0.0,0.0,0.0,2.6980269817875815
138673,0.4,0.0,0.0,0.0,2.6980269817875815
138673,0.5,0.0,0.0,0.0,3.112968749193606
138673,0.6,0.0,0.0,0.0,4.27502914637329
112542,0.0,0.0,0.0,0.0,1.9359405563291538
112542,0.1,0.0,0.0,0.0,1.9359405563291538
112542,0.2,0.0,0.0,0.0,1.9359405563291538
112542,0.3,0.0,0.0,0.0,1.9359405563291538
112542,0.4,0.0,0.0,0.0,1.9359405563291538
112542,0.5,0.0,0.0,0.0,2.6682846437952046
112542,0.6,0.0,0.0,0.0,6.049172641268429
54539,0.0,0.19031326377064925,0.1,0.1,2.6169079306051923
54539,0.1,0.19031326377064925,0.1,0.1,2.616907930605192
54539,0.2,0.19031326377064925,0.1,0.1,3.051822056102686
54539,0.3,0.19031326377064925,0.1,0.1,3.2001254013120173
54539,0.4,0.081963461396457,0.1,0.1,3.347995560556246
54539,0.5,0.06003715030609775,0.1,0.1,3.5307304679755296
54539,0.6,0.0,0.0,0.0,4.681188307267943
109964,0.0,0.08694451260789762,0.1111111111111111,0.1,1.959972650054563
109964,0.1,0.08694451260789762,0.1111111111111111,0.1,1.959972650054563
109964,0.2,0.08694451260789762,0.1111111111111111,0.1,2.133374955643912
109964,0.3,0.08694451260789762,0.1111111111111111,0.1,2.401066867758591
109964,0.4,0.06729296884018866,0.1111111111111111,0.1,2.401066867758591
109964,0.5,0.0,0.0,0.0,4.486940286687731
109964,0.6,0.0,0.0,0.0,5.136498671937013
98535,0.0,0.0,0.0,0.0,2.3827042054252163
98535,0.1,0.0,0.0,0.0,2.3827042054252163
98535,0.2,0.0,0.0,0.0,2.3827042054252163
98535,0.3,0.0,0.0,0.0,2.4459318527588643
98535,0.4,0.0,0.0,0.0,2.621013213568108
98535,0.5,0.0,0.0,0.0,3.3102940498976325
98535,0.6,0.0,0.0,0.0,5.342999511384428
59117,0.0,0.0,0.0,0.0,3.5651099479233275
59117,0.1,0.0,0.0,0.0,3.734983335579398
59117,0.2,0.0,0.0,0.0,3.734983335579398
59117,0.3,0.0,0.0,0.0,3.734983335579398
59117,0.4,0.0,0.0,0.0,3.734983335579398
59117,0.5,0.0,0.0,0.0,3.734983335579398
59117,0.6,0.0,0.0,0.0,4.183180158895856
89786,0.0,0.0,0.0,0.0,2.425458266836738
89786,0.1,0.0,0.0,0.0,2.5919736642774494
89786,0.2,0.0,0.0,0.0,2.9041047118560774
89786,0.3,0.0,0.0,0.0,2.9041047118560774
89786,0.4,0.0,0.0,0.0,3.4429785300077524
89786,0.5,0.0,0.0,0.0,4.039872807940627
89786,0.6,0.0,0.0,0.0,4.427766405386746
97923,0.0,0.4068896892996024,0.5,0.5,2.1650036399602532
97923,0.1,0.4068896892996024,0.5,0.5,2.1650036399602532
97923,0.2,0.4034890850154837,0.5,0.5,2.1650036399602532
97923,0.3,0.46937485040706384,0.5,0.5,2.1650036399602532
97923,0.4,0.5096781770530762,0.5,0.5,2.3161894681158453
97923,0.5,0.41329799831916164,0.4,0.4,2.9192048937322834
97923,0.6,0.12508095332476668,0.2,0.2,4.656243196694065
15278,0.0,0.081963461396457,0.1,0.1,3.7527300207371623
15278,0.1,0.081963461396457,0.1,0.1,3.7527300207371623
15278,0.2,0.081963461396457,0.1,0.1,3.8300855648624816
15278,0.3,0.081963461396457,0.1,0.1,3.8300855648624816
15278,0.4,0.07362322034364344,0.1,0.1,3.8300855648624816
15278,0.5,0.07362322034364344,0.1,0.1,4.036313567856673
15278,0.6,0.0,0.0,0.0,5.128699765780821
76079,0.0,0.0,0.0,0.0,2.3894399419796324
76079,0.1,0.0,0.0,0.0,2.3894399419796324
76079,0.2,0.0,0.0,0.0,2.6983615068379483
76079,0.3,0.0,0.0,0.0,2.9597917206193474
76079,0.4,0.0,0.0,0.0,3.1908784815352496
76079,0.5,0.0,0.0,0.0,4.286536267756517
76079,0.6,0.0,0.0,0.0,5.31219245910078
189999,0.0,0.1200743006121955,0.1,0.1,2.4287087247515897
189999,0.1,0.1200743006121955,0.1,0.1,2.4287087247515897
189999,0.2,0.1200743006121955,0.1,0.1,2.4287087247515897
189999,0.3,0.09515663188532462,0.1,0.1,2.4287087247515897
189999,0.4,0.081963461396457,0.1,0.1,2.608743715145539
189999,0.5,0.06343775459021642,0.1,0.1,4.066229470271399
189999,0.6,0.0,0.0,0.0,7.506706925503195
116513,0.0,0.0,0.0,0.0,4.199613042023519
116513,0.1,0.0,0.0,0.0,4.295567346543387
116513,0.2,0.0,0.0,0.0,4.295567346543387
116513,0.3,0.0,0.0,0.0,4.4227361183027085
116513,0.4,0.0,0.0,0.0,4.422736118302709
116513,0.5,0.0,0.0,0.0,4.498719530708689
116513,0.6,0.0,0.0,0.0,5.132229567172176
60274,0.0,0.1771200932817816,0.2,0.2,2.5407335642421023
60274,0.1,0.1771200932817816,0.2,0.2,2.7291411593944606
60274,0.2,0.1771200932817816,0.2,0.2,2.998456663034713
60274,0.3,0.1771200932817816,0.2,0.2,3.465884141223607
60274,0.4,0.16294758424241465,0.2,0.2,3.465884141223607
60274,0.5,0.06003715030609775,0.1,0.1,5.533477351327382
60274,0.6,0.0,0.0,0.0,6.511497911423824
197009,0.0,0.07362322034364344,0.1,0.1,3.160039378341415
197009,0.1,0.081963461396457,0.1,0.1,3.367444359715544
197009,0.2,0.07362322034364344,0.1,0.1,3.649744032201526
197009,0.3,0.07362322034364344,0.1,0.1,3.690196264411413
197009,0.4,0.06779095235709003,0.1,0.1,3.901038197829318
197009,0.5,0.0,0.0,0.0,4.296935233865758
197009,0.6,0.0,0.0,0.0,4.422730964667626
197612,0.0,0.0,0.0,0.0,2.445028454683647
197612,0.1,0.0,0.0,0.0,2.445028454683647
197612,0.2,0.0,0.0,0.0,2.445028454683647
197612,0.3,0.0,0.0,0.0,2.445028454683647
197612,0.4,0.0,0.0,0.0,2.6545266801196177
197612,0.5,0.0,0.0,0.0,2.967706404186368
197612,0.6,0.0,0.0,0.0,3.734125336590023
18578,0.0,0.06003715030609775,0.1,0.1,2.3018656305040635
18578,0.1,0.05729000096767664,0.1,0.1,2.4758770287588647
18578,0.2,0.0,0.0,0.0,2.5737887720217847
18578,0.3,0.05729000096767664,0.1,0.1,2.784494320915411
18578,0.4,0.05729000096767664,0.1,0.1,2.784494320915411
18578,0.5,0.0,0.0,0.0,6.190520624331981
18578,0.6,0.0,0.0,0.0,10.66193991123519
17187,0.0,0.0,0.0,0.0,1.8687751932634122
17187,0.1,0.0,0.0,0.0,1.9704495788558198
17187,0.2,0.0,0.0,0.0,1.9704495788558198
17187,0.3,0.0,0.0,0.0,2.0500611906760224
17187,0.4,0.0,0.0,0.0,2.2190129443424427
17187,0.5,0.0,0.0,0.0,2.912470962327228
17187,0.6,0.0,0.0,0.0,3.745437009865065
49893,0.0,0.0,0.0,0.0,3.3987974508527588
49893,0.1,0.0,0.0,0.0,3.5153270128083927
49893,0.2,0.0,0.0,0.0,3.5153270128083927
49893,0.3,0.0,0.0,0.0,3.7321742447982933
49893,0.4,0.0,0.0,0.0,4.09753905829238
49893,0.5,0.0,0.0,0.0,5.2431876947042335
49893,0.6,0.0,0.0,0.0,7.930827748895545
83307,0.0,0.0,0.0,0.0,5.084629498894108
83307,0.1,0.0,0.0,0.0,5.497687132290757
83307,0.2,0.0,0.0,0.0,5.497687132290757
83307,0.3,0.0,0.0,0.0,5.76655236092721
83307,0.4,0.0,0.0,0.0,5.76655236092721
83307,0.5,0.0,0.0,0.0,5.973431554447726
83307,0.6,0.0,0.0,0.0,6.3321872995393385
97712,0.0,0.0,0.0,0.0,4.501839352972808
97712,0.1,0.0,0.0,0.0,4.741450986932553
97712,0.2,0.0,0.0,0.0,4.741450986932553
97712,0.3,0.0,0.0,0.0,5.2875135381552685
97712,0.4,0.0,0.0,0.0,5.6616927056040804
97712,0.5,0.0,0.0,0.0,5.864623183927632
97712,0.6,0.0,0.0,0.0,7.110531001748548
29984,0.0,0.0,0.0,0.0,3.246430553988051
29984,0.1,0.0,0.0,0.0,3.5540733486878677
29984,0.2,0.0,0.0,0.0,3.5540733486878677
29984,0.3,0.0,0.0,0.0,3.5540733486878677
29984,0.4,0.0,0.0,0.0,3.5540733486878677
29984,0.5,0.0,0.0,0.0,3.8784125060610224
29984,0.6,0.0,0.0,0.0,4.604699285841654
46227,0.0,0.19031326377064925,0.1,0.1,3.3087226193561676
46227,0.1,0.19031326377064925,0.1,0.1,3.5340870535173132
46227,0.2,0.19031326377064925,0.1,0.1,3.5340870535173123
46227,0.3,0.19031326377064925,0.1,0.1,3.5340870535173123
46227,0.4,0.19031326377064925,0.1,0.1,3.8744837148493616
46227,0.5,0.06779095235709003,0.1,0.1,3.8744837148493616
46227,0.6,0.19031326377064925,0.1,0.1,5.00079857963294
126074,0.0,0.0,0.0,0.0,6.352042742529679
126074,0.1,0.0,0.0,0.0,6.352042742529679
126074,0.2,0.0,0.0,0.0,6.352042742529679
126074,0.3,0.0,0.0,0.0,6.503918434694806
126074,0.4,0.0,0.0,0.0,7.831182204695471
126074,0.5,0.0,0.0,0.0,8.443713983657961
126074,0.6,0.0,0.0,0.0,9.499202809489736
279,0.0,0.0,0.0,0.0,4.189111649858594
279,0.1,0.0,0.0,0.0,4.289794599545203
279,0.2,0.0,0.0,0.0,4.364279882888687
279,0.3,0.0,0.0,0.0,4.364279882888687
279,0.4,0.0,0.0,0.0,4.561186816104956
279,0.5,0.0,0.0,0.0,5.031998437783898
279,0.6,0.0,0.0,0.0,5.423997781105143
22832,0.0,0.081963461396457,0.1,0.1,2.3316840020137417
22832,0.1,0.081963461396457,0.1,0.1,2.3316840020137417
22832,0.2,0.081963461396457,0.1,0.1,2.3316840020137417
22832,0.3,0.07362322034364344,0.1,0.1,2.3316840020137417
22832,0.4,0.06779095235709003,0.1,0.1,2.539791541176638
22832,0.5,0.06343775459021642,0.1,0.1,2.6954434484513214
22832,0.6,0.0,0.0,0.0,3.799004583522848
48694,0.0,0.18351205520241193,0.2,0.2,4.966466032213626
48694,0.1,0.17736430157987212,0.2,0.2,4.966466032213626
48694,0.2,0.1200743006121955,0.1,0.1,5.100817797129659
48694,0.3,0.1200743006121955,0.1,0.1,5.396105384203059
48694,0.4,0.1200743006121955,0.1,0.1,5.4507517151843805
48694,0.5,0.081963461396457,0.1,0.1,5.4507517151843805
48694,0.6,0.07362322034364344,0.1,0.1,6.511747108612376
127634,0.0,0.19031326377064925,0.1,0.1,2.0412711449218
127634,0.1,0.19031326377064925,0.1,0.1,2.0412711449218
127634,0.2,0.19031326377064925,0.1,0.1,2.0412711449218
127634,0.3,0.19031326377064925,0.1,0.1,2.0412711449218
127634,0.4,0.19031326377064925,0.1,0.1,2.218322685169032
127634,0.5,0.1200743006121955,0.1,0.1,4.551521990643193
127634,0.6,0.0,0.0,0.0,7.596265037148308
28029,0.0,0.0,0.0,0.0,6.158054929191299
28029,0.1,0.0,0.0,0.0,6.852036354940853
28029,0.2,0.0,0.0,0.0,7.514951197336383
28029,0.3,0.0,0.0,0.0,7.514951197336383
28029,0.4,0.0,0.0,0.0,7.514951197336383
28029,0.5,0.0,0.0,0.0,7.514951197336383
28029,0.6,0.0,0.0,0.0,7.90282056771417
16759,0.0,0.26393648411429266,0.2,0.2,1.9779107143397219
16759,0.1,0.25810421612773926,0.2,0.2,2.1629915608645573
16759,0.2,0.25810421612773926,0.2,0.2,2.1629915608645573
16759,0.3,0.25810421612773926,0.2,0.2,2.325352921437263
16759,0.4,0.25375101836086567,0.2,0.2,2.325352921437263
16759,0.5,0.19031326377064925,0.1,0.1,3.029856656820986
16759,0.6,0.0,0.0,0.0,4.465156267623762
150378,0.0,0.1200743006121955,0.1,0.1,1.916710504828816
150378,0.1,0.19031326377064925,0.1,0.1,1.916710504828816
150378,0.2,0.19031326377064925,0.1,0.1,2.1219328801106645
150378,0.3,0.19031326377064925,0.1,0.1,2.258905966937647
150378,0.4,0.19031326377064925,0.1,0.1,2.505502695117642
150378,0.5,0.19031326377064925,0.1,0.1,3.3270284240049683
150378,0.6,0.05729000096767664,0.1,0.1,4.709028680851509
95897,0.0,0.081963461396457,0.1,0.1,2.1919842288165405
95897,0.1,0.09515663188532462,0.1,0.1,2.4060255596213707
95897,0.2,0.09515663188532462,0.1,0.1,2.406025559621371
95897,0.3,0.1200743006121955,0.1,0.1,2.406025559621371
95897,0.4,0.1200743006121955,0.1,0.1,2.864532353106105
95897,0.5,0.081963461396457,0.1,0.1,3.2971843027188115
95897,0.6,0.0,0.0,0.0,4.884498982050298
23716,0.0,0.1200743006121955,0.1,0.1,1.9644486355659232
23716,0.1,0.19031326377064925,0.1,0.1,1.9644486355659232
23716,0.2,0.19031326377064925,0.1,0.1,1.9644486355659232
23716,0.3,0.19031326377064925,0.1,0.1,1.9644486355659232
23716,0.4,0.19031326377064925,0.1,0.1,1.9644486355659232
23716,0.5,0.19031326377064925,0.1,0.1,2.4622264005587122
23716,0.6,0.07362322034364344,0.1,0.1,3.653950196184387
142689,0.0,0.19031326377064925,0.1,0.1,2.7176815181361285
142689,0.1,0.19031326377064925,0.1,0.1,2.7176815181361285
142689,0.2,0.19031326377064925,0.1,0.1,2.7176815181361285
142689,0.3,0.19031326377064925,0.1,0.1,2.883418725720094
142689,0.4,0.19031326377064925,0.1,0.1,3.024723629324923
142689,0.5,0.19031326377064925,0.1,0.1,5.668042306342979
142689,0.6,0.07362322034364344,0.1,0.1,6.188749476839211
112540,0.0,0.1200743006121955,0.1,0.1,6.0723589115917544
112540,0.1,0.1200743006121955,0.1,0.1,6.0723589115917544
112540,0.2,0.1200743006121955,0.1,0.1,6.072358911591754
112540,0.3,0.1200743006121955,0.1,0.1,6.232915940133994
112540,0.4,0.1200743006121955,0.1,0.1,6.232915940133994
112540,0.5,0.19031326377064925,0.1,0.1,6.958394840893524
112540,0.6,0.19031326377064925,0.1,0.1,7.662712573080732
120650,0.0,0.0,0.0,0.0,2.7166485791367174
120650,0.1,0.0,0.0,0.0,2.7166485791367174
120650,0.2,0.05729000096767664,0.1,0.1,2.754985310336754
120650,0.3,0.0,0.0,0.0,3.026607999972148
120650,0.4,0.0,0.0,0.0,3.2065087978198
120650,0.5,0.0,0.0,0.0,3.5634436886660596
120650,0.6,0.0,0.0,0.0,5.7375927097156145
168530,0.0,0.0,0.0,0.0,3.6109840635811095
168530,0.1,0.0,0.0,0.0,3.901676839464629
168530,0.2,0.0,0.0,0.0,3.901676839464629
168530,0.3,0.0,0.0,0.0,4.073607840957251
168530,0.4,0.0,0.0,0.0,4.0736078409572505
168530,0.5,0.0,0.0,0.0,4.872268658414016
168530,0.6,0.0,0.0,0.0,5.9012004378715215
23246,0.0,0.19031326377064925,0.1,0.1,1.7810055772818703
23246,0.1,0.19031326377064925,0.1,0.1,1.7810055772818703
23246,0.2,0.19031326377064925,0.1,0.1,1.7810055772818703
23246,0.3,0.19031326377064925,0.1,0.1,1.8830689303958323
23246,0.4,0.1200743006121955,0.1,0.1,1.9976386914786424
23246,0.5,0.1200743006121955,0.1,0.1,2.0673367694640112
23246,0.6,0.06343775459021642,0.1,0.1,3.138469580201467
148731,0.0,0.0,0.0,0.0,1.9662097776293308
148731,0.1,0.0,0.0,0.0,1.9662097776293308
148731,0.2,0.0,0.0,0.0,1.9662097776293308
148731,0.3,0.0,0.0,0.0,1.9662097776293308
148731,0.4,0.0,0.0,0.0,2.799829323204153
148731,0.5,0.06779095235709003,0.1,0.1,5.408265614100335
148731,0.6,0.09515663188532462,0.1,0.1,6.180060121013094
119229,0.0,0.0,0.0,0.0,3.6890005409200106
119229,0.1,0.0,0.0,0.0,3.6890005409200106
119229,0.2,0.0,0.0,0.0,3.892418423190113
119229,0.3,0.0,0.0,0.0,3.9666281870207145
119229,0.4,0.0,0.0,0.0,3.9666281870207145
119229,0.5,0.0,0.0,0.0,4.4468470466096015
119229,0.6,0.0,0.0,0.0,4.9720659318841
17639,0.0,0.07743534797800607,0.14285714285714285,0.1,4.919194991931091
17639,0.1,0.07743534797800607,0.14285714285714285,0.1,4.919194991931092
17639,0.2,0.07743534797800607,0.14285714285714285,0.1,5.2639197031234275
17639,0.3,0.07328439752622512,0.14285714285714285,0.1,5.2639197031234275
17639,0.4,0.0,0.0,0.0,5.617257041662115
17639,0.5,0.0,0.0,0.0,6.725530126468239
17639,0.6,0.0,0.0,0.0,7.772173387648747
184642,0.0,0.0,0.0,0.0,2.7572591901840076
184642,0.1,0.0,0.0,0.0,2.757259190184007
184642,0.2,0.0,0.0,0.0,2.9458334877066634
184642,0.3,0.0,0.0,0.0,3.598368490736449
184642,0.4,0.0,0.0,0.0,4.635575316541841
184642,0.5,0.0,0.0,0.0,5.698030811207082
184642,0.6,0.0,0.0,0.0,6.117023524358069
64484,0.0,0.08986824523342568,0.14285714285714285,0.1,2.8485881223976266
64484,0.1,0.08274908245792924,0.14285714285714285,0.1,3.0582799932496
64484,0.2,0.08274908245792924,0.14285714285714285,0.1,3.0582799932496
64484,0.3,0.0,0.0,0.0,3.911835807581556
64484,0.4,0.0,0.0,0.0,4.945156987063438
64484,0.5,0.0,0.0,0.0,5.868661243729676
64484,0.6,0.0,0.0,0.0,6.29273074515259
133446,0.0,0.06779095235709003,0.1,0.1,3.6718041178437573
133446,0.1,0.06779095235709003,0.1,0.1,3.6718041178437573
133446,0.2,0.06779095235709003,0.1,0.1,3.6718041178437573
133446,0.3,0.06779095235709003,0.1,0.1,3.6718041178437573
133446,0.4,0.06779095235709003,0.1,0.1,3.8637191508679356
133446,0.5,0.0,0.0,0.0,7.909413636616726
133446,0.6,0.0,0.0,0.0,10.039384576793966
180403,0.0,0.19031326377064925,0.1,0.1,2.705867930966902
180403,0.1,0.19031326377064925,0.1,0.1,2.705867930966902
180403,0.2,0.19031326377064925,0.1,0.1,2.9030386093775244
180403,0.3,0.19031326377064925,0.1,0.1,2.9030386093775244
180403,0.4,0.19031326377064925,0.1,0.1,2.9030386093775244
180403,0.5,0.19031326377064925,0.1,0.1,3.4895853999328956
180403,0.6,0.1200743006121955,0.1,0.1,6.595865132124757
43767,0.0,0.0,0.0,0.0,1.7784832011730565
43767,0.1,0.0,0.0,0.0,1.7784832011730565
43767,0.2,0.0,0.0,0.0,1.8868202245545114
43767,0.3,0.0,0.0,0.0,1.8868202245545114
43767,0.4,0.0,0.0,0.0,2.683775065624998
43767,0.5,0.0,0.0,0.0,4.911356494131272
43767,0.6,0.0,0.0,0.0,6.819658759847606
180663,0.0,0.081963461396457,0.1,0.1,6.754594732236166
180663,0.1,0.07362322034364344,0.1,0.1,6.886767148834333
180663,0.2,0.06779095235709003,0.1,0.1,6.962001230839645
180663,0.3,0.06343775459021642,0.1,0.1,6.962001230839645
180663,0.4,0.0,0.0,0.0,7.466123497112297
180663,0.5,0.0,0.0,0.0,8.633949087112637
180663,0.6,0.0,0.0,0.0,9.897765825890316
155233,0.0,0.1200743006121955,0.1,0.1,5.5838197165377705
155233,0.1,0.1200743006121955,0.1,0.1,5.58381971653777
155233,0.2,0.1200743006121955,0.1,0.1,5.58381971653777
155233,0.3,0.149754413753547,0.2,0.2,6.283480272241631
155233,0.4,0.18351205520241193,0.2,0.2,6.769687481418299
155233,0.5,0.19031326377064925,0.1,0.1,7.695297248941694
155233,0.6,0.1200743006121955,0.1,0.1,8.397882058146635
47060,0.0,0.09515663188532462,0.1,0.1,4.717672899341293
47060,0.1,0.09515663188532462,0.1,0.1,4.816480702761961
47060,0.2,0.07362322034364344,0.1,0.1,4.816480702761961
47060,0.3,0.07362322034364344,0.1,0.1,4.989808891915116
47060,0.4,0.05729000096767664,0.1,0.1,7.197612091468024
47060,0.5,0.0,0.0,0.0,9.799447195322708
47060,0.6,0.0,0.0,0.0,11.381729119459965
187651,0.0,0.23230604393401819,0.14285714285714285,0.1,2.0407835140890542
187651,0.1,0.23230604393401819,0.14285714285714285,0.1,2.1737247351230904
187651,0.2,0.14656879505245024,0.14285714285714285,0.1,2.17372473512309
187651,0.3,0.11615302196700909,0.14285714285714285,0.1,2.309694095664727
187651,0.4,0.08274908245792924,0.14285714285714285,0.1,2.5014686655122356
187651,0.5,0.0,0.0,0.0,2.6639591236414497
187651,0.6,0.0,0.0,0.0,3.8598342151019622
35703,0.0,0.0,0.0,0.0,5.0786514381213435
35703,0.1,0.0,0.0,0.0,5.169354088139941
35703,0.2,0.05729000096767664,0.1,0.1,5.431297726149138
35703,0.3,0.05729000096767664,0.1,0.1,5.431297726149138
35703,0.4,0.05729000096767664,0.1,0.1,5.773890834914324
35703,0.5,0.06343775459021642,0.1,0.1,6.080022577153816
35703,0.6,0.06003715030609775,0.1,0.1,6.264051535410262
95303,0.0,0.09515663188532462,0.1,0.1,4.4198348336302224
95303,0.1,0.09515663188532462,0.1,0.1,4.4198348336302224
95303,0.2,0.09515663188532462,0.1,0.1,4.4198348336302224
95303,0.3,0.09515663188532462,0.1,0.1,5.088737246203776
95303,0.4,0.06343775459021642,0.1,0.1,6.356895735484983
95303,0.5,0.0,0.0,0.0,8.0469384597653
95303,0.6,0.0,0.0,0.0,10.064563569366506
19727,0.0,0.20151514190050246,0.25,0.1,5.036851351757102
19727,0.1,0.20151514190050246,0.25,0.1,5.036851351757102
19727,0.2,0.1596969716198995,0.25,0.1,5.036851351757102
19727,0.3,0.1375554841440053,0.25,0.1,5.276819765964961
19727,0.4,0.0,0.0,0.0,5.606055717268717
19727,0.5,0.0,0.0,0.0,6.156810906798811
19727,0.6,0.0,0.0,0.0,6.888269177788443
37937,0.0,0.0,0.0,0.0,3.1917980497474745
37937,0.1,0.0,0.0,0.0,3.3952719544668413
37937,0.2,0.0,0.0,0.0,3.621858841882265
37937,0.3,0.0,0.0,0.0,3.6218588418822657
37937,0.4,0.0,0.0,0.0,3.9943652389431996
37937,0.5,0.0,0.0,0.0,4.041445160273377
37937,0.6,0.0,0.0,0.0,5.618774969389796
8834,0.0,0.0,0.0,0.0,4.509851788480537
8834,0.1,0.0,0.0,0.0,4.6732339383865185
8834,0.2,0.0,0.0,0.0,4.82204648177497
8834,0.3,0.0,0.0,0.0,5.043010414162174
8834,0.4,0.0,0.0,0.0,5.39977609559796
8834,0.5,0.0,0.0,0.0,5.39977609559796
8834,0.6,0.0,0.0,0.0,6.035672982547057
71122,0.0,0.28546989565597386,0.2,0.2,3.102983621761088
71122,0.1,0.28546989565597386,0.2,0.2,3.182124959579946
71122,0.2,0.3103875643828447,0.2,0.2,4.0728501129265755
71122,0.3,0.33231387547320396,0.3,0.3,4.282068948589161
71122,0.4,0.20979156405964475,0.3,0.3,4.282068948589161
71122,0.5,0.20979156405964475,0.3,0.3,4.546595411903176
71122,0.6,0.149754413753547,0.2,0.2,5.243350828049451
167604,0.0,0.19031326377064925,0.1,0.1,2.3888990369489482
167604,0.1,0.19031326377064925,0.1,0.1,2.3888990369489482
167604,0.2,0.19031326377064925,0.1,0.1,2.3888990369489482
167604,0.3,0.19031326377064925,0.1,0.1,2.3888990369489482
167604,0.4,0.19031326377064925,0.1,0.1,2.565148302917412
167604,0.5,0.09515663188532462,0.1,0.1,3.7921001226746283
167604,0.6,0.06779095235709003,0.1,0.1,3.9678025189356
65842,0.0,0.081963461396457,0.1,0.1,3.0677661801983067
65842,0.1,0.07362322034364344,0.1,0.1,3.0677661801983067
65842,0.2,0.07362322034364344,0.1,0.1,3.2178225971226864
65842,0.3,0.06779095235709003,0.1,0.1,3.2178225971226864
65842,0.4,0.0,0.0,0.0,3.7474705921864326
65842,0.5,0.0,0.0,0.0,4.247309742087102
65842,0.6,0.0,0.0,0.0,4.983007875920073
162375,0.0,0.07362322034364344,0.1,0.1,6.195366788907709
162375,0.1,0.081963461396457,0.1,0.1,6.195366788907709
162375,0.2,0.081963461396457,0.1,0.1,6.195366788907709
162375,0.3,0.081963461396457,0.1,0.1,6.240072978490883
162375,0.4,0.09515663188532462,0.1,0.1,6.522545370581296
162375,0.5,0.1200743006121955,0.1,0.1,6.522545370581296
162375,0.6,0.1200743006121955,0.1,0.1,6.70769128456826
85978,0.0,0.17787133230331997,0.3333333333333333,0.2,2.6554520890829743
85978,0.1,0.18239675754127352,0.3333333333333333,0.2,2.6554520890829743
85978,0.2,0.18239675754127352,0.3333333333333333,0.2,2.6554520890829743
85978,0.3,0.18818986646959407,0.3333333333333333,0.2,2.6554520890829743
85978,0.4,0.18818986646959407,0.3333333333333333,0.2,2.9155781606916245
85978,0.5,0.18818986646959407,0.3333333333333333,0.2,3.0832662733624683
85978,0.6,0.17463534499935596,0.3333333333333333,0.2,3.5066581716853684
199266,0.0,0.0,0.0,0.0,2.6489355989549206
199266,0.1,0.0,0.0,0.0,2.6489355989549206
199266,0.2,0.0,0.0,0.0,2.834440490223319
199266,0.3,0.0,0.0,0.0,2.9506482959816442
199266,0.4,0.0,0.0,0.0,3.4210898794874405
199266,0.5,0.0,0.0,0.0,5.474704015175697
199266,0.6,0.0,0.0,0.0,5.978895506419505
185952,0.0,0.0,0.0,0.0,5.250670148052857
185952,0.1,0.0,0.0,0.0,5.4492612549800405
185952,0.2,0.0,0.0,0.0,5.619032701298307
185952,0.3,0.0,0.0,0.0,5.760821062689752
185952,0.4,0.0,0.0,0.0,5.910030708350641
185952,0.5,0.0,0.0,0.0,6.1347043025508405
185952,0.6,0.0,0.0,0.0,8.013173966484688
115840,0.0,0.18788396586818062,0.2222222222222222,0.2,2.1116166951873514
115840,0.1,0.2143159213501936,0.2222222222222222,0.2,2.2625944355911605
115840,0.2,0.3292503152628619,0.2222222222222222,0.2,2.2625944355911605
115840,0.3,0.40375781304113195,0.2222222222222222,0.2,2.511631074960512
115840,0.4,0.40375781304113195,0.2222222222222222,0.2,2.8061537177986615
115840,0.5,0.40375781304113195,0.2222222222222222,0.2,3.30902454611955
115840,0.6,0.27997632822948654,0.2222222222222222,0.2,4.311399970345222
31018,0.0,0.19031326377064925,0.1,0.1,2.684991872246541
31018,0.1,0.19031326377064925,0.1,0.1,2.753340398319122
31018,0.2,0.19031326377064925,0.1,0.1,2.829553474834451
31018,0.3,0.19031326377064925,0.1,0.1,2.976184917798726
31018,0.4,0.19031326377064925,0.1,0.1,3.311618019284628
31018,0.5,0.07362322034364344,0.1,0.1,4.243403567797798
31018,0.6,0.0,0.0,0.0,5.797198273327887
175794,0.0,0.14038609443307223,0.2,0.1,2.0817715037809017
175794,0.1,0.14038609443307223,0.2,0.1,2.0817715037809017
175794,0.2,0.14038609443307223,0.2,0.1,2.0817715037809017
175794,0.3,0.14038609443307223,0.2,0.1,2.0817715037809017
175794,0.4,0.12092199990360374,0.2,0.1,2.0817715037809017
175794,0.5,0.10861750945625488,0.2,0.1,3.46371761728052
175794,0.6,0.0,0.0,0.0,4.895480034855174
148028,0.0,0.0,0.0,0.0,2.6342338623087955
148028,0.1,0.0,0.0,0.0,2.6342338623087955
148028,0.2,0.0,0.0,0.0,2.795490654618069
148028,0.3,0.0,0.0,0.0,2.965559598095581
148028,0.4,0.0,0.0,0.0,2.9655595980955805
148028,0.5,0.0,0.0,0.0,3.3804911436050253
148028,0.6,0.0,0.0,0.0,4.641592002605732
114537,0.0,0.0,0.0,0.0,3.834362523712452
114537,0.1,0.0,0.0,0.0,3.8343625237124526
114537,0.2,0.0,0.0,0.0,4.001435281203393
114537,0.3,0.0,0.0,0.0,4.001435281203394
114537,0.4,0.0,0.0,0.0,4.001435281203394
114537,0.5,0.0,0.0,0.0,4.099356466854009
114537,0.6,0.0,0.0,0.0,4.429501366291474
44432,0.0,0.1200743006121955,0.1,0.1,2.33707665948681
44432,0.1,0.081963461396457,0.1,0.1,2.33707665948681
44432,0.2,0.06779095235709003,0.1,0.1,2.33707665948681
44432,0.3,0.0,0.0,0.0,2.5612655976665755
44432,0.4,0.0,0.0,0.0,2.7637664110778846
44432,0.5,0.0,0.0,0.0,3.095944613164307
44432,0.6,0.0,0.0,0.0,3.541517690936918
5312,0.0,0.05729000096767664,0.1,0.1,2.827708791222708
5312,0.1,0.06003715030609775,0.1,0.1,2.827708791222708
5312,0.2,0.05729000096767664,0.1,0.1,3.062336186902948
5312,0.3,0.0,0.0,0.0,3.2178459475514245
5312,0.4,0.0,0.0,0.0,3.2178459475514245
5312,0.5,0.0,0.0,0.0,3.773294433447127
5312,0.6,0.0,0.0,0.0,4.612914898648073
72636,0.0,0.19031326377064925,0.1,0.1,2.172703756919313
72636,0.1,0.19031326377064925,0.1,0.1,2.172703756919313
72636,0.2,0.19031326377064925,0.1,0.1,2.1727037569193133
72636,0.3,0.19031326377064925,0.1,0.1,2.3146442825258764
72636,0.4,0.19031326377064925,0.1,0.1,2.3146442825258764
72636,0.5,0.14200061170255474,0.2,0.2,2.406546784511304
72636,0.6,0.06779095235709003,0.1,0.1,3.342280055304033
123094,0.0,0.06729296884018866,0.1111111111111111,0.1,4.165645566701257
123094,0.1,0.07191071742813417,0.1111111111111111,0.1,4.165645566701257
123094,0.2,0.07809742170892055,0.1111111111111111,0.1,4.165645566701257
123094,0.3,0.07809742170892055,0.1111111111111111,0.1,4.5899060745743
123094,0.4,0.08694451260789762,0.1111111111111111,0.1,4.838768180231447
123094,0.5,0.08694451260789762,0.1111111111111111,0.1,5.067786707859742
123094,0.6,0.060771606354535226,0.1111111111111111,0.1,5.940731805779101
64448,0.0,0.0,0.0,0.0,1.8421920539858725
64448,0.1,0.0,0.0,0.0,1.842192053985873
64448,0.2,0.0,0.0,0.0,1.842192053985873
64448,0.3,0.0,0.0,0.0,2.018589730006501
64448,0.4,0.0,0.0,0.0,2.146392192119646
64448,0.5,0.0,0.0,0.0,3.025057705283168
64448,0.6,0.0,0.0,0.0,3.8615444718374
47540,0.0,0.3103875643828447,0.2,0.2,4.058311035795583
47540,0.1,0.3103875643828447,0.2,0.2,4.058311035795583
47540,0.2,0.3103875643828447,0.2,0.2,4.058311035795583
47540,0.3,0.3103875643828447,0.2,0.2,4.2101120008254895
47540,0.4,0.3103875643828447,0.2,0.2,4.405585323388719
47540,0.5,0.28546989565597386,0.2,0.2,4.736791175443308
47540,0.6,0.19031326377064925,0.1,0.1,4.990814201822628
174662,0.0,0.3239736344203904,0.3,0.3,4.535999149197674
174662,0.1,0.3137881686669634,0.3,0.3,4.779605998855841
174662,0.2,0.25035041407674696,0.2,0.2,5.02890084933764
174662,0.3,0.25035041407674696,0.2,0.2,5.109415238811865
174662,0.4,0.2476032647383259,0.2,0.2,5.109415238811865
174662,0.5,0.2476032647383259,0.2,0.2,5.109415238811865
174662,0.6,0.2476032647383259,0.2,0.2,5.109415238811865
35873,0.0,0.081963461396457,0.1,0.1,4.384456304797317
35873,0.1,0.081963461396457,0.1,0.1,4.384456304797317
35873,0.2,0.081963461396457,0.1,0.1,4.384456304797317
35873,0.3,0.081963461396457,0.1,0.1,4.384456304797317
35873,0.4,0.081963461396457,0.1,0.1,4.384456304797316
35873,0.5,0.081963461396457,0.1,0.1,4.384456304797316
35873,0.6,0.06343775459021642,0.1,0.1,5.369815119755881
186035,0.0,0.0,0.0,0.0,3.5682570676023793
186035,0.1,0.0,0.0,0.0,3.56825706760238
186035,0.2,0.0,0.0,0.0,3.5682570676023793
186035,0.3,0.0,0.0,0.0,3.735366843200257
186035,0.4,0.0,0.0,0.0,3.735366843200257
186035,0.5,0.0,0.0,0.0,4.704582352333146
186035,0.6,0.0,0.0,0.0,5.81527443565041
103360,0.0,0.08857376396551761,0.2,0.1,1.7942001953795461
103360,0.1,0.08452085079694195,0.2,0.1,1.9207780543124156
103360,0.2,0.0,0.0,0.0,2.1673033153512367
103360,0.3,0.0,0.0,0.0,2.248094128846995
103360,0.4,0.0,0.0,0.0,2.486991140898009
103360,0.5,0.0,0.0,0.0,4.032739155748982
103360,0.6,0.0,0.0,0.0,5.697747737503418
88217,0.0,0.0,0.0,0.0,3.417983166184647
88217,0.1,0.0,0.0,0.0,3.417983166184647
88217,0.2,0.0,0.0,0.0,3.8767015308467814
88217,0.3,0.0,0.0,0.0,4.262823828104633
88217,0.4,0.0,0.0,0.0,4.262823828104633
88217,0.5,0.0,0.0,0.0,5.567937145100843
88217,0.6,0.0,0.0,0.0,5.745341321604908
40727,0.0,0.0,0.0,0.0,5.239988389597817
40727,0.1,0.0,0.0,0.0,6.495237422520501
40727,0.2,0.0,0.0,0.0,7.712402540786792
40727,0.3,0.0,0.0,0.0,8.185950292037472
40727,0.4,0.0,0.0,0.0,8.185950292037472
40727,0.5,0.0,0.0,0.0,8.185950292037472
40727,0.6,0.0,0.0,0.0,8.507109620837813
167063,0.0,0.0,0.0,0.0,1.9818875419165338
167063,0.1,0.0,0.0,0.0,1.9818875419165338
167063,0.2,0.0,0.0,0.0,1.9818875419165338
167063,0.3,0.0,0.0,0.0,2.0881586745400247
167063,0.4,0.0,0.0,0.0,2.178018418707738
167063,0.5,0.0,0.0,0.0,2.5422252831365606
167063,0.6,0.0,0.0,0.0,3.821467631152519
148590,0.0,0.081963461396457,0.1,0.1,2.19948781662563
148590,0.1,0.081963461396457,0.1,0.1,2.1994878166256298
148590,0.2,0.081963461396457,0.1,0.1,2.400616387963163
148590,0.3,0.06779095235709003,0.1,0.1,2.400616387963163
148590,0.4,0.07362322034364344,0.1,0.1,2.778144482054933
148590,0.5,0.09515663188532462,0.1,0.1,3.0470986696944267
148590,0.6,0.09515663188532462,0.1,0.1,4.471227148613775
128695,0.0,0.0,0.0,0.0,2.210252557756171
128695,0.1,0.0,0.0,0.0,2.210252557756171
128695,0.2,0.0,0.0,0.0,2.3362679393338555
128695,0.3,0.0,0.0,0.0,2.6868689872620606
128695,0.4,0.0,0.0,0.0,3.2959765344998893
128695,0.5,0.0,0.0,0.0,6.16495819761447
128695,0.6,0.0,0.0,0.0,7.525161732273124
104369,0.0,0.05729000096767664,0.1,0.1,4.547019789651401
104369,0.1,0.06003715030609775,0.1,0.1,4.5470197896514
104369,0.2,0.06343775459021642,0.1,0.1,4.738483655834866
104369,0.3,0.06003715030609775,0.1,0.1,4.930485757488595
104369,0.4,0.05729000096767664,0.1,0.1,4.930485757488595
104369,0.5,0.0,0.0,0.0,5.760479250616521
104369,0.6,0.0,0.0,0.0,7.9247955696332895
158556,0.0,0.06779095235709003,0.1,0.1,2.2888979697518503
158556,0.1,0.06779095235709003,0.1,0.1,2.5337518491195135
158556,0.2,0.06343775459021642,0.1,0.1,2.6688346333933577
158556,0.3,0.06343775459021642,0.1,0.1,2.6688346333933572
158556,0.4,0.0,0.0,0.0,3.9277243666119914
158556,0.5,0.0,0.0,0.0,6.35411688440651
158556,0.6,0.0,0.0,0.0,6.648338312852788
66822,0.0,0.0,0.0,0.0,5.152849163193208
66822,0.1,0.0,0.0,0.0,5.378634019313065
66822,0.2,0.0,0.0,0.0,5.378634019313065
66822,0.3,0.0,0.0,0.0,5.534670791067233
66822,0.4,0.0,0.0,0.0,5.534670791067233
66822,0.5,0.0,0.0,0.0,5.757031831016544
66822,0.6,0.0,0.0,0.0,6.279920878555858
90521,0.0,0.0,0.0,0.0,2.032535938093892
90521,0.1,0.0,0.0,0.0,2.101459002063277
90521,0.2,0.0,0.0,0.0,2.101459002063277
90521,0.3,0.0,0.0,0.0,2.101459002063277
90521,0.4,0.0,0.0,0.0,2.101459002063277
90521,0.5,0.0,0.0,0.0,6.571751515163337
90521,0.6,0.0,0.0,0.0,10.67083803846213
5214,0.0,0.0,0.0,0.0,1.9852211142965757
5214,0.1,0.0,0.0,0.0,1.9852211142965757
5214,0.2,0.0,0.0,0.0,1.9852211142965757
5214,0.3,0.0,0.0,0.0,2.153774367254375
5214,0.4,0.05729000096767664,0.1,0.1,2.300077493812969
5214,0.5,0.06779095235709003,0.1,0.1,2.8754681662273023
5214,0.6,0.09515663188532462,0.1,0.1,5.001461882326048
94527,0.0,0.19031326377064925,0.1,0.1,1.9887079486261439
94527,0.1,0.19031326377064925,0.1,0.1,1.9887079486261439
94527,0.2,0.19031326377064925,0.1,0.1,1.9887079486261439
94527,0.3,0.19031326377064925,0.1,0.1,1.9887079486261439
94527,0.4,0.19031326377064925,0.1,0.1,2.0944731413867617
94527,0.5,0.19031326377064925,0.1,0.1,2.6829619603136594
94527,0.6,0.06779095235709003,0.1,0.1,3.8947492313450214
190194,0.0,0.0,0.0,0.0,2.5295666767654463
190194,0.1,0.0,0.0,0.0,2.5295666767654463
190194,0.2,0.0,0.0,0.0,2.5295666767654463
190194,0.3,0.0,0.0,0.0,2.7974656916875253
190194,0.4,0.0,0.0,0.0,2.7974656916875253
190194,0.5,0.0,0.0,0.0,3.1019536565389276
190194,0.6,0.0,0.0,0.0,4.177563610945908
92995,0.0,0.07362322034364344,0.1,0.1,4.313025845405258
92995,0.1,0.081963461396457,0.1,0.1,4.313025845405258
92995,0.2,0.081963461396457,0.1,0.1,4.313025845405258
92995,0.3,0.13091322131132005,0.2,0.2,4.566458330434626
92995,0.4,0.13122870694730646,0.2,0.2,4.9524257237677345
92995,0.5,0.12782810266318778,0.2,0.2,5.070249323034668
92995,0.6,0.081963461396457,0.1,0.1,5.267265394757447
119882,0.0,0.09515663188532462,0.1,0.1,3.147604763750233
119882,0.1,0.09515663188532462,0.1,0.1,3.4550906020188648
119882,0.2,0.1200743006121955,0.1,0.1,3.4550906020188648
119882,0.3,0.19031326377064925,0.1,0.1,3.703769885253064
119882,0.4,0.19031326377064925,0.1,0.1,4.1665811673234305
119882,0.5,0.19031326377064925,0.1,0.1,5.053310226325481
119882,0.6,0.1200743006121955,0.1,0.1,5.448881201972489
127934,0.0,0.0,0.0,0.0,2.3686979447283014
127934,0.1,0.0,0.0,0.0,2.4670796762978693
127934,0.2,0.0,0.0,0.0,2.6889001275824183
127934,0.3,0.0,0.0,0.0,2.6889001275824183
127934,0.4,0.0,0.0,0.0,2.6889001275824183
127934,0.5,0.05729000096767664,0.1,0.1,3.068379613203213
127934,0.6,0.081963461396457,0.1,0.1,3.779323922605492
100329,0.0,0.26393648411429266,0.2,0.2,3.1444441540468135
100329,0.1,0.2722767251671062,0.2,0.2,3.1444441540468135
100329,0.2,0.2722767251671062,0.2,0.2,3.1444441540468135
100329,0.3,0.2722767251671062,0.2,0.2,3.826164161307368
100329,0.4,0.25810421612773926,0.2,0.2,6.041840439832734
100329,0.5,0.1200743006121955,0.1,0.1,7.330867592766664
100329,0.6,0.0,0.0,0.0,9.655396229178194
96742,0.0,0.10093945326028299,0.1111111111111111,0.1,3.0255897317154608
96742,0.1,0.10093945326028299,0.1111111111111111,0.1,3.0255897317154608
96742,0.2,0.08694451260789762,0.1111111111111111,0.1,3.344540609608083
96742,0.3,0.07191071742813417,0.1111111111111111,0.1,3.344540609608083
96742,0.4,0.060771606354535226,0.1111111111111111,0.1,3.344540609608083
96742,0.5,0.0,0.0,0.0,3.8705388100810345
96742,0.6,0.0,0.0,0.0,5.264962243531782
176955,0.0,0.0,0.0,0.0,2.7408939595609367
176955,0.1,0.0,0.0,0.0,2.7408939595609367
176955,0.2,0.0,0.0,0.0,2.9198494517557103
176955,0.3,0.0,0.0,0.0,2.9198494517557103
176955,0.4,0.0,0.0,0.0,2.91984945175571
176955,0.5,0.0,0.0,0.0,3.6303095467174105
176955,0.6,0.0,0.0,0.0,4.266592024465319
177954,0.0,0.3676775653505214,0.3,0.3,1.7682605863677476
177954,0.1,0.37382531897306115,0.3,0.3,2.0517678693148342
177954,0.2,0.37817851673993474,0.3,0.3,2.0517678693148342
177954,0.3,0.3590931159996173,0.3,0.3,2.0517678693148342
177954,0.4,0.3458999455107497,0.3,0.3,2.3447387371101955
177954,0.5,0.26393648411429266,0.2,0.2,3.7163542957263394
177954,0.6,0.0,0.0,0.0,6.123695585951245
160602,0.0,0.0,0.0,0.0,4.451883483451783
160602,0.1,0.0,0.0,0.0,4.570287942129907
160602,0.2,0.0,0.0,0.0,4.747304527850381
160602,0.3,0.0,0.0,0.0,5.091592624809019
160602,0.4,0.0,0.0,0.0,5.214757404086521
160602,0.5,0.0,0.0,0.0,5.613596844661645
160602,0.6,0.0,0.0,0.0,6.122087323162367
120358,0.0,0.06003715030609775,0.1,0.1,4.294888132578925
120358,0.1,0.06779095235709003,0.1,0.1,4.294888132578926
120358,0.2,0.06343775459021642,0.1,0.1,4.294888132578926
120358,0.3,0.06779095235709003,0.1,0.1,4.452876954419494
120358,0.4,0.07362322034364344,0.1,0.1,4.452876954419494
120358,0.5,0.07362322034364344,0.1,0.1,4.452876954419494
120358,0.6,0.05729000096767664,0.1,0.1,5.379643176346663
141079,0.0,0.0,0.0,0.0,5.0503684691601824
141079,0.1,0.0,0.0,0.0,5.0503684691601824
141079,0.2,0.0,0.0,0.0,5.050368469160183
141079,0.3,0.0,0.0,0.0,5.050368469160183
141079,0.4,0.0,0.0,0.0,5.643361552860842
141079,0.5,0.0,0.0,0.0,6.996002570338563
141079,0.6,0.0,0.0,0.0,7.842983386016661
23260,0.0,0.0,0.0,0.0,2.7459667759569393
23260,0.1,0.0,0.0,0.0,2.7459667759569393
23260,0.2,0.0,0.0,0.0,3.0121331485003773
23260,0.3,0.0,0.0,0.0,3.2386622388817967
23260,0.4,0.0,0.0,0.0,3.5629067106228276
23260,0.5,0.0,0.0,0.0,4.365704843231471
23260,0.6,0.0,0.0,0.0,4.555262991559532
170534,0.0,0.06779095235709003,0.1,0.1,1.5541784256773663
170534,0.1,0.06779095235709003,0.1,0.1,1.5541784256773663
170534,0.2,0.06779095235709003,0.1,0.1,1.5541784256773663
170534,0.3,0.06779095235709003,0.1,0.1,1.7026746677364368
170534,0.4,0.06343775459021642,0.1,0.1,1.7650815421529313
170534,0.5,0.0,0.0,0.0,2.9491312052332397
170534,0.6,0.0,0.0,0.0,4.141785330573558
37803,0.0,0.09515663188532462,0.1,0.1,2.3050324910121907
37803,0.1,0.081963461396457,0.1,0.1,2.3050324910121907
37803,0.2,0.081963461396457,0.1,0.1,2.4795455804092414
37803,0.3,0.06779095235709003,0.1,0.1,2.6581959510317614
37803,0.4,0.0,0.0,0.0,2.9586391164679178
37803,0.5,0.0,0.0,0.0,4.249738938746303
37803,0.6,0.0,0.0,0.0,4.249738938746304
58980,0.0,0.07362322034364344,0.1,0.1,2.3284687428521456
58980,0.1,0.07362322034364344,0.1,0.1,2.3284687428521456
58980,0.2,0.06779095235709003,0.1,0.1,2.328468742852145
58980,0.3,0.06003715030609775,0.1,0.1,2.466227317242397
58980,0.4,0.0,0.0,0.0,2.7527999733922504
58980,0.5,0.0,0.0,0.0,3.5797061777479966
58980,0.6,0.0,0.0,0.0,5.298706899024374
113216,0.0,0.0,0.0,0.0,4.731812648335864
113216,0.1,0.0,0.0,0.0,4.731812648335863
113216,0.2,0.0,0.0,0.0,5.015188136280632
113216,0.3,0.0,0.0,0.0,5.015188136280632
113216,0.4,0.0,0.0,0.0,5.329406137376573
113216,0.5,0.0,0.0,0.0,5.573246802698801
113216,0.6,0.0,0.0,0.0,6.903405419575115
114565,0.0,0.0,0.0,0.0,4.433601066972657
114565,0.1,0.0,0.0,0.0,4.433601066972656
114565,0.2,0.0,0.0,0.0,5.201171572554063
114565,0.3,0.0,0.0,0.0,5.201171572554063
114565,0.4,0.0,0.0,0.0,8.845178904909123
114565,0.5,0.0,0.0,0.0,10.141368344033742
114565,0.6,0.0,0.0,0.0,11.322563668483097
193486,0.0,0.0,0.0,0.0,7.700868989096517
193486,0.1,0.0,0.0,0.0,7.700868989096517
193486,0.2,0.0,0.0,0.0,7.700868989096517
193486,0.3,0.0,0.0,0.0,8.04166154180984
193486,0.4,0.0,0.0,0.0,8.68948767741406
193486,0.5,0.0,0.0,0.0,9.182693960158645
193486,0.6,0.0,0.0,0.0,9.410865542848631
78450,0.0,0.05729000096767664,0.1,0.1,4.036917292136579
78450,0.1,0.06003715030609775,0.1,0.1,4.036917292136579
78450,0.2,0.06003715030609775,0.1,0.1,4.234991836428585
78450,0.3,0.06343775459021642,0.1,0.1,4.234991836428585
78450,0.4,0.06003715030609775,0.1,0.1,4.234991836428585
78450,0.5,0.05729000096767664,0.1,0.1,4.44374100412705
78450,0.6,0.0,0.0,0.0,5.815031330368855
182227,0.0,0.1200743006121955,0.1,0.1,2.8923003845744946
182227,0.1,0.19031326377064925,0.1,0.1,2.8923003845744946
182227,0.2,0.19031326377064925,0.1,0.1,3.05026806044122
182227,0.3,0.19031326377064925,0.1,0.1,3.05026806044122
182227,0.4,0.19031326377064925,0.1,0.1,3.1649218055620514
182227,0.5,0.19031326377064925,0.1,0.1,4.033146990437602
182227,0.6,0.1200743006121955,0.1,0.1,6.8476339160182915
94881,0.0,0.12508095332476668,0.2,0.2,3.7811284422478857
94881,0.1,0.06779095235709003,0.1,0.1,3.9689541493016995
94881,0.2,0.06779095235709003,0.1,0.1,3.9689541493016995
94881,0.3,0.06779095235709003,0.1,0.1,3.968954149301699
94881,0.4,0.06003715030609775,0.1,0.1,4.130135283871089
94881,0.5,0.0,0.0,0.0,6.18812515357797
94881,0.6,0.0,0.0,0.0,8.302222687964399
94400,0.0,0.0,0.0,0.0,4.277747524749615
94400,0.1,0.0,0.0,0.0,4.277747524749615
94400,0.2,0.0,0.0,0.0,4.792852180922461
94400,0.3,0.0,0.0,0.0,5.53770758456699
94400,0.4,0.0,0.0,0.0,5.752276589867674
94400,0.5,0.0,0.0,0.0,6.172972009177965
94400,0.6,0.0,0.0,0.0,7.2863101557263
22610,0.0,0.0,0.0,0.0,1.9462504318032063
22610,0.1,0.0,0.0,0.0,1.9462504318032063
22610,0.2,0.0,0.0,0.0,2.020030707290774
22610,0.3,0.0,0.0,0.0,2.304654680293034
22610,0.4,0.0,0.0,0.0,2.4010172380195356
22610,0.5,0.0,0.0,0.0,3.099135606504688
22610,0.6,0.0,0.0,0.0,4.862379681091374
139872,0.0,0.0,0.0,0.0,2.258512082601587
139872,0.1,0.0,0.0,0.0,2.8459625132791606
139872,0.2,0.0,0.0,0.0,2.8459625132791606
139872,0.3,0.0,0.0,0.0,3.1974118123972675
139872,0.4,0.0,0.0,0.0,5.63504735471539
139872,0.5,0.0,0.0,0.0,6.955154256404684
139872,0.6,0.0,0.0,0.0,7.909874008498429
92346,0.0,0.0,0.0,0.0,2.804943227970616
92346,0.1,0.0,0.0,0.0,2.804943227970616
92346,0.2,0.0,0.0,0.0,3.306024632354633
92346,0.3,0.0,0.0,0.0,3.4582819533194007
92346,0.4,0.0,0.0,0.0,3.4582819533194
92346,0.5,0.0,0.0,0.0,4.00422511518313
92346,0.6,0.0,0.0,0.0,6.372117353221684
2732,0.0,0.3103875643828447,0.2,0.2,2.140789054917474
2732,0.1,0.28546989565597386,0.2,0.2,2.235917727252782
2732,0.2,0.28546989565597386,0.2,0.2,2.4379022416153946
2732,0.3,0.26393648411429266,0.2,0.2,2.580641326277823
2732,0.4,0.15519378219142235,0.2,0.2,2.722359647021619
2732,0.5,0.06003715030609775,0.1,0.1,3.4269300975021246
2732,0.6,0.0,0.0,0.0,5.351980649516119
161427,0.0,0.0,0.0,0.0,5.995963081147418
161427,0.1,0.0,0.0,0.0,5.995963081147418
161427,0.2,0.0,0.0,0.0,6.135065142963448
161427,0.3,0.0,0.0,0.0,6.135065142963449
161427,0.4,0.0,0.0,0.0,6.57328617626694
161427,0.5,0.0,0.0,0.0,6.870188731360881
161427,0.6,0.0,0.0,0.0,7.061001726197027
33160,0.0,0.0,0.0,0.0,2.589238091953205
33160,0.1,0.0,0.0,0.0,2.763674636218018
33160,0.2,0.0,0.0,0.0,2.8967753449536753
33160,0.3,0.0,0.0,0.0,2.8967753449536753
33160,0.4,0.0,0.0,0.0,2.8967753449536753
33160,0.5,0.0,0.0,0.0,3.148445043191322
33160,0.6,0.0,0.0,0.0,4.655579146262793
110,0.0,0.10004876742114938,0.14285714285714285,0.1,2.085825083231052
110,0.1,0.10004876742114938,0.14285714285714285,0.1,2.085825083231052
110,0.2,0.10004876742114938,0.14285714285714285,0.1,2.2196994092096967
110,0.3,0.10004876742114938,0.14285714285714285,0.1,2.2196994092096967
110,0.4,0.10004876742114938,0.14285714285714285,0.1,2.8332877591617533
110,0.5,0.0,0.0,0.0,5.326580724469672
110,0.6,0.0,0.0,0.0,7.137671200472971
54625,0.0,0.19031326377064925,0.1,0.1,3.8177825072159877
54625,0.1,0.19031326377064925,0.1,0.1,4.023352987829619
54625,0.2,0.19031326377064925,0.1,0.1,4.28835947907036
54625,0.3,0.19031326377064925,0.1,0.1,4.430402226860155
54625,0.4,0.19031326377064925,0.1,0.1,4.636401935735775
54625,0.5,0.19031326377064925,0.1,0.1,4.831770684880119
54625,0.6,0.19031326377064925,0.1,0.1,5.410573235313253
108852,0.0,0.0,0.0,0.0,4.525860658597212
108852,0.1,0.0,0.0,0.0,4.63509332749246
108852,0.2,0.0,0.0,0.0,4.635093327492459
108852,0.3,0.0,0.0,0.0,4.635093327492459
108852,0.4,0.0,0.0,0.0,4.802093789876912
108852,0.5,0.0,0.0,0.0,5.204884180283058
108852,0.6,0.0,0.0,0.0,6.351116251066022
4439,0.0,0.32154197071795565,0.3,0.3,2.808803949290968
4439,0.1,0.32154197071795565,0.3,0.3,2.911708355432484
4439,0.2,0.32154197071795565,0.3,0.3,2.911708355432484
4439,0.3,0.318141366433837,0.3,0.3,3.0053252262167796
4439,0.4,0.318141366433837,0.3,0.3,3.0053252262167796
4439,0.5,0.318141366433837,0.3,0.3,3.0053252262167796
4439,0.6,0.14200061170255474,0.2,0.2,4.691326079209706
114162,0.0,0.0,0.0,0.0,3.0333864412465554
114162,0.1,0.0,0.0,0.0,3.272988171580386
114162,0.2,0.0,0.0,0.0,3.272988171580386
114162,0.3,0.0,0.0,0.0,3.4587726692255365
114162,0.4,0.0,0.0,0.0,3.6658452591649344
114162,0.5,0.0,0.0,0.0,4.386851615342544
114162,0.6,0.0,0.0,0.0,5.171778017633193
22712,0.0,0.0,0.0,0.0,2.152980501376297
22712,0.1,0.0,0.0,0.0,2.1529805013762964
22712,0.2,0.0,0.0,0.0,2.2848665999148743
22712,0.3,0.0,0.0,0.0,2.4342197164546207
22712,0.4,0.0,0.0,0.0,2.5588446986084437
22712,0.5,0.0,0.0,0.0,3.1333178513096076
22712,0.6,0.0,0.0,0.0,4.707600266170266
200904,0.0,0.0,0.0,0.0,4.017614395037734
200904,0.1,0.0,0.0,0.0,4.1259225257923635
200904,0.2,0.0,0.0,0.0,4.1259225257923635
200904,0.3,0.0,0.0,0.0,4.4482885838397745
200904,0.4,0.0,0.0,0.0,4.448288583839774
200904,0.5,0.0,0.0,0.0,4.825170150008406
200904,0.6,0.0,0.0,0.0,5.06666499307962
114647,0.0,0.0,0.0,0.0,5.854329140149535
114647,0.1,0.0,0.0,0.0,5.854329140149535
114647,0.2,0.0,0.0,0.0,6.096158712615851
114647,0.3,0.0,0.0,0.0,6.096158712615851
114647,0.4,0.0,0.0,0.0,6.478910284055902
114647,0.5,0.0,0.0,0.0,7.482448700155776
114647,0.6,0.0,0.0,0.0,7.755183040957218
195983,0.0,0.0,0.0,0.0,5.610593493200992
195983,0.1,0.0,0.0,0.0,5.610593493200992
195983,0.2,0.05729000096767664,0.1,0.1,5.869477524660955
195983,0.3,0.05729000096767664,0.1,0.1,5.869477524660955
195983,0.4,0.06343775459021642,0.1,0.1,5.869477524660955
195983,0.5,0.07362322034364344,0.1,0.1,6.452377805941175
195983,0.6,0.07362322034364344,0.1,0.1,6.791984761705163
32978,0.0,0.3516450798625575,0.25,0.2,2.5746508985555567
32978,0.1,0.32341529035126887,0.25,0.2,2.5746508985555563
32978,0.2,0.30846844961870695,0.25,0.2,2.6596824669797803
32978,0.3,0.21944429494502007,0.25,0.2,2.6596824669797807
32978,0.4,0.20790495081754914,0.25,0.2,2.72984963866482
32978,0.5,0.07680190056249983,0.125,0.1,3.057703738744641
32978,0.6,0.0,0.0,0.0,4.586637828369919
153871,0.0,0.17736430157987212,0.2,0.2,2.254059776794353
153871,0.1,0.1200743006121955,0.1,0.1,2.391171169761723
153871,0.2,0.18011145091829325,0.2,0.2,2.64602437051301
153871,0.3,0.09515663188532462,0.1,0.1,2.869164559733135
153871,0.4,0.09515663188532462,0.1,0.1,3.057640451953726
153871,0.5,0.09515663188532462,0.1,0.1,3.369604657908993
153871,0.6,0.0,0.0,0.0,4.211791754735552
155678,0.0,0.07328439752622512,0.14285714285714285,0.1,3.5309987299458343
155678,0.1,0.07328439752622512,0.14285714285714285,0.1,3.7994485473730406
155678,0.2,0.0,0.0,0.0,4.295614489381173
155678,0.3,0.0,0.0,0.0,5.186373695323977
155678,0.4,0.0,0.0,0.0,6.842596105300648
155678,0.5,0.0,0.0,0.0,7.269407687118743
155678,0.6,0.0,0.0,0.0,7.644113834308915
36764,0.0,0.0,0.0,0.0,3.836370465331638
36764,0.1,0.0,0.0,0.0,3.836370465331639
36764,0.2,0.0,0.0,0.0,3.8924278023334735
36764,0.3,0.0,0.0,0.0,3.8924278023334735
36764,0.4,0.0,0.0,0.0,3.8924278023334735
36764,0.5,0.0,0.0,0.0,3.945393117235136
36764,0.6,0.0,0.0,0.0,4.844094060853093
56827,0.0,0.0,0.0,0.0,5.225660037649073
56827,0.1,0.0,0.0,0.0,5.225660037649072
56827,0.2,0.0,0.0,0.0,5.507373631934091
56827,0.3,0.0,0.0,0.0,5.900578382562909
56827,0.4,0.0,0.0,0.0,6.160090774822047
56827,0.5,0.0,0.0,0.0,6.676339490819428
56827,0.6,0.0,0.0,0.0,6.978683905123037
102061,0.0,0.07362322034364344,0.1,0.1,2.4260761512740214
102061,0.1,0.06779095235709003,0.1,0.1,2.426076151274021
102061,0.2,0.05729000096767664,0.1,0.1,2.581728058548705
102061,0.3,0.0,0.0,0.0,2.6730231997271945
102061,0.4,0.0,0.0,0.0,2.9899402105057318
102061,0.5,0.0,0.0,0.0,3.3869144283964636
102061,0.6,0.0,0.0,0.0,3.4992538091880805
80813,0.0,0.0,0.0,0.0,1.8763389761859153
80813,0.1,0.0,0.0,0.0,1.8763389761859153
80813,0.2,0.0,0.0,0.0,1.8763389761859153
80813,0.3,0.0,0.0,0.0,1.9804635384457725
80813,0.4,0.0,0.0,0.0,2.1037494023314562
80813,0.5,0.0,0.0,0.0,2.8004598827530076
80813,0.6,0.0,0.0,0.0,2.8004598827530076
143088,0.0,0.081963461396457,0.1,0.1,2.702931099137122
143088,0.1,0.09515663188532462,0.1,0.1,2.7029310991371216
143088,0.2,0.1200743006121955,0.1,0.1,2.7029310991371216
143088,0.3,0.19031326377064925,0.1,0.1,2.702931099137122
143088,0.4,0.19031326377064925,0.1,0.1,2.702931099137122
143088,0.5,0.19031326377064925,0.1,0.1,2.9609169270584044
143088,0.6,0.19031326377064925,0.1,0.1,4.264353457480359
142831,0.0,0.19031326377064925,0.1,0.1,2.360668844529082
142831,0.1,0.19031326377064925,0.1,0.1,2.360668844529082
142831,0.2,0.19031326377064925,0.1,0.1,2.360668844529082
142831,0.3,0.19031326377064925,0.1,0.1,2.5734215986425353
142831,0.4,0.19031326377064925,0.1,0.1,3.111652341823632
142831,0.5,0.09515663188532462,0.1,0.1,5.3624723772499925
142831,0.6,0.0,0.0,0.0,7.79022218543056
122464,0.0,0.0,0.0,0.0,2.4312383239383153
122464,0.1,0.0,0.0,0.0,2.431238323938315
122464,0.2,0.0,0.0,0.0,2.802148204011641
122464,0.3,0.0,0.0,0.0,3.1305080280721054
122464,0.4,0.0,0.0,0.0,3.9295461512907783
122464,0.5,0.0,0.0,0.0,5.0084436452081835
122464,0.6,0.0,0.0,0.0,5.737114093426874
90511,0.0,0.0,0.0,0.0,2.583327765873359
90511,0.1,0.0,0.0,0.0,2.583327765873359
90511,0.2,0.0,0.0,0.0,2.717787704165022
90511,0.3,0.0,0.0,0.0,2.9609408180366197
90511,0.4,0.0,0.0,0.0,2.9609408180366197
90511,0.5,0.0,0.0,0.0,5.9503237404625775
90511,0.6,0.0,0.0,0.0,8.86779171848927
148212,0.0,0.27997632822948654,0.2222222222222222,0.2,4.168487381869755
148212,0.1,0.2737896239487001,0.2222222222222222,0.2,4.168487381869755
148212,0.2,0.2737896239487001,0.2222222222222222,0.2,4.168487381869755
148212,0.3,0.2737896239487001,0.2222222222222222,0.2,4.488157745310977
148212,0.4,0.20187890652056598,0.1111111111111111,0.1,4.646146567151545
148212,0.5,0.20187890652056598,0.1111111111111111,0.1,5.169309137262995
148212,0.6,0.12737140874229597,0.1111111111111111,0.1,6.169561096513444
23367,0.0,0.0,0.0,0.0,3.7195857551849763
23367,0.1,0.0,0.0,0.0,3.7195857551849763
23367,0.2,0.0,0.0,0.0,3.9837328623780563
23367,0.3,0.0,0.0,0.0,4.179278281705104
23367,0.4,0.0,0.0,0.0,4.179278281705104
23367,0.5,0.0,0.0,0.0,4.379485146701112
23367,0.6,0.0,0.0,0.0,5.281095551105166
107758,0.0,0.0,0.0,0.0,2.5379167894350063
107758,0.1,0.0,0.0,0.0,2.7102192252776223
107758,0.2,0.0,0.0,0.0,2.7102192252776223
107758,0.3,0.0,0.0,0.0,2.8930715810525034
107758,0.4,0.0,0.0,0.0,3.1362246949241017
107758,0.5,0.0,0.0,0.0,3.3288892482790735
107758,0.6,0.0,0.0,0.0,4.285400144460943
45523,0.0,0.09515663188532462,0.1,0.1,2.0035564656713634
45523,0.1,0.09515663188532462,0.1,0.1,2.0035564656713634
45523,0.2,0.081963461396457,0.1,0.1,2.0035564656713634
45523,0.3,0.07362322034364344,0.1,0.1,2.0035564656713634
45523,0.4,0.06343775459021642,0.1,0.1,2.0035564656713634
45523,0.5,0.06003715030609775,0.1,0.1,3.0257680910507685
45523,0.6,0.0,0.0,0.0,3.6260504340543527
114725,0.0,0.25035041407674696,0.2,0.2,2.865185117264605
114725,0.1,0.2476032647383259,0.2,0.2,2.8651851172646046
114725,0.2,0.19031326377064925,0.1,0.1,3.078911786237319
114725,0.3,0.1200743006121955,0.1,0.1,3.288013891981456
114725,0.4,0.1200743006121955,0.1,0.1,3.8922203779712867
114725,0.5,0.1200743006121955,0.1,0.1,4.232824006662928
114725,0.6,0.081963461396457,0.1,0.1,4.65683227760509
198689,0.0,0.0,0.0,0.0,2.2023669426705768
198689,0.1,0.0,0.0,0.0,2.2023669426705768
198689,0.2,0.0,0.0,0.0,2.2023669426705768
198689,0.3,0.0,0.0,0.0,2.5945050695609675
198689,0.4,0.0,0.0,0.0,4.193729076130504
198689,0.5,0.0,0.0,0.0,7.843980254310935
198689,0.6,0.0,0.0,0.0,8.952178335908954
62354,0.0,0.0,0.0,0.0,2.24128689818977
62354,0.1,0.0,0.0,0.0,2.24128689818977
62354,0.2,0.0,0.0,0.0,2.24128689818977
62354,0.3,0.0,0.0,0.0,2.31457616600945
62354,0.4,0.0,0.0,0.0,2.31457616600945
62354,0.5,0.0,0.0,0.0,3.1440790288805647
62354,0.6,0.0,0.0,0.0,4.3754137927548555
198228,0.0,0.49923783028254765,0.375,0.3,6.112494465524668
198228,0.1,0.41966252301007995,0.375,0.3,6.631649743633835
198228,0.2,0.3952853548737731,0.375,0.3,7.147628539238904
198228,0.3,0.25923194858125387,0.375,0.3,7.147628539238903
198228,0.4,0.2257808348334553,0.375,0.3,7.147628539238903
198228,0.5,0.10780509678375629,0.125,0.1,7.852929211737011
198228,0.6,0.10780509678375629,0.125,0.1,8.280996418431995
197297,0.0,0.19031326377064925,0.1,0.1,4.018641313119268
197297,0.1,0.19031326377064925,0.1,0.1,4.018641313119268
197297,0.2,0.19031326377064925,0.1,0.1,4.018641313119268
197297,0.3,0.19031326377064925,0.1,0.1,4.1588166473688135
197297,0.4,0.19031326377064925,0.1,0.1,4.805165829354786
197297,0.5,0.19031326377064925,0.1,0.1,6.411148661508375
197297,0.6,0.06343775459021642,0.1,0.1,7.499218592399435
183514,0.0,0.0,0.0,0.0,2.566762690263014
183514,0.1,0.0,0.0,0.0,2.566762690263014
183514,0.2,0.0,0.0,0.0,2.77957163959722
183514,0.3,0.0,0.0,0.0,2.9066103005970456
183514,0.4,0.0,0.0,0.0,2.9066103005970456
183514,0.5,0.0,0.0,0.0,3.288684814493726
183514,0.6,0.0,0.0,0.0,4.263674819694851
8337,0.0,0.0,0.0,0.0,3.4489695795504867
8337,0.1,0.0,0.0,0.0,3.7559341549307974
8337,0.2,0.0,0.0,0.0,3.755934154930798
8337,0.3,0.0,0.0,0.0,3.7559341549307974
8337,0.4,0.0,0.0,0.0,4.662219955700317
8337,0.5,0.0,0.0,0.0,6.0859873966784885
8337,0.6,0.0,0.0,0.0,6.783089124952726
29550,0.0,0.0,0.0,0.0,3.190491875991228
29550,0.1,0.0,0.0,0.0,3.3889865756734148
29550,0.2,0.0,0.0,0.0,3.4664603848524735
29550,0.3,0.0,0.0,0.0,3.5693624070026315
29550,0.4,0.0,0.0,0.0,3.5693624070026315
29550,0.5,0.0,0.0,0.0,3.739945004325766
29550,0.6,0.0,0.0,0.0,5.2175138283290625
183463,0.0,0.0,0.0,0.0,3.6874916114651284
183463,0.1,0.0,0.0,0.0,3.7845196375830286
183463,0.2,0.0,0.0,0.0,3.7845196375830286
183463,0.3,0.0,0.0,0.0,3.899207892789145
183463,0.4,0.0,0.0,0.0,3.899207892789145
183463,0.5,0.0,0.0,0.0,4.58948187190172
183463,0.6,0.0,0.0,0.0,5.137834212534908
33540,0.0,0.081963461396457,0.1,0.1,4.664160490865746
33540,0.1,0.081963461396457,0.1,0.1,4.744674880339971
33540,0.2,0.07362322034364344,0.1,0.1,4.945289968526065
33540,0.3,0.0,0.0,0.0,5.188896818184231
33540,0.4,0.0,0.0,0.0,5.188896818184232
33540,0.5,0.0,0.0,0.0,5.188896818184232
33540,0.6,0.0,0.0,0.0,7.898464928625385
54542,0.0,0.3532608480130639,0.3,0.3,3.873422218886462
54542,0.1,0.2620749123147502,0.3,0.3,4.1480159678034925
54542,0.2,0.24080205617008857,0.3,0.3,4.148015967803492
54542,0.3,0.13366037064974118,0.2,0.2,4.252365149262889
54542,0.4,0.05729000096767664,0.1,0.1,4.541405675934078
54542,0.5,0.0,0.0,0.0,4.720353866858608
54542,0.6,0.0,0.0,0.0,4.9931624078000825
200007,0.0,0.33569813265839366,0.4,0.4,1.9366116300372949
200007,0.1,0.33569813265839366,0.4,0.4,1.9366116300372949
200007,0.2,0.3390987369425123,0.4,0.4,2.0137258120115673
200007,0.3,0.33569813265839366,0.4,0.4,2.127175372650295
200007,0.4,0.3080333145931017,0.4,0.4,2.127175372650295
200007,0.5,0.25074331362542507,0.3,0.3,2.9752278748744505
200007,0.6,0.14141417270073348,0.2,0.2,4.11587673314416
191565,0.0,0.14038609443307223,0.2,0.1,2.5874757589985498
191565,0.1,0.12092199990360374,0.2,0.1,2.5874757589985498
191565,0.2,0.10001307161417165,0.2,0.1,2.5874757589985498
191565,0.3,0.08857376396551761,0.2,0.1,2.5874757589985498
191565,0.4,0.0,0.0,0.0,2.8812440975420732
191565,0.5,0.0,0.0,0.0,3.4855087825317517
191565,0.6,0.0,0.0,0.0,4.840377202389123
64119,0.0,0.06779095235709003,0.1,0.1,3.3325925379201378
64119,0.1,0.06779095235709003,0.1,0.1,3.565340250562494
64119,0.2,0.06003715030609775,0.1,0.1,3.565340250562494
64119,0.3,0.0,0.0,0.0,3.860573601305977
64119,0.4,0.0,0.0,0.0,3.860573601305977
64119,0.5,0.0,0.0,0.0,4.12199968646696
64119,0.6,0.0,0.0,0.0,5.9343845033268705
171545,0.0,0.25035041407674696,0.2,0.2,2.383206929100918
171545,0.1,0.18011145091829325,0.2,0.2,2.383206929100918
171545,0.2,0.15244663285300125,0.2,0.2,2.383206929100918
171545,0.3,0.13091322131132005,0.2,0.2,2.3832069291009175
171545,0.4,0.07362322034364344,0.1,0.1,2.9983870328346294
171545,0.5,0.06779095235709003,0.1,0.1,4.6341731567446525
171545,0.6,0.0,0.0,0.0,6.25980897379181
30888,0.0,0.14540121598667338,0.2,0.2,2.4388667119007117
30888,0.1,0.13706097493385985,0.2,0.2,2.4388667119007117
30888,0.2,0.13091322131132005,0.2,0.2,2.6874300773873343
30888,0.3,0.12508095332476668,0.2,0.2,2.6874300773873343
30888,0.4,0.06003715030609775,0.1,0.1,3.2002533468792116
30888,0.5,0.0,0.0,0.0,3.774483384889328
30888,0.6,0.0,0.0,0.0,4.886398220848784
82416,0.0,0.23230604393401819,0.14285714285714285,0.1,4.227857081184446
82416,0.1,0.23230604393401819,0.14285714285714285,0.1,4.227857081184446
82416,0.2,0.23230604393401819,0.14285714285714285,0.1,4.227857081184446
82416,0.3,0.14656879505245024,0.14285714285714285,0.1,4.227857081184447
82416,0.4,0.2293178775103795,0.2857142857142857,0.2,4.346454659230487
82416,0.5,0.3150551263919474,0.2857142857142857,0.2,4.631037714919389
82416,0.6,0.16997985481932348,0.2857142857142857,0.2,5.316579098466198
178706,0.0,0.081963461396457,0.1,0.1,3.4571938889350604
178706,0.1,0.081963461396457,0.1,0.1,3.4571938889350613
178706,0.2,0.081963461396457,0.1,0.1,3.6805783723354764
178706,0.3,0.06343775459021642,0.1,0.1,3.9200988364867237
178706,0.4,0.06003715030609775,0.1,0.1,4.148274827895293
178706,0.5,0.06343775459021642,0.1,0.1,4.197972643211352
178706,0.6,0.07362322034364344,0.1,0.1,4.6122002883143445
32289,0.0,0.0,0.0,0.0,2.5231445758670628
32289,0.1,0.0,0.0,0.0,2.5231445758670628
32289,0.2,0.0,0.0,0.0,2.5231445758670628
32289,0.3,0.0,0.0,0.0,2.72552728079524
32289,0.4,0.0,0.0,0.0,2.72552728079524
32289,0.5,0.0,0.0,0.0,4.273352619558588
32289,0.6,0.0,0.0,0.0,4.421270708923436
194937,0.0,0.081963461396457,0.1,0.1,7.974512124116937
194937,0.1,0.07362322034364344,0.1,0.1,8.197989738696165
194937,0.2,0.06779095235709003,0.1,0.1,8.197989738696165
194937,0.3,0.06343775459021642,0.1,0.1,8.197989738696165
194937,0.4,0.06343775459021642,0.1,0.1,8.638557683154227
194937,0.5,0.0,0.0,0.0,8.930820827615396
194937,0.6,0.0,0.0,0.0,9.61985294247599
9489,0.0,0.0,0.0,0.0,2.010116782102861
9489,0.1,0.0,0.0,0.0,2.010116782102861
9489,0.2,0.0,0.0,0.0,2.010116782102861
9489,0.3,0.0,0.0,0.0,2.2397125337049713
9489,0.4,0.0,0.0,0.0,4.304429817409786
9489,0.5,0.0,0.0,0.0,5.989415221454069
9489,0.6,0.0,0.0,0.0,7.4134206417197905
134876,0.0,0.0,0.0,0.0,2.376049863851429
134876,0.1,0.0,0.0,0.0,2.376049863851429
134876,0.2,0.0,0.0,0.0,2.3760498638514296
134876,0.3,0.0,0.0,0.0,3.1213572124211177
134876,0.4,0.0,0.0,0.0,5.146396398252898
134876,0.5,0.0,0.0,0.0,6.1783970733410625
134876,0.6,0.0,0.0,0.0,6.6477786242289785
116098,0.0,0.0,0.0,0.0,2.3564919413159133
116098,0.1,0.0,0.0,0.0,2.4686403401258548
116098,0.2,0.0,0.0,0.0,2.4686403401258548
116098,0.3,0.0,0.0,0.0,2.776733031186187
116098,0.4,0.0,0.0,0.0,2.8823845246028177
116098,0.5,0.0,0.0,0.0,3.555038896532365
116098,0.6,0.0,0.0,0.0,4.00064458298463
152894,0.0,0.0,0.0,0.0,3.147812102724681
152894,0.1,0.0,0.0,0.0,3.147812102724681
152894,0.2,0.0,0.0,0.0,3.4554548974244974
152894,0.3,0.0,0.0,0.0,3.948724843444584
152894,0.4,0.0,0.0,0.0,5.227123503794917
152894,0.5,0.0,0.0,0.0,8.164383011115621
152894,0.6,0.0,0.0,0.0,8.78543123953233
181636,0.0,0.06490513563473845,0.125,0.1,2.364057000376886
181636,0.1,0.06490513563473845,0.125,0.1,2.3640570003768864
181636,0.2,0.06490513563473845,0.125,0.1,2.3640570003768864
181636,0.3,0.0,0.0,0.0,5.01939874130013
181636,0.4,0.0,0.0,0.0,7.388331098004466
181636,0.5,0.0,0.0,0.0,10.687824144182077
181636,0.6,0.0,0.0,0.0,10.687824144182077
142493,0.0,0.081963461396457,0.1,0.1,2.6367741918150696
142493,0.1,0.06779095235709003,0.1,0.1,2.8091754630523984
142493,0.2,0.05729000096767664,0.1,0.1,2.8091754630523984
142493,0.3,0.0,0.0,0.0,2.9864339971669853
142493,0.4,0.0,0.0,0.0,2.9864339971669858
142493,0.5,0.0,0.0,0.0,4.728359546740488
142493,0.6,0.0,0.0,0.0,6.451021999674916
155562,0.0,0.06779095235709003,0.1,0.1,2.3146690910388843
155562,0.1,0.06343775459021642,0.1,0.1,2.53805511413102
155562,0.2,0.06003715030609775,0.1,0.1,2.7257044132590544
155562,0.3,0.0,0.0,0.0,2.971179514442205
155562,0.4,0.0,0.0,0.0,2.971179514442205
155562,0.5,0.0,0.0,0.0,3.9578479621083504
155562,0.6,0.06003715030609775,0.1,0.1,5.721800088656051
29324,0.0,0.0,0.0,0.0,2.225004091404608
29324,0.1,0.0,0.0,0.0,2.360117896252503
29324,0.2,0.0,0.0,0.0,2.360117896252503
29324,0.3,0.0,0.0,0.0,2.6905958437686004
29324,0.4,0.0,0.0,0.0,3.197883552334006
29324,0.5,0.0,0.0,0.0,4.117913900068209
29324,0.6,0.0,0.0,0.0,5.187953340708541
361,0.0,0.0,0.0,0.0,2.2288341272037213
361,0.1,0.0,0.0,0.0,2.2288341272037213
361,0.2,0.0,0.0,0.0,2.2288341272037213
361,0.3,0.0,0.0,0.0,3.1500266651128626
361,0.4,0.0,0.0,0.0,4.8775655366479995
361,0.5,0.0,0.0,0.0,6.436463703872166
361,0.6,0.0,0.0,0.0,7.427160215357871
130778,0.0,0.0,0.0,0.0,4.913040627200965
130778,0.1,0.0,0.0,0.0,4.913040627200965
130778,0.2,0.0,0.0,0.0,4.913040627200965
130778,0.3,0.0,0.0,0.0,4.913040627200965
130778,0.4,0.0,0.0,0.0,7.3377405240539035
130778,0.5,0.0,0.0,0.0,8.049312967817395
130778,0.6,0.0,0.0,0.0,9.827167368845938
157334,0.0,0.0,0.0,0.0,3.0605681858671168
157334,0.1,0.0,0.0,0.0,3.060568185867117
157334,0.2,0.0,0.0,0.0,3.060568185867117
157334,0.3,0.0,0.0,0.0,3.1701334097734857
157334,0.4,0.0,0.0,0.0,3.3392323363692626
157334,0.5,0.0,0.0,0.0,3.994984705223937
157334,0.6,0.0,0.0,0.0,4.390622526860328
149910,0.0,0.0,0.0,0.0,4.00587246832753
149910,0.1,0.0,0.0,0.0,4.231583009908981
149910,0.2,0.0,0.0,0.0,4.4560805805793375
149910,0.3,0.0,0.0,0.0,4.68680066149342
149910,0.4,0.0,0.0,0.0,4.68680066149342
149910,0.5,0.0,0.0,0.0,6.042012553301756
149910,0.6,0.0,0.0,0.0,6.768804110416989
37357,0.0,0.0,0.0,0.0,2.879917076540352
37357,0.1,0.0,0.0,0.0,2.8799170765403517
37357,0.2,0.0,0.0,0.0,3.029279870192875
37357,0.3,0.0,0.0,0.0,3.029279870192875
37357,0.4,0.0,0.0,0.0,3.0292798701928745
37357,0.5,0.0,0.0,0.0,3.7636611066658405
37357,0.6,0.0,0.0,0.0,4.212956925307727
106097,0.0,0.06343775459021642,0.1,0.1,1.6218891328606553
106097,0.1,0.06343775459021642,0.1,0.1,1.6218891328606553
106097,0.2,0.06779095235709003,0.1,0.1,1.6218891328606548
106097,0.3,0.07362322034364344,0.1,0.1,1.6218891328606548
106097,0.4,0.07362322034364344,0.1,0.1,1.6218891328606548
106097,0.5,0.081963461396457,0.1,0.1,2.480009191053151
106097,0.6,0.09515663188532462,0.1,0.1,4.076348289507719
130788,0.0,0.25810421612773926,0.2,0.2,2.700436587835205
130788,0.1,0.25375101836086567,0.2,0.2,2.700436587835205
130788,0.2,0.25035041407674696,0.2,0.2,2.8415078106144867
130788,0.3,0.3076404150444236,0.3,0.3,3.050671358827738
130788,0.4,0.2722767251671062,0.2,0.2,3.264443791295495
130788,0.5,0.3103875643828447,0.2,0.2,3.4236916442598413
130788,0.6,0.5509454122548427,0.5,0.5,5.08077430232681
197342,0.0,0.0,0.0,0.0,3.741046910424027
197342,0.1,0.0,0.0,0.0,3.741046910424027
197342,0.2,0.0,0.0,0.0,3.8770703288809294
197342,0.3,0.0,0.0,0.0,3.8770703288809294
197342,0.4,0.0,0.0,0.0,3.8770703288809294
197342,0.5,0.0,0.0,0.0,4.756137730561241
197342,0.6,0.0,0.0,0.0,5.594516120902773
50517,0.0,0.06003715030609775,0.1,0.1,4.0571370865248975
50517,0.1,0.05729000096767664,0.1,0.1,4.057137086524898
50517,0.2,0.06003715030609775,0.1,0.1,4.057137086524898
50517,0.3,0.05729000096767664,0.1,0.1,4.212165087771853
50517,0.4,0.0,0.0,0.0,4.348575706343622
50517,0.5,0.0,0.0,0.0,4.4452735670963195
50517,0.6,0.0,0.0,0.0,4.68490412459676
183706,0.0,0.19031326377064925,0.1,0.1,3.548337857267229
183706,0.1,0.19031326377064925,0.1,0.1,3.6662086570588848
183706,0.2,0.19031326377064925,0.1,0.1,3.6662086570588848
183706,0.3,0.19031326377064925,0.1,0.1,3.7196705338284266
183706,0.4,0.19031326377064925,0.1,0.1,3.786677904879531
183706,0.5,0.1200743006121955,0.1,0.1,4.229909453950597
183706,0.6,0.09515663188532462,0.1,0.1,4.939911932719976
63143,0.0,0.0,0.0,0.0,2.0543405919752438
63143,0.1,0.0,0.0,0.0,2.0543405919752438
63143,0.2,0.0,0.0,0.0,2.0543405919752438
63143,0.3,0.0,0.0,0.0,2.054340591975244
63143,0.4,0.0,0.0,0.0,3.8414711565568247
63143,0.5,0.0,0.0,0.0,5.340763348240985
63143,0.6,0.0,0.0,0.0,9.306679864314761
105674,0.0,0.25375101836086567,0.2,0.2,4.373345410308217
105674,0.1,0.19031326377064925,0.1,0.1,4.596357895293094
105674,0.2,0.19031326377064925,0.1,0.1,4.854081920105373
105674,0.3,0.19031326377064925,0.1,0.1,5.07609208001563
105674,0.4,0.19031326377064925,0.1,0.1,5.277232403569847
105674,0.5,0.19031326377064925,0.1,0.1,5.513746376680645
105674,0.6,0.19031326377064925,0.1,0.1,5.513746376680645
2795,0.0,0.0,0.0,0.0,7.621905286810661
2795,0.1,0.0,0.0,0.0,8.179379069781731
2795,0.2,0.0,0.0,0.0,8.4942450348188
2795,0.3,0.0,0.0,0.0,9.08696796109746
2795,0.4,0.0,0.0,0.0,9.334967255209422
2795,0.5,0.0,0.0,0.0,9.552552238749364
2795,0.6,0.0,0.0,0.0,10.147895332492496
156578,0.0,0.0,0.0,0.0,6.74080398523505
156578,0.1,0.0,0.0,0.0,6.74080398523505
156578,0.2,0.0,0.0,0.0,6.74080398523505
156578,0.3,0.0,0.0,0.0,6.74080398523505
156578,0.4,0.0,0.0,0.0,6.74080398523505
156578,0.5,0.0,0.0,0.0,6.74080398523505
156578,0.6,0.0,0.0,0.0,7.134035304483892
938,0.0,0.0,0.0,0.0,4.6785960881344035
938,0.1,0.0,0.0,0.0,4.963983186830591
938,0.2,0.0,0.0,0.0,4.96398318683059
938,0.3,0.0,0.0,0.0,4.96398318683059
938,0.4,0.0,0.0,0.0,4.96398318683059
938,0.5,0.0,0.0,0.0,5.528311938319232
938,0.6,0.0,0.0,0.0,6.1506581031651
8056,0.0,0.0,0.0,0.0,3.038720083185147
8056,0.1,0.0,0.0,0.0,3.038720083185147
8056,0.2,0.0,0.0,0.0,3.038720083185147
8056,0.3,0.0,0.0,0.0,3.038720083185147
8056,0.4,0.0,0.0,0.0,3.038720083185147
8056,0.5,0.0,0.0,0.0,4.041094933209889
8056,0.6,0.0,0.0,0.0,5.27480318737743
156052,0.0,0.0,0.0,0.0,7.0699965189754295
156052,0.1,0.0,0.0,0.0,7.420721062579354
156052,0.2,0.060771606354535226,0.1111111111111111,0.1,7.504545955579692
156052,0.3,0.060771606354535226,0.1111111111111111,0.1,7.504545955579692
156052,0.4,0.060771606354535226,0.1111111111111111,0.1,7.504545955579692
156052,0.5,0.060771606354535226,0.1111111111111111,0.1,7.504545955579691
156052,0.6,0.0,0.0,0.0,7.977065537302359
30021,0.0,0.07362322034364344,0.1,0.1,2.9592559079647596
30021,0.1,0.07362322034364344,0.1,0.1,3.158468222166895
30021,0.2,0.07362322034364344,0.1,0.1,3.3754741950544966
30021,0.3,0.07362322034364344,0.1,0.1,3.5010099334901432
30021,0.4,0.081963461396457,0.1,0.1,3.6992203528532306
30021,0.5,0.13122870694730646,0.2,0.2,3.795464553659406
30021,0.6,0.06343775459021642,0.1,0.1,4.7693017419025185
48396,0.0,0.2532633541065531,0.16666666666666666,0.1,5.846057953896043
48396,0.1,0.2532633541065531,0.16666666666666666,0.1,5.846057953896043
48396,0.2,0.12663167705327655,0.16666666666666666,0.1,6.096276436389713
48396,0.3,0.10907458963273323,0.16666666666666666,0.1,6.527154635233764
48396,0.4,0.0844211180355177,0.16666666666666666,0.1,6.79224188562019
48396,0.5,0.07989569279756414,0.16666666666666666,0.1,7.144214738424331
48396,0.6,0.0,0.0,0.0,8.25864804139148
29110,0.0,0.26547551659886887,0.3,0.3,4.312301702195633
29110,0.1,0.26547551659886887,0.3,0.3,4.312301702195633
29110,0.2,0.2152309324975201,0.2,0.2,4.72412756950809
29110,0.3,0.20203776200865248,0.2,0.2,5.321288105189075
29110,0.4,0.18351205520241193,0.2,0.2,5.51137761235856
29110,0.5,0.1200743006121955,0.1,0.1,5.961414228319034
29110,0.6,0.1200743006121955,0.1,0.1,6.817655243633763
10440,0.0,0.0,0.0,0.0,4.912660349163913
10440,0.1,0.0,0.0,0.0,4.912660349163913
10440,0.2,0.0,0.0,0.0,4.912660349163913
10440,0.3,0.0,0.0,0.0,5.055281124377532
10440,0.4,0.0,0.0,0.0,5.89114822450629
10440,0.5,0.0,0.0,0.0,7.3326707492613625
10440,0.6,0.0,0.0,0.0,7.382891816442568
119507,0.0,0.19031326377064925,0.1,0.1,2.4517210947750185
119507,0.1,0.19031326377064925,0.1,0.1,2.4517210947750185
119507,0.2,0.19031326377064925,0.1,0.1,2.66978557139866
119507,0.3,0.19031326377064925,0.1,0.1,2.8670743582924145
119507,0.4,0.19031326377064925,0.1,0.1,3.174717152992231
119507,0.5,0.19031326377064925,0.1,0.1,4.001273305058234
119507,0.6,0.06343775459021642,0.1,0.1,5.973136911501237
104555,0.0,0.08857376396551761,0.2,0.1,2.652267594448869
104555,0.1,0.08857376396551761,0.2,0.1,2.786250766701471
104555,0.2,0.08452085079694195,0.2,0.1,2.7862507667014715
104555,0.3,0.08857376396551761,0.2,0.1,2.8896262077312826
104555,0.4,0.09359072962204816,0.2,0.1,3.120318772632264
104555,0.5,0.0,0.0,0.0,4.43124584163753
104555,0.6,0.0,0.0,0.0,5.311869851215347
108665,0.0,0.07680190056249983,0.125,0.1,2.543188932795552
108665,0.1,0.08340940864997513,0.125,0.1,2.5431889327955517
108665,0.2,0.08340940864997513,0.125,0.1,2.5431889327955517
108665,0.3,0.07680190056249983,0.125,0.1,2.73525866098234
108665,0.4,0.0,0.0,0.0,3.143554147649082
108665,0.5,0.0,0.0,0.0,3.222271237958522
108665,0.6,0.0,0.0,0.0,4.15537879187376
111115,0.0,0.12737140874229597,0.1111111111111111,0.1,2.236964040048428
111115,0.1,0.12737140874229597,0.1111111111111111,0.1,2.3515617983097297
111115,0.2,0.08694451260789762,0.1111111111111111,0.1,2.394016203333257
111115,0.3,0.07191071742813417,0.1111111111111111,0.1,2.5301779132553293
111115,0.4,0.06729296884018866,0.1111111111111111,0.1,2.762617748495194
111115,0.5,0.0,0.0,0.0,4.338429521416447
111115,0.6,0.0,0.0,0.0,5.143685053476518
173028,0.0,0.0,0.0,0.0,4.016644315936314
173028,0.1,0.0,0.0,0.0,4.016644315936314
173028,0.2,0.0,0.0,0.0,4.3139808032859674
173028,0.3,0.0,0.0,0.0,4.418034549064928
173028,0.4,0.0,0.0,0.0,4.418034549064927
173028,0.5,0.0,0.0,0.0,5.3362437273897925
173028,0.6,0.0,0.0,0.0,5.916147387442077
138653,0.0,0.0,0.0,0.0,1.9455498388201764
138653,0.1,0.0,0.0,0.0,2.0912874976560296
138653,0.2,0.0,0.0,0.0,2.09128749765603
138653,0.3,0.0,0.0,0.0,2.0912874976560296
138653,0.4,0.0,0.0,0.0,2.1882919638966127
138653,0.5,0.0,0.0,0.0,2.442538163123677
138653,0.6,0.0,0.0,0.0,3.384165017063938
32205,0.0,0.07362322034364344,0.1,0.1,2.587142331715485
32205,0.1,0.07362322034364344,0.1,0.1,2.587142331715485
32205,0.2,0.06779095235709003,0.1,0.1,2.727650338863363
32205,0.3,0.06779095235709003,0.1,0.1,2.9167301159340795
32205,0.4,0.06343775459021642,0.1,0.1,3.1609508237389146
32205,0.5,0.0,0.0,0.0,3.343969915911372
32205,0.6,0.0,0.0,0.0,3.9611699259222606
34600,0.0,0.0,0.0,0.0,2.8087030906946167
34600,0.1,0.0,0.0,0.0,2.8087030906946167
34600,0.2,0.0,0.0,0.0,2.939104096016542
34600,0.3,0.0,0.0,0.0,3.0277941187285835
34600,0.4,0.0,0.0,0.0,3.136522460001273
34600,0.5,0.0,0.0,0.0,3.3080181427436477
34600,0.6,0.0,0.0,0.0,4.1088820351998
98789,0.0,0.0,0.0,0.0,2.1583336676972245
98789,0.1,0.0,0.0,0.0,2.158333667697225
98789,0.2,0.0,0.0,0.0,2.158333667697225
98789,0.3,0.0,0.0,0.0,2.7103057889665396
98789,0.4,0.0,0.0,0.0,3.444913038446635
98789,0.5,0.0,0.0,0.0,5.985036299521035
98789,0.6,0.0,0.0,0.0,6.298725189866692
36574,0.0,0.0,0.0,0.0,6.019945225652348
36574,0.1,0.0,0.0,0.0,6.1862260377827045
36574,0.2,0.0,0.0,0.0,6.289357591829324
36574,0.3,0.0,0.0,0.0,6.349618513660312
36574,0.4,0.0,0.0,0.0,6.558873529411623
36574,0.5,0.0,0.0,0.0,6.558873529411623
36574,0.6,0.0,0.0,0.0,6.8429529319742315
130884,0.0,0.0,0.0,0.0,4.72647000390143
130884,0.1,0.0,0.0,0.0,4.72647000390143
130884,0.2,0.0,0.0,0.0,4.726470003901429
130884,0.3,0.0,0.0,0.0,4.726470003901429
130884,0.4,0.0,0.0,0.0,4.82492699984447
130884,0.5,0.0,0.0,0.0,5.053898544462475
130884,0.6,0.0,0.0,0.0,5.25606064332195
61425,0.0,0.24981175642557973,0.6666666666666666,0.2,3.9998222900017892
61425,0.1,0.25529836476324147,0.6666666666666666,0.2,3.9998222900017892
61425,0.2,0.26209005371782057,0.6666666666666666,0.2,4.078662404862959
61425,0.3,0.26209005371782057,0.6666666666666666,0.2,4.078662404862959
61425,0.4,0.26209005371782057,0.6666666666666666,0.2,4.078662404862959
61425,0.5,0.24660415552271053,0.6666666666666666,0.2,4.428615538713056
61425,0.6,0.0,0.0,0.0,5.903865283705565
48516,0.0,0.0,0.0,0.0,2.5846405006824087
48516,0.1,0.0,0.0,0.0,2.5846405006824087
48516,0.2,0.0,0.0,0.0,2.5846405006824087
48516,0.3,0.0,0.0,0.0,2.5846405006824087
48516,0.4,0.0,0.0,0.0,2.6670933743242524
48516,0.5,0.0,0.0,0.0,6.719570233899239
48516,0.6,0.0,0.0,0.0,9.734150006922777
71504,0.0,0.0,0.0,0.0,2.7126158325623093
71504,0.1,0.0,0.0,0.0,2.7126158325623093
71504,0.2,0.0,0.0,0.0,2.7126158325623098
71504,0.3,0.0,0.0,0.0,2.8568703143756053
71504,0.4,0.05729000096767664,0.1,0.1,3.2569448703558974
71504,0.5,0.06779095235709003,0.1,0.1,3.589789942114128
71504,0.6,0.0,0.0,0.0,4.43472779718608
181439,0.0,0.0,0.0,0.0,4.140734799026802
181439,0.1,0.0,0.0,0.0,4.140734799026802
181439,0.2,0.0,0.0,0.0,4.140734799026802
181439,0.3,0.0,0.0,0.0,4.552870526209377
181439,0.4,0.0,0.0,0.0,5.435334402621693
181439,0.5,0.0,0.0,0.0,6.412340642320702
181439,0.6,0.0,0.0,0.0,7.578759519752519
107037,0.0,0.0,0.0,0.0,2.3252661289459273
107037,0.1,0.0,0.0,0.0,2.556805718032987
107037,0.2,0.0,0.0,0.0,2.5568057180329875
107037,0.3,0.0,0.0,0.0,2.8151799725422775
107037,0.4,0.0,0.0,0.0,2.815179972542278
107037,0.5,0.0,0.0,0.0,3.7389704775718022
107037,0.6,0.0,0.0,0.0,5.0791941375445795
108233,0.0,0.25375101836086567,0.2,0.2,2.363838246134371
108233,0.1,0.25035041407674696,0.2,0.2,2.4645000340108223
108233,0.2,0.2476032647383259,0.2,0.2,2.4645000340108223
108233,0.3,0.2476032647383259,0.2,0.2,2.4645000340108223
108233,0.4,0.2476032647383259,0.2,0.2,2.678814166272514
108233,0.5,0.25035041407674696,0.2,0.2,3.3028682652931978
108233,0.6,0.44406428213151494,0.3,0.3,5.034169242651759
158316,0.0,0.07362322034364344,0.1,0.1,1.930421085326935
158316,0.1,0.07362322034364344,0.1,0.1,2.0633468163325377
158316,0.2,0.06779095235709003,0.1,0.1,2.2160577602371934
158316,0.3,0.0,0.0,0.0,2.405788243932536
158316,0.4,0.0,0.0,0.0,2.405788243932536
158316,0.5,0.0,0.0,0.0,3.5612014885046195
158316,0.6,0.0,0.0,0.0,3.8484229841818447
112974,0.0,0.26393648411429266,0.2,0.2,2.879304285598375
112974,0.1,0.2722767251671062,0.2,0.2,2.8793042855983755
112974,0.2,0.26393648411429266,0.2,0.2,3.105460333955858
112974,0.3,0.25810421612773926,0.2,0.2,3.358427985874461
112974,0.4,0.15558668174010043,0.2,0.2,3.5830328404022374
112974,0.5,0.12072775555789306,0.2,0.2,3.934127548999085
112974,0.6,0.0,0.0,0.0,5.084516767480341
51988,0.0,0.09515663188532462,0.1,0.1,3.892182771149558
51988,0.1,0.09515663188532462,0.1,0.1,3.892182771149558
51988,0.2,0.1200743006121955,0.1,0.1,3.892182771149558
51988,0.3,0.1200743006121955,0.1,0.1,3.937471681486636
51988,0.4,0.1200743006121955,0.1,0.1,4.211961515019225
51988,0.5,0.1200743006121955,0.1,0.1,4.507139136174568
51988,0.6,0.1200743006121955,0.1,0.1,5.196117945699258
137936,0.0,0.0,0.0,0.0,4.114256621652118
137936,0.1,0.0,0.0,0.0,4.114256621652118
137936,0.2,0.0,0.0,0.0,4.495811323217185
137936,0.3,0.0,0.0,0.0,5.441350616018079
137936,0.4,0.0,0.0,0.0,6.013238090762995
137936,0.5,0.0,0.0,0.0,6.764867534442845
137936,0.6,0.0,0.0,0.0,7.123046592366474
200908,0.0,0.0,0.0,0.0,3.435603548585862
200908,0.1,0.0,0.0,0.0,3.8016062260504397
200908,0.2,0.0,0.0,0.0,3.8016062260504397
200908,0.3,0.0,0.0,0.0,4.489297003608979
200908,0.4,0.0,0.0,0.0,4.630683688612549
200908,0.5,0.0,0.0,0.0,5.260518532682947
200908,0.6,0.0,0.0,0.0,5.769439740754544
118913,0.0,0.12782810266318778,0.2,0.2,2.284190958260533
118913,0.1,0.12347490489631419,0.2,0.2,2.2841909582605333
118913,0.2,0.12782810266318778,0.2,0.2,2.2841909582605333
118913,0.3,0.06779095235709003,0.1,0.1,2.556114099778255
118913,0.4,0.07362322034364344,0.1,0.1,2.7387444694727323
118913,0.5,0.1200743006121955,0.1,0.1,4.588808028346645
118913,0.6,0.0,0.0,0.0,6.908279927031785
73862,0.0,0.09515663188532462,0.1,0.1,3.8732760413072276
73862,0.1,0.06779095235709003,0.1,0.1,3.8732760413072276
73862,0.2,0.06343775459021642,0.1,0.1,4.139042369351815
73862,0.3,0.06003715030609775,0.1,0.1,4.266816686139729
73862,0.4,0.0,0.0,0.0,4.587992010896851
73862,0.5,0.0,0.0,0.0,4.893267423953984
73862,0.6,0.0,0.0,0.0,5.673857445035716
188859,0.0,0.1200743006121955,0.1,0.1,5.63185025670399
188859,0.1,0.081963461396457,0.1,0.1,6.211500625066268
188859,0.2,0.07362322034364344,0.1,0.1,7.281878619941361
188859,0.3,0.0,0.0,0.0,8.524094168685043
188859,0.4,0.0,0.0,0.0,9.328293262599924
188859,0.5,0.0,0.0,0.0,10.352514310373472
188859,0.6,0.0,0.0,0.0,10.352514310373472
29511,0.0,0.0,0.0,0.0,3.2120603136008596
29511,0.1,0.0,0.0,0.0,3.2120603136008596
29511,0.2,0.0,0.0,0.0,3.3194640820943384
29511,0.3,0.0,0.0,0.0,3.4558733463891556
29511,0.4,0.0,0.0,0.0,3.6721256691689454
29511,0.5,0.0,0.0,0.0,3.7323396130009825
29511,0.6,0.0,0.0,0.0,4.6261917789637685
5316,0.0,0.25810421612773926,0.2,0.2,1.8092378064402155
5316,0.1,0.25810421612773926,0.2,0.2,1.8092378064402155
5316,0.2,0.25375101836086567,0.2,0.2,1.859857509571998
5316,0.3,0.19031326377064925,0.1,0.1,1.972482155569351
5316,0.4,0.19031326377064925,0.1,0.1,2.1084208750586204
5316,0.5,0.06003715030609775,0.1,0.1,3.253265968442404
5316,0.6,0.0,0.0,0.0,4.646162274543296
116790,0.0,0.0,0.0,0.0,1.9585298714922152
116790,0.1,0.0,0.0,0.0,1.9585298714922152
116790,0.2,0.0,0.0,0.0,1.9585298714922146
116790,0.3,0.0,0.0,0.0,2.913363583870452
116790,0.4,0.0,0.0,0.0,4.389263678316853
116790,0.5,0.0,0.0,0.0,5.396495056212246
116790,0.6,0.0,0.0,0.0,6.383781974722304
123643,0.0,0.06801744314752248,0.125,0.1,6.202203280759282
123643,0.1,0.0718700645225042,0.125,0.1,6.202203280759281
123643,0.2,0.07680190056249983,0.125,0.1,6.30457618793835
123643,0.3,0.08340940864997513,0.125,0.1,6.304576187938351
123643,0.4,0.08340940864997513,0.125,0.1,6.304576187938351
123643,0.5,0.08340940864997513,0.125,0.1,6.5040762353619375
123643,0.6,0.06801744314752248,0.125,0.1,7.881995974245029
45226,0.0,0.19031326377064925,0.1,0.1,2.6778320054920024
45226,0.1,0.19031326377064925,0.1,0.1,2.677832005492002
45226,0.2,0.19031326377064925,0.1,0.1,2.6778320054920024
45226,0.3,0.19031326377064925,0.1,0.1,2.8954448436766347
45226,0.4,0.19031326377064925,0.1,0.1,2.895444843676635
45226,0.5,0.19031326377064925,0.1,0.1,3.2612934727892364
45226,0.6,0.19031326377064925,0.1,0.1,4.22464686331581
131930,0.0,0.0,0.0,0.0,4.128744200441038
131930,0.1,0.0,0.0,0.0,4.128744200441038
131930,0.2,0.0,0.0,0.0,4.128744200441038
131930,0.3,0.0,0.0,0.0,4.468274764826298
131930,0.4,0.0,0.0,0.0,5.2266151994560195
131930,0.5,0.0,0.0,0.0,5.85602334062637
131930,0.6,0.0,0.0,0.0,6.487183251671806
135218,0.0,0.46258998893775544,0.3,0.3,2.125930694191368
135218,0.1,0.5007008281534939,0.3,0.3,2.2390907785781575
135218,0.2,0.5007008281534939,0.3,0.3,2.2390907785781575
135218,0.3,0.5007008281534939,0.3,0.3,2.239090778578158
135218,0.4,0.5007008281534939,0.3,0.3,2.239090778578158
135218,0.5,0.46258998893775544,0.3,0.3,5.267928149892296
135218,0.6,0.22337763409719047,0.3,0.3,5.267928149892296
36902,0.0,0.0,0.0,0.0,2.5890329954129765
36902,0.1,0.0,0.0,0.0,2.670009176879629
36902,0.2,0.0,0.0,0.0,2.670009176879629
36902,0.3,0.0,0.0,0.0,2.8679963860534357
36902,0.4,0.0,0.0,0.0,3.006965773607897
36902,0.5,0.0,0.0,0.0,3.7761672173038945
36902,0.6,0.0,0.0,0.0,5.3963890555555505
56519,0.0,0.07362322034364344,0.1,0.1,1.912460380937474
56519,0.1,0.07362322034364344,0.1,0.1,2.0509540523054333
56519,0.2,0.07362322034364344,0.1,0.1,2.16735584632101
56519,0.3,0.07362322034364344,0.1,0.1,2.315970099506484
56519,0.4,0.06779095235709003,0.1,0.1,2.315970099506484
56519,0.5,0.05729000096767664,0.1,0.1,2.5645836672240687
56519,0.6,0.0,0.0,0.0,3.167002592562866
104518,0.0,0.0,0.0,0.0,3.577854739554816
104518,0.1,0.0,0.0,0.0,3.577854739554816
104518,0.2,0.0,0.0,0.0,3.8010513809638136
104518,0.3,0.0,0.0,0.0,5.3592073856102855
104518,0.4,0.0,0.0,0.0,6.76237150216551
104518,0.5,0.0,0.0,0.0,10.120562861987116
104518,0.6,0.0,0.0,0.0,10.764922870694337
87925,0.0,0.0,0.0,0.0,2.3826225258686806
87925,0.1,0.0,0.0,0.0,2.779108693203407
87925,0.2,0.0,0.0,0.0,2.779108693203407
87925,0.3,0.0,0.0,0.0,2.779108693203407
87925,0.4,0.0,0.0,0.0,2.902999171285418
87925,0.5,0.0,0.0,0.0,3.627390484128808
87925,0.6,0.0,0.0,0.0,4.471588299992826
182633,0.0,0.0,0.0,0.0,2.227524732297516
182633,0.1,0.0,0.0,0.0,2.227524732297516
182633,0.2,0.0,0.0,0.0,2.227524732297516
182633,0.3,0.0,0.0,0.0,2.227524732297516
182633,0.4,0.0,0.0,0.0,2.227524732297516
182633,0.5,0.0,0.0,0.0,4.463920750446735
182633,0.6,0.0,0.0,0.0,7.283441226865834
139975,0.0,0.0,0.0,0.0,4.244292887176299
139975,0.1,0.0,0.0,0.0,4.244292887176299
139975,0.2,0.0,0.0,0.0,4.320257947406334
139975,0.3,0.0,0.0,0.0,4.416496690128123
139975,0.4,0.0,0.0,0.0,4.416496690128123
139975,0.5,0.0,0.0,0.0,4.814400728264558
139975,0.6,0.0,0.0,0.0,5.408667358771912
109034,0.0,0.19031326377064925,0.1,0.1,3.3587414705503598
109034,0.1,0.19031326377064925,0.1,0.1,3.3587414705503598
109034,0.2,0.19031326377064925,0.1,0.1,3.3587414705503598
109034,0.3,0.19031326377064925,0.1,0.1,3.7960361730528662
109034,0.4,0.19031326377064925,0.1,0.1,4.539336688986497
109034,0.5,0.1200743006121955,0.1,0.1,4.91963939790127
109034,0.6,0.0,0.0,0.0,5.375311812850078
49742,0.0,0.0,0.0,0.0,3.242783104596564
49742,0.1,0.0,0.0,0.0,3.242783104596564
49742,0.2,0.0,0.0,0.0,3.3840398395198337
49742,0.3,0.0,0.0,0.0,3.4827157747583875
49742,0.4,0.0,0.0,0.0,3.8023187081601173
49742,0.5,0.0,0.0,0.0,4.087017373860123
49742,0.6,0.0,0.0,0.0,4.380838616245086
33896,0.0,0.0,0.0,0.0,4.527179980498227
33896,0.1,0.0,0.0,0.0,4.696032504409071
33896,0.2,0.0,0.0,0.0,4.696032504409071
33896,0.3,0.0,0.0,0.0,4.696032504409071
33896,0.4,0.0,0.0,0.0,4.84654448325923
33896,0.5,0.0,0.0,0.0,4.84654448325923
33896,0.6,0.0,0.0,0.0,5.321271458241588
9437,0.0,0.07362322034364344,0.1,0.1,2.4540966995032214
9437,0.1,0.07362322034364344,0.1,0.1,2.4540966995032223
9437,0.2,0.06779095235709003,0.1,0.1,2.6805138326223044
9437,0.3,0.07362322034364344,0.1,0.1,2.680513832622304
9437,0.4,0.0,0.0,0.0,3.3033380890754542
9437,0.5,0.0,0.0,0.0,3.8657897490196484
9437,0.6,0.0,0.0,0.0,4.74745289423656
111739,0.0,0.2722767251671062,0.2,0.2,2.507891077125932
111739,0.1,0.3103875643828447,0.2,0.2,2.507891077125932
111739,0.2,0.3806265275412985,0.2,0.2,2.507891077125932
111739,0.3,0.3103875643828447,0.2,0.2,2.592950550735531
111739,0.4,0.3103875643828447,0.2,0.2,2.8407872231244764
111739,0.5,0.2722767251671062,0.2,0.2,4.037587405580348
111739,0.6,0.18011145091829325,0.2,0.2,4.305823102253972
144002,0.0,0.0,0.0,0.0,2.8202933745892906
144002,0.1,0.0,0.0,0.0,2.9537350546274626
144002,0.2,0.0,0.0,0.0,3.2184685310219465
144002,0.3,0.0,0.0,0.0,3.2184685310219465
144002,0.4,0.0,0.0,0.0,3.2184685310219465
144002,0.5,0.0,0.0,0.0,3.4029763082270863
144002,0.6,0.0,0.0,0.0,4.222682939351926
73360,0.0,0.0,0.0,0.0,7.352719463145365
73360,0.1,0.0,0.0,0.0,7.352719463145365
73360,0.2,0.0,0.0,0.0,7.4887019334099545
73360,0.3,0.0,0.0,0.0,7.4887019334099545
73360,0.4,0.0,0.0,0.0,7.636171975467673
73360,0.5,0.0,0.0,0.0,7.636171975467673
73360,0.6,0.0,0.0,0.0,8.063896369489182
132695,0.0,0.0,0.0,0.0,2.3798511454305773
132695,0.1,0.0,0.0,0.0,2.3798511454305773
132695,0.2,0.0,0.0,0.0,2.3798511454305773
132695,0.3,0.0,0.0,0.0,2.3798511454305773
132695,0.4,0.0,0.0,0.0,2.379851145430577
132695,0.5,0.0,0.0,0.0,3.3528312111193173
132695,0.6,0.0,0.0,0.0,6.621732893903571
39356,0.0,0.07328439752622512,0.14285714285714285,0.1,1.8408378898580124
39356,0.1,0.07328439752622512,0.14285714285714285,0.1,1.8408378898580124
39356,0.2,0.0,0.0,0.0,2.124958373481693
39356,0.3,0.0,0.0,0.0,2.393772689354534
39356,0.4,0.0,0.0,0.0,2.5352161712423085
39356,0.5,0.0,0.0,0.0,2.8211886856350565
39356,0.6,0.0,0.0,0.0,3.5810311813548688
62396,0.0,0.0,0.0,0.0,2.5677717809762166
62396,0.1,0.0,0.0,0.0,2.5677717809762166
62396,0.2,0.0,0.0,0.0,2.5677717809762166
62396,0.3,0.0,0.0,0.0,2.5677717809762166
62396,0.4,0.0,0.0,0.0,2.7135633025198747
62396,0.5,0.0,0.0,0.0,5.14473299288162
62396,0.6,0.0,0.0,0.0,8.176478108264558
191157,0.0,0.06003715030609775,0.1,0.1,2.890103644189768
191157,0.1,0.0,0.0,0.0,3.068693209653152
191157,0.2,0.0,0.0,0.0,3.158921770268705
191157,0.3,0.0,0.0,0.0,3.5651532675807447
191157,0.4,0.06343775459021642,0.1,0.1,3.8523195888991735
191157,0.5,0.06779095235709003,0.1,0.1,3.8523195888991735
191157,0.6,0.081963461396457,0.1,0.1,4.5157671529852035
190082,0.0,0.0,0.0,0.0,3.276677159538673
190082,0.1,0.0,0.0,0.0,3.4281574844772416
190082,0.2,0.0,0.0,0.0,3.581110223613817
190082,0.3,0.0,0.0,0.0,3.895778338337769
190082,0.4,0.06343775459021642,0.1,0.1,4.50327497080997
190082,0.5,0.15859438647554103,0.2,0.2,5.309650351387969
190082,0.6,0.28546989565597386,0.2,0.2,5.942564085288238
21959,0.0,0.07362322034364344,0.1,0.1,4.814459443490875
21959,0.1,0.07362322034364344,0.1,0.1,4.8144594434908745
21959,0.2,0.07362322034364344,0.1,0.1,4.888817514923089
21959,0.3,0.081963461396457,0.1,0.1,4.888817514923089
21959,0.4,0.081963461396457,0.1,0.1,4.94366833529059
21959,0.5,0.081963461396457,0.1,0.1,5.14380806363477
21959,0.6,0.09515663188532462,0.1,0.1,5.411788366030921
11470,0.0,0.0,0.0,0.0,2.1268391818979424
11470,0.1,0.0,0.0,0.0,2.1268391818979424
11470,0.2,0.0,0.0,0.0,2.1268391818979424
11470,0.3,0.0,0.0,0.0,2.3527176932880094
11470,0.4,0.0,0.0,0.0,2.3527176932880094
11470,0.5,0.081963461396457,0.1,0.1,3.319938310811154
11470,0.6,0.19031326377064925,0.1,0.1,4.791198474584072
137463,0.0,0.0,0.0,0.0,2.412133727283802
137463,0.1,0.0,0.0,0.0,2.5291187679774443
137463,0.2,0.0,0.0,0.0,2.529118767977444
137463,0.3,0.0,0.0,0.0,2.762026295467148
137463,0.4,0.0,0.0,0.0,2.762026295467148
137463,0.5,0.0,0.0,0.0,3.590270015404054
137463,0.6,0.0,0.0,0.0,6.40412167698573
181194,0.0,0.19031326377064925,0.1,0.1,2.557294589556693
181194,0.1,0.17736430157987212,0.2,0.2,2.9533584506069994
181194,0.2,0.15244663285300125,0.2,0.2,3.178528682886566
181194,0.3,0.1392534623641336,0.2,0.2,3.1785286828865655
181194,0.4,0.06779095235709003,0.1,0.1,3.3428977459765767
181194,0.5,0.0,0.0,0.0,3.7196446978489646
181194,0.6,0.0,0.0,0.0,4.567517241592007
13974,0.0,0.1200743006121955,0.1,0.1,2.819174069915545
13974,0.1,0.1200743006121955,0.1,0.1,2.819174069915545
13974,0.2,0.1200743006121955,0.1,0.1,3.6996571858260467
13974,0.3,0.1200743006121955,0.1,0.1,4.9778934169979046
13974,0.4,0.07362322034364344,0.1,0.1,5.530180666602728
13974,0.5,0.05729000096767664,0.1,0.1,6.552768907062206
13974,0.6,0.0,0.0,0.0,6.970501230121023
58222,0.0,0.15244663285300125,0.2,0.2,2.8633345888912904
58222,0.1,0.09515663188532462,0.1,0.1,3.0648545799391083
58222,0.2,0.09515663188532462,0.1,0.1,3.2605255703393974
58222,0.3,0.09515663188532462,0.1,0.1,3.2605255703393974
58222,0.4,0.07362322034364344,0.1,0.1,3.3924096017075427
58222,0.5,0.06779095235709003,0.1,0.1,3.8622105176297206
58222,0.6,0.0,0.0,0.0,5.378705697057735
77112,0.0,0.06779095235709003,0.1,0.1,5.23722813929823
77112,0.1,0.06003715030609775,0.1,0.1,5.23722813929823
77112,0.2,0.05729000096767664,0.1,0.1,5.608755191604919
77112,0.3,0.0,0.0,0.0,6.056577206315547
77112,0.4,0.0,0.0,0.0,6.423152938973196
77112,0.5,0.0,0.0,0.0,6.423152938973196
77112,0.6,0.0,0.0,0.0,6.517310579555295
85221,0.0,0.0,0.0,0.0,3.910158572895358
85221,0.1,0.0,0.0,0.0,3.910158572895358
85221,0.2,0.0,0.0,0.0,3.910158572895358
85221,0.3,0.0,0.0,0.0,4.367182413347682
85221,0.4,0.0,0.0,0.0,5.02805669399643
85221,0.5,0.0,0.0,0.0,5.495171036834668
85221,0.6,0.0,0.0,0.0,6.482142017166689
103564,0.0,0.0,0.0,0.0,3.101908815045923
103564,0.1,0.0,0.0,0.0,3.2674790939401555
103564,0.2,0.0,0.0,0.0,3.387586095503947
103564,0.3,0.0,0.0,0.0,3.413399254567583
103564,0.4,0.0,0.0,0.0,3.4493510277353083
103564,0.5,0.0,0.0,0.0,4.3409409000970545
103564,0.6,0.0,0.0,0.0,5.219719919252546
18959,0.0,0.0,0.0,0.0,3.3747216437643672
18959,0.1,0.0,0.0,0.0,3.3747216437643672
18959,0.2,0.0,0.0,0.0,3.5605036426684267
18959,0.3,0.0,0.0,0.0,3.6872521480635436
18959,0.4,0.0,0.0,0.0,3.6872521480635436
18959,0.5,0.0,0.0,0.0,4.324542890938782
18959,0.6,0.0,0.0,0.0,5.360381113275371
147999,0.0,0.0,0.0,0.0,6.1752109351038555
147999,0.1,0.0,0.0,0.0,6.1752109351038555
147999,0.2,0.0,0.0,0.0,6.1752109351038555
147999,0.3,0.0,0.0,0.0,6.1752109351038555
147999,0.4,0.0,0.0,0.0,6.369148648240088
147999,0.5,0.0,0.0,0.0,7.08362410312281
147999,0.6,0.05729000096767664,0.1,0.1,7.414696401346603
144240,0.0,0.0,0.0,0.0,2.6894619642352926
144240,0.1,0.0,0.0,0.0,2.6894619642352926
144240,0.2,0.0,0.0,0.0,2.6894619642352926
144240,0.3,0.0,0.0,0.0,2.931828597460536
144240,0.4,0.0,0.0,0.0,3.204568968098934
144240,0.5,0.0,0.0,0.0,4.094321618400518
144240,0.6,0.0,0.0,0.0,4.791430284091734
30965,0.0,0.0,0.0,0.0,2.3970291400687733
30965,0.1,0.0,0.0,0.0,2.483186159534303
30965,0.2,0.0,0.0,0.0,2.6002753658629767
30965,0.3,0.06003715030609775,0.1,0.1,2.650732121050568
30965,0.4,0.081963461396457,0.1,0.1,2.7745696799146513
30965,0.5,0.19031326377064925,0.1,0.1,2.861072613782193
30965,0.6,0.1200743006121955,0.1,0.1,3.1242732527591435
116384,0.0,0.0,0.0,0.0,2.052891025627193
116384,0.1,0.0,0.0,0.0,2.4621828001982884
116384,0.2,0.0,0.0,0.0,2.5418411620256145
116384,0.3,0.0,0.0,0.0,2.5418411620256145
116384,0.4,0.0,0.0,0.0,3.0058748324550786
116384,0.5,0.0,0.0,0.0,4.628561265869589
116384,0.6,0.0,0.0,0.0,6.251666888764896
198618,0.0,0.19031326377064925,0.1,0.1,2.4576361368929396
198618,0.1,0.19031326377064925,0.1,0.1,2.6379667518921
198618,0.2,0.19031326377064925,0.1,0.1,2.889379060382419
198618,0.3,0.19031326377064925,0.1,0.1,2.8893790603824185
198618,0.4,0.1200743006121955,0.1,0.1,2.8893790603824185
198618,0.5,0.17736430157987212,0.2,0.2,3.687399733366033
198618,0.6,0.09515663188532462,0.1,0.1,4.339752881064554
67087,0.0,0.09515663188532462,0.1,0.1,4.330123861413916
67087,0.1,0.09515663188532462,0.1,0.1,4.330123861413916
67087,0.2,0.15244663285300125,0.2,0.2,4.409076123380438
67087,0.3,0.09515663188532462,0.1,0.1,4.592460987831336
67087,0.4,0.09515663188532462,0.1,0.1,5.109298859615976
67087,0.5,0.081963461396457,0.1,0.1,5.6913102964207125
67087,0.6,0.0,0.0,0.0,6.393369419795161
170953,0.0,0.13706097493385985,0.2,0.2,3.236059507976216
170953,0.1,0.13706097493385985,0.2,0.2,3.4354793460358657
170953,0.2,0.1392534623641336,0.2,0.2,3.67042315523186
170953,0.3,0.1200743006121955,0.1,0.1,3.9589041266696663
170953,0.4,0.1200743006121955,0.1,0.1,3.9589041266696654
170953,0.5,0.19031326377064925,0.1,0.1,4.17221166191324
170953,0.6,0.19031326377064925,0.1,0.1,5.04983374800747
30578,0.0,0.0,0.0,0.0,2.0489505252841576
30578,0.1,0.0,0.0,0.0,2.278546276886268
30578,0.2,0.0,0.0,0.0,2.278546276886268
30578,0.3,0.0,0.0,0.0,2.278546276886268
30578,0.4,0.0,0.0,0.0,2.3556604588605405
30578,0.5,0.0,0.0,0.0,4.069852404826397
30578,0.6,0.0,0.0,0.0,5.355529794742253
190532,0.0,0.07362322034364344,0.1,0.1,3.1146913804211445
190532,0.1,0.081963461396457,0.1,0.1,3.208602879889221
190532,0.2,0.081963461396457,0.1,0.1,3.2086028798892214
190532,0.3,0.07362322034364344,0.1,0.1,3.362448560983226
190532,0.4,0.07362322034364344,0.1,0.1,3.445640400476492
190532,0.5,0.06343775459021642,0.1,0.1,3.9889729732062746
190532,0.6,0.0,0.0,0.0,5.154220931207396
25373,0.0,0.0,0.0,0.0,2.7327027885899295
25373,0.1,0.0,0.0,0.0,2.90641008993754
25373,0.2,0.0,0.0,0.0,2.90641008993754
25373,0.3,0.0,0.0,0.0,2.90641008993754
25373,0.4,0.0,0.0,0.0,2.90641008993754
25373,0.5,0.0,0.0,0.0,3.1757216942792903
25373,0.6,0.0,0.0,0.0,5.792906502293082
62301,0.0,0.0,0.0,0.0,2.661175699945349
62301,0.1,0.0,0.0,0.0,2.661175699945349
62301,0.2,0.06003715030609775,0.1,0.1,2.7962323409031504
62301,0.3,0.06003715030609775,0.1,0.1,2.8556478008647153
62301,0.4,0.06003715030609775,0.1,0.1,3.1834271884666174
62301,0.5,0.0,0.0,0.0,3.6501240134380666
62301,0.6,0.0,0.0,0.0,6.2159004120558
130003,0.0,0.07362322034364344,0.1,0.1,1.7972192148537587
130003,0.1,0.07362322034364344,0.1,0.1,1.7972192148537587
130003,0.2,0.07362322034364344,0.1,0.1,1.8098561641059796
130003,0.3,0.06779095235709003,0.1,0.1,1.9303134288317516
130003,0.4,0.06779095235709003,0.1,0.1,2.1809927512832537
130003,0.5,0.0,0.0,0.0,2.9031110565637435
130003,0.6,0.0,0.0,0.0,3.7483850320711563
69844,0.0,0.14038609443307223,0.2,0.1,2.669426127804019
69844,0.1,0.14038609443307223,0.2,0.1,2.669426127804019
69844,0.2,0.14038609443307223,0.2,0.1,2.669426127804019
69844,0.3,0.14038609443307223,0.2,0.1,2.669426127804019
69844,0.4,0.14038609443307223,0.2,0.1,2.981390070213648
69844,0.5,0.10861750945625488,0.2,0.1,3.4784116414030235
69844,0.6,0.0,0.0,0.0,5.269717759719416
96707,0.0,0.06343775459021642,0.1,0.1,2.6412869557881407
96707,0.1,0.0,0.0,0.0,2.8487710476102324
96707,0.2,0.0,0.0,0.0,2.848771047610232
96707,0.3,0.0,0.0,0.0,2.924640609458533
96707,0.4,0.0,0.0,0.0,2.9594818983784874
96707,0.5,0.0,0.0,0.0,3.4744197213219286
96707,0.6,0.0,0.0,0.0,4.267508360641259
84410,0.0,0.19719127342177248,0.4,0.2,2.291472333334185
84410,0.1,0.19719127342177248,0.4,0.2,2.4674744272326277
84410,0.2,0.22895985839858982,0.4,0.2,2.5670298915259844
84410,0.3,0.36934595283166205,0.4,0.2,2.5670298915259844
84410,0.4,0.37436291848819264,0.4,0.2,2.567029891525984
84410,0.5,0.38938969832239934,0.4,0.2,2.8034058879371266
84410,0.6,0.28077218886614447,0.2,0.1,4.508011293644929
130028,0.0,0.0,0.0,0.0,4.098440301661654
130028,0.1,0.0,0.0,0.0,4.392683298911825
130028,0.2,0.0,0.0,0.0,4.392683298911825
130028,0.3,0.0,0.0,0.0,4.546300335353708
130028,0.4,0.0,0.0,0.0,4.939266367699863
130028,0.5,0.0,0.0,0.0,5.447279626864274
130028,0.6,0.0,0.0,0.0,5.8716756544225115
37735,0.0,0.25035041407674696,0.2,0.2,3.199303856158766
37735,0.1,0.19031326377064925,0.1,0.1,3.40077631546963
37735,0.2,0.19031326377064925,0.1,0.1,3.40077631546963
37735,0.3,0.19031326377064925,0.1,0.1,3.555861054874793
37735,0.4,0.19031326377064925,0.1,0.1,3.555861054874792
37735,0.5,0.19031326377064925,0.1,0.1,4.002136276221008
37735,0.6,0.19031326377064925,0.1,0.1,6.010789516112137
159455,0.0,0.0,0.0,0.0,2.5234100715114884
159455,0.1,0.0,0.0,0.0,2.5234100715114884
159455,0.2,0.0,0.0,0.0,2.8152283423099327
159455,0.3,0.0,0.0,0.0,2.957451799586021
159455,0.4,0.0,0.0,0.0,3.3529432946958204
159455,0.5,0.0,0.0,0.0,3.4392673451667286
159455,0.6,0.0,0.0,0.0,3.865882873310069
172766,0.0,0.0,0.0,0.0,2.9185830562867774
172766,0.1,0.0,0.0,0.0,3.7914951429405006
172766,0.2,0.0,0.0,0.0,5.544420536917632
172766,0.3,0.0,0.0,0.0,6.381283726170339
172766,0.4,0.0,0.0,0.0,9.544567253500304
172766,0.5,0.0,0.0,0.0,10.530825580941283
172766,0.6,0.0,0.0,0.0,11.26794714340899
36753,0.0,0.09285825605119434,0.125,0.1,2.1614473360746946
36753,0.1,0.09285825605119434,0.125,0.1,2.1614473360746946
36753,0.2,0.09285825605119434,0.125,0.1,2.1614473360746946
36753,0.3,0.09285825605119434,0.125,0.1,2.2864725510870736
36753,0.4,0.10780509678375629,0.125,0.1,2.2864725510870736
36753,0.5,0.08340940864997513,0.125,0.1,3.0970656587072067
36753,0.6,0.0,0.0,0.0,5.11930414570306
137438,0.0,0.06801744314752248,0.125,0.1,4.779372323236118
137438,0.1,0.0718700645225042,0.125,0.1,5.018228541273345
137438,0.2,0.07680190056249983,0.125,0.1,5.765633050940683
137438,0.3,0.06801744314752248,0.125,0.1,6.572851747775594
137438,0.4,0.0,0.0,0.0,7.0458273442770265
137438,0.5,0.0,0.0,0.0,7.0959497061941
137438,0.6,0.0,0.0,0.0,7.205762703579704
200135,0.0,0.14200061170255474,0.2,0.2,2.588075065305636
200135,0.1,0.1392534623641336,0.2,0.2,2.687098305966047
200135,0.2,0.081963461396457,0.1,0.1,2.804493871080255
200135,0.3,0.09515663188532462,0.1,0.1,2.968893765778609
200135,0.4,0.1200743006121955,0.1,0.1,3.1533977653967815
200135,0.5,0.09515663188532462,0.1,0.1,3.382051543699595
200135,0.6,0.06779095235709003,0.1,0.1,4.635796794050027
130463,0.0,0.0,0.0,0.0,3.1380050030567124
130463,0.1,0.0,0.0,0.0,3.1380050030567124
130463,0.2,0.0,0.0,0.0,3.352550524323326
130463,0.3,0.0,0.0,0.0,3.6837422306918812
130463,0.4,0.0,0.0,0.0,5.163299628422825
130463,0.5,0.0,0.0,0.0,5.83855449313971
130463,0.6,0.0,0.0,0.0,6.573934674614984
174854,0.0,0.19031326377064925,0.1,0.1,4.956717551133922
174854,0.1,0.19031326377064925,0.1,0.1,4.956717551133922
174854,0.2,0.19031326377064925,0.1,0.1,4.956717551133922
174854,0.3,0.19031326377064925,0.1,0.1,4.956717551133922
174854,0.4,0.19031326377064925,0.1,0.1,5.0792117990857735
174854,0.5,0.19031326377064925,0.1,0.1,5.256952658167597
174854,0.6,0.19031326377064925,0.1,0.1,6.052842922954284
58536,0.0,0.25035041407674696,0.2,0.2,2.363964788725427
58536,0.1,0.25035041407674696,0.2,0.2,2.363964788725427
58536,0.2,0.19031326377064925,0.1,0.1,2.9018205132388335
58536,0.3,0.19031326377064925,0.1,0.1,3.907860604302872
58536,0.4,0.19031326377064925,0.1,0.1,4.772564007991521
58536,0.5,0.0,0.0,0.0,6.226009828323848
58536,0.6,0.0,0.0,0.0,6.791829919026232
72794,0.0,0.0,0.0,0.0,3.3603180259131307
72794,0.1,0.0,0.0,0.0,3.3603180259131307
72794,0.2,0.0,0.0,0.0,3.612082094235828
72794,0.3,0.0,0.0,0.0,4.053942360781848
72794,0.4,0.0,0.0,0.0,5.709362577926365
72794,0.5,0.0,0.0,0.0,6.960477549481885
72794,0.6,0.0,0.0,0.0,7.996184270887136
148269,0.0,0.0,0.0,0.0,2.048231672328959
148269,0.1,0.0,0.0,0.0,2.048231672328959
148269,0.2,0.0,0.0,0.0,2.048231672328959
148269,0.3,0.0,0.0,0.0,2.2598786932579453
148269,0.4,0.0,0.0,0.0,3.1984775155788823
148269,0.5,0.0,0.0,0.0,3.9391054397301035
148269,0.6,0.0,0.0,0.0,5.72414416313399
33548,0.0,0.0,0.0,0.0,2.392161539381614
33548,0.1,0.0,0.0,0.0,2.3921615393816134
33548,0.2,0.0,0.0,0.0,2.5598612095163036
33548,0.3,0.0,0.0,0.0,2.908653809149025
33548,0.4,0.0,0.0,0.0,3.507280957940469
33548,0.5,0.05729000096767664,0.1,0.1,3.851752067582775
33548,0.6,0.0,0.0,0.0,4.1973158326608955
13971,0.0,0.0,0.0,0.0,1.7692746825217451
13971,0.1,0.0,0.0,0.0,1.7692746825217451
13971,0.2,0.0,0.0,0.0,1.7692746825217451
13971,0.3,0.0,0.0,0.0,1.9209547886546994
13971,0.4,0.0,0.0,0.0,1.9209547886546994
13971,0.5,0.0,0.0,0.0,3.535957941309429
13971,0.6,0.0,0.0,0.0,5.642053359723876
55808,0.0,0.06343775459021642,0.1,0.1,3.641928055806493
55808,0.1,0.06779095235709003,0.1,0.1,3.641928055806493
55808,0.2,0.07362322034364344,0.1,0.1,3.641928055806493
55808,0.3,0.081963461396457,0.1,0.1,3.6419280558064933
55808,0.4,0.1200743006121955,0.1,0.1,3.783207288594056
55808,0.5,0.1200743006121955,0.1,0.1,4.087365955023193
55808,0.6,0.18786525296928555,0.2,0.2,4.887939984659333
191298,0.0,0.4757831594266231,0.3,0.3,3.0271652110187737
191298,0.1,0.45424974788494193,0.3,0.3,3.363111395244674
191298,0.2,0.46258998893775544,0.3,0.3,3.68157961246992
191298,0.3,0.46258998893775544,0.3,0.3,3.68157961246992
191298,0.4,0.45424974788494193,0.3,0.3,3.9047437018074214
191298,0.5,0.2722767251671062,0.2,0.2,5.794512663267235
191298,0.6,0.06003715030609775,0.1,0.1,7.4189957177737345
62081,0.0,0.076239866388541,0.16666666666666666,0.1,2.9569397106928372
62081,0.1,0.07989569279756414,0.16666666666666666,0.1,3.050296477157482
62081,0.2,0.07989569279756414,0.16666666666666666,0.1,3.050296477157482
62081,0.3,0.0844211180355177,0.16666666666666666,0.1,3.1964864739647583
62081,0.4,0.09797563950575583,0.16666666666666666,0.1,3.282191301737001
62081,0.5,0.09021422696383824,0.16666666666666666,0.1,3.828275986800313
62081,0.6,0.07989569279756414,0.16666666666666666,0.1,4.650350093461378
15690,0.0,0.0,0.0,0.0,1.7974834206607866
15690,0.1,0.0,0.0,0.0,1.855851669865657
15690,0.2,0.0,0.0,0.0,1.9186586655200082
15690,0.3,0.0,0.0,0.0,1.9186586655200082
15690,0.4,0.0,0.0,0.0,2.1863505776346868
15690,0.5,0.0,0.0,0.0,2.902401257277144
15690,0.6,0.0,0.0,0.0,3.8281762080967825
37018,0.0,0.0,0.0,0.0,5.166175448053179
37018,0.1,0.0,0.0,0.0,5.166175448053179
37018,0.2,0.0,0.0,0.0,5.166175448053181
37018,0.3,0.0,0.0,0.0,5.406837973999445
37018,0.4,0.0,0.0,0.0,5.406837973999445
37018,0.5,0.0,0.0,0.0,5.406837973999445
37018,0.6,0.0,0.0,0.0,6.275577424121375
188870,0.0,0.0,0.0,0.0,2.149171436052928
188870,0.1,0.0,0.0,0.0,2.1491714360529284
188870,0.2,0.0,0.0,0.0,2.1491714360529284
188870,0.3,0.0,0.0,0.0,2.331887460687379
188870,0.4,0.06343775459021642,0.1,0.1,2.7208005306041576
188870,0.5,0.07362322034364344,0.1,0.1,3.400010256287588
188870,0.6,0.0,0.0,0.0,5.014054304020338
101372,0.0,0.1200743006121955,0.1,0.1,2.8705328037912095
101372,0.1,0.1200743006121955,0.1,0.1,2.8705328037912095
101372,0.2,0.081963461396457,0.1,0.1,2.8705328037912095
101372,0.3,0.081963461396457,0.1,0.1,3.021718631946801
101372,0.4,0.07362322034364344,0.1,0.1,3.092771630728516
101372,0.5,0.06343775459021642,0.1,0.1,4.061715606773042
101372,0.6,0.0,0.0,0.0,6.597567040011853
22197,0.0,0.0,0.0,0.0,3.7052991138257227
22197,0.1,0.0,0.0,0.0,3.8382169395865056
22197,0.2,0.0,0.0,0.0,3.8382169395865047
22197,0.3,0.0,0.0,0.0,3.924270458766018
22197,0.4,0.0,0.0,0.0,3.963166581146363
22197,0.5,0.0,0.0,0.0,3.9631665811463628
22197,0.6,0.0,0.0,0.0,5.055419673192085
5976,0.0,0.0,0.0,0.0,2.568738248597263
5976,0.1,0.0,0.0,0.0,2.7018389573329213
5976,0.2,0.0,0.0,0.0,2.813604071362735
5976,0.3,0.0,0.0,0.0,2.813604071362735
5976,0.4,0.0,0.0,0.0,2.813604071362735
5976,0.5,0.0,0.0,0.0,3.2216460872496726
5976,0.6,0.0,0.0,0.0,4.577887804058292
103902,0.0,0.1597913855951283,0.16666666666666666,0.1,1.9000955714106582
103902,0.1,0.1597913855951283,0.16666666666666666,0.1,1.9000955714106578
103902,0.2,0.2532633541065531,0.16666666666666666,0.1,2.0570055829008767
103902,0.3,0.1597913855951283,0.16666666666666666,0.1,2.2443412647912355
103902,0.4,0.1597913855951283,0.16666666666666666,0.1,2.5667256457516627
103902,0.5,0.09021422696383824,0.16666666666666666,0.1,3.7072652828598236
103902,0.6,0.0,0.0,0.0,4.420242447633475
28418,0.0,0.19031326377064925,0.1,0.1,4.08623569670049
28418,0.1,0.19031326377064925,0.1,0.1,4.230052466528376
28418,0.2,0.19031326377064925,0.1,0.1,4.230052466528375
28418,0.3,0.1200743006121955,0.1,0.1,4.230052466528375
28418,0.4,0.09515663188532462,0.1,0.1,4.230052466528375
28418,0.5,0.06779095235709003,0.1,0.1,5.408691395517297
28418,0.6,0.0,0.0,0.0,7.219776122700767
182731,0.0,0.10004876742114938,0.14285714285714285,0.1,2.714331571065217
182731,0.1,0.08986824523342568,0.14285714285714285,0.1,2.714331571065217
182731,0.2,0.08986824523342568,0.14285714285714285,0.1,2.714331571065217
182731,0.3,0.08274908245792924,0.14285714285714285,0.1,2.714331571065217
182731,0.4,0.07328439752622512,0.14285714285714285,0.1,3.140219181860597
182731,0.5,0.0,0.0,0.0,3.8258892489349763
182731,0.6,0.0,0.0,0.0,4.522355045421521
184267,0.0,0.1200743006121955,0.1,0.1,3.834159335708887
184267,0.1,0.1200743006121955,0.1,0.1,3.834159335708887
184267,0.2,0.1200743006121955,0.1,0.1,4.402564860971301
184267,0.3,0.1200743006121955,0.1,0.1,4.904925662104775
184267,0.4,0.081963461396457,0.1,0.1,5.580743605711657
184267,0.5,0.06343775459021642,0.1,0.1,5.669515172539739
184267,0.6,0.0,0.0,0.0,7.7205693444341845
199933,0.0,0.19031326377064925,0.1,0.1,2.155686312959426
199933,0.1,0.19031326377064925,0.1,0.1,2.155686312959426
199933,0.2,0.19031326377064925,0.1,0.1,2.1556863129594266
199933,0.3,0.19031326377064925,0.1,0.1,2.1556863129594266
199933,0.4,0.19031326377064925,0.1,0.1,2.651373586951464
199933,0.5,0.19031326377064925,0.1,0.1,4.314225867360671
199933,0.6,0.0,0.0,0.0,6.738037897935752
138960,0.0,0.0,0.0,0.0,2.29368762753739
138960,0.1,0.0,0.0,0.0,2.400356552069393
138960,0.2,0.0,0.0,0.0,2.438867428029368
138960,0.3,0.0,0.0,0.0,2.438867428029368
138960,0.4,0.0,0.0,0.0,3.687566212882179
138960,0.5,0.0,0.0,0.0,4.274372043107226
138960,0.6,0.0,0.0,0.0,5.733650746396734
159580,0.0,0.39235102577930164,0.3,0.3,3.3546696453038534
159580,0.1,0.39235102577930164,0.3,0.3,3.457015257946524
159580,0.2,0.38401078472648814,0.3,0.3,3.4570152579465243
159580,0.3,0.3590931159996173,0.3,0.3,3.514800906882023
159580,0.4,0.34006767752419625,0.3,0.3,3.726325002093099
159580,0.5,0.3317274364713827,0.3,0.3,4.207237340697519
159580,0.6,0.19031326377064925,0.1,0.1,5.883628882685095
35360,0.0,0.19031326377064925,0.1,0.1,2.937289952644283
35360,0.1,0.19031326377064925,0.1,0.1,2.937289952644283
35360,0.2,0.19031326377064925,0.1,0.1,3.268353086681869
35360,0.3,0.19031326377064925,0.1,0.1,3.475530378002238
35360,0.4,0.19031326377064925,0.1,0.1,3.6710838597502247
35360,0.5,0.1200743006121955,0.1,0.1,4.894111709102732
35360,0.6,0.06343775459021642,0.1,0.1,5.424018307199537
54763,0.0,0.1200743006121955,0.1,0.1,2.031564978777788
54763,0.1,0.1200743006121955,0.1,0.1,2.2128382260853074
54763,0.2,0.15859438647554103,0.2,0.2,2.433194836478477
54763,0.3,0.15859438647554103,0.2,0.2,2.433194836478477
54763,0.4,0.14141417270073348,0.2,0.2,2.6469438955423326
54763,0.5,0.081963461396457,0.1,0.1,3.593957371122035
54763,0.6,0.06779095235709003,0.1,0.1,4.084096353091587
69502,0.0,0.0,0.0,0.0,3.865448095145971
69502,0.1,0.0,0.0,0.0,4.028306875745913
69502,0.2,0.0,0.0,0.0,4.028306875745913
69502,0.3,0.0,0.0,0.0,4.028306875745912
69502,0.4,0.0,0.0,0.0,4.028306875745912
69502,0.5,0.0,0.0,0.0,4.111757455421455
69502,0.6,0.0,0.0,0.0,4.220862841294947
102407,0.0,0.05729000096767664,0.1,0.1,3.0460297978497963
102407,0.1,0.0,0.0,0.0,3.3250992679409004
102407,0.2,0.0,0.0,0.0,3.3250992679409004
102407,0.3,0.0,0.0,0.0,3.3250992679409004
102407,0.4,0.0,0.0,0.0,3.791778157135661
102407,0.5,0.0,0.0,0.0,4.033487046025893
102407,0.6,0.0,0.0,0.0,4.388334931285355
74369,0.0,0.19369752095583892,0.2,0.2,2.7671444492700923
74369,0.1,0.18351205520241193,0.2,0.2,2.7671444492700923
74369,0.2,0.17736430157987212,0.2,0.2,2.8715697544251833
74369,0.3,0.09515663188532462,0.1,0.1,3.0990456686735905
74369,0.4,0.07362322034364344,0.1,0.1,3.0990456686735905
74369,0.5,0.05729000096767664,0.1,0.1,3.3427632405802923
74369,0.6,0.0,0.0,0.0,4.269872247791963
46362,0.0,0.0,0.0,0.0,2.326446144657742
46362,0.1,0.0,0.0,0.0,2.326446144657742
46362,0.2,0.0,0.0,0.0,2.3264461446577425
46362,0.3,0.0,0.0,0.0,2.4769332269153024
46362,0.4,0.0,0.0,0.0,2.4769332269153024
46362,0.5,0.0,0.0,0.0,3.4105602613915655
46362,0.6,0.0,0.0,0.0,6.638942723305687
122212,0.0,0.0,0.0,0.0,2.620533733868677
122212,0.1,0.0,0.0,0.0,2.620533733868677
122212,0.2,0.0,0.0,0.0,2.620533733868677
122212,0.3,0.0,0.0,0.0,4.159795239569405
122212,0.4,0.0,0.0,0.0,8.529081789386199
122212,0.5,0.0,0.0,0.0,11.086060331052757
122212,0.6,0.0,0.0,0.0,11.131396892846551
111994,0.0,0.1200743006121955,0.1,0.1,2.8259232124829428
111994,0.1,0.1200743006121955,0.1,0.1,2.8259232124829428
111994,0.2,0.19031326377064925,0.1,0.1,2.8259232124829428
111994,0.3,0.19031326377064925,0.1,0.1,2.941597224832246
111994,0.4,0.19031326377064925,0.1,0.1,3.696471239735819
111994,0.5,0.19031326377064925,0.1,0.1,4.3709266626560845
111994,0.6,0.06779095235709003,0.1,0.1,5.688616357310938
13754,0.0,0.0,0.0,0.0,4.33154712856412
13754,0.1,0.0,0.0,0.0,4.33154712856412
13754,0.2,0.0,0.0,0.0,4.331547128564121
13754,0.3,0.0,0.0,0.0,4.474935153706353
13754,0.4,0.0,0.0,0.0,4.73298865226758
13754,0.5,0.0,0.0,0.0,5.105903091672126
13754,0.6,0.0,0.0,0.0,6.8167389472133495
30549,0.0,0.15519378219142235,0.2,0.2,1.9008645745466466
30549,0.1,0.14200061170255474,0.2,0.2,1.9816132691778647
30549,0.2,0.14200061170255474,0.2,0.2,1.9816132691778647
30549,0.3,0.15558668174010043,0.2,0.2,1.9816132691778647
30549,0.4,0.1771200932817816,0.2,0.2,2.1094366997920475
30549,0.5,0.15859438647554103,0.2,0.2,2.8042186234510966
30549,0.6,0.081963461396457,0.1,0.1,3.1584725919124783
72042,0.0,0.0,0.0,0.0,1.830045245914081
72042,0.1,0.0,0.0,0.0,1.830045245914081
72042,0.2,0.0,0.0,0.0,1.830045245914081
72042,0.3,0.0,0.0,0.0,1.830045245914081
72042,0.4,0.0,0.0,0.0,1.9385737464159036
72042,0.5,0.0,0.0,0.0,3.5814527054990615
72042,0.6,0.0,0.0,0.0,5.243468602931612
29945,0.0,0.0,0.0,0.0,2.629411053416747
29945,0.1,0.0,0.0,0.0,2.629411053416747
29945,0.2,0.0,0.0,0.0,2.629411053416747
29945,0.3,0.0,0.0,0.0,2.7771637357801224
29945,0.4,0.0,0.0,0.0,2.7771637357801224
29945,0.5,0.0,0.0,0.0,3.3164482467140695
29945,0.6,0.0,0.0,0.0,4.304267214505903
168119,0.0,0.20485192729094986,0.3,0.3,2.452002509558364
168119,0.1,0.20485192729094986,0.3,0.3,2.452002509558364
168119,0.2,0.20979156405964475,0.3,0.3,2.4520025095583637
168119,0.3,0.20269121695435005,0.3,0.3,2.452002509558364
168119,0.4,0.1392534623641336,0.2,0.2,2.6258279193891068
168119,0.5,0.0,0.0,0.0,7.740302420932413
168119,0.6,0.0,0.0,0.0,10.203906743330176
2068,0.0,0.0,0.0,0.0,3.4663681457335045
2068,0.1,0.0,0.0,0.0,3.586892425573795
2068,0.2,0.0,0.0,0.0,4.168633470282884
2068,0.3,0.0,0.0,0.0,4.224322955306711
2068,0.4,0.0,0.0,0.0,4.763409979873003
2068,0.5,0.0,0.0,0.0,5.1038967261326
2068,0.6,0.0,0.0,0.0,5.809054617148011
40076,0.0,0.0,0.0,0.0,2.2085131832774323
40076,0.1,0.0,0.0,0.0,2.5370044524534565
40076,0.2,0.0,0.0,0.0,2.5370044524534565
40076,0.3,0.0,0.0,0.0,2.717886231392729
40076,0.4,0.0,0.0,0.0,2.757346482399783
40076,0.5,0.0,0.0,0.0,2.861513719663954
40076,0.6,0.0,0.0,0.0,4.901260985387411
160028,0.0,0.05729000096767664,0.1,0.1,2.181364403446302
160028,0.1,0.0,0.0,0.0,2.2802949433666786
160028,0.2,0.0,0.0,0.0,2.5154125959656866
160028,0.3,0.0,0.0,0.0,2.5154125959656866
160028,0.4,0.0,0.0,0.0,3.028235865457564
160028,0.5,0.0,0.0,0.0,3.6051958851232904
160028,0.6,0.0,0.0,0.0,3.885543729525499
75519,0.0,0.0,0.0,0.0,3.888690685776072
75519,0.1,0.0,0.0,0.0,3.888690685776072
75519,0.2,0.0,0.0,0.0,4.060439500161301
75519,0.3,0.0,0.0,0.0,4.060439500161301
75519,0.4,0.0,0.0,0.0,4.060439500161302
75519,0.5,0.0,0.0,0.0,4.4817559030346805
75519,0.6,0.0,0.0,0.0,4.96865043801058
52471,0.0,0.2532633541065531,0.16666666666666666,0.1,3.7887632333128094
52471,0.1,0.2532633541065531,0.16666666666666666,0.1,3.895442382341426
52471,0.2,0.2532633541065531,0.16666666666666666,0.1,4.060181052794202
52471,0.3,0.2532633541065531,0.16666666666666666,0.1,4.250518282525305
52471,0.4,0.2532633541065531,0.16666666666666666,0.1,4.584699226276658
52471,0.5,0.1597913855951283,0.16666666666666666,0.1,5.552125746189978
52471,0.6,0.076239866388541,0.16666666666666666,0.1,5.623916923810433
49538,0.0,0.0,0.0,0.0,3.0244874520414955
49538,0.1,0.0,0.0,0.0,3.0244874520414955
49538,0.2,0.0,0.0,0.0,3.024487452041496
49538,0.3,0.0,0.0,0.0,3.024487452041496
49538,0.4,0.0,0.0,0.0,3.882349549426229
49538,0.5,0.0,0.0,0.0,6.023694447017073
49538,0.6,0.0,0.0,0.0,8.22181288440158
116920,0.0,0.0,0.0,0.0,3.026207565345728
116920,0.1,0.0,0.0,0.0,3.173895066018344
116920,0.2,0.0,0.0,0.0,3.2839913622569314
116920,0.3,0.0,0.0,0.0,3.2839913622569314
116920,0.4,0.0,0.0,0.0,3.855793425368302
116920,0.5,0.0,0.0,0.0,4.744969974223841
116920,0.6,0.0,0.0,0.0,5.371883195323376
2340,0.0,0.0,0.0,0.0,2.2658137014999498
2340,0.1,0.0,0.0,0.0,2.2658137014999493
2340,0.2,0.0,0.0,0.0,2.2658137014999498
2340,0.3,0.0,0.0,0.0,2.498963868572246
2340,0.4,0.0,0.0,0.0,3.075154135475051
2340,0.5,0.0,0.0,0.0,3.8369611259174286
2340,0.6,0.0,0.0,0.0,4.387009954132309
95915,0.0,0.25074331362542507,0.3,0.3,2.7730722952339217
95915,0.1,0.2322176068191845,0.3,0.3,2.7730722952339217
95915,0.2,0.18011145091829325,0.2,0.2,3.147958755329716
95915,0.3,0.1200743006121955,0.1,0.1,3.3219067654822156
95915,0.4,0.09515663188532462,0.1,0.1,3.3219067654822156
95915,0.5,0.06343775459021642,0.1,0.1,3.9791413393225823
95915,0.6,0.0,0.0,0.0,4.752881553176993
54070,0.0,0.09515663188532462,0.1,0.1,3.9082388592862953
54070,0.1,0.09515663188532462,0.1,0.1,3.9082388592862953
54070,0.2,0.07362322034364344,0.1,0.1,3.9082388592862953
54070,0.3,0.07362322034364344,0.1,0.1,4.381799617371216
54070,0.4,0.06343775459021642,0.1,0.1,6.229027030379462
54070,0.5,0.0,0.0,0.0,7.739291444816267
54070,0.6,0.0,0.0,0.0,8.905425400308285
5952,0.0,0.0,0.0,0.0,2.849487987263482
5952,0.1,0.0,0.0,0.0,2.849487987263482
5952,0.2,0.0,0.0,0.0,2.9285310118393735
5952,0.3,0.0,0.0,0.0,3.027554252499784
5952,0.4,0.0,0.0,0.0,3.178430496827279
5952,0.5,0.06779095235709003,0.1,0.1,3.6056654067800955
5952,0.6,0.09515663188532462,0.1,0.1,4.2482465412840025
108936,0.0,0.10093945326028299,0.1111111111111111,0.1,1.8757412509922708
108936,0.1,0.10093945326028299,0.1111111111111111,0.1,1.8757412509922708
108936,0.2,0.10093945326028299,0.1111111111111111,0.1,1.9146086409303276
108936,0.3,0.08694451260789762,0.1111111111111111,0.1,1.914608640930328
108936,0.4,0.07191071742813417,0.1111111111111111,0.1,2.0092372903161015
108936,0.5,0.0,0.0,0.0,4.173530470711829
108936,0.6,0.0,0.0,0.0,5.844034021674078
144299,0.0,0.05729000096767664,0.1,0.1,2.8065731874240756
144299,0.1,0.0,0.0,0.0,2.881595071451634
144299,0.2,0.05729000096767664,0.1,0.1,2.9656200316986334
144299,0.3,0.0,0.0,0.0,3.020052314932102
144299,0.4,0.0,0.0,0.0,3.152301880345285
144299,0.5,0.0,0.0,0.0,3.4563369477187997
144299,0.6,0.0,0.0,0.0,5.680881273153753
197532,0.0,0.0,0.0,0.0,2.604147566438025
197532,0.1,0.0,0.0,0.0,2.721069224693237
197532,0.2,0.0,0.0,0.0,2.7210692246932373
197532,0.3,0.0,0.0,0.0,2.7210692246932373
197532,0.4,0.0,0.0,0.0,2.878313489724925
197532,0.5,0.0,0.0,0.0,3.1564375760744285
197532,0.6,0.0,0.0,0.0,5.9211969322830145
40857,0.0,0.08986824523342568,0.14285714285714285,0.1,2.1885910642175554
40857,0.1,0.08986824523342568,0.14285714285714285,0.1,2.3041376311921633
40857,0.2,0.07328439752622512,0.14285714285714285,0.1,2.3041376311921633
40857,0.3,0.06993108739817411,0.14285714285714285,0.1,2.3041376311921633
40857,0.4,0.0,0.0,0.0,2.7461170839228726
40857,0.5,0.0,0.0,0.0,3.095767470373666
40857,0.6,0.0,0.0,0.0,4.636066682508941
12424,0.0,0.26624043680575177,0.3333333333333333,0.3,2.3195661748557446
12424,0.1,0.2054688304512165,0.2222222222222222,0.2,2.5913846104197433
12424,0.2,0.18788396586818062,0.2222222222222222,0.2,2.7319584200123033
12424,0.3,0.17903687496920354,0.2222222222222222,0.2,2.7319584200123033
12424,0.4,0.10093945326028299,0.1111111111111111,0.1,3.0380509249957304
12424,0.5,0.12737140874229597,0.1111111111111111,0.1,3.569080425124914
12424,0.6,0.06729296884018866,0.1111111111111111,0.1,4.171734990401736
110682,0.0,0.0,0.0,0.0,2.116389004429379
110682,0.1,0.0,0.0,0.0,2.116389004429379
110682,0.2,0.0,0.0,0.0,2.221681488176972
110682,0.3,0.0,0.0,0.0,2.2216814881769715
110682,0.4,0.0,0.0,0.0,2.394284136125943
110682,0.5,0.0,0.0,0.0,4.309264179727191
110682,0.6,0.0,0.0,0.0,6.680614584092662
98878,0.0,0.07362322034364344,0.1,0.1,4.1595809228225455
98878,0.1,0.07362322034364344,0.1,0.1,4.1595809228225455
98878,0.2,0.07362322034364344,0.1,0.1,4.1595809228225455
98878,0.3,0.07362322034364344,0.1,0.1,4.424587414063287
98878,0.4,0.06779095235709003,0.1,0.1,4.424587414063287
98878,0.5,0.06779095235709003,0.1,0.1,4.929343785857321
98878,0.6,0.0,0.0,0.0,6.286198164937873
172323,0.0,0.0,0.0,0.0,2.1424641561210707
172323,0.1,0.0,0.0,0.0,2.2474424054365074
172323,0.2,0.0,0.0,0.0,2.2474424054365074
172323,0.3,0.0,0.0,0.0,3.1391113305619487
172323,0.4,0.0,0.0,0.0,3.9461479979490335
172323,0.5,0.0,0.0,0.0,4.799668600945285
172323,0.6,0.0,0.0,0.0,5.377156336583857
177048,0.0,0.08340940864997513,0.125,0.1,3.4315835008821614
177048,0.1,0.06801744314752248,0.125,0.1,3.4315835008821614
177048,0.2,0.06801744314752248,0.125,0.1,3.573024332728007
177048,0.3,0.06490513563473845,0.125,0.1,3.573024332728007
177048,0.4,0.0,0.0,0.0,8.956328546205857
177048,0.5,0.0,0.0,0.0,9.732042179164244
177048,0.6,0.0,0.0,0.0,10.452895524712043
44394,0.0,0.06779095235709003,0.1,0.1,2.9536604810041114
44394,0.1,0.07362322034364344,0.1,0.1,3.319784407476944
44394,0.2,0.07362322034364344,0.1,0.1,3.319784407476945
44394,0.3,0.07362322034364344,0.1,0.1,3.319784407476945
44394,0.4,0.06779095235709003,0.1,0.1,3.4620244622271175
44394,0.5,0.06779095235709003,0.1,0.1,3.8067103062545433
44394,0.6,0.0,0.0,0.0,4.493092471172157
54094,0.0,0.14867196508500405,0.25,0.2,1.978798794848539
54094,0.1,0.1417070361972383,0.25,0.2,1.9787987948485395
54094,0.2,0.1417070361972383,0.25,0.2,1.9787987948485395
54094,0.3,0.0718700645225042,0.125,0.1,2.1456390673773313
54094,0.4,0.06801744314752248,0.125,0.1,2.145639067377332
54094,0.5,0.0,0.0,0.0,3.1793667973532513
54094,0.6,0.0,0.0,0.0,5.03094299006725
88346,0.0,0.0,0.0,0.0,1.8833343687728916
88346,0.1,0.0,0.0,0.0,1.8833343687728916
88346,0.2,0.0,0.0,0.0,2.064799051024102
88346,0.3,0.0,0.0,0.0,2.064799051024102
88346,0.4,0.0,0.0,0.0,2.578303581589304
88346,0.5,0.081963461396457,0.1,0.1,4.72884608908207
88346,0.6,0.19031326377064925,0.1,0.1,6.207995932326499
179362,0.0,0.05729000096767664,0.1,0.1,3.6948999626311947
179362,0.1,0.0,0.0,0.0,3.7503150731109036
179362,0.2,0.0,0.0,0.0,3.7503150731109036
179362,0.3,0.06003715030609775,0.1,0.1,4.040589899472714
179362,0.4,0.05729000096767664,0.1,0.1,4.167327494774616
179362,0.5,0.0,0.0,0.0,8.19038696143964
179362,0.6,0.0,0.0,0.0,9.224337827979754
117621,0.0,0.06003715030609775,0.1,0.1,2.894788699201627
117621,0.1,0.05729000096767664,0.1,0.1,3.01207035807648
117621,0.2,0.05729000096767664,0.1,0.1,3.1862183983154537
117621,0.3,0.0,0.0,0.0,4.138696074137124
117621,0.4,0.0,0.0,0.0,6.648798853336311
117621,0.5,0.0,0.0,0.0,10.612752207513427
117621,0.6,0.0,0.0,0.0,11.458511489342884
161133,0.0,0.1392534623641336,0.2,0.2,2.6797478416969915
161133,0.1,0.1392534623641336,0.2,0.2,2.6797478416969915
161133,0.2,0.1392534623641336,0.2,0.2,2.6797478416969915
161133,0.3,0.1392534623641336,0.2,0.2,2.6797478416969915
161133,0.4,0.1173271512737744,0.2,0.2,2.6797478416969915
161133,0.5,0.0,0.0,0.0,3.636637779479667
161133,0.6,0.05729000096767664,0.1,0.1,4.493991536279206
104955,0.0,0.2476032647383259,0.2,0.2,2.326386107573421
104955,0.1,0.2476032647383259,0.2,0.2,2.326386107573421
104955,0.2,0.2476032647383259,0.2,0.2,2.326386107573421
104955,0.3,0.19031326377064925,0.1,0.1,2.4699602588326406
104955,0.4,0.19031326377064925,0.1,0.1,2.855210569523474
104955,0.5,0.19031326377064925,0.1,0.1,3.3843865549914307
104955,0.6,0.1200743006121955,0.1,0.1,5.918505647726505
93395,0.0,0.1200743006121955,0.1,0.1,2.0488666578782615
93395,0.1,0.1200743006121955,0.1,0.1,2.0488666578782615
93395,0.2,0.09515663188532462,0.1,0.1,2.0488666578782615
93395,0.3,0.09515663188532462,0.1,0.1,2.0488666578782615
93395,0.4,0.081963461396457,0.1,0.1,2.0488666578782615
93395,0.5,0.07362322034364344,0.1,0.1,3.5391270968637634
93395,0.6,0.0,0.0,0.0,4.618665365072657
75436,0.0,0.36934595283166205,0.4,0.2,4.553647816909669
75436,0.1,0.36529303966308646,0.4,0.2,5.017222930923436
75436,0.2,0.36529303966308646,0.4,0.2,5.017222930923436
75436,0.3,0.28077218886614447,0.2,0.1,5.461531575232531
75436,0.4,0.28077218886614447,0.2,0.1,7.106342071761956
75436,0.5,0.28077218886614447,0.2,0.1,8.823700540280022
75436,0.6,0.28077218886614447,0.2,0.1,8.931746242710183
55585,0.0,0.21561019356751257,0.125,0.1,2.7805877746244985
55585,0.1,0.21561019356751257,0.125,0.1,2.939227132602615
55585,0.2,0.21561019356751257,0.125,0.1,3.2939877306912635
55585,0.3,0.21561019356751257,0.125,0.1,3.636515948692015
55585,0.4,0.21561019356751257,0.125,0.1,4.02633374079276
55585,0.5,0.21561019356751257,0.125,0.1,4.561546474325079
55585,0.6,0.13603488629504495,0.125,0.1,5.043555039263372
101955,0.0,0.05729000096767664,0.1,0.1,3.04333415536594
101955,0.1,0.0,0.0,0.0,3.26894562771864
101955,0.2,0.0,0.0,0.0,3.26894562771864
101955,0.3,0.0,0.0,0.0,3.26894562771864
101955,0.4,0.0,0.0,0.0,6.2435387480723135
101955,0.5,0.0,0.0,0.0,7.9919034039252335
101955,0.6,0.0,0.0,0.0,9.756281541209216
120753,0.0,0.07362322034364344,0.1,0.1,1.975472806316408
120753,0.1,0.07362322034364344,0.1,0.1,2.1929547937800287
120753,0.2,0.13091322131132005,0.2,0.2,2.75295954593584
120753,0.3,0.14141417270073348,0.2,0.2,3.017994270592617
120753,0.4,0.1200743006121955,0.1,0.1,5.578910123103174
120753,0.5,0.1200743006121955,0.1,0.1,7.56085337841534
120753,0.6,0.081963461396457,0.1,0.1,8.855435476864937
55027,0.0,0.07743534797800607,0.14285714285714285,0.1,1.7473021411533085
55027,0.1,0.07743534797800607,0.14285714285714285,0.1,1.864773812840328
55027,0.2,0.07328439752622512,0.14285714285714285,0.1,1.864773812840328
55027,0.3,0.07328439752622512,0.14285714285714285,0.1,2.013122204731152
55027,0.4,0.0,0.0,0.0,2.1525869013051073
55027,0.5,0.0,0.0,0.0,3.361684324781359
55027,0.6,0.0,0.0,0.0,4.5267045185739025
65676,0.0,0.0,0.0,0.0,2.090459589958149
65676,0.1,0.0,0.0,0.0,2.090459589958149
65676,0.2,0.0,0.0,0.0,2.4461141392165
65676,0.3,0.0,0.0,0.0,2.917702459262876
65676,0.4,0.0,0.0,0.0,3.2746868176947928
65676,0.5,0.0,0.0,0.0,4.353183067610212
65676,0.6,0.0,0.0,0.0,4.747915023817737
92655,0.0,0.0,0.0,0.0,2.063619898705266
92655,0.1,0.0,0.0,0.0,2.063619898705266
92655,0.2,0.0,0.0,0.0,2.1570041739385806
92655,0.3,0.06003715030609775,0.1,0.1,2.249876778109715
92655,0.4,0.06343775459021642,0.1,0.1,2.5079926097750564
92655,0.5,0.06779095235709003,0.1,0.1,2.6171020662939535
92655,0.6,0.07362322034364344,0.1,0.1,3.605871431989189
150778,0.0,0.0,0.0,0.0,2.583096956895825
150778,0.1,0.0,0.0,0.0,2.8118394012144323
150778,0.2,0.0,0.0,0.0,2.96080698599469
150778,0.3,0.0,0.0,0.0,3.1410369119409465
150778,0.4,0.0,0.0,0.0,3.750541834984541
150778,0.5,0.0,0.0,0.0,3.750541834984541
150778,0.6,0.0,0.0,0.0,5.050874371391213
124513,0.0,0.08986824523342568,0.14285714285714285,0.1,2.5930257924788465
124513,0.1,0.10004876742114938,0.14285714285714285,0.1,2.5930257924788465
124513,0.2,0.08986824523342568,0.14285714285714285,0.1,2.593025792478847
124513,0.3,0.08274908245792924,0.14285714285714285,0.1,2.8189133322191102
124513,0.4,0.08274908245792924,0.14285714285714285,0.1,2.8189133322191102
124513,0.5,0.0,0.0,0.0,4.555707476073305
124513,0.6,0.0,0.0,0.0,7.467488085668274
184248,0.0,0.0,0.0,0.0,2.7868599288936124
184248,0.1,0.0,0.0,0.0,2.7868599288936124
184248,0.2,0.0,0.0,0.0,2.8879123723750775
184248,0.3,0.05729000096767664,0.1,0.1,3.334014105178491
184248,0.4,0.081963461396457,0.1,0.1,3.334014105178491
184248,0.5,0.149754413753547,0.2,0.2,4.147194366375753
184248,0.6,0.18786525296928555,0.2,0.2,4.794114458700109
161585,0.0,0.06003715030609775,0.1,0.1,3.1065611237984387
161585,0.1,0.05729000096767664,0.1,0.1,3.1065611237984383
161585,0.2,0.0,0.0,0.0,3.2318591979154254
161585,0.3,0.0,0.0,0.0,3.626974985691701
161585,0.4,0.0,0.0,0.0,3.9116736513917054
161585,0.5,0.0,0.0,0.0,4.130821092726413
161585,0.6,0.0,0.0,0.0,4.565721350159036
164955,0.0,0.38401078472648814,0.3,0.3,1.9538603851895353
164955,0.1,0.37817851673993474,0.3,0.3,1.9538603851895353
164955,0.2,0.37042471468894245,0.3,0.3,1.9538603851895353
164955,0.3,0.3455070459620716,0.3,0.3,1.9538603851895353
164955,0.4,0.2722767251671062,0.2,0.2,2.419400635594655
164955,0.5,0.07362322034364344,0.1,0.1,4.74674802854132
164955,0.6,0.0,0.0,0.0,6.563183672867031
122287,0.0,0.0,0.0,0.0,2.7083845918753044
122287,0.1,0.0,0.0,0.0,2.7083845918753044
122287,0.2,0.0,0.0,0.0,3.2550518517632896
122287,0.3,0.0,0.0,0.0,3.2550518517632896
122287,0.4,0.0,0.0,0.0,3.8513949750233856
122287,0.5,0.0,0.0,0.0,4.495422467694067
122287,0.6,0.0,0.0,0.0,5.16581314570935
72718,0.0,0.0,0.0,0.0,7.395867865326809
72718,0.1,0.06003715030609775,0.1,0.1,7.851858503546924
72718,0.2,0.06343775459021642,0.1,0.1,8.750461509966872
72718,0.3,0.06343775459021642,0.1,0.1,8.750461509966872
72718,0.4,0.06779095235709003,0.1,0.1,8.750461509966872
72718,0.5,0.06779095235709003,0.1,0.1,8.750461509966872
72718,0.6,0.07362322034364344,0.1,0.1,8.814585311287615
100792,0.0,0.0,0.0,0.0,2.368587369888265
100792,0.1,0.0,0.0,0.0,2.508300514450232
100792,0.2,0.0,0.0,0.0,2.508300514450232
100792,0.3,0.0,0.0,0.0,2.765089754458894
100792,0.4,0.0,0.0,0.0,3.0604356531116386
100792,0.5,0.0,0.0,0.0,3.633721999787889
100792,0.6,0.0,0.0,0.0,4.789447646493824
5798,0.0,0.09515663188532462,0.1,0.1,4.846836998047699
5798,0.1,0.081963461396457,0.1,0.1,4.846836998047701
5798,0.2,0.081963461396457,0.1,0.1,4.846836998047701
5798,0.3,0.06779095235709003,0.1,0.1,4.8468369980477
5798,0.4,0.0,0.0,0.0,5.604684176661376
5798,0.5,0.0,0.0,0.0,5.857517493839898
5798,0.6,0.0,0.0,0.0,6.313657022254123
51121,0.0,0.0,0.0,0.0,3.7648245312265245
51121,0.1,0.0,0.0,0.0,3.7648245312265245
51121,0.2,0.0,0.0,0.0,3.7648245312265245
51121,0.3,0.0,0.0,0.0,4.115113901035567
51121,0.4,0.0,0.0,0.0,4.42058989585386
51121,0.5,0.0,0.0,0.0,5.056924543143623
51121,0.6,0.0,0.0,0.0,6.725262298217666
59141,0.0,0.0,0.0,0.0,1.721333503628728
59141,0.1,0.0,0.0,0.0,1.721333503628728
59141,0.2,0.0,0.0,0.0,1.721333503628728
59141,0.3,0.0,0.0,0.0,1.721333503628728
59141,0.4,0.0,0.0,0.0,2.591419031876247
59141,0.5,0.0,0.0,0.0,3.450000499276906
59141,0.6,0.0,0.0,0.0,5.373199222289754
11555,0.0,0.13706097493385985,0.2,0.2,2.2882853936020227
11555,0.1,0.13706097493385985,0.2,0.2,2.2882853936020227
11555,0.2,0.12782810266318778,0.2,0.2,2.426902727051107
11555,0.3,0.06003715030609775,0.1,0.1,2.664528065654846
11555,0.4,0.0,0.0,0.0,2.9413593611883764
11555,0.5,0.0,0.0,0.0,4.452386496160578
11555,0.6,0.06343775459021642,0.1,0.1,5.960224755893581
108762,0.0,0.13603488629504495,0.125,0.1,4.3929506086701675
108762,0.1,0.21561019356751257,0.125,0.1,4.3929506086701675
108762,0.2,0.21561019356751257,0.125,0.1,4.3929506086701675
108762,0.3,0.21561019356751257,0.125,0.1,4.392950608670167
108762,0.4,0.21561019356751257,0.125,0.1,4.565512982412282
108762,0.5,0.21561019356751257,0.125,0.1,4.814375088069429
108762,0.6,0.21561019356751257,0.125,0.1,5.7842032130693894
