user_id,lam,ndcg,recall,precision,novelty
129015,0.0,0.3590931159996173,0.3,0.3,1.8015532263120122
129015,0.1,0.3590931159996173,0.3,0.3,1.8015532263120122
129015,0.2,0.3590931159996173,0.3,0.3,1.8015532263120122
129015,0.3,0.3590931159996173,0.3,0.3,1.8015532263120122
129015,0.4,0.3403118858222867,0.4,0.4,2.469710306572663
129015,0.5,0.4191302663057151,0.4,0.4,4.561482619158872
129015,0.6,0.25810421612773926,0.2,0.2,6.086591126585014
1799,0.0,0.5044943319862907,0.5,0.5,2.1362506587809085
1799,0.1,0.5617843329539673,0.6,0.6,2.1362506587809085
1799,0.2,0.5617843329539673,0.6,0.6,2.136250658780909
1799,0.3,0.5972029530702516,0.6,0.6,2.136250658780909
1799,0.4,0.5611308780082698,0.5,0.5,4.7137890601787085
1799,0.5,0.43425536882783694,0.5,0.5,5.682450656458248
1799,0.6,0.4915453697955136,0.6,0.6,7.877596238736397
1748,0.0,0.33571447975732266,0.3,0.3,2.2008015516350374
1748,0.1,0.3957516300634204,0.4,0.4,2.2008015516350374
1748,0.2,0.3957516300634204,0.4,0.4,2.2008015516350374
1748,0.3,0.4027970469297482,0.4,0.4,2.2008015516350374
1748,0.4,0.3455070459620716,0.3,0.3,3.482358050215859
1748,0.5,0.2971943938939771,0.3,0.3,5.779445813818887
1748,0.6,0.2288170025350658,0.3,0.3,7.64080187504003
21567,0.0,0.5938023487861329,0.6,0.6,3.35020638335756
21567,0.1,0.5337651984800352,0.5,0.5,3.35020638335756
21567,0.2,0.5867020016808382,0.6,0.6,3.35020638335756
21567,0.3,0.646739151986936,0.7,0.7,3.8068008169795684
21567,0.4,0.7169781151453898,0.7,0.7,4.498377116940816
21567,0.5,0.7169781151453898,0.7,0.7,4.498377116940815
21567,0.6,0.6245686325984862,0.6,0.6,4.858395839776566
12823,0.0,0.9048433681146754,0.9,0.9,2.8710342138574063
12823,0.1,0.9048433681146754,0.9,0.9,2.871034213857406
12823,0.2,0.9048433681146754,0.9,0.9,3.1057344533127678
12823,0.3,0.9048433681146754,0.9,0.9,3.105734453312768
12823,0.4,0.8799256993878044,0.9,0.9,3.1057344533127687
12823,0.5,0.8226356984201277,0.8,0.8,3.8777017753727008
12823,0.6,0.8502455862464527,0.8,0.8,7.007199832117093
18333,0.0,0.45304163103109707,0.5,0.5,2.3780111772106456
18333,0.1,0.3957516300634204,0.4,0.4,2.3780111772106456
18333,0.2,0.33571447975732266,0.3,0.3,2.521585328469865
18333,0.3,0.34006767752419625,0.3,0.3,2.6241261165053764
18333,0.4,0.34006767752419625,0.3,0.3,2.821120107920716
18333,0.5,0.26547551659886887,0.3,0.3,3.0514048432528815
18333,0.6,0.2509875219235156,0.3,0.3,5.064519302419905
34601,0.0,0.23441009424945825,0.3,0.3,3.1694669669899787
34601,0.1,0.21588438744321767,0.3,0.3,3.359361520183028
34601,0.2,0.21588438744321767,0.3,0.3,3.359361520183028
34601,0.3,0.15859438647554103,0.2,0.2,3.455291947466531
34601,0.4,0.1200743006121955,0.1,0.1,3.455291947466531
34601,0.5,0.09515663188532462,0.1,0.1,3.723310109772958
34601,0.6,0.07362322034364344,0.1,0.1,5.233780215719387
199352,0.0,0.8148818963691354,0.7,0.7,3.7347171034156643
199352,0.1,0.809049628382582,0.7,0.7,3.7347171034156643
199352,0.2,0.6923595849555763,0.7,0.7,3.8743612686100546
199352,0.3,0.6889589806714576,0.7,0.7,3.8743612686100546
199352,0.4,0.6704332738652171,0.7,0.7,4.175722980246347
199352,0.5,0.6409068840003826,0.7,0.7,4.991490284145387
199352,0.6,0.6325666429475691,0.7,0.7,5.857617532008358
162788,0.0,0.33315904690411724,0.3333333333333333,0.2,2.986604359989118
162788,0.1,0.3512389936123089,0.3333333333333333,0.2,3.069793806739514
162788,0.2,0.5864224010106703,0.5,0.3,3.3610695909303887
162788,0.3,0.6156012978458394,0.5,0.3,3.881810087894948
162788,0.4,0.6331583852663827,0.5,0.3,4.251834187876506
162788,0.5,0.6331583852663827,0.5,0.3,4.931044184982303
162788,0.6,0.6331583852663827,0.5,0.3,5.061688915056132
124025,0.0,0.5910551994477118,0.6,0.6,2.462997838866753
124025,0.1,0.5910551994477118,0.6,0.6,2.462997838866753
124025,0.2,0.5661375307208409,0.6,0.6,2.4629978388667535
124025,0.3,0.5583837286698486,0.6,0.6,2.974115729889168
124025,0.4,0.5583837286698486,0.6,0.6,3.1351477621010018
124025,0.5,0.5910551994477118,0.6,0.6,3.26869682617721
124025,0.6,0.6171973321273566,0.5,0.5,6.0333268460765455
138214,0.0,0.2698287143657425,0.3,0.3,3.096391270323543
138214,0.1,0.14141417270073348,0.2,0.2,3.3396659092480925
138214,0.2,0.06343775459021642,0.1,0.1,3.4113569708567377
138214,0.3,0.05729000096767664,0.1,0.1,3.7841490006116816
138214,0.4,0.0,0.0,0.0,3.920008776830355
138214,0.5,0.0,0.0,0.0,3.9930594611518138
138214,0.6,0.0,0.0,0.0,5.109851861962205
5353,0.0,0.319393943239799,0.25,0.1,2.129994675249624
5353,0.1,0.319393943239799,0.25,0.1,2.3770805032655917
5353,0.2,0.319393943239799,0.25,0.1,2.7057329384732465
5353,0.3,0.319393943239799,0.25,0.1,2.9799818797944466
5353,0.4,0.4155411005883776,0.5,0.2,3.851765466384375
5353,0.5,0.23002309130262577,0.5,0.2,4.572352992651295
5353,0.6,0.23002309130262577,0.5,0.2,4.847043300509305
85404,0.0,0.6778209214352755,0.5,0.5,3.9090520878325057
85404,0.1,0.6778209214352755,0.5,0.5,4.011417837516687
85404,0.2,0.741258676025492,0.6,0.6,4.13356848289837
85404,0.3,0.8087341427465955,0.7,0.7,4.13356848289837
85404,0.4,0.8792722444421068,0.8,0.8,4.216252863010226
85404,0.5,0.8826728487262255,0.8,0.8,4.358154855075805
85404,0.6,0.9427099990323233,0.9,0.9,4.799904749976932
190397,0.0,0.4710334413429305,0.4444444444444444,0.4,3.0820138146653826
190397,0.1,0.4798805322419075,0.4444444444444444,0.4,3.11970644466151
190397,0.2,0.4161948278707595,0.3333333333333333,0.3,3.1527925437235615
190397,0.3,0.4161948278707595,0.3333333333333333,0.3,3.349212757002692
190397,0.4,0.4161948278707595,0.3333333333333333,0.3,3.4373272344212267
190397,0.5,0.4161948278707595,0.3333333333333333,0.3,3.844664424793655
190397,0.6,0.4301897685231449,0.3333333333333333,0.3,4.401253028387641
148390,0.0,0.631614049464814,0.5,0.5,2.2428363444614545
148390,0.1,0.6343611988032352,0.5,0.5,2.2428363444614545
148390,0.2,0.6916511997709118,0.6,0.6,2.2428363444614545
148390,0.3,0.7766223659028094,0.7,0.7,2.3132353939152233
148390,0.4,0.7841156125567822,0.7,0.7,2.492600918384042
148390,0.5,0.7520975967246166,0.7,0.7,2.9984182374517347
148390,0.6,0.5447976586323029,0.5,0.5,4.226612401771608
186647,0.0,0.7372716327395521,0.6,0.6,1.7577150408096045
186647,0.1,0.7295178306885598,0.6,0.6,1.7577150408096045
186647,0.2,0.7378580717413733,0.6,0.6,1.7577150408096045
186647,0.3,0.741258676025492,0.6,0.6,1.9662871660550052
186647,0.4,0.7197252644838108,0.6,0.6,4.281324295543982
186647,0.5,0.7634291954139418,0.7,0.7,5.551457897624855
186647,0.6,0.6187363646119328,0.6,0.6,6.38247502415383
199194,0.0,0.38401078472648814,0.3,0.3,2.287310447467028
199194,0.1,0.38401078472648814,0.3,0.3,2.287310447467028
199194,0.2,0.38401078472648814,0.3,0.3,2.287310447467028
199194,0.3,0.4413007856941648,0.4,0.4,2.676174848533972
199194,0.4,0.44404793503258594,0.4,0.4,2.764522071577257
199194,0.5,0.33569813265839366,0.4,0.4,2.8812112222405744
199194,0.6,0.21562383204619817,0.3,0.3,4.296642798339476
129104,0.0,1.0,1.0,1.0,5.726751818161139
129104,0.1,1.0,1.0,1.0,5.8427807886241405
129104,0.2,1.0,1.0,1.0,5.8427807886241405
129104,0.3,1.0,1.0,1.0,5.8427807886241405
129104,0.4,1.0,1.0,1.0,6.351939923483161
129104,0.5,1.0,1.0,1.0,6.882703299439946
129104,0.6,1.0,1.0,1.0,7.544962136341415
51503,0.0,0.081963461396457,0.1,0.1,3.4919524931688564
51503,0.1,0.081963461396457,0.1,0.1,3.4919524931688564
51503,0.2,0.081963461396457,0.1,0.1,3.647103770282352
51503,0.3,0.07362322034364344,0.1,0.1,3.8382966819412068
51503,0.4,0.07362322034364344,0.1,0.1,4.599537054368801
51503,0.5,0.07362322034364344,0.1,0.1,5.278198601736893
51503,0.6,0.07362322034364344,0.1,0.1,5.844882535483444
19831,0.0,0.3806265275412985,0.2,0.2,2.8788931798972355
19831,0.1,0.3455070459620716,0.3,0.3,2.878893179897236
19831,0.2,0.33571447975732266,0.3,0.3,3.2173021945309133
19831,0.3,0.32154197071795565,0.3,0.3,3.2173021945309133
19831,0.4,0.32154197071795565,0.3,0.3,3.333344914474169
19831,0.5,0.4191302663057151,0.4,0.4,3.4153592171651326
19831,0.6,0.35664510519825354,0.4,0.4,5.234060155570018
19217,0.0,0.9322090476429099,0.9,0.9,4.539421322007885
19217,0.1,0.9322090476429099,0.9,0.9,5.059367378528319
19217,0.2,0.9180365386035428,0.9,0.9,5.221055937025371
19217,0.3,0.9048433681146754,0.9,0.9,5.5619468345941945
19217,0.4,0.9048433681146754,0.9,0.9,6.016658780910175
19217,0.5,0.9048433681146754,0.9,0.9,6.9609847454896485
19217,0.6,0.8096867362293506,0.9,0.9,7.501630959719433
2966,0.0,0.1200743006121955,0.1,0.1,8.832310525745873
2966,0.1,0.1200743006121955,0.1,0.1,9.579504433925724
2966,0.2,0.1200743006121955,0.1,0.1,11.186601242537161
2966,0.3,0.1200743006121955,0.1,0.1,11.186601242537161
2966,0.4,0.1200743006121955,0.1,0.1,11.186601242537161
2966,0.5,0.081963461396457,0.1,0.1,11.186601242537161
2966,0.6,0.081963461396457,0.1,0.1,11.406559000880096
114727,0.0,0.493075446964963,0.5,0.4,4.711477554992539
114727,0.1,0.493075446964963,0.5,0.4,4.7114775549925385
114727,0.2,0.4996829550524383,0.5,0.4,4.7114775549925385
114727,0.3,0.493075446964963,0.5,0.4,4.9729544873129505
114727,0.4,0.493075446964963,0.5,0.4,5.155309702271491
114727,0.5,0.493075446964963,0.5,0.4,5.317083651461227
114727,0.6,0.4881436109249674,0.5,0.4,6.016357805779842
148795,0.0,0.857999388297445,0.8,0.8,2.7274524331287244
148795,0.1,0.9180365386035428,0.9,0.9,2.7274524331287244
148795,0.2,0.9048433681146754,0.9,0.9,2.953843462410945
148795,0.3,0.9048433681146754,0.9,0.9,3.0488957464384034
148795,0.4,0.8799256993878044,0.9,0.9,3.0488957464384034
148795,0.5,0.8096867362293506,0.9,0.9,3.1547101506738016
148795,0.6,0.7496495859232529,0.8,0.8,3.9719487588579434
73506,0.0,0.21562383204619817,0.3,0.3,3.960684525974615
73506,0.1,0.21902443633031685,0.3,0.3,3.960684525974615
73506,0.2,0.21319216834376345,0.3,0.3,3.960684525974615
73506,0.3,0.21319216834376345,0.3,0.3,3.960684525974615
73506,0.4,0.25713527554605536,0.3,0.3,5.0436516752325415
73506,0.5,0.2620749123147502,0.3,0.3,5.636049230905625
73506,0.6,0.2752680828036178,0.3,0.3,5.997651861646885
134227,0.0,0.25035041407674696,0.2,0.2,3.23609728271742
134227,0.1,0.25035041407674696,0.2,0.2,3.277408954991997
134227,0.2,0.25035041407674696,0.2,0.2,3.277408954991997
134227,0.3,0.32154197071795565,0.3,0.3,3.277408954991997
134227,0.4,0.28642248913872875,0.4,0.4,3.6430166860230804
134227,0.5,0.28642248913872875,0.4,0.4,4.455772795430932
134227,0.6,0.28642248913872875,0.4,0.4,5.47122345349434
36368,0.0,0.8799256993878044,0.9,0.9,4.359823610122862
36368,0.1,0.8799256993878044,0.9,0.9,4.506398280985733
36368,0.2,0.8799256993878044,0.9,0.9,4.506398280985733
36368,0.3,0.8799256993878044,0.9,0.9,4.603792119265947
36368,0.4,0.9048433681146754,0.9,0.9,4.603792119265947
36368,0.5,0.8475533671469987,0.8,0.8,4.944656140846661
36368,0.6,0.8148818963691354,0.7,0.7,5.735953749986306
184793,0.0,0.9399628496939022,0.9,0.9,1.886118292662387
184793,0.1,0.9399628496939022,0.9,0.9,1.886118292662387
184793,0.2,0.9427099990323233,0.9,0.9,1.886118292662387
184793,0.3,0.9427099990323233,0.9,0.9,1.8861182926623872
184793,0.4,0.9427099990323233,0.9,0.9,4.387957914472743
184793,0.5,1.0,1.0,1.0,9.04819677894684
184793,0.6,0.8826728487262255,0.8,0.8,9.791358220559879
168311,0.0,0.3103875643828447,0.2,0.2,2.1766841438489744
168311,0.1,0.3103875643828447,0.2,0.2,2.2039686985896987
168311,0.2,0.28546989565597386,0.2,0.2,2.2039686985896987
168311,0.3,0.15859438647554103,0.2,0.2,2.28613867631085
168311,0.4,0.07362322034364344,0.1,0.1,2.2861386763108507
168311,0.5,0.0,0.0,0.0,2.3795229515441654
168311,0.6,0.06003715030609775,0.1,0.1,3.7989417225193507
132870,0.0,0.6150366217907567,0.5,0.5,2.892054289672567
132870,0.1,0.666733531044041,0.6,0.6,3.1399158163980894
132870,0.2,0.6640413119445867,0.6,0.6,3.3259295038956025
132870,0.3,0.6674419162287054,0.6,0.6,3.4513580618693362
132870,0.4,0.680635086717573,0.6,0.6,3.9583880274505665
132870,0.5,0.6187363646119328,0.6,0.6,4.139022562822694
132870,0.6,0.6187363646119328,0.6,0.6,4.562537821879294
153534,0.0,0.17309461476245958,0.4,0.2,2.135682521319689
153534,0.1,0.17309461476245958,0.4,0.2,2.1821198360557266
153534,0.2,0.17309461476245958,0.4,0.2,2.25115298499509
153534,0.3,0.17309461476245958,0.4,0.2,3.462698439529153
153534,0.4,0.17309461476245958,0.4,0.2,4.467270995945979
153534,0.5,0.17309461476245958,0.4,0.2,4.8529625935482095
153534,0.6,0.17309461476245958,0.4,0.2,5.187852227727679
39159,0.0,0.33571447975732266,0.3,0.3,4.541976450188048
39159,0.1,0.34006767752419625,0.3,0.3,4.6713020206885165
39159,0.2,0.3317274364713827,0.3,0.3,4.6713020206885165
39159,0.3,0.2698287143657425,0.3,0.3,4.841224434143443
39159,0.4,0.2620749123147502,0.3,0.3,5.163867915878111
39159,0.5,0.24080205617008857,0.3,0.3,5.8458181723273
39159,0.6,0.2476032647383259,0.2,0.2,6.930932258124062
132622,0.0,0.0,0.0,0.0,6.527059120954758
132622,0.1,0.0,0.0,0.0,7.546767134792458
132622,0.2,0.0,0.0,0.0,7.546767134792458
132622,0.3,0.0,0.0,0.0,7.829796625274608
132622,0.4,0.0,0.0,0.0,7.97686878846026
132622,0.5,0.0,0.0,0.0,8.59541361919526
132622,0.6,0.0,0.0,0.0,9.067779713636257
138851,0.0,0.8370524157575853,0.8,0.8,2.35699804985669
138851,0.1,0.8370524157575853,0.8,0.8,2.5541438468521576
138851,0.2,0.8370524157575853,0.8,0.8,2.5541438468521576
138851,0.3,0.8502455862464527,0.8,0.8,2.780008992721295
138851,0.4,0.8007093873297685,0.7,0.7,2.8124483288420854
138851,0.5,0.8012958263315898,0.7,0.7,3.7610859819971942
138851,0.6,0.7564507944914902,0.7,0.7,4.812273637029728
44427,0.0,0.5672552734300701,0.375,0.3,2.626190373178912
44427,0.1,0.5672552734300701,0.375,0.3,2.8305345239619832
44427,0.2,0.6070429270663039,0.5,0.4,2.8305345239619832
44427,0.3,0.6070429270663039,0.5,0.4,2.8305345239619832
44427,0.4,0.6070429270663039,0.5,0.4,3.5778181109779132
44427,0.5,0.6563368319822387,0.625,0.5,7.9614783431035905
44427,0.6,0.5491961251847242,0.625,0.5,9.24500005255953
128796,0.0,0.5962503595874966,0.5,0.5,1.8149415072779163
128796,0.1,0.631614049464814,0.5,0.5,1.8149415072779163
128796,0.2,0.5641385827437104,0.4,0.4,1.8149415072779163
128796,0.3,0.5607379784595917,0.4,0.4,1.8149415072779163
128796,0.4,0.5007008281534939,0.3,0.3,2.277611011928385
128796,0.5,0.40554419626816934,0.3,0.3,3.541469223585529
128796,0.6,0.40554419626816934,0.3,0.3,7.072619610118826
63197,0.0,0.46461208786803637,0.2857142857142857,0.2,3.5505260840362367
63197,0.1,0.46461208786803637,0.2857142857142857,0.2,4.03989618761318
63197,0.2,0.46461208786803637,0.2857142857142857,0.2,4.301648377290889
63197,0.3,0.46461208786803637,0.2857142857142857,0.2,4.3016483772908884
63197,0.4,0.46461208786803637,0.2857142857142857,0.2,4.570820998168998
63197,0.5,0.23643704028587592,0.2857142857142857,0.2,5.10981202890375
63197,0.6,0.16018443043593533,0.2857142857142857,0.2,5.627072303667104
138977,0.0,0.5118563890750325,0.5,0.4,1.909585100233435
138977,0.1,0.5118563890750325,0.5,0.4,1.9512235064189913
138977,0.2,0.5767615247097709,0.625,0.5,1.9512235064189913
138977,0.3,0.6042695203563362,0.625,0.5,2.0302089703164743
138977,0.4,0.7250186651160029,0.625,0.5,2.2054892342249994
138977,0.5,0.5523084326975081,0.5,0.4,3.5967058413954027
138977,0.6,0.5003170449475615,0.5,0.4,5.094031163225815
119053,0.0,0.6180737343913255,0.4444444444444444,0.4,1.9225306202126053
119053,0.1,0.6180737343913255,0.4444444444444444,0.4,1.9225306202126053
119053,0.2,0.6180737343913255,0.4444444444444444,0.4,1.9727494157817234
119053,0.3,0.6320686750437109,0.4444444444444444,0.4,2.240441327896402
119053,0.4,0.6439009525697378,0.5555555555555556,0.5,2.7707832179422223
119053,0.5,0.5726660610556414,0.6666666666666666,0.6,3.3811931229203345
119053,0.6,0.4355006835635183,0.4444444444444444,0.4,4.348955701536268
127027,0.0,0.5998951721697059,0.6,0.6,2.397735424016907
127027,0.1,0.602642321508127,0.6,0.6,2.397735424016907
127027,0.2,0.6599323224758037,0.7,0.7,2.653887988564438
127027,0.3,0.7492566863745749,0.7,0.7,2.755542176792263
127027,0.4,0.7550889543611283,0.7,0.7,3.0274653183099853
127027,0.5,0.8056490240984634,0.7,0.7,3.3869276519532057
127027,0.6,0.7736146611673687,0.7,0.7,4.9337272348704655
179331,0.0,0.7490124780764843,0.7,0.7,3.9519878304117206
179331,0.1,0.7277232748328937,0.8,0.8,3.9519878304117206
179331,0.2,0.714530104344026,0.8,0.8,3.9519878304117206
179331,0.3,0.714530104344026,0.8,0.8,4.0693810102495815
179331,0.4,0.6218214832600651,0.7,0.7,4.069381010249582
179331,0.5,0.5774691294101661,0.6,0.6,6.283382587761089
179331,0.6,0.5691288883573526,0.6,0.6,8.493082834851469
14058,0.0,0.5992580643229373,0.5,0.5,4.385653944652455
14058,0.1,0.6008641127513898,0.5,0.5,4.385653944652455
14058,0.2,0.5935032102490755,0.5,0.5,4.385653944652455
14058,0.3,0.5876709422625221,0.5,0.5,4.385653944652455
14058,0.4,0.5876709422625221,0.5,0.5,4.767563041041798
14058,0.5,0.530625149592936,0.5,0.5,4.767563041041799
14058,0.6,0.5364574175794894,0.5,0.5,6.041392478664674
200470,0.0,0.771182997464934,0.7,0.7,2.678381836025042
200470,0.1,0.7372716327395521,0.6,0.6,3.379263876716216
200470,0.2,0.7514441417789189,0.6,0.6,3.6153707820020613
200470,0.3,0.7514441417789189,0.6,0.6,3.8627283995773722
200470,0.4,0.7055527554444438,0.6,0.6,4.4544685679535565
200470,0.5,0.6171973321273566,0.5,0.5,5.111715508645866
200470,0.6,0.6510923497538096,0.7,0.7,5.8633347287883435
92742,0.0,0.8765250951036857,0.8,0.8,2.6822598644554994
92742,0.1,0.8687712930526933,0.8,0.8,2.7349380628945186
92742,0.2,0.8687712930526933,0.8,0.8,2.7349380628945186
92742,0.3,0.8585858272992664,0.8,0.8,2.9071766431153323
92742,0.4,0.8585858272992664,0.8,0.8,3.044860223866142
92742,0.5,0.8585858272992664,0.8,0.8,3.9131642522910517
92742,0.6,0.8444133182598994,0.8,0.8,4.860980380861963
162838,0.0,0.12782810266318778,0.2,0.2,2.0733530964299374
162838,0.1,0.13366037064974118,0.2,0.2,2.5436396052729253
162838,0.2,0.14540121598667338,0.2,0.2,2.7648338476369103
162838,0.3,0.149754413753547,0.2,0.2,2.993520527132618
162838,0.4,0.31442527651373203,0.4,0.4,2.9935205271326177
162838,0.5,0.40010482783029405,0.4,0.4,3.777128009782603
162838,0.6,0.5074856896228024,0.5,0.5,4.160941821903249
150141,0.0,0.3828026678726432,0.5,0.5,2.819147272211352
150141,0.1,0.37881562458670337,0.5,0.5,2.819147272211352
150141,0.2,0.38715586563951687,0.5,0.5,3.0321792022750245
150141,0.3,0.46378679071860096,0.6,0.6,3.6141492328266525
150141,0.4,0.5208325833881872,0.6,0.6,6.576503644756741
150141,0.5,0.5992580643229373,0.5,0.5,7.163843842099027
150141,0.6,0.6171973321273566,0.5,0.5,8.711895118103651
145941,0.0,0.2620749123147502,0.3,0.3,4.391471457922254
145941,0.1,0.25373467126193666,0.3,0.3,4.391471457922254
145941,0.2,0.2288170025350658,0.3,0.3,4.442215124839401
145941,0.3,0.20145132300683122,0.3,0.3,4.442215124839401
145941,0.4,0.20145132300683122,0.3,0.3,4.939899395590485
145941,0.5,0.20145132300683122,0.3,0.3,5.900753265966032
145941,0.6,0.20145132300683122,0.3,0.3,6.100979500141433
5061,0.0,0.669480680382462,0.5,0.5,2.507216309281751
5061,0.1,0.6562875098935943,0.5,0.5,2.731105303456302
5061,0.2,0.6377618030873539,0.5,0.5,3.5458228044593847
5061,0.3,0.5294120007131615,0.5,0.5,3.846792634551303
5061,0.4,0.5232642470906218,0.5,0.5,4.698402712375687
5061,0.5,0.4191302663057151,0.4,0.4,6.982517654922196
5061,0.6,0.2365708045860581,0.3,0.3,7.25525477792898
152177,0.0,0.5968100535215736,0.6,0.6,2.751061480939326
152177,0.1,0.6103961235591193,0.6,0.6,2.9312242610562382
152177,0.2,0.684605782904584,0.7,0.7,3.0824100892118294
152177,0.3,0.6289218303653598,0.6,0.6,3.3294801306291655
152177,0.4,0.6184208789759464,0.6,0.6,3.3294801306291655
152177,0.5,0.5863091021321603,0.6,0.6,3.8255935199692828
152177,0.6,0.564775690590479,0.6,0.6,4.527296691703479
106755,0.0,0.41839015329920143,0.42857142857142855,0.3,1.9395083144445295
106755,0.1,0.44880592638464256,0.42857142857142855,0.3,1.9395083144445298
106755,0.2,0.44880592638464256,0.42857142857142855,0.3,1.9395083144445295
106755,0.3,0.3788748389864684,0.2857142857142857,0.2,2.136732816338003
106755,0.4,0.3788748389864684,0.2857142857142857,0.2,2.3234697347699886
106755,0.5,0.34845906590102727,0.2857142857142857,0.2,5.489436115965155
106755,0.6,0.3150551263919474,0.2857142857142857,0.2,7.212546715462852
187338,0.0,0.47673575290937803,0.5,0.5,2.390785665706044
187338,0.1,0.47398860357095696,0.5,0.5,2.390785665706044
187338,0.2,0.4989062722978278,0.5,0.5,2.477361111793246
187338,0.3,0.6350146537489328,0.6,0.6,2.6810139920788654
187338,0.4,0.6535403605551733,0.6,0.6,2.6810139920788654
187338,0.5,0.8312201477710319,0.8,0.8,5.124284900419946
187338,0.6,0.8629390250661401,0.8,0.8,7.944803073430869
143302,0.0,0.30834880022908806,0.4,0.4,2.0492651078877726
143302,0.1,0.30494819594496936,0.4,0.4,2.0492651078877726
143302,0.2,0.3215256236190267,0.4,0.4,2.0492651078877726
143302,0.3,0.39599583836151087,0.5,0.5,2.236387719032975
143302,0.4,0.3464596394448265,0.4,0.4,2.2915011376080403
143302,0.5,0.5152394916737947,0.5,0.5,3.013496100300139
143302,0.6,0.6558946103449164,0.5,0.5,3.9091235273357183
165401,0.0,0.5628720923058144,0.5555555555555556,0.5,1.9635560379202388
165401,0.1,0.4974827373633336,0.4444444444444444,0.4,1.9635560379202388
165401,0.2,0.5082871902320655,0.4444444444444444,0.4,2.2121194034068616
165401,0.3,0.5082871902320655,0.4444444444444444,0.4,2.2121194034068616
165401,0.4,0.5827946880103355,0.4444444444444444,0.4,2.212119403406862
165401,0.5,0.5082871902320655,0.4444444444444444,0.4,4.780346678638201
165401,0.6,0.4938754728942929,0.4444444444444444,0.4,7.520685495240727
81242,0.0,0.8370524157575853,0.8,0.8,3.3366731205003646
81242,0.1,0.8444133182598994,0.8,0.8,3.3366731205003646
81242,0.2,0.8444133182598994,0.8,0.8,3.4881534487750443
81242,0.3,0.8444133182598994,0.8,0.8,3.62886471872818
81242,0.4,0.771182997464934,0.7,0.7,3.628864718728181
81242,0.5,0.7163246601996921,0.6,0.6,4.3984298269486795
81242,0.6,0.5611308780082698,0.5,0.5,4.990105239715175
37210,0.0,0.638787886479598,0.5,0.2,3.0754763059642682
37210,0.1,0.638787886479598,0.5,0.2,3.2710848267507493
37210,0.2,0.638787886479598,0.5,0.2,3.2710848267507493
37210,0.3,0.638787886479598,0.5,0.2,3.2710848267507493
37210,0.4,0.638787886479598,0.5,0.2,3.27108482675075
37210,0.5,0.5209090851403014,0.5,0.2,3.567931851758611
37210,0.6,0.4155411005883776,0.5,0.2,4.3069043482279685
17441,0.0,0.8114812920850166,0.7,0.7,1.9796932175414264
17441,0.1,0.8114812920850166,0.7,0.7,2.1138061576664913
17441,0.2,0.8087341427465955,0.7,0.7,2.1138061576664913
17441,0.3,0.7514441417789189,0.6,0.6,2.222068489357022
17441,0.4,0.741258676025492,0.6,0.6,2.760329638898763
17441,0.5,0.6728812846665807,0.6,0.6,3.4667981073366163
17441,0.6,0.3461441538088402,0.4,0.4,4.856394486694694
161894,0.0,0.69480759575694,0.6,0.6,2.0910224352283686
161894,0.1,0.7240784622506844,0.6,0.6,2.0910224352283686
161894,0.2,0.7240784622506844,0.6,0.6,2.231978032062748
161894,0.3,0.7240784622506844,0.6,0.6,2.2319780320627483
161894,0.4,0.7841156125567822,0.7,0.7,2.4168961237617195
161894,0.5,0.8765250951036857,0.8,0.8,2.4168961237617195
161894,0.6,0.8087341427465955,0.7,0.7,3.9918631916997755
135896,0.0,0.8148818963691354,0.7,0.7,5.162222678809372
135896,0.1,0.819235094136009,0.7,0.7,5.333996190400835
135896,0.2,0.819235094136009,0.7,0.7,5.3339961904008355
135896,0.3,0.819235094136009,0.7,0.7,5.849331214500264
135896,0.4,0.8148818963691354,0.7,0.7,7.0120674979751785
135896,0.5,0.8114812920850166,0.7,0.7,7.594682652176504
135896,0.6,0.8087341427465955,0.7,0.7,8.285130665686925
30587,0.0,0.6994050018219041,0.6,0.6,2.0804182449962987
30587,0.1,0.7677823931808154,0.7,0.7,2.1158852819261864
30587,0.2,0.771182997464934,0.7,0.7,2.1158852819261864
30587,0.3,0.7973087830456499,0.7,0.7,2.21934711273171
30587,0.4,0.8148818963691354,0.7,0.7,5.13569394246187
30587,0.5,0.8087341427465955,0.7,0.7,7.376888590633202
30587,0.6,0.7591979438299113,0.7,0.7,8.616348094935478
10125,0.0,0.8607465376358662,0.8,0.8,2.5976937588602804
10125,0.1,0.8198885490817066,0.8,0.8,2.7399338136104525
10125,0.2,0.8164879447975879,0.8,0.8,3.131071399631421
10125,0.3,0.7591979438299113,0.7,0.7,3.3951185372493784
10125,0.4,0.7169781151453898,0.7,0.7,3.6320138310188836
10125,0.5,0.6291823857623794,0.6,0.6,3.8264839361033354
10125,0.6,0.5777246527812562,0.5,0.5,4.187455123837421
17916,0.0,0.5473611703259657,0.42857142857142855,0.3,1.7605993373724136
17916,0.1,0.5473611703259657,0.42857142857142855,0.3,1.8886228425014315
17916,0.2,0.5473611703259657,0.42857142857142855,0.3,1.8886228425014315
17916,0.3,0.5473611703259657,0.42857142857142855,0.3,1.8886228425014315
17916,0.4,0.4217434634272524,0.42857142857142855,0.3,4.028463930137996
17916,0.5,0.41839015329920143,0.42857142857142855,0.3,6.382884675203419
17916,0.6,0.3221742891674439,0.2857142857142857,0.2,7.45721424358953
146811,0.0,0.752396735261674,0.8,0.8,3.608662133912359
146811,0.1,0.7496495859232529,0.8,0.8,3.8167732705471478
146811,0.2,0.7462489816391342,0.8,0.8,4.167579184519868
146811,0.3,0.7462489816391342,0.8,0.8,4.866350754121852
146811,0.4,0.7462489816391342,0.8,0.8,5.774989473902782
146811,0.5,0.7462489816391342,0.8,0.8,7.34214020021418
146811,0.6,0.8164879447975879,0.8,0.8,7.677624471950189
192103,0.0,0.9322090476429099,0.9,0.9,3.5721956715740943
192103,0.1,0.9322090476429099,0.9,0.9,3.5721956715740943
192103,0.2,0.8687712930526933,0.8,0.8,3.9573104074723298
192103,0.3,0.8721718973368121,0.8,0.8,3.9573104074723298
192103,0.4,0.8585858272992664,0.8,0.8,3.957310407472329
192103,0.5,0.7951480727090499,0.7,0.7,4.105970621360081
192103,0.6,0.6778209214352755,0.5,0.5,4.718328599270361
194207,0.0,0.5426051712020292,0.5,0.5,1.7136295924914127
194207,0.1,0.5294120007131615,0.5,0.5,1.7136295924914127
194207,0.2,0.4915453697955136,0.6,0.6,1.8436046384184166
194207,0.3,0.4958985675623872,0.6,0.6,1.905404162338921
194207,0.4,0.5515825201016114,0.7,0.7,2.5392786660778732
194207,0.5,0.5266648513747405,0.6,0.6,4.131648067039768
194207,0.6,0.5047385402843813,0.5,0.5,5.938022753277958
197514,0.0,0.3973576784918729,0.4,0.4,4.992887914425195
197514,0.1,0.3890174374390593,0.4,0.4,4.992887914425195
197514,0.2,0.3890174374390593,0.4,0.4,5.791656114706792
197514,0.3,0.3890174374390593,0.4,0.4,5.791656114706792
197514,0.4,0.3890174374390593,0.4,0.4,5.791656114706792
197514,0.5,0.3890174374390593,0.4,0.4,6.316189776779323
197514,0.6,0.3890174374390593,0.4,0.4,6.675815070720087
106766,0.0,0.5311292217834279,0.3333333333333333,0.3,2.0966552957815403
106766,0.1,0.5311292217834279,0.3333333333333333,0.3,2.3018776710633886
106766,0.2,0.5311292217834279,0.3333333333333333,0.3,2.3018776710633886
106766,0.3,0.5046972663014149,0.3333333333333333,0.3,2.3260096422234833
106766,0.4,0.40375781304113195,0.2222222222222222,0.2,2.423750209049422
106766,0.5,0.26917187536075465,0.2222222222222222,0.2,2.8441711580916995
106766,0.6,0.26556461089171396,0.2222222222222222,0.2,3.606939283643264
144798,0.0,0.34845906590102727,0.2857142857142857,0.2,2.1482979695469355
144798,0.1,0.34845906590102727,0.2857142857142857,0.2,2.2822009471603226
144798,0.2,0.3323548113551676,0.2857142857142857,0.2,2.3968613350335586
144798,0.3,0.3323548113551676,0.2857142857142857,0.2,2.3968613350335586
144798,0.4,0.3323548113551676,0.2857142857142857,0.2,3.326333971766431
144798,0.5,0.34845906590102727,0.2857142857142857,0.2,7.704041163455647
144798,0.6,0.2627218170194593,0.2857142857142857,0.2,8.347656395336227
8026,0.0,0.3152855600012906,0.5,0.2,2.2700019321063434
8026,0.1,0.3152855600012906,0.5,0.2,2.2700019321063434
8026,0.2,0.43521778339308625,0.75,0.3,2.5433974027747883
8026,0.3,0.39339961311248334,0.75,0.3,3.1242097775460467
8026,0.4,0.42583115640677976,0.75,0.3,5.235835557602453
8026,0.5,0.5494170345424249,0.75,0.3,6.295137882648357
8026,0.6,0.5567228048966132,0.75,0.3,7.460258042308655
153657,0.0,0.20485192729094986,0.3,0.3,2.757557939375737
153657,0.1,0.20145132300683122,0.3,0.3,3.088108477269571
153657,0.2,0.1987041736684101,0.3,0.3,3.119461688011918
153657,0.3,0.20145132300683122,0.3,0.3,3.2496032779405923
153657,0.4,0.2587413239745079,0.4,0.4,3.2496032779405915
153657,0.5,0.2322176068191845,0.3,0.3,4.037517617950523
153657,0.6,0.3890174374390593,0.4,0.4,4.386084610972448
18251,0.0,0.3272493917287764,0.375,0.3,2.7163085347020304
18251,0.1,0.32064188364130103,0.375,0.3,2.9633785761193656
18251,0.2,0.32064188364130103,0.375,0.3,2.963378576119366
18251,0.3,0.2530695652636693,0.375,0.3,3.201003914723105
18251,0.4,0.16472832057369854,0.25,0.2,3.3747712349540704
18251,0.5,0.17271023241849473,0.25,0.2,3.835627565179012
18251,0.6,0.16472832057369854,0.25,0.2,4.178643031569651
51009,0.0,0.8687712930526933,0.8,0.8,2.902642905691162
51009,0.1,0.8687712930526933,0.8,0.8,2.902642905691162
51009,0.2,0.8114812920850166,0.7,0.7,2.9026429056911613
51009,0.3,0.8056490240984634,0.7,0.7,2.9026429056911613
51009,0.4,0.741258676025492,0.6,0.6,3.1103944876242613
51009,0.5,0.6562875098935943,0.5,0.5,3.2747943823226158
51009,0.6,0.5469583689689028,0.5,0.5,4.378881862362823
183132,0.0,0.5367729032154759,0.5,0.5,2.270905699574821
183132,0.1,0.5469583689689028,0.5,0.5,2.5525193828431676
183132,0.2,0.6211680283143675,0.6,0.6,2.5525193828431676
183132,0.3,0.6889589806714576,0.7,0.7,2.5525193828431676
183132,0.4,0.6923595849555763,0.7,0.7,2.892110344861543
183132,0.5,0.6289218303653598,0.6,0.6,3.3830542284357223
183132,0.6,0.7456118737923656,0.6,0.6,4.3837100767780255
20842,0.0,0.25810421612773926,0.2,0.2,1.7827035390763541
20842,0.1,0.25810421612773926,0.2,0.2,1.7827035390763541
20842,0.2,0.26393648411429266,0.2,0.2,1.7827035390763541
20842,0.3,0.26393648411429266,0.2,0.2,1.7827035390763541
20842,0.4,0.19369752095583892,0.2,0.2,1.7827035390763541
20842,0.5,0.14540121598667338,0.2,0.2,6.085548048223253
20842,0.6,0.05729000096767664,0.1,0.1,8.978116702457982
17939,0.0,0.8749190466752332,0.8,0.8,2.2725529983703083
17939,0.1,0.8749190466752332,0.8,0.8,2.3655650826315084
17939,0.2,0.8721718973368121,0.8,0.8,2.3655650826315084
17939,0.3,0.8687712930526933,0.8,0.8,2.365565082631508
17939,0.4,0.8687712930526933,0.8,0.8,2.7486210281823
17939,0.5,0.8121347470307143,0.8,0.8,3.346900827625357
17939,0.6,0.684605782904584,0.7,0.7,4.296092035655976
193208,0.0,0.819235094136009,0.7,0.7,3.0852412919102568
193208,0.1,0.819235094136009,0.7,0.7,3.0852412919102568
193208,0.2,0.8114812920850166,0.7,0.7,3.0852412919102568
193208,0.3,0.7514441417789189,0.6,0.6,3.0852412919102568
193208,0.4,0.7514441417789189,0.6,0.6,4.682308141951627
193208,0.5,0.7514441417789189,0.6,0.6,6.865181198177481
193208,0.6,0.6991607935238136,0.6,0.6,7.92206782865712
186912,0.0,0.3819720205727315,0.5,0.5,1.74900199846359
186912,0.1,0.3819720205727315,0.5,0.5,1.74900199846359
186912,0.2,0.31418106821564146,0.4,0.4,1.892882604830205
186912,0.3,0.24491104563887164,0.3,0.3,2.2457977075237086
186912,0.4,0.20145132300683122,0.3,0.3,2.245797707523708
186912,0.5,0.13706097493385985,0.2,0.2,2.716774094184465
186912,0.6,0.13366037064974118,0.2,0.2,4.969432198571706
46991,0.0,0.36004570948237224,0.5,0.5,3.7363655143240124
46991,0.1,0.35389795585983247,0.5,0.5,3.7363655143240124
46991,0.2,0.35389795585983247,0.5,0.5,3.8034637623566447
46991,0.3,0.2365708045860581,0.3,0.3,3.8468048507936166
46991,0.4,0.2365708045860581,0.3,0.3,4.072326885718345
46991,0.5,0.2698287143657425,0.3,0.3,4.540169812641613
46991,0.6,0.33571447975732266,0.3,0.3,5.5766149017838575
41251,0.0,0.6510923497538096,0.7,0.7,2.383994055023749
41251,0.1,0.6218214832600651,0.7,0.7,2.570213001733537
41251,0.2,0.7379250876852497,0.7,0.7,2.570213001733537
41251,0.3,0.7486969924404979,0.7,0.7,2.800447816206119
41251,0.4,0.806302479044161,0.8,0.8,2.9628969026968983
41251,0.5,0.7486969924404979,0.7,0.7,3.2812353515683776
41251,0.6,0.6916511997709118,0.6,0.6,5.277636557906074
153879,0.0,0.42472335802010747,0.4,0.4,3.145437686605672
153879,0.1,0.4274705073585286,0.4,0.4,3.145437686605672
153879,0.2,0.41329799831916164,0.4,0.4,3.2318876807482098
153879,0.3,0.2752680828036178,0.3,0.3,3.3337883568596722
153879,0.4,0.2752680828036178,0.3,0.3,3.572910806488685
153879,0.5,0.2479024032753833,0.3,0.3,3.6893299713988945
153879,0.6,0.1970981252399576,0.3,0.3,4.096667161771323
18117,0.0,0.6511086968527386,0.6,0.6,3.5325783874862964
18117,0.1,0.5904180916009433,0.5,0.5,3.5325783874862964
18117,0.2,0.5808697336942849,0.6,0.6,3.5325783874862964
18117,0.3,0.583616883032706,0.6,0.6,3.710876672192567
18117,0.4,0.6510923497538096,0.7,0.7,3.8375129881799888
18117,0.5,0.714530104344026,0.8,0.8,4.406525509952428
18117,0.6,0.857999388297445,0.8,0.8,5.148563110056157
175463,0.0,0.6510923497538096,0.7,0.7,3.200809630429331
175463,0.1,0.6544929540379283,0.7,0.7,3.881260276144696
175463,0.2,0.6787735149180306,0.7,0.7,3.8812602761446953
175463,0.3,0.6923595849555763,0.7,0.7,4.194436272490129
175463,0.4,0.6818586335661628,0.7,0.7,4.735597130491986
175463,0.5,0.6153357603278141,0.6,0.6,5.5035162613776265
175463,0.6,0.612588610989393,0.6,0.6,6.144387568409878
149245,0.0,0.5146297957850003,0.375,0.3,3.6042145080895134
149245,0.1,0.4284469804250573,0.375,0.3,3.784255804559964
149245,0.2,0.4002171909137687,0.375,0.3,3.784255804559964
149245,0.3,0.3952853548737731,0.375,0.3,3.784255804559964
149245,0.4,0.2438399830788012,0.25,0.2,4.35103056165976
149245,0.5,0.21944429494502007,0.25,0.2,4.657739967194476
149245,0.6,0.1846069973462561,0.25,0.2,5.548260627635166
53998,0.0,0.6562875098935943,0.5,0.5,3.9359702790037248
53998,0.1,0.6562875098935943,0.5,0.5,3.9359702790037248
53998,0.2,0.6427014398560487,0.5,0.5,4.062876049420806
53998,0.3,0.6377618030873539,0.5,0.5,4.062876049420806
53998,0.4,0.6421150008542275,0.5,0.5,4.39448309947162
53998,0.5,0.6211843754132965,0.5,0.5,5.312132330684795
53998,0.6,0.6171973321273566,0.5,0.5,5.936518213497101
102701,0.0,0.4938754728942929,0.4444444444444444,0.4,4.256760575637201
102701,0.1,0.5082871902320655,0.4444444444444444,0.4,4.256760575637201
102701,0.2,0.5827946880103355,0.4444444444444444,0.4,4.316073557796456
102701,0.3,0.5827946880103355,0.4444444444444444,0.4,4.316073557796456
102701,0.4,0.56879974735795,0.4444444444444444,0.4,4.477580417808
102701,0.5,0.56879974735795,0.4444444444444444,0.4,4.728198304574865
102701,0.6,0.5626130430771638,0.4444444444444444,0.4,5.599137481907698
65582,0.0,0.2756609823522959,0.3,0.3,3.7967139801040055
65582,0.1,0.3329509833199725,0.4,0.4,3.7967139801040055
65582,0.2,0.44404793503258594,0.4,0.4,4.054437142186912
65582,0.3,0.43087111164264724,0.4,0.4,4.054437142186912
65582,0.4,0.4268840683567074,0.4,0.4,4.416923710326357
65582,0.5,0.4268840683567074,0.4,0.4,4.7803636532824445
65582,0.6,0.530625149592936,0.5,0.5,5.426085491440402
153324,0.0,0.3150551263919474,0.2857142857142857,0.2,3.0210338272455863
153324,0.1,0.3150551263919474,0.2857142857142857,0.2,3.0210338272455863
153324,0.2,0.3150551263919474,0.2857142857142857,0.2,3.0210338272455863
153324,0.3,0.30974139191202427,0.2857142857142857,0.2,3.1661403317564645
153324,0.4,0.30974139191202427,0.2857142857142857,0.2,3.1661403317564645
153324,0.5,0.3055904414602433,0.2857142857142857,0.2,4.100539171655675
153324,0.6,0.11615302196700909,0.14285714285714285,0.1,5.71518824047409
48895,0.0,0.3137881686669634,0.3,0.3,1.8943915817947754
48895,0.1,0.318141366433837,0.3,0.3,1.8943915817947754
48895,0.2,0.38157912102405345,0.4,0.4,1.8943915817947754
48895,0.3,0.38157912102405345,0.4,0.4,2.000847135284797
48895,0.4,0.3458999455107497,0.3,0.3,2.7065860257915526
48895,0.5,0.4496410267469783,0.4,0.4,3.5542914426933967
48895,0.6,0.44404793503258594,0.4,0.4,5.018146849478952
111367,0.0,0.1200743006121955,0.1,0.1,2.1786462708198497
111367,0.1,0.1200743006121955,0.1,0.1,2.549059984726664
111367,0.2,0.1200743006121955,0.1,0.1,4.215475679078527
111367,0.3,0.1200743006121955,0.1,0.1,5.711041931390372
111367,0.4,0.1200743006121955,0.1,0.1,8.617210973611982
111367,0.5,0.19031326377064925,0.1,0.1,9.428477173142443
111367,0.6,0.19031326377064925,0.1,0.1,10.095928108237342
95942,0.0,0.76259854811403,0.7,0.7,2.558493203195135
95942,0.1,0.76259854811403,0.7,0.7,2.558493203195135
95942,0.2,0.8448062178085776,0.8,0.8,2.558493203195135
95942,0.3,0.8663396293502587,0.8,0.8,2.5623527654530585
95942,0.4,0.8629390250661401,0.8,0.8,2.6968127037447216
95942,0.5,0.7945616337072288,0.7,0.7,2.846592037529887
95942,0.6,0.7486969924404979,0.7,0.7,4.244321088097794
151387,0.0,0.26556461089171396,0.2222222222222222,0.2,3.9677856804745337
151387,0.1,0.26917187536075465,0.2222222222222222,0.2,4.3343729145638585
151387,0.2,0.27997632822948654,0.2222222222222222,0.2,4.7800892186541075
151387,0.3,0.27997632822948654,0.2222222222222222,0.2,5.1758843673782735
151387,0.4,0.2054688304512165,0.2222222222222222,0.2,5.1758843673782735
151387,0.5,0.2054688304512165,0.2222222222222222,0.2,5.929268162586165
151387,0.6,0.27997632822948654,0.2222222222222222,0.2,6.537746894181177
58803,0.0,0.5392045669179105,0.5,0.5,2.211007656894874
58803,0.1,0.5364574175794894,0.5,0.5,2.211007656894874
58803,0.2,0.530625149592936,0.5,0.5,2.211007656894874
58803,0.3,0.568491780510584,0.4,0.4,2.54021284691853
58803,0.4,0.5641385827437104,0.4,0.4,2.6219583470385848
58803,0.5,0.43087111164264724,0.4,0.4,3.6303423393355567
58803,0.6,0.42253087058983374,0.4,0.4,4.546436728637521
53121,0.0,0.857999388297445,0.8,0.8,2.4051527114251847
53121,0.1,0.857999388297445,0.8,0.8,2.4051527114251847
53121,0.2,0.8370524157575853,0.8,0.8,2.6372349059925817
53121,0.3,0.7655899057505416,0.7,0.7,2.637234905992582
53121,0.4,0.7655899057505416,0.7,0.7,2.703868402893767
53121,0.5,0.6103961235591193,0.6,0.6,2.8514105694361875
53121,0.6,0.5867020016808382,0.6,0.6,4.223713720578475
23968,0.0,0.5429441587710647,0.5555555555555556,0.5,2.5727334615115165
23968,0.1,0.5615852184198687,0.5555555555555556,0.5,2.658846481036124
23968,0.2,0.5662029670078143,0.5555555555555556,0.5,2.729890982440503
23968,0.3,0.5289665586570694,0.5555555555555556,0.5,3.1932164278930015
23968,0.4,0.42727567050653215,0.4444444444444444,0.4,3.8519689266617823
23968,0.5,0.39293601963400987,0.3333333333333333,0.3,4.111262377387283
23968,0.6,0.24272257934035152,0.3333333333333333,0.3,6.315353594606262
113336,0.0,0.2786686870877365,0.3,0.3,1.8216147739317854
113336,0.1,0.2830218848546101,0.3,0.3,1.8216147739317854
113336,0.2,0.2830218848546101,0.3,0.3,1.9492647339437053
113336,0.3,0.2830218848546101,0.3,0.3,2.0961737656135293
113336,0.4,0.35664510519825354,0.4,0.4,2.0961737656135293
113336,0.5,0.3455070459620716,0.3,0.3,2.5665431995018606
113336,0.6,0.25810421612773926,0.2,0.2,5.544694490344467
99549,0.0,0.32154197071795565,0.3,0.3,3.3721307517025125
99549,0.1,0.32154197071795565,0.3,0.3,3.5650331272401026
99549,0.2,0.32154197071795565,0.3,0.3,3.783970513997821
99549,0.3,0.32154197071795565,0.3,0.3,3.913406874499414
99549,0.4,0.3239736344203904,0.3,0.3,4.043688386678028
99549,0.5,0.2509875219235156,0.3,0.3,4.163222294007278
99549,0.6,0.1987041736684101,0.3,0.3,4.544785298377965
164516,0.0,0.44066367784739624,0.3,0.3,2.0880544488017714
164516,0.1,0.45424974788494193,0.3,0.3,2.0880544488017714
164516,0.2,0.45424974788494193,0.3,0.3,2.1676660606219738
164516,0.3,0.45424974788494193,0.3,0.3,2.167666060621974
164516,0.4,0.44841747989838854,0.3,0.3,2.634910116496847
164516,0.5,0.2509875219235156,0.3,0.3,3.6368269733334353
164516,0.6,0.06343775459021642,0.1,0.1,4.774192796479628
7769,0.0,0.34275989662365053,0.3,0.3,4.085378547477201
7769,0.1,0.28546989565597386,0.2,0.2,4.0853785474772
7769,0.2,0.28546989565597386,0.2,0.2,4.333243907334682
7769,0.3,0.2722767251671062,0.2,0.2,4.333243907334682
7769,0.4,0.32154197071795565,0.3,0.3,4.333243907334682
7769,0.5,0.25130300755950197,0.3,0.3,4.422148721483062
7769,0.6,0.28642248913872875,0.4,0.4,5.013850448985515
80779,0.0,0.34685253899350466,0.5,0.5,2.251692252139091
80779,0.1,0.40414253996118127,0.6,0.6,2.251692252139091
80779,0.2,0.34685253899350466,0.5,0.5,2.5007288915084422
80779,0.3,0.44225337917691976,0.6,0.6,2.765788717427413
80779,0.4,0.5124923423353736,0.6,0.6,2.765788717427413
80779,0.5,0.5940629041831526,0.6,0.6,4.107929709053898
80779,0.6,0.741258676025492,0.6,0.6,5.38871341439574
152304,0.0,0.1473664353761802,0.2857142857142857,0.2,2.2549477217086746
152304,0.1,0.15268016985610336,0.2857142857142857,0.2,2.2549477217086746
152304,0.2,0.08986824523342568,0.14285714285714285,0.1,2.2549477217086746
152304,0.3,0.17261732769135493,0.2857142857142857,0.2,2.254947721708675
152304,0.4,0.19358836994501516,0.2857142857142857,0.2,2.254947721708675
152304,0.5,0.3022371313321923,0.2857142857142857,0.2,3.176660789658092
152304,0.6,0.21649988245062435,0.2857142857142857,0.2,5.556312523935478
178543,0.0,0.8312201477710319,0.8,0.8,3.454513162343993
178543,0.1,0.7677823931808154,0.7,0.7,3.454513162343993
178543,0.2,0.6994050018219041,0.6,0.6,3.454513162343993
178543,0.3,0.6377618030873539,0.5,0.5,3.454513162343993
178543,0.4,0.6461020441401674,0.5,0.5,3.636666646486666
178543,0.5,0.6171973321273566,0.5,0.5,3.8306718258689676
178543,0.6,0.6180279794272684,0.5,0.5,4.771252937165793
92928,0.0,0.6760263655796095,0.7,0.7,3.6403046487805453
92928,0.1,0.6726257612954908,0.7,0.7,3.730734681496142
92928,0.2,0.6682725635286172,0.7,0.7,3.7307346814961413
92928,0.3,0.6862118313330364,0.7,0.7,3.961514664874476
92928,0.4,0.7462489816391342,0.8,0.8,3.961514664874477
92928,0.5,0.6862118313330364,0.7,0.7,4.619504959621954
92928,0.6,0.684605782904584,0.7,0.7,5.644367728832878
175706,0.0,0.33231387547320396,0.3,0.3,2.9318782056380983
175706,0.1,0.34275989662365053,0.3,0.3,3.0292284107619087
175706,0.2,0.28546989565597386,0.2,0.2,3.103255898182035
175706,0.3,0.3103875643828447,0.2,0.2,3.3416328226910883
175706,0.4,0.3103875643828447,0.2,0.2,3.3416328226910883
175706,0.5,0.3103875643828447,0.2,0.2,4.065569386297173
175706,0.6,0.19031326377064925,0.1,0.1,5.372109484112384
106764,0.0,0.3874113890106069,0.4,0.4,1.9328667005719258
106764,0.1,0.44470138997828357,0.5,0.5,1.9328667005719258
106764,0.2,0.3788319716856323,0.4,0.4,1.9328667005719258
106764,0.3,0.37107816963464,0.4,0.4,1.9328667005719258
106764,0.4,0.3212264850819693,0.3,0.3,2.167984353170934
106764,0.5,0.13706097493385985,0.2,0.2,3.2342356370200456
106764,0.6,0.19435097590153647,0.3,0.3,5.3087969598074825
18212,0.0,0.7138929964972575,0.6,0.6,2.9710594991337738
18212,0.1,0.7138929964972575,0.6,0.6,2.9710594991337733
18212,0.2,0.7138929964972575,0.6,0.6,2.9710594991337738
18212,0.3,0.7240784622506844,0.6,0.6,3.1244503952441085
18212,0.4,0.9048433681146754,0.9,0.9,3.124450395244108
18212,0.5,0.9322090476429099,0.9,0.9,3.2973459916688106
18212,0.6,1.0,1.0,1.0,5.309656398256351
39012,0.0,0.06343775459021642,0.1,0.1,5.144390628660597
39012,0.1,0.06779095235709003,0.1,0.1,5.144390628660597
39012,0.2,0.05729000096767664,0.1,0.1,5.144390628660597
39012,0.3,0.05729000096767664,0.1,0.1,5.144390628660597
39012,0.4,0.05729000096767664,0.1,0.1,5.6433357382275
39012,0.5,0.05729000096767664,0.1,0.1,5.879865352565494
39012,0.6,0.05729000096767664,0.1,0.1,6.544574788182141
94896,0.0,0.5952317028399631,0.5555555555555556,0.5,4.166432250872509
94896,0.1,0.5952317028399631,0.5555555555555556,0.5,4.166432250872509
94896,0.2,0.5890449985591767,0.5555555555555556,0.5,4.166432250872509
94896,0.3,0.5801979076601996,0.5555555555555556,0.5,4.181746024244954
94896,0.4,0.5662029670078143,0.5555555555555556,0.5,4.181746024244954
94896,0.5,0.4606457651595858,0.5555555555555556,0.5,4.264507657061193
94896,0.6,0.5351532629378558,0.5555555555555556,0.5,5.58047791625461
89283,0.0,0.3905564699236356,0.5,0.5,2.786634664016502
89283,0.1,0.382216228870822,0.5,0.5,3.0001669001211075
89283,0.2,0.382216228870822,0.5,0.5,3.048491955263385
89283,0.3,0.3215256236190267,0.4,0.4,3.2126201222012662
89283,0.4,0.29444724455555604,0.4,0.4,3.6139537464450626
89283,0.5,0.28610700350274243,0.4,0.4,3.7945882818171897
89283,0.6,0.27291383301387484,0.4,0.4,4.624612194256114
13587,0.0,0.5661375307208409,0.6,0.6,2.3787300238734543
13587,0.1,0.5088475297531643,0.5,0.5,2.3787300238734543
13587,0.2,0.5088475297531643,0.5,0.5,2.4920055073517284
13587,0.3,0.43860856659471054,0.5,0.5,2.51704952442304
13587,0.4,0.5088475297531643,0.5,0.5,3.6975406294126523
13587,0.5,0.5337651984800352,0.5,0.5,6.822690789716975
13587,0.6,0.5130787813371948,0.5,0.5,7.704528490339743
107915,0.0,0.5972029530702516,0.6,0.6,3.1764615150238753
107915,0.1,0.6103961235591193,0.6,0.6,3.847108846078106
107915,0.2,0.6103961235591193,0.6,0.6,4.189715021301463
107915,0.3,0.6572401033763494,0.7,0.7,5.0003459429398
107915,0.4,0.6704332738652171,0.7,0.7,5.943577483310835
107915,0.5,0.6760263655796095,0.7,0.7,7.165554241069247
107915,0.6,0.7677823931808154,0.7,0.7,7.650325724505005
166679,0.0,0.7804703048178177,1.0,0.5,4.538958275913956
166679,0.1,0.884094965752927,1.0,0.5,4.538958275913956
166679,0.2,0.895534273401581,1.0,0.5,4.993402742622106
166679,0.3,0.9041387112436642,1.0,0.5,5.214805325074708
166679,0.4,0.9473224867337506,1.0,0.5,5.214805325074708
166679,0.5,0.9473224867337506,1.0,0.5,5.552403327424456
166679,0.6,0.8069363923006785,1.0,0.5,6.025983981405147
162261,0.0,0.5795349314197388,0.5,0.4,3.737074293361456
162261,0.1,0.5864998603075046,0.5,0.4,3.737074293361456
162261,0.2,0.5864998603075046,0.5,0.4,3.737074293361456
162261,0.3,0.6108955484412857,0.5,0.4,3.737074293361456
162261,0.4,0.5274676197938363,0.5,0.4,3.737074293361456
162261,0.5,0.5125207790612744,0.5,0.4,3.737074293361456
162261,0.6,0.4915325875325842,0.5,0.4,4.509808956801011
159880,0.0,0.3215256236190267,0.4,0.4,4.5677293542507105
159880,0.1,0.3187784742806056,0.4,0.4,4.690447669406606
159880,0.2,0.3187784742806056,0.4,0.4,4.690447669406606
159880,0.3,0.24080205617008857,0.3,0.3,5.116343194642737
159880,0.4,0.24354920550850967,0.3,0.3,5.580192933549524
159880,0.5,0.2186315367816388,0.3,0.3,6.055587248427665
159880,0.6,0.20543836629277112,0.3,0.3,6.402696961670029
175949,0.0,0.8545987840133263,0.8,0.8,2.887148649742419
175949,0.1,0.8629390250661401,0.8,0.8,2.887148649742419
175949,0.2,0.8663396293502587,0.8,0.8,2.887148649742419
175949,0.3,0.809049628382582,0.7,0.7,3.0706159936369777
175949,0.4,0.8148818963691354,0.7,0.7,3.0706159936369772
175949,0.5,0.8012958263315898,0.7,0.7,3.3278263065468634
175949,0.6,0.5996509638716153,0.5,0.5,4.495635615821623
23132,0.0,0.819235094136009,0.7,0.7,5.481837172017431
23132,0.1,0.819235094136009,0.7,0.7,6.356045813157315
23132,0.2,0.819235094136009,0.7,0.7,6.8871406081611894
23132,0.3,0.819235094136009,0.7,0.7,7.747152804041805
23132,0.4,0.819235094136009,0.7,0.7,8.058607238031382
23132,0.5,0.819235094136009,0.7,0.7,8.314071795752849
23132,0.6,0.819235094136009,0.7,0.7,8.314071795752847
79876,0.0,0.3273742387045091,0.3,0.3,2.8469775150732155
79876,0.1,0.3239736344203904,0.3,0.3,3.008613650180795
79876,0.2,0.3676775653505214,0.3,0.3,3.008613650180795
79876,0.3,0.3103875643828447,0.2,0.2,3.30217783585717
79876,0.4,0.3103875643828447,0.2,0.2,3.5063521490710685
79876,0.5,0.28546989565597386,0.2,0.2,3.8310402320636223
79876,0.6,0.3103875643828447,0.2,0.2,4.418158102464089
113138,0.0,0.20287154344181754,0.3333333333333333,0.2,2.974232293642198
113138,0.1,0.1853144560212742,0.3333333333333333,0.2,3.0470756400674475
113138,0.2,0.1853144560212742,0.3333333333333333,0.2,3.0470756400674475
113138,0.3,0.16645409335237923,0.3333333333333333,0.2,3.1147973129660302
113138,0.4,0.20287154344181754,0.3333333333333333,0.2,3.3206346559155713
113138,0.5,0.2688659752278615,0.3333333333333333,0.2,3.481270633274378
113138,0.6,0.4892946060902224,0.5,0.3,4.433527094384913
164404,0.0,0.46937485040706384,0.5,0.5,5.229140257065367
164404,0.1,0.4737280481739375,0.5,0.5,5.372395690531526
164404,0.2,0.4903218229469238,0.5,0.5,5.372395690531525
164404,0.3,0.5337651984800352,0.5,0.5,5.435562155744387
164404,0.4,0.5509454122548427,0.5,0.5,5.5759692161648315
164404,0.5,0.6592952146290351,0.5,0.5,7.076718791443153
164404,0.6,0.6592952146290351,0.5,0.5,7.804961007475664
123270,0.0,0.3512389936123089,0.3333333333333333,0.2,2.1992526815759783
123270,0.1,0.37989503115982964,0.3333333333333333,0.2,2.1992526815759783
123270,0.2,0.5065267082131062,0.3333333333333333,0.2,2.4124353922904502
123270,0.3,0.5065267082131062,0.3333333333333333,0.2,2.4124353922904502
123270,0.4,0.5827665746016472,0.5,0.3,2.988626113547867
123270,0.5,0.5864224010106703,0.5,0.3,3.79015444814491
123270,0.6,0.6729808015654855,0.6666666666666666,0.4,5.256556971644858
189116,0.0,0.6193734724587013,0.8,0.8,3.8865622214103537
189116,0.1,0.6193734724587013,0.8,0.8,3.8865622214103532
189116,0.2,0.5620834714910248,0.7,0.7,4.04923210865945
189116,0.3,0.5620834714910248,0.7,0.7,4.04923210865945
189116,0.4,0.5593363221526036,0.7,0.7,4.193116883735772
189116,0.5,0.41452154516775147,0.5,0.5,4.1931168837357715
189116,0.6,0.3325580837712945,0.4,0.4,4.343628862585931
93754,0.0,0.8198885490817066,0.8,0.8,1.9730350739000897
93754,0.1,0.8607465376358662,0.8,0.8,1.9730350739000897
93754,0.2,0.8607465376358662,0.8,0.8,1.9730350739000901
93754,0.3,0.857999388297445,0.8,0.8,2.298143582733219
93754,0.4,0.7945616337072288,0.7,0.7,3.3412332707798678
93754,0.5,0.6184208789759464,0.6,0.6,3.6453007988899495
93754,0.6,0.381263635388067,0.4,0.4,4.40375895444908
158848,0.0,0.44470138997828357,0.5,0.5,2.512588345153654
158848,0.1,0.44470138997828357,0.5,0.5,2.5125883451536546
158848,0.2,0.4573948287979707,0.5,0.5,2.512588345153654
158848,0.3,0.39300448072499927,0.4,0.4,2.774360921769071
158848,0.4,0.44470138997828357,0.5,0.5,2.944662015519561
158848,0.5,0.4737280481739375,0.5,0.5,4.186464061886143
158848,0.6,0.5294120007131615,0.5,0.5,7.340519944631938
192386,0.0,0.1506302169790456,0.2222222222222222,0.2,3.1500904938421934
192386,0.1,0.14178312608006854,0.2222222222222222,0.2,3.4331050949979898
192386,0.2,0.14178312608006854,0.2222222222222222,0.2,3.4331050949979898
192386,0.3,0.13886902806345577,0.2222222222222222,0.2,3.6148076406286433
192386,0.4,0.1326823237826694,0.2222222222222222,0.2,3.7799339187529517
192386,0.5,0.07809742170892055,0.1111111111111111,0.1,4.920225693396638
192386,0.6,0.13559642179928214,0.2222222222222222,0.2,5.89736921280065
11792,0.0,0.6433548948017463,0.6,0.6,2.1023379484291063
11792,0.1,0.5860648938340697,0.5,0.5,2.102337948429107
11792,0.2,0.5904180916009433,0.5,0.5,2.3374556010281147
11792,0.3,0.6538558461911597,0.6,0.6,2.5098568722654435
11792,0.4,0.6184208789759464,0.6,0.6,2.8047781367047024
11792,0.5,0.6889589806714576,0.7,0.7,3.243319302782505
11792,0.6,0.5964945678855872,0.6,0.6,4.217628092466272
27983,0.0,0.5469583689689028,0.5,0.5,2.694394838257647
27983,0.1,0.5552986100217163,0.5,0.5,2.853640912956873
27983,0.2,0.5552986100217163,0.5,0.5,3.021673316308355
27983,0.3,0.6211680283143675,0.6,0.6,3.265043978219049
27983,0.4,0.6211680283143675,0.6,0.6,3.265043978219049
27983,0.5,0.6153357603278141,0.6,0.6,3.758043126911082
27983,0.6,0.6048348089384007,0.6,0.6,4.402306118743946
52088,0.0,0.17736430157987212,0.2,0.2,2.884465040560293
52088,0.1,0.17736430157987212,0.2,0.2,2.884465040560293
52088,0.2,0.15244663285300125,0.2,0.2,3.013610549848877
52088,0.3,0.15244663285300125,0.2,0.2,3.3690584128221146
52088,0.4,0.15244663285300125,0.2,0.2,4.213744778522974
52088,0.5,0.17736430157987212,0.2,0.2,5.5970600303678255
52088,0.6,0.15244663285300125,0.2,0.2,7.128751730127374
123246,0.0,0.7155698177147837,0.625,0.5,1.5977830419212222
123246,0.1,0.7155698177147837,0.625,0.5,1.5977830419212222
123246,0.2,0.6506646820800452,0.5,0.4,1.5977830419212222
123246,0.3,0.6601135294812643,0.5,0.4,1.5977830419212222
123246,0.4,0.6601135294812643,0.5,0.4,1.6966926629070964
123246,0.5,0.5146297957850003,0.375,0.3,2.2631538268076428
123246,0.6,0.2481377292236737,0.375,0.3,4.711612863103971
174665,0.0,0.631614049464814,0.5,0.5,2.1562135939534293
174665,0.1,0.5743240484971374,0.4,0.4,2.1562135939534293
174665,0.2,0.5743240484971374,0.4,0.4,2.1562135939534293
174665,0.3,0.568491780510584,0.4,0.4,2.1562135939534293
174665,0.4,0.568491780510584,0.4,0.4,2.6896235487608897
174665,0.5,0.4689819508583858,0.4,0.4,4.466379969040956
174665,0.6,0.26214192825862653,0.4,0.4,5.636986177668884
179932,0.0,0.406197651213867,0.4,0.4,3.0589222172744996
179932,0.1,0.406197651213867,0.4,0.4,3.0589222172744996
179932,0.2,0.33870583739383425,0.4,0.4,3.0589222172744996
179932,0.3,0.34305903516070785,0.4,0.4,3.382663783366799
179932,0.4,0.34305903516070785,0.4,0.4,6.367432947434111
179932,0.5,0.5226271392438532,0.4,0.4,9.164058016626997
179932,0.6,0.5142868981910397,0.4,0.4,10.60594699386811
126453,0.0,0.05729000096767664,0.1,0.1,2.137469039363617
126453,0.1,0.05729000096767664,0.1,0.1,2.137469039363617
126453,0.2,0.05729000096767664,0.1,0.1,2.1374690393636175
126453,0.3,0.05729000096767664,0.1,0.1,2.3296688804083328
126453,0.4,0.12508095332476668,0.2,0.2,2.456300110586657
126453,0.5,0.24354920550850967,0.3,0.3,3.549293588055762
126453,0.6,0.34006767752419625,0.3,0.3,5.742312151575563
50289,0.0,0.5867020016808382,0.6,0.6,3.9119055783024272
50289,0.1,0.5962503595874966,0.5,0.5,3.911905578302428
50289,0.2,0.5935032102490755,0.5,0.5,3.911905578302428
50289,0.3,0.5176875024751584,0.4,0.4,4.630685732040336
50289,0.4,0.44841747989838854,0.3,0.3,5.030761062041569
50289,0.5,0.37042471468894245,0.3,0.3,6.07482056190001
50289,0.6,0.3896038764408806,0.4,0.4,6.9542173332591
196308,0.0,0.46461208786803637,0.2857142857142857,0.2,3.7453419671197716
196308,0.1,0.46461208786803637,0.2857142857142857,0.2,3.956100659904249
196308,0.2,0.46461208786803637,0.2857142857142857,0.2,3.956100659904249
196308,0.3,0.46461208786803637,0.2857142857142857,0.2,3.95610065990425
196308,0.4,0.46461208786803637,0.2857142857142857,0.2,4.378794469151147
196308,0.5,0.3788748389864684,0.2857142857142857,0.2,5.5481036731706785
196308,0.6,0.3150551263919474,0.2857142857142857,0.2,6.32905264224312
196911,0.0,0.5743240484971374,0.4,0.4,1.7393161156136174
196911,0.1,0.5965109149845161,0.5,0.5,1.9332964902295966
196911,0.2,0.55774662082308,0.4,0.4,1.96063644895406
196911,0.3,0.650455241907041,0.5,0.5,2.4461197597214737
196911,0.4,0.6562875098935943,0.5,0.5,2.884285111241746
196911,0.5,0.6180279794272684,0.5,0.5,3.570350299141702
196911,0.6,0.6180279794272684,0.5,0.5,4.400613892635857
175958,0.0,0.8545987840133263,0.8,0.8,3.3106086314467182
175958,0.1,0.8370524157575853,0.8,0.8,3.3106086314467182
175958,0.2,0.7797624147899086,0.7,0.7,3.3106086314467182
175958,0.3,0.7345244834011311,0.7,0.7,3.560951324835849
175958,0.4,0.6674419162287054,0.6,0.6,3.7638161352528217
175958,0.5,0.5617843329539673,0.6,0.6,4.228619994348241
175958,0.6,0.5013379360002626,0.5,0.5,5.553583024180538
36451,0.0,0.7805557050549798,0.75,0.6,2.4613262039376287
36451,0.1,0.752307395546217,0.75,0.6,2.6425629800726615
36451,0.2,0.752307395546217,0.75,0.6,2.6425629800726615
36451,0.3,0.7438181272235467,0.75,0.6,2.6425629800726615
36451,0.4,0.5362520772088136,0.5,0.4,2.8181131480768604
36451,0.5,0.4836265995637439,0.5,0.4,3.3041945077511143
36451,0.6,0.4002171909137687,0.375,0.3,4.015051702363982
194391,0.0,0.5362132092813989,0.4,0.4,2.9943753812391973
194391,0.1,0.5362132092813989,0.4,0.4,2.9943753812391973
194391,0.2,0.5362132092813989,0.4,0.4,3.230260709988027
194391,0.3,0.5303809412948455,0.4,0.4,3.230260709988028
194391,0.4,0.46558134657426714,0.4,0.4,3.488749131876843
194391,0.5,0.42472335802010747,0.4,0.4,4.764601584316611
194391,0.6,0.381263635388067,0.4,0.4,7.569764258962631
60093,0.0,0.9048433681146754,0.9,0.9,2.3462061611517564
60093,0.1,0.9048433681146754,0.9,0.9,2.3462061611517564
60093,0.2,0.9048433681146754,0.9,0.9,2.5782883557191534
60093,0.3,0.9048433681146754,0.9,0.9,2.757098662524436
60093,0.4,0.8663396293502587,0.8,0.8,2.757098662524436
60093,0.5,0.7739301468033551,0.7,0.7,3.5001524348410036
60093,0.6,0.6642855202426773,0.7,0.7,5.27721504262718
197225,0.0,0.7311340247721385,0.6666666666666666,0.4,2.0587644763032165
197225,0.1,0.7422329748991159,0.6666666666666666,0.4,2.36630872896688
197225,0.2,0.7422329748991159,0.6666666666666666,0.4,2.49355053054434
197225,0.3,0.7422329748991159,0.6666666666666666,0.4,2.49355053054434
197225,0.4,0.7642937333139903,0.6666666666666666,0.4,3.5556185207906914
197225,0.5,0.7565323207720727,0.6666666666666666,0.4,3.859136195208632
197225,0.6,0.7565323207720727,0.6666666666666666,0.4,4.920891629360506
75327,0.0,0.46014197813639174,0.4,0.4,1.7895998132799946
75327,0.1,0.46014197813639174,0.4,0.4,1.7895998132799946
75327,0.2,0.45180173708357824,0.4,0.4,1.7895998132799946
75327,0.3,0.46014197813639174,0.4,0.4,1.8502487898074436
75327,0.4,0.43087111164264724,0.4,0.4,1.947248200100996
75327,0.5,0.3329509833199725,0.4,0.4,2.442527975254572
75327,0.6,0.37042471468894245,0.3,0.3,4.080854030967004
106851,0.0,0.7797847940061438,0.6666666666666666,0.6,3.4148289914757965
106851,0.1,0.7863061564917971,0.6666666666666666,0.6,3.4901130677736676
106851,0.2,0.7909239050797426,0.6666666666666666,0.6,3.4901130677736667
106851,0.3,0.7820768141807656,0.6666666666666666,0.6,3.4901130677736676
106851,0.4,0.6671424202680972,0.6666666666666666,0.6,3.8329466979824725
106851,0.5,0.7416499180463673,0.6666666666666666,0.6,5.024494497190585
106851,0.6,0.7219983742786583,0.6666666666666666,0.6,6.10879553062284
166917,0.0,0.647409937747115,0.5714285714285714,0.4,2.126428502973941
166917,0.1,0.647409937747115,0.5714285714285714,0.4,2.1264285029739414
166917,0.2,0.647409937747115,0.5714285714285714,0.4,2.126428502973941
166917,0.3,0.561672688865547,0.5714285714285714,0.4,2.3026651181534783
166917,0.4,0.4789236064076178,0.42857142857142855,0.3,2.476731802943943
166917,0.5,0.4563101869644745,0.42857142857142855,0.3,2.8244274377789607
166917,0.6,0.2198531925786754,0.2857142857142857,0.2,4.190255017831559
189878,0.0,0.1173271512737744,0.2,0.2,2.3556323056865947
189878,0.1,0.1173271512737744,0.2,0.2,2.3556323056865947
189878,0.2,0.06003715030609775,0.1,0.1,2.3556323056865947
189878,0.3,0.05729000096767664,0.1,0.1,2.355632305686594
189878,0.4,0.0,0.0,0.0,2.3556323056865947
189878,0.5,0.0,0.0,0.0,5.350747207373302
189878,0.6,0.0,0.0,0.0,7.097051317708738
154466,0.0,0.2143159213501936,0.2222222222222222,0.2,4.205122895025776
154466,0.1,0.2143159213501936,0.2222222222222222,0.2,4.205122895025776
154466,0.2,0.18788396586818062,0.2222222222222222,0.2,4.205122895025776
154466,0.3,0.18788396586818062,0.2222222222222222,0.2,4.531487739953173
154466,0.4,0.18788396586818062,0.2222222222222222,0.2,5.061957696083469
154466,0.5,0.17903687496920354,0.2222222222222222,0.2,5.948180757357861
154466,0.6,0.17903687496920354,0.2222222222222222,0.2,6.147246106676895
133774,0.0,0.39293601963400987,0.3333333333333333,0.3,2.9610342215834002
133774,0.1,0.35637543719730286,0.4444444444444444,0.4,2.9610342215834
133774,0.2,0.3592895352139156,0.4444444444444444,0.4,3.179870456194356
133774,0.3,0.3452945945615302,0.4444444444444444,0.4,3.315538511577021
133774,0.4,0.3410652522504986,0.4444444444444444,0.4,3.31553851157702
133774,0.5,0.26624043680575177,0.3333333333333333,0.3,3.315538511577021
133774,0.6,0.2061619969036444,0.3333333333333333,0.3,4.591089432629033
179807,0.0,0.7985486769931687,0.7,0.7,1.9112124498765801
179807,0.1,0.7985486769931687,0.7,0.7,1.969366614651292
179807,0.2,0.8012958263315898,0.7,0.7,2.072566217329414
179807,0.3,0.809049628382582,0.7,0.7,2.2256883683612827
179807,0.4,0.7736146611673687,0.7,0.7,2.861782098458078
179807,0.5,0.6393678515158064,0.6,0.6,3.7747300406031052
179807,0.6,0.44105657739607423,0.4,0.4,4.340692239184375
64277,0.0,0.7591979438299113,0.7,0.7,2.959455080422372
64277,0.1,0.6889589806714576,0.7,0.7,3.252494317452398
64277,0.2,0.7462489816391342,0.8,0.8,3.252494317452398
64277,0.3,0.7462489816391342,0.8,0.8,3.3754848329214178
64277,0.4,0.752396735261674,0.8,0.8,3.3754848329214178
64277,0.5,0.6923595849555763,0.7,0.7,3.786336310563403
64277,0.6,0.6704332738652171,0.7,0.7,4.607003659529187
184617,0.0,0.9819200532918083,1.0,0.6,3.5136287660169705
184617,0.1,0.9819200532918083,1.0,0.6,3.584716235526474
184617,0.2,1.0,1.0,0.6,3.6097694239557816
184617,0.3,0.9819200532918083,1.0,0.6,3.643321643916701
184617,0.4,0.9020243604942442,0.8333333333333334,0.5,3.7601693172764485
184617,0.5,0.8831639978253493,0.8333333333333334,0.5,4.097197082929095
184617,0.6,0.8545079602778286,0.8333333333333334,0.5,4.885502742086412
138673,0.0,0.462834197235846,0.4,0.4,2.5339686269202715
138673,0.1,0.46558134657426714,0.4,0.4,2.5785520020186175
138673,0.2,0.5358203097327209,0.4,0.4,2.72199102745099
138673,0.3,0.5607379784595917,0.4,0.4,2.72199102745099
138673,0.4,0.5641385827437104,0.4,0.4,2.72199102745099
138673,0.5,0.6596881141777131,0.6,0.6,2.9930604165582784
138673,0.6,0.5688846800592621,0.6,0.6,4.1107342786298835
112542,0.0,0.19360380123621984,0.4,0.2,1.8833205778680124
112542,0.1,0.19360380123621984,0.4,0.2,1.8833205778680124
112542,0.2,0.19360380123621984,0.4,0.2,1.8833205778680124
112542,0.3,0.1931383602531968,0.4,0.2,1.8833205778680124
112542,0.4,0.2054428507005457,0.4,0.2,1.8833205778680124
112542,0.5,0.22490694523001417,0.4,0.2,4.528839462830991
112542,0.6,0.17714752793103522,0.2,0.1,6.049172641268429
54539,0.0,0.5358203097327209,0.4,0.4,2.829996823604753
54539,0.1,0.5799171402115298,0.5,0.5,3.1377577267877017
54539,0.2,0.5715768991587163,0.5,0.5,3.432588104290667
54539,0.3,0.522040700242032,0.4,0.4,3.604837140359584
54539,0.4,0.519879989905432,0.4,0.4,4.189554956866511
54539,0.5,0.46258998893775544,0.3,0.3,5.248119943990642
54539,0.6,0.45424974788494193,0.3,0.3,5.721100637070039
109964,0.0,0.6643018673416062,0.6,0.6,1.9676179052455374
109964,0.1,0.6070118663739296,0.5,0.5,2.085105941319686
109964,0.2,0.5904180916009433,0.5,0.5,2.085105941319686
109964,0.3,0.522040700242032,0.4,0.4,2.085105941319686
109964,0.4,0.4979536788150729,0.4,0.4,2.6536391059159916
109964,0.5,0.23715724358787935,0.3,0.3,3.962969675023735
109964,0.6,0.1912658572534042,0.3,0.3,5.1765861578349055
98535,0.0,0.288770349658364,0.42857142857142855,0.3,2.2111328090573847
98535,0.1,0.288770349658364,0.42857142857142855,0.3,2.261189388929565
98535,0.2,0.30607003462158416,0.42857142857142855,0.3,2.5304973824872405
98535,0.3,0.288770349658364,0.42857142857142855,0.3,2.5794532895618625
98535,0.4,0.27266609511250434,0.42857142857142855,0.3,3.4903860157894435
98535,0.5,0.22596456738232848,0.42857142857142855,0.3,5.166239147205625
98535,0.6,0.2372346806096058,0.42857142857142855,0.3,5.861597611853344
59117,0.0,0.4757831594266231,0.3,0.3,3.317731582432928
59117,0.1,0.4757831594266231,0.3,0.3,3.4708041278699127
59117,0.2,0.46258998893775544,0.3,0.3,3.5826859329402962
59117,0.3,0.39235102577930164,0.3,0.3,3.602353477244587
59117,0.4,0.38401078472648814,0.3,0.3,3.864269336121127
59117,0.5,0.37382531897306115,0.3,0.3,3.943256422948084
59117,0.6,0.23715724358787935,0.3,0.3,4.656659897905371
89786,0.0,0.9180365386035428,0.9,0.9,2.825000119050479
89786,0.1,0.9180365386035428,0.9,0.9,2.825000119050479
89786,0.2,0.9180365386035428,0.9,0.9,3.1305843815629846
89786,0.3,0.9180365386035428,0.9,0.9,3.1305843815629846
89786,0.4,0.8749190466752332,0.8,0.8,3.3836883927495904
89786,0.5,0.8029018747600423,0.7,0.7,3.6418946144696465
89786,0.6,0.6319295351008004,0.5,0.5,4.371300041778229
97923,0.0,0.8799256993878044,0.9,0.9,2.292916090489861
97923,0.1,0.8799256993878044,0.9,0.9,2.292916090489861
97923,0.2,0.8799256993878044,0.9,0.9,2.292916090489861
97923,0.3,0.8799256993878044,0.9,0.9,2.2929160904898613
97923,0.4,0.9263767796563563,0.9,0.9,2.4101682688817334
97923,0.5,1.0,1.0,1.0,3.5941550084842917
97923,0.6,0.9180365386035428,0.9,0.9,5.120373504293655
15278,0.0,0.7267706813501387,0.6,0.6,3.2001834075816107
15278,0.1,0.6562875098935943,0.5,0.5,3.2001834075816107
15278,0.2,0.7138929964972575,0.6,0.6,3.200183407581611
15278,0.3,0.7165852155967116,0.6,0.6,3.7289562375988465
15278,0.4,0.7077452428747176,0.6,0.6,3.94032861294101
15278,0.5,0.7061391944462652,0.6,0.6,4.174487389490453
15278,0.6,0.6461020441401674,0.5,0.5,5.259137604209379
76079,0.0,0.39960963714544995,0.42857142857142855,0.3,2.022130593481944
76079,0.1,0.395458686693669,0.42857142857142855,0.3,2.022130593481944
76079,0.2,0.23643704028587592,0.2857142857142857,0.2,2.1945936182609627
76079,0.3,0.23643704028587592,0.2857142857142857,0.2,2.3968535660839847
76079,0.4,0.22400414303045632,0.2857142857142857,0.2,2.9394737110289917
76079,0.5,0.17748411539915543,0.2857142857142857,0.2,3.3161176651314657
76079,0.6,0.17748411539915543,0.2857142857142857,0.2,5.628277074494581
189999,0.0,0.568491780510584,0.4,0.4,2.000102131522213
189999,0.1,0.568491780510584,0.4,0.4,2.000102131522213
189999,0.2,0.6285289308166818,0.5,0.5,2.000102131522213
189999,0.3,0.6643018673416062,0.6,0.6,2.1439246429427326
189999,0.4,0.6784743763809732,0.6,0.6,2.1439246429427326
189999,0.5,0.7138929964972575,0.6,0.6,5.119494533126979
189999,0.6,0.7329184349726785,0.6,0.6,7.516157243939347
116513,0.0,0.46452941939566716,0.3333333333333333,0.3,4.221915184574136
116513,0.1,0.302818359780849,0.2222222222222222,0.2,4.221915184574136
116513,0.2,0.302818359780849,0.2222222222222222,0.2,4.307500300834941
116513,0.3,0.2888234191284636,0.2222222222222222,0.2,4.30750030083494
116513,0.4,0.2737896239487001,0.2222222222222222,0.2,4.416821892793463
116513,0.5,0.2626505128751012,0.2222222222222222,0.2,4.416821892793463
116513,0.6,0.20187890652056598,0.1111111111111111,0.1,4.876572477165682
60274,0.0,0.5142868981910397,0.4,0.4,3.966505215846765
60274,0.1,0.5041014324376127,0.4,0.4,4.191662560521604
60274,0.2,0.5041014324376127,0.4,0.4,4.191662560521605
60274,0.3,0.43386246927915895,0.4,0.4,4.980754724394602
60274,0.4,0.4573948287979707,0.5,0.5,5.719182438744348
60274,0.5,0.46937485040706384,0.5,0.5,6.239611385284392
60274,0.6,0.545750252115058,0.7,0.7,6.380818808640347
197009,0.0,0.8799256993878044,0.9,0.9,2.885655412836914
197009,0.1,0.8799256993878044,0.9,0.9,2.9992644803392237
197009,0.2,0.752396735261674,0.8,0.8,3.271033877267027
197009,0.3,0.7418957838722606,0.8,0.8,3.9527646442432895
197009,0.4,0.6828275741478468,0.6,0.6,4.288801493085331
197009,0.5,0.6828275741478468,0.6,0.6,4.453505340396472
197009,0.6,0.656940964839292,0.6,0.6,5.549725073517311
197612,0.0,0.28546989565597386,0.2,0.2,2.3677210864756417
197612,0.1,0.2152309324975201,0.2,0.2,2.3677210864756417
197612,0.2,0.2152309324975201,0.2,0.2,2.3677210864756417
197612,0.3,0.26547551659886887,0.3,0.3,2.456512256592153
197612,0.4,0.26148847331292896,0.3,0.3,2.456512256592153
197612,0.5,0.24055784787199802,0.3,0.3,3.2729912555140963
197612,0.6,0.3153942170954159,0.3,0.3,3.947046008950005
18578,0.0,0.46597424612294513,0.4,0.4,2.241363846882043
18578,0.1,0.5260113964290429,0.5,0.5,2.241363846882043
18578,0.2,0.5232642470906218,0.5,0.5,2.241363846882043
18578,0.3,0.48692121866280513,0.5,0.5,2.241363846882043
18578,0.4,0.4915453697955136,0.6,0.6,8.880322602015774
18578,0.5,0.43425536882783694,0.5,0.5,9.943827307157658
18578,0.6,0.5998951721697059,0.6,0.6,10.765016136612259
17187,0.0,0.5392045669179105,0.5,0.5,1.8687751932634122
17187,0.1,0.5906622998990338,0.6,0.6,1.9704495788558198
17187,0.2,0.5333722989313572,0.5,0.5,1.9704495788558198
17187,0.3,0.5367729032154759,0.5,0.5,2.0500611906760224
17187,0.4,0.46558134657426714,0.4,0.4,2.2190129443424427
17187,0.5,0.25713527554605536,0.3,0.3,2.912470962327228
17187,0.6,0.20485192729094986,0.3,0.3,3.745437009865065
49893,0.0,0.06343775459021642,0.1,0.1,3.1283241601198433
49893,0.1,0.05729000096767664,0.1,0.1,3.244853722075477
49893,0.2,0.05729000096767664,0.1,0.1,3.4617009540653783
49893,0.3,0.05729000096767664,0.1,0.1,3.827065767559465
49893,0.4,0.0,0.0,0.0,5.9299414889408055
49893,0.5,0.0,0.0,0.0,8.357415517387526
49893,0.6,0.05729000096767664,0.1,0.1,9.184948024257157
83307,0.0,0.7492566863745749,0.7,0.7,5.084629498894108
83307,0.1,0.6919666854068982,0.6,0.6,5.497687132290757
83307,0.2,0.6670490166800274,0.6,0.6,5.497687132290757
83307,0.3,0.6670490166800274,0.6,0.6,5.76655236092721
83307,0.4,0.583616883032706,0.6,0.6,5.766552360927209
83307,0.5,0.5752766419798925,0.6,0.6,6.159307723118362
83307,0.6,0.5940629041831526,0.6,0.6,7.3204829752900435
97712,0.0,0.12072775555789306,0.2,0.2,4.501839352972808
97712,0.1,0.12782810266318778,0.2,0.2,4.741450986932553
97712,0.2,0.13366037064974118,0.2,0.2,4.741450986932553
97712,0.3,0.14200061170255474,0.2,0.2,5.2875135381552685
97712,0.4,0.15244663285300125,0.2,0.2,5.6616927056040804
97712,0.5,0.18011145091829325,0.2,0.2,5.864623183927632
97712,0.6,0.25035041407674696,0.2,0.2,7.110531001748548
29984,0.0,0.37989503115982964,0.3333333333333333,0.2,3.1870099072510163
29984,0.1,0.37989503115982964,0.3333333333333333,0.2,3.4831834117045766
29984,0.2,0.41305473970168133,0.3333333333333333,0.2,3.526173188514348
29984,0.3,0.49295043249924547,0.5,0.3,3.6740433477585777
29984,0.4,0.4974758577371991,0.5,0.3,3.6740433477585777
29984,0.5,0.4778706706655855,0.5,0.3,3.6740433477585777
29984,0.6,0.452877156000784,0.6666666666666666,0.4,5.2790594483214575
46227,0.0,0.49550566801370916,0.5,0.5,3.3087226193561676
46227,0.1,0.49550566801370916,0.5,0.5,3.5340870535173132
46227,0.2,0.4989062722978278,0.5,0.5,3.5340870535173123
46227,0.3,0.49866206399973734,0.5,0.5,3.5340870535173123
46227,0.4,0.5088475297531643,0.5,0.5,3.8744837148493616
46227,0.5,0.5469583689689028,0.5,0.5,3.8744837148493616
46227,0.6,0.6421150008542275,0.5,0.5,5.00079857963294
126074,0.0,0.547544807970724,0.5,0.5,6.352042742529679
126074,0.1,0.547544807970724,0.5,0.5,6.352042742529679
126074,0.2,0.547544807970724,0.5,0.5,6.352042742529679
126074,0.3,0.5392045669179105,0.5,0.5,6.503918434694806
126074,0.4,0.5392045669179105,0.5,0.5,7.831182204695471
126074,0.5,0.5392045669179105,0.5,0.5,8.443713983657961
126074,0.6,0.5392045669179105,0.5,0.5,9.499202809489736
279,0.0,0.422083835933966,0.6666666666666666,0.4,2.0619914923959617
279,0.1,0.422083835933966,0.6666666666666666,0.4,2.0619914923959612
279,0.2,0.42422111845326327,0.6666666666666666,0.4,2.191175549251255
279,0.3,0.5176930869646881,0.6666666666666666,0.4,2.297089374194842
279,0.4,0.41390258428698923,0.6666666666666666,0.4,2.9884923599480775
279,0.5,0.31194613307455077,0.5,0.3,4.995365522118329
279,0.6,0.21105279508879424,0.3333333333333333,0.2,6.25520421473828
22832,0.0,0.6728812846665807,0.6,0.6,1.9574977283759831
22832,0.1,0.6670490166800274,0.6,0.6,2.1492722982234915
22832,0.2,0.6670490166800274,0.6,0.6,2.1492722982234915
22832,0.3,0.6643018673416062,0.6,0.6,2.3573798373863872
22832,0.4,0.5607379784595917,0.4,0.4,2.3573798373863872
22832,0.5,0.5118552344886049,0.4,0.4,3.60127822167883
22832,0.6,0.4064967897509243,0.5,0.5,4.182820644387113
48694,0.0,0.819235094136009,0.7,0.7,4.852569360546981
48694,0.1,0.819235094136009,0.7,0.7,4.852569360546981
48694,0.2,0.8792722444421068,0.8,0.8,4.852569360546981
48694,0.3,0.9365622454097835,0.9,0.9,4.852569360546981
48694,0.4,1.0,1.0,1.0,5.030626735064339
48694,0.5,0.9427099990323233,0.9,0.9,5.367004713453435
48694,0.6,0.9399628496939022,0.9,0.9,6.211134313767391
127634,0.0,0.7766223659028094,0.7,0.7,1.602819587715106
127634,0.1,0.7766223659028094,0.7,0.7,1.602819587715106
127634,0.2,0.7809755636696831,0.7,0.7,1.602819587715106
127634,0.3,0.7929555852787762,0.7,0.7,1.602819587715106
127634,0.4,0.8007093873297685,0.7,0.7,1.7243781427386995
127634,0.5,0.7163246601996921,0.6,0.6,6.048651650994243
127634,0.6,0.6643018673416062,0.6,0.6,7.814695925149569
28029,0.0,0.25713527554605536,0.3,0.3,6.158054929191299
28029,0.1,0.3273742387045091,0.3,0.3,6.852036354940853
28029,0.2,0.3273742387045091,0.3,0.3,7.514951197336383
28029,0.3,0.33571447975732266,0.3,0.3,7.514951197336383
28029,0.4,0.34006767752419625,0.3,0.3,7.514951197336383
28029,0.5,0.3532608480130639,0.3,0.3,7.514951197336383
28029,0.6,0.46258998893775544,0.3,0.3,7.90282056771417
16759,0.0,1.0,1.0,1.0,1.698691235947009
16759,0.1,1.0,1.0,1.0,1.698691235947009
16759,0.2,1.0,1.0,1.0,1.698691235947009
16759,0.3,1.0,1.0,1.0,2.338228745499307
16759,0.4,1.0,1.0,1.0,2.57863603959618
16759,0.5,1.0,1.0,1.0,2.8339948390800713
16759,0.6,0.8164879447975879,0.8,0.8,4.594597390007535
150378,0.0,0.4308547645437183,0.5,0.5,1.850385847299363
150378,0.1,0.43425536882783694,0.5,0.5,1.9104368815614545
150378,0.2,0.43425536882783694,0.5,0.5,1.9104368815614545
150378,0.3,0.49429251913393474,0.6,0.6,1.9824701188807257
150378,0.4,0.49090826194874504,0.5,0.5,2.5937447795436177
150378,0.5,0.44841747989838854,0.3,0.3,3.7124152032274034
150378,0.6,0.2722767251671062,0.2,0.2,5.062321916606126
95897,0.0,0.3806265275412985,0.2,0.2,2.342164548581914
95897,0.1,0.3806265275412985,0.2,0.2,2.342164548581914
95897,0.2,0.3806265275412985,0.2,0.2,2.3421645485819136
95897,0.3,0.3806265275412985,0.2,0.2,2.616332735595513
95897,0.4,0.3806265275412985,0.2,0.2,2.8690483232125765
95897,0.5,0.3806265275412985,0.2,0.2,3.224040038279419
95897,0.6,0.25375101836086567,0.2,0.2,4.853443721074679
23716,0.0,0.3076404150444236,0.3,0.3,1.9644486355659232
23716,0.1,0.3076404150444236,0.3,0.3,1.9644486355659232
23716,0.2,0.3076404150444236,0.3,0.3,1.9644486355659232
23716,0.3,0.3076404150444236,0.3,0.3,1.9644486355659232
23716,0.4,0.3137881686669634,0.3,0.3,1.9644486355659232
23716,0.5,0.3896038764408806,0.4,0.4,2.64432246828645
23716,0.6,0.41638311696729396,0.4,0.4,4.319590167194026
142689,0.0,0.7843761679538016,0.7,0.7,2.7176815181361285
142689,0.1,0.8444133182598994,0.8,0.8,2.7176815181361285
142689,0.2,0.8164879447975879,0.8,0.8,2.7176815181361285
142689,0.3,0.8226356984201277,0.8,0.8,2.883418725720094
142689,0.4,0.8096867362293506,0.9,0.9,3.024723629324923
142689,0.5,0.752396735261674,0.8,0.8,5.668042306342979
142689,0.6,0.752396735261674,0.8,0.8,6.188749476839211
112540,0.0,0.8690867786886797,0.8,0.8,6.107661167856048
112540,0.1,0.809049628382582,0.7,0.7,6.107661167856048
112540,0.2,0.8029018747600423,0.7,0.7,6.107661167856048
112540,0.3,0.7456118737923656,0.6,0.6,6.107661167856048
112540,0.4,0.7378580717413733,0.6,0.6,7.0335534056497675
112540,0.5,0.6977989533934517,0.6,0.6,7.226549828700551
112540,0.6,0.6377618030873539,0.5,0.5,8.038242461625483
120650,0.0,0.3153942170954159,0.3,0.3,2.7166485791367174
120650,0.1,0.32154197071795565,0.3,0.3,2.7166485791367174
120650,0.2,0.32154197071795565,0.3,0.3,2.754985310336754
120650,0.3,0.3273742387045091,0.3,0.3,3.026607999972148
120650,0.4,0.3489076502461903,0.3,0.3,3.2065087978198
120650,0.5,0.37817851673993474,0.3,0.3,3.5634436886660596
120650,0.6,0.4031899464784263,0.4,0.4,5.659483894975763
168530,0.0,0.06368570437114798,0.1111111111111111,0.1,3.6109840635811095
168530,0.1,0.06368570437114798,0.1111111111111111,0.1,3.901676839464629
168530,0.2,0.0,0.0,0.0,3.901676839464629
168530,0.3,0.0,0.0,0.0,4.073607840957251
168530,0.4,0.0,0.0,0.0,4.0736078409572505
168530,0.5,0.0,0.0,0.0,4.872268658414016
168530,0.6,0.0,0.0,0.0,5.9012004378715215
23246,0.0,0.6592952146290351,0.5,0.5,2.344295110883043
23246,0.1,0.713184611312593,0.6,0.6,2.5719821752398886
23246,0.2,0.713184611312593,0.6,0.6,2.7992208194042565
23246,0.3,0.7061391944462652,0.6,0.6,2.8375229425228756
23246,0.4,0.6343611988032352,0.5,0.5,2.837522942522876
23246,0.5,0.6892195360684771,0.6,0.6,3.311571426639497
23246,0.6,0.5090917380512548,0.5,0.5,4.545251795047108
148731,0.0,0.5525514606832953,0.6,0.6,1.7134056597475762
148731,0.1,0.5088475297531643,0.5,0.5,1.858268201181027
148731,0.2,0.5337651984800352,0.5,0.5,2.17493736678941
148731,0.3,0.5364574175794894,0.5,0.5,3.412996508956927
148731,0.4,0.5494063797702665,0.4,0.4,5.498702004397033
148731,0.5,0.5494063797702665,0.4,0.4,5.894731915700328
148731,0.6,0.5826642895499509,0.4,0.4,5.894731915700327
119229,0.0,0.5992580643229373,0.5,0.5,3.6890005409200106
119229,0.1,0.5992580643229373,0.5,0.5,3.6890005409200106
119229,0.2,0.6565480652906139,0.6,0.6,3.892418423190113
119229,0.3,0.6433548948017463,0.6,0.6,3.9666281870207145
119229,0.4,0.6109825625609405,0.6,0.6,3.9666281870207145
119229,0.5,0.6409068840003826,0.7,0.7,4.4468470466096015
119229,0.6,0.4093377001009661,0.4,0.4,4.9720659318841
17639,0.0,0.4657748718961786,0.5714285714285714,0.4,4.919194991931091
17639,0.1,0.47820776915159824,0.5714285714285714,0.4,4.919194991931092
17639,0.2,0.5654385415129926,0.7142857142857143,0.5,5.2639197031234275
17639,0.3,0.4955074541148184,0.5714285714285714,0.4,5.2639197031234275
17639,0.4,0.5217922308484018,0.5714285714285714,0.4,5.617257041662115
17639,0.5,0.5217922308484018,0.5714285714285714,0.4,6.725530126468239
17639,0.6,0.43605498196683384,0.5714285714285714,0.4,7.772173387648747
184642,0.0,0.15244663285300125,0.2,0.2,2.886830517935705
184642,0.1,0.09515663188532462,0.1,0.1,2.8868305179357057
184642,0.2,0.15859438647554103,0.2,0.2,2.8868305179357057
184642,0.3,0.1771200932817816,0.2,0.2,3.032144630526403
184642,0.4,0.1771200932817816,0.2,0.2,3.4538776268747506
184642,0.5,0.1771200932817816,0.2,0.2,3.617888192055106
184642,0.6,0.26393648411429266,0.2,0.2,5.149360681354075
64484,0.0,0.42222305658859327,0.42857142857142855,0.3,2.8485881223976266
64484,0.1,0.42222305658859327,0.42857142857142855,0.3,3.0582799932496
64484,0.2,0.4064168951051994,0.5714285714285714,0.4,3.0582799932496
64484,0.3,0.42587445977911015,0.5714285714285714,0.4,3.911835807581556
64484,0.4,0.4134415625236905,0.5714285714285714,0.4,4.945156987063438
64484,0.5,0.36692153489238966,0.5714285714285714,0.4,5.868661243729676
64484,0.6,0.288770349658364,0.42857142857142855,0.3,6.29273074515259
133446,0.0,0.806302479044161,0.8,0.8,2.166542456136523
133446,0.1,0.6787735149180306,0.7,0.7,2.1665424561365234
133446,0.2,0.6187363646119328,0.6,0.6,2.166542456136524
133446,0.3,0.6184208789759464,0.6,0.6,2.1665424561365234
133446,0.4,0.6295752853110574,0.7,0.7,4.9484191290371715
133446,0.5,0.5688846800592621,0.6,0.6,9.93536694399331
133446,0.6,0.49864571690080833,0.6,0.6,10.808600381365952
180403,0.0,0.6218214832600651,0.7,0.7,2.705867930966902
180403,0.1,0.6261746810269387,0.7,0.7,2.705867930966902
180403,0.2,0.5722852843433808,0.6,0.6,2.9030386093775244
180403,0.3,0.6159892152735118,0.7,0.7,2.9030386093775244
180403,0.4,0.642768455799925,0.6,0.6,2.9030386093775244
180403,0.5,0.6070118663739296,0.5,0.5,3.4895853999328956
180403,0.6,0.5426051712020292,0.5,0.5,6.595865132124757
43767,0.0,0.3806265275412985,0.2,0.2,1.891282767828899
43767,0.1,0.3806265275412985,0.2,0.2,2.021909544702737
43767,0.2,0.3103875643828447,0.2,0.2,2.0219095447027366
43767,0.3,0.3676775653505214,0.3,0.3,2.021909544702736
43767,0.4,0.4413007856941648,0.4,0.4,3.443606066517403
43767,0.5,0.35664510519825354,0.4,0.4,4.9426898940055635
43767,0.6,0.3458999455107497,0.3,0.3,6.4082512570116394
180663,0.0,0.8007093873297685,0.7,0.7,6.754594732236166
180663,0.1,0.8007093873297685,0.7,0.7,6.886767148834333
180663,0.2,0.809049628382582,0.7,0.7,6.962001230839645
180663,0.3,0.809049628382582,0.7,0.7,6.962001230839645
180663,0.4,0.809049628382582,0.7,0.7,7.466123497112297
180663,0.5,0.809049628382582,0.7,0.7,8.633949087112637
180663,0.6,0.809049628382582,0.7,0.7,9.897765825890316
155233,0.0,0.3806265275412985,0.2,0.2,5.5838197165377705
155233,0.1,0.3806265275412985,0.2,0.2,5.58381971653777
155233,0.2,0.3806265275412985,0.2,0.2,5.58381971653777
155233,0.3,0.3806265275412985,0.2,0.2,6.283480272241631
155233,0.4,0.3806265275412985,0.2,0.2,6.769687481418299
155233,0.5,0.3806265275412985,0.2,0.2,7.695297248941694
155233,0.6,0.3806265275412985,0.2,0.2,8.397882058146635
47060,0.0,0.37382531897306115,0.3,0.3,4.717672899341293
47060,0.1,0.37382531897306115,0.3,0.3,4.816480702761961
47060,0.2,0.3489076502461903,0.3,0.3,4.816480702761961
47060,0.3,0.3489076502461903,0.3,0.3,4.989808891915116
47060,0.4,0.33571447975732266,0.3,0.3,7.197612091468024
47060,0.5,0.33571447975732266,0.3,0.3,9.799447195322708
47060,0.6,0.33571447975732266,0.3,0.3,11.381729119459965
187651,0.0,0.5798923522200292,0.5,0.4,2.082346595377218
187651,0.1,0.5003170449475615,0.5,0.4,2.0823465953772176
187651,0.2,0.5003170449475615,0.5,0.4,2.246994986331713
187651,0.3,0.3952853548737731,0.375,0.3,2.524240535003241
187651,0.4,0.2438399830788012,0.25,0.2,2.6283627439275845
187651,0.5,0.2438399830788012,0.25,0.2,2.9740236630776273
187651,0.6,0.17271023241849473,0.25,0.2,3.719554990129731
35703,0.0,0.7165852155967116,0.6,0.6,4.923835570286463
35703,0.1,0.7209384133635853,0.6,0.6,5.005271582851309
35703,0.2,0.7209384133635853,0.6,0.6,5.169809098741156
35703,0.3,0.7077452428747176,0.6,0.6,5.302232772078235
35703,0.4,0.713577510861271,0.6,0.6,5.302232772078236
35703,0.5,0.7295178306885598,0.6,0.6,5.856377851241906
35703,0.6,0.7193323649351328,0.6,0.6,6.203516788190337
95303,0.0,0.7797624147899086,0.7,0.7,4.467182843869523
95303,0.1,0.8007093873297685,0.7,0.7,4.467182843869523
95303,0.2,0.7875162168409008,0.7,0.7,4.666765651940206
95303,0.3,0.7875162168409008,0.7,0.7,4.666765651940206
95303,0.4,0.8007093873297685,0.7,0.7,6.041493376673534
95303,0.5,0.809049628382582,0.7,0.7,7.246370006356663
95303,0.6,0.809049628382582,0.7,0.7,9.611044547282479
19727,0.0,0.3613211659508476,0.6,0.3,5.391137183390173
19727,0.1,0.34901667550349874,0.6,0.3,5.604423475691276
19727,0.2,0.34901667550349874,0.6,0.3,5.705319165068165
19727,0.3,0.34901667550349874,0.6,0.3,5.705319165068166
19727,0.4,0.3699256037929309,0.6,0.3,5.957168107254364
19727,0.5,0.3857781090014617,0.6,0.3,6.357915357028856
19727,0.6,0.3425943335113753,0.6,0.3,6.857115885435945
37937,0.0,0.5586992143058351,0.6,0.6,3.1346122080441665
37937,0.1,0.5940629041831526,0.6,0.6,3.4900224362862025
37937,0.2,0.6070118663739296,0.5,0.5,3.4900224362862025
37937,0.3,0.603611262089811,0.5,0.5,3.4900224362862025
37937,0.4,0.6257817814782607,0.5,0.5,3.4900224362862033
37937,0.5,0.5826642895499509,0.4,0.4,3.787645274126036
37937,0.6,0.5958574600388186,0.4,0.4,5.1170082269179815
8834,0.0,0.55774662082308,0.4,0.4,4.509851788480537
8834,0.1,0.55774662082308,0.4,0.4,4.6732339383865185
8834,0.2,0.55774662082308,0.4,0.4,4.82204648177497
8834,0.3,0.55774662082308,0.4,0.4,5.043010414162174
8834,0.4,0.55774662082308,0.4,0.4,5.39977609559796
8834,0.5,0.5826642895499509,0.4,0.4,5.39977609559796
8834,0.6,0.55774662082308,0.4,0.4,6.035672982547057
71122,0.0,0.8687712930526933,0.8,0.8,3.2969702225976136
71122,0.1,0.8687712930526933,0.8,0.8,3.4814404093430737
71122,0.2,0.8687712930526933,0.8,0.8,3.4814404093430737
71122,0.3,0.9365622454097835,0.9,0.9,4.021549119272292
71122,0.4,1.0,1.0,1.0,4.642652964561629
71122,0.5,1.0,1.0,1.0,4.695553289539747
71122,0.6,1.0,1.0,1.0,6.4915295550214385
167604,0.0,0.4474485393167046,0.4,0.4,2.168598740482919
167604,0.1,0.4474485393167046,0.4,0.4,2.168598740482919
167604,0.2,0.4557887803695181,0.4,0.4,2.168598740482919
167604,0.3,0.4474485393167046,0.4,0.4,2.2074626262432337
167604,0.4,0.4136908978678397,0.4,0.4,2.2074626262432337
167604,0.5,0.2648890775970476,0.4,0.4,5.423380007378282
167604,0.6,0.2587413239745079,0.4,0.4,5.839267495947459
65842,0.0,0.6193734724587013,0.8,0.8,4.1980444136788435
65842,0.1,0.555935717868485,0.7,0.7,4.1980444136788435
65842,0.2,0.43860856659471054,0.5,0.5,4.1980444136788435
65842,0.3,0.42066929879029125,0.5,0.5,4.419440153831927
65842,0.4,0.32492622790314535,0.4,0.4,4.518770843867418
65842,0.5,0.2868153886874069,0.4,0.4,4.761379718763718
65842,0.6,0.26272836726044774,0.4,0.4,6.10079280343277
162375,0.0,0.5509454122548427,0.5,0.5,5.972130911524482
162375,0.1,0.6048348089384007,0.6,0.6,5.972130911524482
162375,0.2,0.6728812846665807,0.6,0.6,5.972130911524482
162375,0.3,0.6728812846665807,0.6,0.6,6.025357872212578
162375,0.4,0.6701341353281597,0.6,0.6,6.3401500322431215
162375,0.5,0.6343611988032352,0.5,0.5,6.589852872772615
162375,0.6,0.6343611988032352,0.5,0.5,6.7855324229160985
85978,0.0,0.5488546938057919,0.5714285714285714,0.4,2.477187833819084
85978,0.1,0.5488546938057919,0.5714285714285714,0.4,2.5059853734499917
85978,0.2,0.4789236064076178,0.42857142857142855,0.3,2.5059853734499917
85978,0.3,0.4789236064076178,0.42857142857142855,0.3,2.5059853734499913
85978,0.4,0.4789236064076178,0.42857142857142855,0.3,2.681284266519623
85978,0.5,0.43832731113445295,0.42857142857142855,0.3,3.2958500441748533
85978,0.6,0.40979015933317364,0.42857142857142855,0.3,5.134338160962458
199266,0.0,0.6784580292820441,0.7,0.7,2.6489355989549206
199266,0.1,0.6682725635286172,0.7,0.7,2.6489355989549206
199266,0.2,0.6682725635286172,0.7,0.7,2.834440490223319
199266,0.3,0.6599323224758037,0.7,0.7,2.9506482959816442
199266,0.4,0.6544929540379283,0.7,0.7,3.4210898794874405
199266,0.5,0.6544929540379283,0.7,0.7,5.474704015175697
199266,0.6,0.6642855202426773,0.7,0.7,5.978895506419505
185952,0.0,1.0,1.0,1.0,5.275651703557581
185952,0.1,1.0,1.0,1.0,5.412353511092833
185952,0.2,1.0,1.0,1.0,5.4123535110928325
185952,0.3,1.0,1.0,1.0,5.564124931763209
185952,0.4,1.0,1.0,1.0,5.5716609672612085
185952,0.5,1.0,1.0,1.0,5.571660967261208
185952,0.6,1.0,1.0,1.0,6.746053694050373
115840,0.0,0.6778209214352755,0.5,0.5,2.2306870410679256
115840,0.1,0.7378580717413733,0.6,0.6,2.2306870410679256
115840,0.2,0.7329184349726785,0.6,0.6,2.479723680437277
115840,0.3,0.7945616337072288,0.7,0.7,2.7742463232754266
115840,0.4,0.8056490240984634,0.7,0.7,2.9739467975603775
115840,0.5,0.8629390250661401,0.8,0.8,3.7088837583996357
115840,0.6,0.8226356984201277,0.8,0.8,5.103562444391376
31018,0.0,0.25810421612773926,0.2,0.2,2.684991872246541
31018,0.1,0.25810421612773926,0.2,0.2,2.753340398319122
31018,0.2,0.25810421612773926,0.2,0.2,2.829553474834451
31018,0.3,0.26393648411429266,0.2,0.2,2.976184917798726
31018,0.4,0.37382531897306115,0.3,0.3,3.311618019284628
31018,0.5,0.5084546302044863,0.4,0.4,4.243403567797798
31018,0.6,0.5641385827437104,0.4,0.4,5.797198273327887
175794,0.0,0.6889234657543798,0.6666666666666666,0.4,1.996199899050221
175794,0.1,0.6811620532124621,0.6666666666666666,0.4,1.996199899050221
175794,0.2,0.6729808015654855,0.6666666666666666,0.4,1.996199899050221
175794,0.3,0.5909478262486239,0.5,0.3,1.996199899050221
175794,0.4,0.4892946060902224,0.5,0.3,2.8464578688275326
175794,0.5,0.37989503115982964,0.3333333333333333,0.2,4.278220286402186
175794,0.6,0.3512389936123089,0.3333333333333333,0.2,4.971023408480905
148028,0.0,0.5992580643229373,0.5,0.5,3.320953055824391
148028,0.1,0.612844134360483,0.5,0.5,3.320953055824391
148028,0.2,0.6828275741478468,0.6,0.6,3.3628563007477945
148028,0.3,0.7077452428747176,0.6,0.6,3.3628563007477945
148028,0.4,0.7077452428747176,0.6,0.6,3.3628563007477945
148028,0.5,0.7104923922131388,0.6,0.6,3.3628563007477945
148028,0.6,0.6558946103449164,0.5,0.5,4.919934425126273
114537,0.0,0.519879989905432,0.4,0.4,3.574148727268122
114537,0.1,0.5115397488526185,0.4,0.4,3.673361052128721
114537,0.2,0.5115397488526185,0.4,0.4,3.847456648139405
114537,0.3,0.4413007856941648,0.4,0.4,4.043759150507974
114537,0.4,0.3578849991457724,0.5,0.5,4.043759150507974
114537,0.5,0.29444724455555604,0.4,0.4,4.285270872668286
114537,0.6,0.2186315367816388,0.3,0.3,4.894953520070719
44432,0.0,0.46322709678452406,0.5,0.5,2.4502367438735995
44432,0.1,0.4059370958168474,0.4,0.4,2.4502367438735995
44432,0.2,0.2756609823522959,0.3,0.3,2.4502367438736
44432,0.3,0.2756609823522959,0.3,0.3,2.674425682053365
44432,0.4,0.24491104563887164,0.3,0.3,2.8769264954646743
44432,0.5,0.15558668174010043,0.2,0.2,3.4620723494697003
44432,0.6,0.0,0.0,0.0,3.989687762713497
5312,0.0,0.7277232748328937,0.8,0.8,2.8068595591439944
5312,0.1,0.6896124356171551,0.8,0.8,2.8068595591439944
5312,0.2,0.6896124356171551,0.8,0.8,2.806859559143994
5312,0.3,0.49866206399973734,0.5,0.5,3.011917928500022
5312,0.4,0.4059370958168474,0.4,0.4,3.0119179285000217
5312,0.5,0.3153942170954159,0.3,0.3,3.442976795693439
5312,0.6,0.09515663188532462,0.1,0.1,4.793044312164527
72636,0.0,0.6572401033763494,0.7,0.7,2.1227003710676557
72636,0.1,0.6544929540379283,0.7,0.7,2.1227003710676557
72636,0.2,0.646739151986936,0.7,0.7,2.1227003710676557
72636,0.3,0.555952064967414,0.6,0.6,2.2646408966742184
72636,0.4,0.43087111164264724,0.4,0.4,2.2646408966742184
72636,0.5,0.21562383204619817,0.3,0.3,2.784411872713732
72636,0.6,0.13122870694730646,0.2,0.2,3.9714559411851624
123094,0.0,0.6531474610064952,0.5,0.5,4.319836666717483
123094,0.1,0.5958574600388186,0.4,0.4,4.424426811149304
123094,0.2,0.5958574600388186,0.4,0.4,4.424426811149305
123094,0.3,0.5958574600388186,0.4,0.4,4.673288916806451
123094,0.4,0.5826642895499509,0.4,0.4,4.841445879316392
123094,0.5,0.568491780510584,0.4,0.4,5.088890389781435
123094,0.6,0.568491780510584,0.4,0.4,5.940026285545984
64448,0.0,0.0,0.0,0.0,1.722266415967502
64448,0.1,0.0,0.0,0.0,1.722266415967502
64448,0.2,0.0,0.0,0.0,1.8986640919881304
64448,0.3,0.0,0.0,0.0,2.026466554101275
64448,0.4,0.0,0.0,0.0,2.9164618960452957
64448,0.5,0.0,0.0,0.0,3.7799107315000127
64448,0.6,0.0,0.0,0.0,4.28746789748171
47540,0.0,0.9322090476429099,0.9,0.9,3.779177885643635
47540,0.1,0.8721718973368121,0.8,0.8,3.779177885643636
47540,0.2,0.8687712930526933,0.8,0.8,3.856310817898097
47540,0.3,0.9322090476429099,0.9,0.9,3.989415637169798
47540,0.4,0.9263767796563563,0.9,0.9,4.448413973125355
47540,0.5,0.9263767796563563,0.9,0.9,4.5317728092754
47540,0.6,0.8663396293502587,0.8,0.8,5.0946550760860445
174662,0.0,0.7929555852787762,0.7,0.7,4.4834818055641925
174662,0.1,0.7973087830456499,0.7,0.7,4.621787280909087
174662,0.2,0.857999388297445,0.8,0.8,4.621787280909087
174662,0.3,0.8690867786886797,0.8,0.8,5.071055426256594
174662,0.4,0.8690867786886797,0.8,0.8,5.133114509412977
174662,0.5,0.8690867786886797,0.8,0.8,5.216488495114419
174662,0.6,0.8607465376358662,0.8,0.8,5.626888259776234
35873,0.0,0.9427099990323233,0.9,0.9,4.384456304797317
35873,0.1,0.8607465376358662,0.8,0.8,4.384456304797317
35873,0.2,0.8607465376358662,0.8,0.8,4.384456304797317
35873,0.3,0.7843761679538016,0.7,0.7,4.384456304797317
35873,0.4,0.727086166986125,0.6,0.6,4.384456304797316
35873,0.5,0.7104923922131388,0.6,0.6,4.384456304797316
35873,0.6,0.612844134360483,0.5,0.5,5.369815119755882
186035,0.0,0.6535403605551733,0.6,0.6,2.896852303246985
186035,0.1,0.6535403605551733,0.6,0.6,2.896852303246985
186035,0.2,0.5774691294101661,0.6,0.6,2.896852303246985
186035,0.3,0.5442112196304818,0.6,0.6,3.072798422200043
186035,0.4,0.5503589732530216,0.6,0.6,3.7025868551921177
186035,0.5,0.5944558037318306,0.7,0.7,5.56453204422495
186035,0.6,0.6701341353281597,0.6,0.6,6.78544236921997
103360,0.0,0.41971744745893225,0.5,0.3,1.9427260512817377
103360,0.1,0.41392433853061184,0.5,0.3,1.9427260512817377
103360,0.2,0.4093989132926582,0.5,0.3,2.041635672267612
103360,0.3,0.3376844721420708,0.3333333333333333,0.2,2.2342430417938934
103360,0.4,0.37989503115982964,0.3333333333333333,0.2,3.605734303207869
103360,0.5,0.5065267082131062,0.3333333333333333,0.2,5.315923759580838
103360,0.6,0.41305473970168133,0.3333333333333333,0.2,5.794537739451641
88217,0.0,0.32341529035126887,0.25,0.2,3.417983166184647
88217,0.1,0.32341529035126887,0.25,0.2,3.417983166184647
88217,0.2,0.3516450798625575,0.25,0.2,3.8767015308467814
88217,0.3,0.3516450798625575,0.25,0.2,4.262823828104633
88217,0.4,0.3516450798625575,0.25,0.2,4.262823828104633
88217,0.5,0.32341529035126887,0.25,0.2,5.567937145100843
88217,0.6,0.32341529035126887,0.25,0.2,5.745341321604908
40727,0.0,0.34845906590102727,0.2857142857142857,0.2,5.239988389597817
40727,0.1,0.34845906590102727,0.2857142857142857,0.2,6.495237422520501
40727,0.2,0.34845906590102727,0.2857142857142857,0.2,7.712402540786792
40727,0.3,0.34845906590102727,0.2857142857142857,0.2,8.185950292037472
40727,0.4,0.34845906590102727,0.2857142857142857,0.2,8.185950292037472
40727,0.5,0.34845906590102727,0.2857142857142857,0.2,8.185950292037472
40727,0.6,0.34845906590102727,0.2857142857142857,0.2,8.507109620837813
167063,0.0,0.47058799928683825,0.5,0.5,1.5397085520338782
167063,0.1,0.4662348015199647,0.5,0.5,1.6752063816619642
167063,0.2,0.4166986026032803,0.4,0.4,1.6752063816619647
167063,0.3,0.3532608480130639,0.3,0.3,1.9280436048023066
167063,0.4,0.23740145188596992,0.3,0.3,2.5424998101566594
167063,0.5,0.15859438647554103,0.2,0.2,3.0793225835710554
167063,0.6,0.19031326377064925,0.1,0.1,4.533272594020437
148590,0.0,0.6923595849555763,0.7,0.7,2.252537489636944
148590,0.1,0.6923595849555763,0.7,0.7,2.252537489636944
148590,0.2,0.76259854811403,0.7,0.7,2.252537489636944
148590,0.3,0.8226356984201277,0.8,0.8,2.387895411777989
148590,0.4,0.8690867786886797,0.8,0.8,2.7907926232310474
148590,0.5,0.9322090476429099,0.9,0.9,2.990293365627735
148590,0.6,0.8607465376358662,0.8,0.8,4.63997107517921
128695,0.0,0.47485445902354717,0.5714285714285714,0.4,3.6931999137230824
128695,0.1,0.47485445902354717,0.5714285714285714,0.4,3.9984015482183373
128695,0.2,0.4151038938130968,0.42857142857142855,0.3,4.357586113403399
128695,0.3,0.4258944138790334,0.42857142857142855,0.3,5.2104225787147085
128695,0.4,0.4258944138790334,0.42857142857142855,0.3,5.490339164823906
128695,0.5,0.4217434634272524,0.42857142857142855,0.3,7.135757573898691
128695,0.6,0.3360062145456844,0.42857142857142855,0.3,7.830499460385409
104369,0.0,0.6042483699365795,0.6,0.6,4.585796678178196
104369,0.1,0.6103961235591193,0.6,0.6,4.585796678178196
104369,0.2,0.6103961235591193,0.6,0.6,4.585796678178196
104369,0.3,0.6103961235591193,0.6,0.6,4.664496817192329
104369,0.4,0.612588610989393,0.6,0.6,4.84621354205421
104369,0.5,0.5294120007131615,0.5,0.5,7.35971528456006
104369,0.6,0.48476050832620526,0.5,0.5,8.314203006123428
158556,0.0,0.3788319716856323,0.4,0.4,2.6688346333933572
158556,0.1,0.37107816963464,0.4,0.4,2.6688346333933572
158556,0.2,0.37107816963464,0.4,0.4,2.6688346333933572
158556,0.3,0.3788319716856323,0.4,0.4,2.6688346333933572
158556,0.4,0.3788319716856323,0.4,0.4,3.9016177037767945
158556,0.5,0.4031899464784263,0.4,0.4,5.773495364466491
158556,0.6,0.35723154420007486,0.4,0.4,6.648338312852788
66822,0.0,0.1173271512737744,0.2,0.2,5.152849163193208
66822,0.1,0.1173271512737744,0.2,0.2,5.378634019313065
66822,0.2,0.1173271512737744,0.2,0.2,5.378634019313065
66822,0.3,0.1173271512737744,0.2,0.2,5.534670791067233
66822,0.4,0.12508095332476668,0.2,0.2,5.534670791067233
66822,0.5,0.12508095332476668,0.2,0.2,5.757031831016544
66822,0.6,0.14200061170255474,0.2,0.2,6.279920878555858
90521,0.0,0.6421150008542275,0.5,0.5,2.0058542476146597
90521,0.1,0.6994050018219041,0.6,0.6,2.0058542476146597
90521,0.2,0.6994050018219041,0.6,0.6,2.0058542476146597
90521,0.3,0.7594421521280019,0.7,0.7,2.0058542476146597
90521,0.4,0.7169781151453898,0.7,0.7,3.9595420523836764
90521,0.5,0.6916511997709118,0.6,0.6,9.761492947353135
90521,0.6,0.5074856896228024,0.5,0.5,10.67083803846213
5214,0.0,0.3590931159996173,0.3,0.3,2.152649519610379
5214,0.1,0.4105508489807405,0.4,0.4,2.152649519610379
5214,0.2,0.47058799928683825,0.5,0.5,2.1526495196103794
5214,0.3,0.4881611126103239,0.5,0.5,2.1526495196103794
5214,0.4,0.5552986100217163,0.5,0.5,2.212856421813541
5214,0.5,0.7329184349726785,0.6,0.6,2.7360174859894046
5214,0.6,0.5509454122548427,0.5,0.5,3.954854140338926
94527,0.0,0.19031326377064925,0.1,0.1,1.9789028248841187
94527,0.1,0.19031326377064925,0.1,0.1,1.9789028248841187
94527,0.2,0.19031326377064925,0.1,0.1,1.9789028248841187
94527,0.3,0.19031326377064925,0.1,0.1,1.9789028248841187
94527,0.4,0.19031326377064925,0.1,0.1,2.0682134235630536
94527,0.5,0.081963461396457,0.1,0.1,2.7506541164001868
94527,0.6,0.15558668174010043,0.2,0.2,3.53518186128858
190194,0.0,0.45238817608539944,0.4,0.4,2.4555524541094016
190194,0.1,0.45238817608539944,0.4,0.4,2.5312479623934
190194,0.2,0.5096781770530762,0.5,0.5,2.5312479623933997
190194,0.3,0.5090917380512548,0.5,0.5,2.7284027643283544
190194,0.4,0.5152394916737947,0.5,0.5,3.1653570704692924
190194,0.5,0.4903218229469238,0.5,0.5,3.1653570704692924
190194,0.6,0.3008392064761863,0.4,0.4,4.263734763854278
92995,0.0,0.5641385827437104,0.4,0.4,4.313025845405258
92995,0.1,0.5641385827437104,0.4,0.4,4.313025845405258
92995,0.2,0.5641385827437104,0.4,0.4,4.313025845405258
92995,0.3,0.568491780510584,0.4,0.4,4.566458330434626
92995,0.4,0.5435741117837132,0.4,0.4,4.9524257237677345
92995,0.5,0.5392209140168396,0.4,0.4,5.070249323034668
92995,0.6,0.5992580643229373,0.5,0.5,5.267265394757447
119882,0.0,0.6977989533934517,0.6,0.6,2.5057166798828225
119882,0.1,0.7061391944462652,0.6,0.6,2.775249328221199
119882,0.2,0.6999914408237253,0.6,0.6,2.775249328221199
119882,0.3,0.6461020441401674,0.5,0.5,2.912490831375231
119882,0.4,0.5743240484971374,0.4,0.4,3.1241113690833244
119882,0.5,0.4733351486252594,0.4,0.4,3.2287142012670054
119882,0.6,0.3103875643828447,0.2,0.2,4.3938026683409666
127934,0.0,0.69480759575694,0.6,0.6,1.6627765145751077
127934,0.1,0.7564507944914902,0.7,0.7,1.6627765145751077
127934,0.2,0.6991607935238136,0.6,0.6,1.780264550649256
127934,0.3,0.7486969924404979,0.7,0.7,2.1035049059943787
127934,0.4,0.6919666854068982,0.6,0.6,2.1035049059943787
127934,0.5,0.48846025114738134,0.6,0.6,2.780465693315108
127934,0.6,0.36004570948237224,0.5,0.5,4.024153577694335
100329,0.0,0.7951480727090499,0.7,0.7,2.948246536969358
100329,0.1,0.7951480727090499,0.7,0.7,3.4497706435070716
100329,0.2,0.7868078316562364,0.7,0.7,3.907780535805307
100329,0.3,0.7486969924404979,0.7,0.7,5.211628493696352
100329,0.4,0.6784580292820441,0.7,0.7,6.473265730653644
100329,0.5,0.6726257612954908,0.7,0.7,8.120656710606381
100329,0.6,0.6642855202426773,0.7,0.7,9.584215017484407
96742,0.0,0.6171973321273566,0.5,0.5,2.9697833058729066
96742,0.1,0.6171973321273566,0.5,0.5,2.9697833058729066
96742,0.2,0.6171973321273566,0.5,0.5,2.9697833058729066
96742,0.3,0.6171973321273566,0.5,0.5,3.269470064068482
96742,0.4,0.5392209140168396,0.4,0.4,3.269470064068483
96742,0.5,0.5392209140168396,0.4,0.4,3.974309336797804
96742,0.6,0.4268840683567074,0.4,0.4,4.9535834727679795
176955,0.0,0.46014197813639174,0.4,0.4,2.700011227372034
176955,0.1,0.530625149592936,0.5,0.5,2.844216137228759
176955,0.2,0.4791674166118128,0.4,0.4,2.8442161372287593
176955,0.3,0.4689819508583858,0.4,0.4,2.844216137228759
176955,0.4,0.5013379360002626,0.5,0.5,3.0429958358427216
176955,0.5,0.47058799928683825,0.5,0.5,3.536770469884601
176955,0.6,0.5340257538770548,0.6,0.6,4.40013283299642
177954,0.0,0.6544929540379283,0.7,0.7,1.7369311034326482
177954,0.1,0.6572401033763494,0.7,0.7,1.7369311034326482
177954,0.2,0.6572401033763494,0.7,0.7,1.7369311034326482
177954,0.3,0.6572401033763494,0.7,0.7,1.7369311034326482
177954,0.4,0.714530104344026,0.8,0.8,1.7871783477847587
177954,0.5,0.6950518040550305,0.6,0.6,3.7511387704095407
177954,0.6,0.5752766419798925,0.6,0.6,6.0822015501596765
160602,0.0,0.5260113964290429,0.5,0.5,2.5788315465914198
160602,0.1,0.5232642470906218,0.5,0.5,2.5788315465914198
160602,0.2,0.46597424612294513,0.4,0.4,2.6766517784906
160602,0.3,0.4983465783637509,0.5,0.5,3.2943899136007815
160602,0.4,0.42253087058983374,0.4,0.4,3.5340682941836348
160602,0.5,0.23441009424945825,0.3,0.3,5.642595868091816
160602,0.6,0.25035041407674696,0.2,0.2,5.980906009693557
120358,0.0,0.5232642470906218,0.5,0.5,4.294888132578925
120358,0.1,0.5910551994477118,0.6,0.6,4.294888132578926
120358,0.2,0.6510923497538096,0.7,0.7,4.294888132578926
120358,0.3,0.6726257612954908,0.7,0.7,4.452876954419494
120358,0.4,0.6784580292820441,0.7,0.7,4.452876954419494
120358,0.5,0.684605782904584,0.7,0.7,4.452876954419494
120358,0.6,0.7868078316562364,0.7,0.7,5.379643176346663
141079,0.0,0.3064082837114995,0.3333333333333333,0.3,5.043277226898319
141079,0.1,0.3064082837114995,0.3333333333333333,0.3,5.043277226898319
141079,0.2,0.3064082837114995,0.3333333333333333,0.3,5.2076561495261835
141079,0.3,0.3064082837114995,0.3333333333333333,0.3,5.2076561495261835
141079,0.4,0.3064082837114995,0.3333333333333333,0.3,6.75957415399851
141079,0.5,0.3064082837114995,0.3333333333333333,0.3,7.674467520907109
141079,0.6,0.3064082837114995,0.3333333333333333,0.3,7.843119271403073
23260,0.0,0.6224348925687566,0.5,0.4,2.6397563612677253
23260,0.1,0.6601135294812643,0.5,0.4,2.890366640368712
23260,0.2,0.6750603702138264,0.5,0.4,3.1565330129121505
23260,0.3,0.6750603702138264,0.5,0.4,3.3952720156962384
23260,0.4,0.6601135294812643,0.5,0.4,4.07933848102838
23260,0.5,0.5523084326975081,0.5,0.4,4.367647783729199
23260,0.6,0.542859585296289,0.5,0.4,5.220432419462545
170534,0.0,0.8765250951036857,0.8,0.8,1.6968999277953736
170534,0.1,0.8765250951036857,0.8,0.8,1.6968999277953736
170534,0.2,0.8721718973368121,0.8,0.8,1.7913640496175571
170534,0.3,0.7985486769931687,0.7,0.7,2.0590559617322355
170534,0.4,0.6393678515158064,0.6,0.6,2.8266784958418367
170534,0.5,0.381263635388067,0.4,0.4,3.9011376166430836
170534,0.6,0.20543836629277112,0.3,0.3,4.158992535773499
37803,0.0,0.42472335802010747,0.4,0.4,2.1111194899374417
37803,0.1,0.41638311696729396,0.4,0.4,2.1111194899374417
37803,0.2,0.4031899464784263,0.4,0.4,2.1111194899374417
37803,0.3,0.44161627133015113,0.4,0.4,2.5439075124944086
37803,0.4,0.4166986026032803,0.4,0.4,2.79332438895937
37803,0.5,0.34345193470938595,0.4,0.4,4.114585931861085
37803,0.6,0.4490545877451571,0.5,0.5,4.526217242180025
58980,0.0,0.6889589806714576,0.7,0.7,2.1720088982326446
58980,0.1,0.6187363646119328,0.6,0.6,2.1720088982326446
58980,0.2,0.6069955192750006,0.6,0.6,2.309767472622897
58980,0.3,0.5964945678855872,0.6,0.6,2.509488629305392
58980,0.4,0.5016534216362489,0.5,0.5,2.8504518238895806
58980,0.5,0.3973576784918729,0.4,0.4,3.6242744662718342
58980,0.6,0.25074331362542507,0.3,0.3,5.5942790549732075
113216,0.0,0.39235102577930164,0.3,0.3,4.731812648335864
113216,0.1,0.39235102577930164,0.3,0.3,4.731812648335863
113216,0.2,0.45238817608539944,0.4,0.4,5.015188136280632
113216,0.3,0.46597424612294513,0.4,0.4,5.015188136280632
113216,0.4,0.4791674166118128,0.4,0.4,5.329406137376573
113216,0.5,0.5826642895499509,0.4,0.4,5.573246802698801
113216,0.6,0.5826642895499509,0.4,0.4,6.903405419575115
114565,0.0,0.4689819508583858,0.4,0.4,10.1928160274728
114565,0.1,0.4689819508583858,0.4,0.4,10.6228283999297
114565,0.2,0.5392209140168396,0.4,0.4,10.870373301527167
114565,0.3,0.5641385827437104,0.4,0.4,11.133760511647377
114565,0.4,0.5641385827437104,0.4,0.4,11.202210329074584
114565,0.5,0.5641385827437104,0.4,0.4,11.277817770785976
114565,0.6,0.5392209140168396,0.4,0.4,11.322563668483097
193486,0.0,0.547544807970724,0.5,0.5,7.700868989096517
193486,0.1,0.547544807970724,0.5,0.5,7.700868989096517
193486,0.2,0.547544807970724,0.5,0.5,7.700868989096517
193486,0.3,0.547544807970724,0.5,0.5,8.04166154180984
193486,0.4,0.547544807970724,0.5,0.5,8.68948767741406
193486,0.5,0.547544807970724,0.5,0.5,9.182693960158645
193486,0.6,0.547544807970724,0.5,0.5,9.410865542848631
78450,0.0,0.44841747989838854,0.3,0.3,4.036917292136579
78450,0.1,0.5041014324376127,0.4,0.4,4.036917292136579
78450,0.2,0.5118552344886049,0.4,0.4,4.234991836428585
78450,0.3,0.5362132092813989,0.4,0.4,4.234991836428585
78450,0.4,0.5362132092813989,0.4,0.4,4.234991836428585
78450,0.5,0.55774662082308,0.4,0.4,4.44374100412705
78450,0.6,0.5958574600388186,0.4,0.4,5.815031330368855
182227,0.0,0.45238817608539944,0.4,0.4,2.8923003845744946
182227,0.1,0.36743335705243085,0.3,0.3,2.8923003845744946
182227,0.2,0.3489076502461903,0.3,0.3,3.05026806044122
182227,0.3,0.33571447975732266,0.3,0.3,3.05026806044122
182227,0.4,0.38157912102405345,0.4,0.4,3.1649218055620514
182227,0.5,0.3317274364713827,0.3,0.3,4.033146990437602
182227,0.6,0.34006767752419625,0.3,0.3,6.8476339160182915
94881,0.0,0.684605782904584,0.7,0.7,3.7811284422478857
94881,0.1,0.684605782904584,0.7,0.7,3.9689541493016995
94881,0.2,0.6760263655796095,0.7,0.7,3.9689541493016995
94881,0.3,0.6760263655796095,0.7,0.7,3.968954149301699
94881,0.4,0.6787735149180306,0.7,0.7,4.130135283871089
94881,0.5,0.684605782904584,0.7,0.7,6.18812515357797
94881,0.6,0.6889589806714576,0.7,0.7,8.302222687964399
94400,0.0,0.36563880119676473,0.5,0.5,4.277747524749615
94400,0.1,0.4256759515028624,0.6,0.6,4.277747524749615
94400,0.2,0.4256759515028624,0.6,0.6,4.792852180922461
94400,0.3,0.4315082194894158,0.6,0.6,5.53770758456699
94400,0.4,0.3819720205727315,0.5,0.5,5.752276589867674
94400,0.5,0.3819720205727315,0.5,0.5,6.172972009177965
94400,0.6,0.39638873791018897,0.5,0.5,7.2863101557263
22610,0.0,0.5983058112302518,0.6,0.3,1.913155364475659
22610,0.1,0.5983058112302518,0.6,0.3,2.004470506335601
22610,0.2,0.5983058112302518,0.6,0.3,2.1102035696008534
22610,0.3,0.5983058112302518,0.6,0.3,2.3195894220705577
22610,0.4,0.5788417167007833,0.6,0.3,2.3195894220705577
22610,0.5,0.6097451188789059,0.8,0.4,3.3890834936296224
22610,0.6,0.41812634493954787,0.8,0.4,4.840368380501747
139872,0.0,0.5266648513747405,0.6,0.6,2.1601367924210195
139872,0.1,0.5310180491416141,0.6,0.6,2.290942416361954
139872,0.2,0.5617843329539673,0.6,0.6,2.7486531990910614
139872,0.3,0.5010937277021721,0.5,0.5,2.7486531990910614
139872,0.4,0.5392045669179105,0.5,0.5,4.029238509559501
139872,0.5,0.6257817814782607,0.5,0.5,6.450726299186336
139872,0.6,0.5607379784595917,0.4,0.4,7.909874008498429
92346,0.0,0.26393648411429266,0.2,0.2,2.804943227970616
92346,0.1,0.26393648411429266,0.2,0.2,2.804943227970616
92346,0.2,0.26393648411429266,0.2,0.2,3.306024632354633
92346,0.3,0.2722767251671062,0.2,0.2,3.4582819533194007
92346,0.4,0.25810421612773926,0.2,0.2,3.4582819533194
92346,0.5,0.18351205520241193,0.2,0.2,4.00422511518313
92346,0.6,0.17736430157987212,0.2,0.2,6.372117353221684
2732,0.0,0.6109825625609405,0.6,0.6,2.171493457738008
2732,0.1,0.6682725635286172,0.7,0.7,2.4629911122669688
2732,0.2,0.6109825625609405,0.6,0.6,2.462991112266969
2732,0.3,0.5426051712020292,0.5,0.5,2.4629911122669688
2732,0.4,0.5290191011644836,0.5,0.5,3.1284407126732248
2732,0.5,0.46597424612294513,0.4,0.4,4.649438934731203
2732,0.6,0.3676775653505214,0.3,0.3,5.790284248951093
161427,0.0,0.4791674166118128,0.4,0.4,5.995963081147418
161427,0.1,0.4791674166118128,0.4,0.4,5.995963081147418
161427,0.2,0.46597424612294513,0.4,0.4,6.135065142963448
161427,0.3,0.4791674166118128,0.4,0.4,6.135065142963449
161427,0.4,0.5494063797702665,0.4,0.4,6.57328617626694
161427,0.5,0.5435741117837132,0.4,0.4,6.870188731360881
161427,0.6,0.5303809412948455,0.4,0.4,7.061001726197027
33160,0.0,0.8228799067182183,0.8,0.8,2.4575323023343763
33160,0.1,0.7628427564121205,0.7,0.7,2.4575323023343763
33160,0.2,0.7628427564121205,0.7,0.7,2.4575323023343763
33160,0.3,0.7021521511603253,0.6,0.6,2.592955338205031
33160,0.4,0.603611262089811,0.5,0.5,2.722273583909037
33160,0.5,0.4136908978678397,0.4,0.4,3.807136747449968
33160,0.6,0.3957516300634204,0.4,0.4,4.979947747597962
110,0.0,0.45945017664631377,0.375,0.3,2.2417387398790565
110,0.1,0.45945017664631377,0.375,0.3,2.2417387398790565
110,0.2,0.45945017664631377,0.375,0.3,2.8794878198991958
110,0.3,0.4162735464024632,0.375,0.3,2.879487819899196
110,0.4,0.3914327334987913,0.375,0.3,3.871809993034835
110,0.5,0.2874802580900168,0.25,0.2,6.656662226406889
110,0.6,0.2874802580900168,0.25,0.2,7.1376712004729725
54625,0.0,0.4733351486252594,0.4,0.4,4.0078001472968685
54625,0.1,0.5290191011644836,0.5,0.5,4.28835947907036
54625,0.2,0.6082354132225194,0.6,0.6,4.28835947907036
54625,0.3,0.6109825625609405,0.6,0.6,4.430402226860155
54625,0.4,0.6153357603278141,0.6,0.6,4.636401935735775
54625,0.5,0.612588610989393,0.6,0.6,4.831770684880119
54625,0.6,0.6828275741478468,0.6,0.6,5.410573235313253
108852,0.0,0.5579908291211706,0.4,0.4,3.6196962698957025
108852,0.1,0.5007008281534939,0.3,0.3,3.6757475923356857
108852,0.2,0.5007008281534939,0.3,0.3,3.8712072988553268
108852,0.3,0.5579908291211706,0.4,0.4,4.0013821963631715
108852,0.4,0.5607379784595917,0.4,0.4,4.0013821963631715
108852,0.5,0.55774662082308,0.4,0.4,4.57883617451889
108852,0.6,0.4875076576646263,0.4,0.4,4.723684290803218
4439,0.0,0.8663396293502587,0.8,0.8,2.808803949290968
4439,0.1,0.8663396293502587,0.8,0.8,2.911708355432484
4439,0.2,0.8629390250661401,0.8,0.8,2.911708355432484
4439,0.3,0.8663396293502587,0.8,0.8,3.0053252262167796
4439,0.4,0.8629390250661401,0.8,0.8,3.0053252262167796
4439,0.5,0.8414056135244589,0.8,0.8,3.0053252262167796
4439,0.6,0.7360635158857073,0.8,0.8,4.691326079209706
114162,0.0,0.3000085591762745,0.4,0.4,2.1851195820450364
114162,0.1,0.2966079548921558,0.4,0.4,2.1851195820450364
114162,0.2,0.3578849991457724,0.5,0.5,2.185119582045037
114162,0.3,0.45304163103109707,0.5,0.5,2.185119582045037
114162,0.4,0.38401078472648814,0.3,0.3,2.439279698416811
114162,0.5,0.46558134657426714,0.4,0.4,3.800508907057753
114162,0.6,0.522040700242032,0.4,0.4,5.908133435173717
22712,0.0,0.32956672613478283,0.3,0.3,2.0340005155277723
22712,0.1,0.34275989662365053,0.3,0.3,2.0340005155277723
22712,0.2,0.3455070459620716,0.3,0.3,2.0340005155277723
22712,0.3,0.43087111164264724,0.4,0.4,2.0340005155277723
22712,0.4,0.5583837286698486,0.6,0.6,2.0340005155277723
22712,0.5,0.547544807970724,0.5,0.5,2.1980162708193998
22712,0.6,0.44404793503258594,0.4,0.4,4.053223294171239
200904,0.0,0.0,0.0,0.0,4.017614395037734
200904,0.1,0.0,0.0,0.0,4.1259225257923635
200904,0.2,0.06993108739817411,0.14285714285714285,0.1,4.1259225257923635
200904,0.3,0.07328439752622512,0.14285714285714285,0.1,4.4482885838397745
200904,0.4,0.07328439752622512,0.14285714285714285,0.1,4.448288583839774
200904,0.5,0.07328439752622512,0.14285714285714285,0.1,4.825170150008406
200904,0.6,0.07328439752622512,0.14285714285714285,0.1,5.06666499307962
114647,0.0,0.5041014324376127,0.4,0.4,5.854329140149535
114647,0.1,0.5041014324376127,0.4,0.4,5.854329140149535
114647,0.2,0.5041014324376127,0.4,0.4,6.096158712615851
114647,0.3,0.5041014324376127,0.4,0.4,6.096158712615851
114647,0.4,0.5041014324376127,0.4,0.4,6.478910284055902
114647,0.5,0.5041014324376127,0.4,0.4,7.482448700155776
114647,0.6,0.5041014324376127,0.4,0.4,7.755183040957218
195983,0.0,0.5826642895499509,0.4,0.4,5.456499027067301
195983,0.1,0.5826642895499509,0.4,0.4,5.658026336548586
195983,0.2,0.6427014398560487,0.5,0.5,5.658026336548586
195983,0.3,0.650455241907041,0.5,0.5,5.715383058527266
195983,0.4,0.7077452428747176,0.6,0.6,6.010514935951715
195983,0.5,0.6994050018219041,0.6,0.6,6.010514935951714
195983,0.6,0.6744873330950333,0.6,0.6,6.843818195425603
32978,0.0,0.6285289308166818,0.5,0.5,2.4267655462228763
32978,0.1,0.6257817814782607,0.5,0.5,2.537913099128171
32978,0.2,0.5641385827437104,0.4,0.4,2.641891855328451
32978,0.3,0.5358203097327209,0.4,0.4,2.7187463402448957
32978,0.4,0.5226271392438532,0.4,0.4,2.882772703126373
32978,0.5,0.3590931159996173,0.3,0.3,4.851976452880408
32978,0.6,0.3273742387045091,0.3,0.3,6.025244853647792
153871,0.0,0.5774691294101661,0.6,0.6,2.458392316414648
153871,0.1,0.5774691294101661,0.6,0.6,2.458392316414648
153871,0.2,0.5201791284424895,0.5,0.5,2.458392316414648
153871,0.3,0.5201791284424895,0.5,0.5,2.573108196421333
153871,0.4,0.511838887389676,0.5,0.5,2.573108196421333
153871,0.5,0.5333722989313572,0.5,0.5,3.436790856190753
153871,0.6,0.6040041616384889,0.5,0.5,4.634291621780001
155678,0.0,0.4485078333221767,0.42857142857142855,0.3,3.5309987299458343
155678,0.1,0.43832731113445295,0.42857142857142855,0.3,3.7994485473730406
155678,0.2,0.4312081483589565,0.42857142857142855,0.3,4.295614489381173
155678,0.3,0.4616239214443976,0.42857142857142855,0.3,5.186373695323977
155678,0.4,0.4616239214443976,0.42857142857142855,0.3,6.842596105300648
155678,0.5,0.5473611703259657,0.42857142857142855,0.3,7.269407687118743
155678,0.6,0.5473611703259657,0.42857142857142855,0.3,7.644113834308915
36764,0.0,0.34305903516070785,0.4,0.4,3.7443250284828364
36764,0.1,0.3606321484841935,0.4,0.4,3.858503216102566
36764,0.2,0.37081761423762055,0.4,0.4,3.858503216102566
36764,0.3,0.37081761423762055,0.4,0.4,3.858503216102566
36764,0.4,0.4308547645437183,0.5,0.5,3.858503216102566
36764,0.5,0.4308547645437183,0.5,0.5,3.9741383855258454
36764,0.6,0.5476118239146005,0.6,0.6,4.805722231467838
56827,0.0,0.1200743006121955,0.1,0.1,5.225660037649073
56827,0.1,0.1200743006121955,0.1,0.1,5.225660037649072
56827,0.2,0.1200743006121955,0.1,0.1,5.507373631934091
56827,0.3,0.1200743006121955,0.1,0.1,5.900578382562909
56827,0.4,0.1200743006121955,0.1,0.1,6.160090774822047
56827,0.5,0.19031326377064925,0.1,0.1,6.676339490819428
56827,0.6,0.19031326377064925,0.1,0.1,6.978683905123037
102061,0.0,0.6572401033763494,0.7,0.7,2.3741075857897247
102061,0.1,0.6323224346494786,0.7,0.7,2.3741075857897247
102061,0.2,0.6323224346494786,0.7,0.7,2.609225238388732
102061,0.3,0.6323224346494786,0.7,0.7,2.6092252383887327
102061,0.4,0.5910551994477118,0.6,0.6,2.7827314324935677
102061,0.5,0.44404793503258594,0.4,0.4,3.3058924966694314
102061,0.6,0.24491104563887164,0.3,0.3,4.296284307870254
80813,0.0,0.8484155635300925,0.8571428571428571,0.6,1.7577301104519023
80813,0.1,0.8537292980100157,0.8571428571428571,0.6,1.845445086667155
80813,0.2,0.8484155635300925,0.8571428571428571,0.6,1.8454450866671555
80813,0.3,0.8484155635300925,0.8571428571428571,0.6,1.8785996169304067
80813,0.4,0.771365313356422,0.7142857142857143,0.5,2.255911196416162
80813,0.5,0.7672143629046411,0.7142857142857143,0.5,3.0530995421569305
80813,0.6,0.6650077157728009,0.7142857142857143,0.5,3.487509655964957
143088,0.0,0.5867020016808382,0.6,0.6,2.702931099137122
143088,0.1,0.5774691294101661,0.6,0.6,2.7029310991371216
143088,0.2,0.5774691294101661,0.6,0.6,2.7029310991371216
143088,0.3,0.49090826194874504,0.5,0.5,2.702931099137122
143088,0.4,0.3590931159996173,0.3,0.3,2.702931099137122
143088,0.5,0.3153942170954159,0.3,0.3,2.9609169270584044
143088,0.6,0.19031326377064925,0.1,0.1,4.264353457480359
142831,0.0,0.45424974788494193,0.3,0.3,2.231749514074261
142831,0.1,0.38401078472648814,0.3,0.3,2.2317495140742616
142831,0.2,0.3590931159996173,0.3,0.3,2.406262603471313
142831,0.3,0.4352243094095209,0.4,0.4,2.460933570929555
142831,0.4,0.44105657739607423,0.4,0.4,3.684848099047913
142831,0.5,0.5494063797702665,0.4,0.4,6.281496232251963
142831,0.6,0.5096781770530762,0.5,0.5,7.79022218543056
122464,0.0,0.7469304347363306,0.625,0.5,2.6070013754796992
122464,0.1,0.7430778133613488,0.625,0.5,2.655114525416638
122464,0.2,0.7399655058485648,0.625,0.5,2.941345620680864
122464,0.3,0.6750603702138264,0.5,0.4,3.507134958496214
122464,0.4,0.6750603702138264,0.5,0.4,4.400856608719101
122464,0.5,0.6506646820800452,0.5,0.4,4.830849146032065
122464,0.6,0.6074880518361946,0.5,0.4,5.741811879173695
90511,0.0,0.15558668174010043,0.2,0.2,2.6073035767923645
90511,0.1,0.21287668270777707,0.3,0.3,2.6073035767923645
90511,0.2,0.23441009424945825,0.3,0.3,2.6738988517737368
90511,0.3,0.23441009424945825,0.3,0.3,2.8977878459482875
90511,0.4,0.23715724358787935,0.3,0.3,2.9889139341444304
90511,0.5,0.4031899464784263,0.4,0.4,5.333100819649773
90511,0.6,0.4791674166118128,0.4,0.4,8.86779171848927
148212,0.0,0.713184611312593,0.6,0.6,3.397520881481614
148212,0.1,0.703392045107844,0.6,0.6,3.626551398952278
148212,0.2,0.6701341353281597,0.6,0.6,3.626551398952278
148212,0.3,0.602642321508127,0.6,0.6,3.9301161166214165
148212,0.4,0.5972029530702516,0.6,0.6,3.9301161166214156
148212,0.5,0.5232642470906218,0.5,0.5,4.846691858835532
148212,0.6,0.46014197813639174,0.4,0.4,5.5988381604973
23367,0.0,0.49251431037719756,0.5,0.5,2.417761192562289
23367,0.1,0.48692121866280513,0.5,0.5,2.668397277351765
23367,0.2,0.42253087058983374,0.4,0.4,2.7622310427788674
23367,0.3,0.4089448005522881,0.4,0.4,3.1394622695849845
23367,0.4,0.32956672613478283,0.3,0.3,3.5938217106848995
23367,0.5,0.26393648411429266,0.2,0.2,4.114180463896788
23367,0.6,0.32154197071795565,0.3,0.3,4.278840881143274
107758,0.0,0.6778257108325562,0.7142857142857143,0.5,2.414325341999389
107758,0.1,0.6778257108325562,0.7142857142857143,0.5,2.414325341999389
107758,0.2,0.6778257108325562,0.7142857142857143,0.5,2.540232068684713
107758,0.3,0.6778257108325562,0.7142857142857143,0.5,2.540232068684713
107758,0.4,0.5848961061869032,0.5714285714285714,0.4,2.8261600580637483
107758,0.5,0.4624215617681276,0.5714285714285714,0.4,3.2035414774425113
107758,0.6,0.1860841093651832,0.2857142857142857,0.2,4.336420560775496
45523,0.0,0.522040700242032,0.4,0.4,2.007805001612774
45523,0.1,0.5142868981910397,0.4,0.4,2.176969866582313
45523,0.2,0.5226271392438532,0.4,0.4,2.176969866582313
45523,0.3,0.37817851673993474,0.3,0.3,2.4332843231850534
45523,0.4,0.3317274364713827,0.3,0.3,2.794430865885056
45523,0.5,0.20485192729094986,0.3,0.3,3.8075003409700114
45523,0.6,0.15558668174010043,0.2,0.2,5.0123059919865645
114725,0.0,0.8585858272992664,0.8,0.8,2.754200138064853
114725,0.1,0.8585858272992664,0.8,0.8,2.9948461067638688
114725,0.2,0.8312201477710319,0.8,0.8,3.3026070099468177
114725,0.3,0.7739301468033551,0.7,0.7,3.6105218829999552
114725,0.4,0.7462653287380632,0.7,0.7,3.795675227363956
114725,0.5,0.6082354132225194,0.6,0.6,4.137784706625636
114725,0.6,0.5447976586323029,0.5,0.5,4.391889979713188
198689,0.0,0.6247965183039718,0.5714285714285714,0.4,2.2811731614873
198689,0.1,0.6247965183039718,0.5714285714285714,0.4,2.2811731614873
198689,0.2,0.6247965183039718,0.5714285714285714,0.4,2.63703424090443
198689,0.3,0.6153318333722676,0.5714285714285714,0.4,3.305009420253189
198689,0.4,0.5295945844906996,0.5714285714285714,0.4,4.482948353837181
198689,0.5,0.48307455685939876,0.5714285714285714,0.4,8.22517168343454
198689,0.6,0.3722352693723128,0.5714285714285714,0.4,8.952178335908956
62354,0.0,0.14038609443307223,0.2,0.1,2.3130169856628346
62354,0.1,0.14038609443307223,0.2,0.1,2.4368814768290448
62354,0.2,0.12092199990360374,0.2,0.1,2.644531916089405
62354,0.3,0.10861750945625488,0.2,0.1,3.0330821959824203
62354,0.4,0.18858683557968928,0.4,0.2,3.192607398760223
62354,0.5,0.08857376396551761,0.2,0.1,3.5864016659315467
62354,0.6,0.09359072962204816,0.2,0.1,4.431083291540747
198228,0.0,0.7190131876516085,0.5555555555555556,0.5,5.272777338855646
198228,0.1,0.7190131876516085,0.5555555555555556,0.5,5.272777338855646
198228,0.2,0.7190131876516085,0.5555555555555556,0.5,5.549091322788245
198228,0.3,0.7190131876516085,0.5555555555555556,0.5,7.3185889176101595
198228,0.4,0.7190131876516085,0.5555555555555556,0.5,7.625599537278987
198228,0.5,0.7190131876516085,0.5555555555555556,0.5,8.462264135061474
198228,0.6,0.703979392471845,0.5555555555555556,0.5,8.903782947625185
197297,0.0,0.6153357603278141,0.6,0.6,5.136263104960329
197297,0.1,0.6153357603278141,0.6,0.6,5.136263104960329
197297,0.2,0.6187363646119328,0.6,0.6,5.433209668145517
197297,0.3,0.5972029530702516,0.6,0.6,6.255331370695693
197297,0.4,0.6674419162287054,0.6,0.6,7.361281780803533
197297,0.5,0.6674419162287054,0.6,0.6,8.17390477503733
197297,0.6,0.6103961235591193,0.6,0.6,8.626200951973775
183514,0.0,0.44161627133015113,0.4,0.4,2.0846962781068887
183514,0.1,0.44161627133015113,0.4,0.4,2.184729023572525
183514,0.2,0.5176875024751584,0.4,0.4,2.184729023572525
183514,0.3,0.5330731603942997,0.4,0.4,2.184729023572525
183514,0.4,0.5007008281534939,0.3,0.3,2.383728626130506
183514,0.5,0.42472335802010747,0.4,0.4,4.1997907607427605
183514,0.6,0.381263635388067,0.4,0.4,5.786380906222715
8337,0.0,0.06343775459021642,0.1,0.1,4.103200646924838
8337,0.1,0.06343775459021642,0.1,0.1,4.103200646924838
8337,0.2,0.07362322034364344,0.1,0.1,4.380140165408875
8337,0.3,0.09515663188532462,0.1,0.1,4.380140165408875
8337,0.4,0.09515663188532462,0.1,0.1,5.337747315623334
8337,0.5,0.1200743006121955,0.1,0.1,6.641727282789901
8337,0.6,0.19031326377064925,0.1,0.1,6.783089124952726
29550,0.0,0.3110246722296133,0.4,0.4,2.6457189352150485
29550,0.1,0.3051924042430599,0.4,0.4,2.6457189352150485
29550,0.2,0.3008392064761863,0.4,0.4,2.6457189352150485
29550,0.3,0.3008392064761863,0.4,0.4,3.0434211350569735
29550,0.4,0.3051924042430599,0.4,0.4,3.6555016393112054
29550,0.5,0.3051924042430599,0.4,0.4,4.974291151302702
29550,0.6,0.3193649132824269,0.4,0.4,6.805381790281791
183463,0.0,1.0,1.0,1.0,3.4929603585340088
183463,0.1,1.0,1.0,1.0,3.4929603585340088
183463,0.2,1.0,1.0,1.0,3.72072074019474
183463,0.3,0.9427099990323233,0.9,0.9,3.976525870960163
183463,0.4,0.9322090476429099,0.9,0.9,3.976525870960163
183463,0.5,0.9180365386035428,0.9,0.9,3.976525870960163
183463,0.6,0.8799256993878044,0.9,0.9,4.434898143784325
33540,0.0,0.7871233172922227,0.7,0.7,4.529222499172969
33540,0.1,0.7871233172922227,0.7,0.7,4.83558245212434
33540,0.2,0.7871233172922227,0.7,0.7,5.020886637243311
33540,0.3,0.7797624147899086,0.7,0.7,5.141673932496974
33540,0.4,0.7329184349726785,0.6,0.6,5.141673932496974
33540,0.5,0.7163246601996921,0.6,0.6,5.141673932496974
33540,0.6,0.7163246601996921,0.6,0.6,10.2159466200755
54542,0.0,0.7418957838722606,0.8,0.8,3.853606922355547
54542,0.1,0.7462489816391342,0.8,0.8,4.118416081150141
54542,0.2,0.7462489816391342,0.8,0.8,4.257914697218904
54542,0.3,0.7462489816391342,0.8,0.8,4.473140428078779
54542,0.4,0.7462489816391342,0.8,0.8,4.66086359523962
54542,0.5,0.7496495859232529,0.8,0.8,4.838651736517671
54542,0.6,0.7496495859232529,0.8,0.8,5.500353304907377
200007,0.0,0.6461020441401674,0.5,0.5,1.8693036209109146
200007,0.1,0.6427014398560487,0.5,0.5,1.8693036209109146
200007,0.2,0.6399542905176275,0.5,0.5,2.0032065985243017
200007,0.3,0.6399542905176275,0.5,0.5,2.0650061224448057
200007,0.4,0.5743240484971374,0.4,0.4,2.098844071263331
200007,0.5,0.5860648938340697,0.5,0.5,2.7801174036349257
200007,0.6,0.37081761423762055,0.4,0.4,4.251815452633429
191565,0.0,0.6886162308984927,0.5714285714285714,0.4,2.072163358494534
191565,0.1,0.6939299653784159,0.5714285714285714,0.4,2.3017253879558215
191565,0.2,0.7811607377398101,0.7142857142857143,0.5,2.3017253879558215
191565,0.3,0.8006183024137209,0.7142857142857143,0.5,2.4634857736058846
191565,0.4,0.8172021501209213,0.7142857142857143,0.5,2.4634857736058846
191565,0.5,0.7619006284247178,0.7142857142857143,0.5,3.5359090146691314
191565,0.6,0.6078275727924357,0.5714285714285714,0.4,5.811718102012332
64119,0.0,0.5613914334052894,0.5,0.5,3.6884883083198288
64119,0.1,0.5715768991587163,0.5,0.5,3.818357668010004
64119,0.2,0.5931103107003975,0.5,0.5,3.818357668010004
64119,0.3,0.6214285837113871,0.5,0.5,3.818357668010004
64119,0.4,0.5641385827437104,0.4,0.4,4.147196105200497
64119,0.5,0.6180279794272684,0.5,0.5,4.5157661178561055
64119,0.6,0.6257817814782607,0.5,0.5,5.9343845033268705
171545,0.0,0.37042471468894245,0.3,0.3,2.0113671240577635
171545,0.1,0.37042471468894245,0.3,0.3,2.0113671240577635
171545,0.2,0.37382531897306115,0.3,0.3,2.2347915362758974
171545,0.3,0.45238817608539944,0.4,0.4,2.4790206379520336
171545,0.4,0.5688846800592621,0.6,0.6,2.4790206379520336
171545,0.5,0.5620834714910248,0.7,0.7,4.221210262131461
171545,0.6,0.7739301468033551,0.7,0.7,6.25980897379181
30888,0.0,0.7841156125567822,0.7,0.7,1.9246223390822734
30888,0.1,0.7591979438299113,0.7,0.7,2.0107353586068806
30888,0.2,0.6914069914728213,0.6,0.6,2.1922000408580913
30888,0.3,0.6812215257193943,0.6,0.6,2.192200040858091
30888,0.4,0.6643018673416062,0.6,0.6,2.6861989814866716
30888,0.5,0.46014197813639174,0.4,0.4,3.3754797611591902
30888,0.6,0.37817851673993474,0.3,0.3,5.557505763163445
82416,0.0,0.5523084326975081,0.5,0.4,4.202310302572032
82416,0.1,0.5523084326975081,0.5,0.4,4.320907880618071
82416,0.2,0.6203258758450306,0.625,0.5,4.320907880618071
82416,0.3,0.6876789290063113,0.75,0.6,4.320907880618071
82416,0.4,0.7491950880334329,0.75,0.6,4.320907880618071
82416,0.5,0.7037538044924799,0.625,0.5,4.53405145521825
82416,0.6,0.6999011831174983,0.625,0.5,5.567688971063814
178706,0.0,0.5725294926414713,0.6,0.6,3.4571938889350604
178706,0.1,0.5752766419798925,0.6,0.6,3.4571938889350613
178706,0.2,0.6812215257193943,0.6,0.6,3.6805783723354764
178706,0.3,0.6828275741478468,0.6,0.6,3.9200988364867237
178706,0.4,0.6991607935238136,0.6,0.6,4.148274827895293
178706,0.5,0.8056490240984634,0.7,0.7,4.398784294730456
178706,0.6,0.8687712930526933,0.8,0.8,4.6122002883143445
32289,0.0,0.6211680283143675,0.6,0.6,2.604262846610045
32289,0.1,0.6245686325984862,0.6,0.6,2.604262846610045
32289,0.2,0.6245686325984862,0.6,0.6,2.604262846610045
32289,0.3,0.6923595849555763,0.7,0.7,2.604262846610045
32289,0.4,0.6889589806714576,0.7,0.7,2.6042628466100446
32289,0.5,0.6923595849555763,0.7,0.7,4.4750880917129345
32289,0.6,0.6289218303653598,0.6,0.6,4.681221141003059
194937,0.0,0.9365622454097835,0.9,0.9,8.029597313449752
194937,0.1,0.9399628496939022,0.9,0.9,8.197446632594428
194937,0.2,1.0,1.0,1.0,8.197446632594428
194937,0.3,1.0,1.0,1.0,8.300113427640634
194937,0.4,1.0,1.0,1.0,8.300113427640635
194937,0.5,1.0,1.0,1.0,8.515073087214429
194937,0.6,1.0,1.0,1.0,9.667573826574747
9489,0.0,0.31912168830816784,0.4444444444444444,0.4,1.9155649374733374
9489,0.1,0.33815115423388586,0.4444444444444444,0.4,1.9155649374733374
9489,0.2,0.3609931857852483,0.4444444444444444,0.4,1.9155649374733374
9489,0.3,0.44623404782181325,0.5555555555555556,0.5,2.145160689075448
9489,0.4,0.4652635137475313,0.5555555555555556,0.5,4.209877972780263
9489,0.5,0.6320686750437109,0.4444444444444444,0.4,6.498513134330901
9489,0.6,0.6928402813982462,0.5555555555555556,0.5,7.4134206417197905
134876,0.0,0.19435097590153647,0.3,0.3,2.5624213282367485
134876,0.1,0.13706097493385985,0.2,0.2,2.5624213282367485
134876,0.2,0.14540121598667338,0.2,0.2,2.562421328236748
134876,0.3,0.14540121598667338,0.2,0.2,3.0865024233557543
134876,0.4,0.16294758424241465,0.2,0.2,4.326014889401948
134876,0.5,0.16294758424241465,0.2,0.2,6.1783970733410625
134876,0.6,0.16877985222896807,0.2,0.2,6.6477786242289785
116098,0.0,0.814233937797206,0.8571428571428571,0.6,2.3992609541296606
116098,0.1,0.814233937797206,0.8571428571428571,0.6,2.3992609541296606
116098,0.2,0.7582492252342009,0.7142857142857143,0.5,2.6615712155073226
116098,0.3,0.7439177525946963,0.7142857142857143,0.5,2.9117122619435145
116098,0.4,0.6540495073612707,0.5714285714285714,0.4,3.035827953988372
116098,0.5,0.4950278609534775,0.42857142857142855,0.3,4.102528557292836
116098,0.6,0.42222305658859327,0.42857142857142855,0.3,5.076499116578069
152894,0.0,0.7951480727090499,0.7,0.7,3.568586334289845
152894,0.1,0.7378580717413733,0.6,0.6,3.568586334289845
152894,0.2,0.7372716327395521,0.6,0.6,3.568586334289845
152894,0.3,0.7945616337072288,0.7,0.7,4.148170786701418
152894,0.4,0.684605782904584,0.7,0.7,4.148170786701417
152894,0.5,0.6818586335661628,0.7,0.7,5.06791832467021
152894,0.6,0.6642855202426773,0.7,0.7,7.145057130617969
181636,0.0,0.522040700242032,0.4,0.4,2.3978241212994424
181636,0.1,0.522040700242032,0.4,0.4,3.102575467419706
181636,0.2,0.522040700242032,0.4,0.4,5.004054523952545
181636,0.3,0.5854784548322485,0.5,0.5,5.734251439758979
181636,0.4,0.656940964839292,0.6,0.6,7.396267138311882
181636,0.5,0.6377618030873539,0.5,0.5,9.953121108891834
181636,0.6,0.5958574600388186,0.4,0.4,10.879827313711736
142493,0.0,0.8096867362293506,0.9,0.9,2.6367741918150696
142493,0.1,0.8096867362293506,0.9,0.9,2.8091754630523984
142493,0.2,0.8096867362293506,0.9,0.9,2.8091754630523984
142493,0.3,0.8096867362293506,0.9,0.9,2.9864339971669853
142493,0.4,0.9048433681146754,0.9,0.9,2.9864339971669858
142493,0.5,0.9322090476429099,0.9,0.9,4.728359546740488
142493,0.6,1.0,1.0,1.0,6.451021999674916
155562,0.0,0.5047385402843813,0.5,0.5,2.2316413855218213
155562,0.1,0.5047385402843813,0.5,0.5,2.2316413855218213
155562,0.2,0.5047385402843813,0.5,0.5,2.387945139448953
155562,0.3,0.5691288883573526,0.6,0.6,2.5992872025615528
155562,0.4,0.5938023487861329,0.6,0.6,3.1220341744508113
155562,0.5,0.684605782904584,0.7,0.7,4.979914506167943
155562,0.6,0.8448062178085776,0.8,0.8,6.0738251022734655
29324,0.0,0.5420274817461193,0.5714285714285714,0.4,1.984637737353225
29324,0.1,0.49917881140525855,0.5714285714285714,0.4,1.984637737353225
29324,0.2,0.42222305658859327,0.42857142857142855,0.3,2.3151156848693217
29324,0.3,0.4049233716253731,0.42857142857142855,0.3,3.060753363470834
29324,0.4,0.3883395239181725,0.42857142857142855,0.3,3.46363918662703
29324,0.5,0.27218650195116345,0.42857142857142855,0.3,5.3348656767726474
29324,0.6,0.2560822474053037,0.42857142857142855,0.3,5.586714773423607
361,0.0,0.3742249606709388,0.75,0.3,2.00853360641457
361,0.1,0.3980100267141561,0.75,0.3,2.00853360641457
361,0.2,0.42081089931993093,0.75,0.3,2.00853360641457
361,0.3,0.45284104414529586,0.75,0.3,3.403050509255224
361,0.4,0.47498253162119003,0.75,0.3,4.657265015858848
361,0.5,0.6346795032410896,0.75,0.3,6.782392526681956
361,0.6,0.7525583045803862,0.75,0.3,7.427160215357871
130778,0.0,0.5426051712020292,0.5,0.5,5.089975393563789
130778,0.1,0.5426051712020292,0.5,0.5,5.089975393563789
130778,0.2,0.5426051712020292,0.5,0.5,5.322967482127877
130778,0.3,0.5426051712020292,0.5,0.5,5.322967482127877
130778,0.4,0.5044943319862907,0.5,0.5,6.748416966898998
130778,0.5,0.5044943319862907,0.5,0.5,8.169562454450574
130778,0.6,0.5044943319862907,0.5,0.5,9.827167368845938
157334,0.0,0.2909484878863584,0.5,0.3,3.0070057141601385
157334,0.1,0.32624547894750755,0.5,0.3,3.1775518149895126
157334,0.2,0.32624547894750755,0.5,0.3,3.1775518149895126
157334,0.3,0.25000561255896653,0.3333333333333333,0.2,3.541370171010454
157334,0.4,0.25000561255896653,0.3333333333333333,0.2,3.9456148609514416
157334,0.5,0.21684590401711476,0.3333333333333333,0.2,4.697907575278885
157334,0.6,0.16645409335237923,0.3333333333333333,0.2,5.679427009911388
149910,0.0,0.22889314234623928,0.25,0.2,4.00587246832753
149910,0.1,0.22889314234623928,0.25,0.2,4.231583009908981
149910,0.2,0.2438399830788012,0.25,0.2,4.4560805805793375
149910,0.3,0.2438399830788012,0.25,0.2,4.68680066149342
149910,0.4,0.22889314234623928,0.25,0.2,4.68680066149342
149910,0.5,0.30846844961870695,0.25,0.2,6.042012553301756
149910,0.6,0.30846844961870695,0.25,0.2,6.768804110416989
37357,0.0,0.7418957838722606,0.8,0.8,2.879917076540352
37357,0.1,0.7418957838722606,0.8,0.8,2.8799170765403517
37357,0.2,0.7418957838722606,0.8,0.8,3.029279870192875
37357,0.3,0.7462489816391342,0.8,0.8,3.029279870192875
37357,0.4,0.7496495859232529,0.8,0.8,3.0292798701928745
37357,0.5,0.6862118313330364,0.7,0.7,3.7636611066658405
37357,0.6,0.7301712856342574,0.7,0.7,4.212956925307727
106097,0.0,0.7973087830456499,0.7,0.7,1.6227889175986725
106097,0.1,0.7973087830456499,0.7,0.7,1.6766352318007591
106097,0.2,0.8007093873297685,0.7,0.7,1.6766352318007591
106097,0.3,0.8007093873297685,0.7,0.7,1.6766352318007591
106097,0.4,0.8056490240984634,0.7,0.7,1.7621013307972753
106097,0.5,0.6991607935238136,0.6,0.6,2.671581078163941
106097,0.6,0.5392045669179105,0.5,0.5,4.251026614324445
130788,0.0,0.8799256993878044,0.9,0.9,3.3559262067515334
130788,0.1,0.8799256993878044,0.9,0.9,3.3559262067515334
130788,0.2,0.8799256993878044,0.9,0.9,3.5218046985611324
130788,0.3,0.8799256993878044,0.9,0.9,3.706251751351263
130788,0.4,0.8799256993878044,0.9,0.9,4.329382877442528
130788,0.5,0.9322090476429099,0.9,0.9,5.164751864625135
130788,0.6,0.9322090476429099,0.9,0.9,5.93575009322686
197342,0.0,0.22490694523001417,0.4,0.2,3.741046910424027
197342,0.1,0.22490694523001417,0.4,0.2,3.741046910424027
197342,0.2,0.22490694523001417,0.4,0.2,3.8770703288809294
197342,0.3,0.2054428507005457,0.4,0.2,3.8770703288809294
197342,0.4,0.2054428507005457,0.4,0.2,3.8770703288809294
197342,0.5,0.2054428507005457,0.4,0.2,4.756137730561241
197342,0.6,0.2054428507005457,0.4,0.2,5.594516120902773
50517,0.0,0.8799256993878044,0.9,0.9,4.0571370865248975
50517,0.1,0.9048433681146754,0.9,0.9,4.057137086524898
50517,0.2,0.9048433681146754,0.9,0.9,4.057137086524898
50517,0.3,0.9048433681146754,0.9,0.9,4.212165087771853
50517,0.4,0.8448062178085776,0.8,0.8,4.348575706343622
50517,0.5,0.8663396293502587,0.8,0.8,4.4452735670963195
50517,0.6,0.819235094136009,0.7,0.7,4.68490412459676
183706,0.0,0.2476032647383259,0.2,0.2,3.6030029076685004
183706,0.1,0.2476032647383259,0.2,0.2,3.6030029076685004
183706,0.2,0.2476032647383259,0.2,0.2,3.6963153563650573
183706,0.3,0.19031326377064925,0.1,0.1,3.6963153563650573
183706,0.4,0.19031326377064925,0.1,0.1,3.763322727416161
183706,0.5,0.1200743006121955,0.1,0.1,4.206554276487229
183706,0.6,0.15244663285300125,0.2,0.2,5.187342937896814
63143,0.0,0.4274705073585286,0.4,0.4,2.0802822907012932
63143,0.1,0.42253087058983374,0.4,0.4,2.0802822907012932
63143,0.2,0.4035054321144127,0.4,0.4,2.0802822907012932
63143,0.3,0.2698287143657425,0.3,0.3,2.870954495363582
63143,0.4,0.24491104563887164,0.3,0.3,3.7846267586952136
63143,0.5,0.3317274364713827,0.3,0.3,5.393644525764778
63143,0.6,0.3273742387045091,0.3,0.3,9.306679864314761
105674,0.0,0.522040700242032,0.4,0.4,4.373345410308217
105674,0.1,0.5118552344886049,0.4,0.4,4.373345410308216
105674,0.2,0.5118552344886049,0.4,0.4,4.854081920105373
105674,0.3,0.5118552344886049,0.4,0.4,5.07609208001563
105674,0.4,0.5691452354562816,0.5,0.5,5.277232403569847
105674,0.5,0.4035054321144127,0.4,0.4,5.513746376680645
105674,0.6,0.40010482783029405,0.4,0.4,5.513746376680645
2795,0.0,0.44066367784739624,0.3,0.3,7.621905286810661
2795,0.1,0.4757831594266231,0.3,0.3,8.179379069781731
2795,0.2,0.5007008281534939,0.3,0.3,8.4942450348188
2795,0.3,0.5007008281534939,0.3,0.3,9.08696796109746
2795,0.4,0.5007008281534939,0.3,0.3,9.334967255209422
2795,0.5,0.5007008281534939,0.3,0.3,9.552552238749364
2795,0.6,0.5007008281534939,0.3,0.3,10.147895332492496
156578,0.0,0.6506646820800452,0.5,0.4,5.047780957086449
156578,0.1,0.6352727165775925,0.5,0.4,5.047780957086449
156578,0.2,0.6352727165775925,0.5,0.4,5.047780957086449
156578,0.3,0.6440571739925699,0.5,0.4,5.047780957086449
156578,0.4,0.6506646820800452,0.5,0.4,5.378120499411719
156578,0.5,0.6506646820800452,0.5,0.4,5.63308262941643
156578,0.6,0.6601135294812643,0.5,0.4,6.2470380603256
938,0.0,0.8690867786886797,0.8,0.8,4.782114617426662
938,0.1,0.8792722444421068,0.8,0.8,4.920419655373646
938,0.2,0.8792722444421068,0.8,0.8,4.920419655373646
938,0.3,0.857999388297445,0.8,0.8,5.005957233233569
938,0.4,0.7677823931808154,0.7,0.7,5.005957233233569
938,0.5,0.6750737720968545,0.6,0.6,5.305907315868183
938,0.6,0.5863091021321603,0.6,0.6,6.317533989295765
8056,0.0,0.4902679527352658,0.6,0.3,2.363505968290089
8056,0.1,0.4016941887697482,0.4,0.2,2.363505968290089
8056,0.2,0.5097320472647343,0.6,0.3,2.363505968290089
8056,0.3,0.5056791340961586,0.6,0.3,2.363505968290089
8056,0.4,0.47391054911934133,0.6,0.3,2.5550762301235723
8056,0.5,0.36529303966308646,0.4,0.2,3.4470993114655277
8056,0.6,0.453866803628604,0.6,0.3,6.038970011740323
156052,0.0,0.12737140874229597,0.1111111111111111,0.1,6.937411545684819
156052,0.1,0.20187890652056598,0.1111111111111111,0.1,6.937411545684819
156052,0.2,0.20187890652056598,0.1111111111111111,0.1,6.937411545684819
156052,0.3,0.20187890652056598,0.1111111111111111,0.1,7.504545955579692
156052,0.4,0.20187890652056598,0.1111111111111111,0.1,7.504545955579692
156052,0.5,0.20187890652056598,0.1111111111111111,0.1,7.504545955579691
156052,0.6,0.20187890652056598,0.1111111111111111,0.1,7.977065537302359
30021,0.0,0.6818586335661628,0.7,0.7,2.908858212639122
30021,0.1,0.6784580292820441,0.7,0.7,3.213667361914086
30021,0.2,0.6784580292820441,0.7,0.7,3.2925151843064446
30021,0.3,0.6818586335661628,0.7,0.7,3.4703959008580485
30021,0.4,0.6818586335661628,0.7,0.7,3.53741351971282
30021,0.5,0.6187363646119328,0.6,0.6,3.7868896715422773
30021,0.6,0.7628427564121205,0.7,0.7,5.005466257094606
48396,0.0,0.711229650341636,0.5714285714285714,0.4,5.877627360868102
48396,0.1,0.711229650341636,0.5714285714285714,0.4,5.877627360868102
48396,0.2,0.711229650341636,0.5714285714285714,0.4,6.311470433448032
48396,0.3,0.711229650341636,0.5714285714285714,0.4,6.5520662963078875
48396,0.4,0.7010491281539123,0.5714285714285714,0.4,6.823811292592251
48396,0.5,0.7010491281539123,0.5714285714285714,0.4,6.823811292592251
48396,0.6,0.7010491281539123,0.5714285714285714,0.4,7.889025048878383
29110,0.0,0.5362132092813989,0.4,0.4,3.505965572769276
29110,0.1,0.631614049464814,0.5,0.5,3.505965572769275
29110,0.2,0.631614049464814,0.5,0.5,3.927174724861743
29110,0.3,0.6892195360684771,0.6,0.6,3.927174724861743
29110,0.4,0.7138929964972575,0.6,0.6,4.06497030560559
29110,0.5,0.7295178306885598,0.6,0.6,4.9760195128737275
29110,0.6,0.7240784622506844,0.6,0.6,5.939773300596577
10440,0.0,0.561672688865547,0.5714285714285714,0.4,4.912660349163913
10440,0.1,0.561672688865547,0.5714285714285714,0.4,4.912660349163913
10440,0.2,0.561672688865547,0.5714285714285714,0.4,4.912660349163913
10440,0.3,0.5777769434114067,0.5714285714285714,0.4,5.055281124377532
10440,0.4,0.5777769434114067,0.5714285714285714,0.4,5.89114822450629
10440,0.5,0.5777769434114067,0.5714285714285714,0.4,7.3326707492613625
10440,0.6,0.5777769434114067,0.5714285714285714,0.4,7.382891816442568
119507,0.0,0.684605782904584,0.7,0.7,2.662899209803441
119507,0.1,0.684605782904584,0.7,0.7,3.182663995005695
119507,0.2,0.7379250876852497,0.7,0.7,3.4625086521147166
119507,0.3,0.7655899057505416,0.7,0.7,3.462508652114716
119507,0.4,0.7594421521280019,0.7,0.7,3.647823537429571
119507,0.5,0.8007093873297685,0.7,0.7,4.213207780864788
119507,0.6,0.8765250951036857,0.8,0.8,4.691181451692004
104555,0.0,0.5297757927554716,0.6,0.3,2.652267594448869
104555,0.1,0.5297757927554716,0.6,0.3,2.786250766701471
104555,0.2,0.5297757927554716,0.6,0.3,2.7862507667014715
104555,0.3,0.5297757927554716,0.6,0.3,2.8896262077312826
104555,0.4,0.5211713549133883,0.6,0.3,3.120318772632264
104555,0.5,0.5103116982260031,0.6,0.3,4.43124584163753
104555,0.6,0.40668703729089384,0.6,0.3,5.311869851215347
108665,0.0,0.45424974788494193,0.3,0.3,2.1123863824530122
108665,0.1,0.39235102577930164,0.3,0.3,2.200981546851323
108665,0.2,0.40554419626816934,0.3,0.3,2.3047817807576085
108665,0.3,0.39235102577930164,0.3,0.3,2.304781780757609
108665,0.4,0.38401078472648814,0.3,0.3,2.596026181410354
108665,0.5,0.4733351486252594,0.4,0.4,3.5158110737374964
108665,0.6,0.37042471468894245,0.3,0.3,4.808980754461119
111115,0.0,0.4496410267469783,0.4,0.4,3.609727738589932
111115,0.1,0.45238817608539944,0.4,0.4,3.609727738589932
111115,0.2,0.44105657739607423,0.4,0.4,3.726382370888666
111115,0.3,0.5232642470906218,0.5,0.5,3.9057794733759104
111115,0.4,0.49251431037719756,0.5,0.5,4.023067354822226
111115,0.5,0.43386246927915895,0.4,0.4,4.522737149532989
111115,0.6,0.3103875643828447,0.2,0.2,4.522737149532989
173028,0.0,0.47397225647202795,0.6,0.6,4.054904211503049
173028,0.1,0.4696190587051544,0.6,0.6,4.35463507410511
173028,0.2,0.36004570948237224,0.5,0.5,4.632674132537757
173028,0.3,0.38496337820924315,0.5,0.5,4.736727878316717
173028,0.4,0.4552023413676969,0.5,0.5,5.177416334759679
173028,0.5,0.44470138997828357,0.5,0.5,5.616263974118281
173028,0.6,0.44470138997828357,0.5,0.5,6.1669305033717015
138653,0.0,0.5386741716180682,0.5714285714285714,0.4,1.9496689462321473
138653,0.1,0.43832731113445295,0.42857142857142855,0.3,1.9496689462321473
138653,0.2,0.42222305658859327,0.42857142857142855,0.3,1.9496689462321473
138653,0.3,0.4755702962795668,0.5714285714285714,0.4,1.9496689462321473
138653,0.4,0.3755215288584174,0.42857142857142855,0.3,2.0864077675176658
138653,0.5,0.3055904414602433,0.2857142857142857,0.2,2.7969248748507787
138653,0.6,0.1860841093651832,0.2857142857142857,0.2,4.103170580882489
32205,0.0,0.7240784622506844,0.6,0.6,2.0692527313789837
32205,0.1,0.713577510861271,0.6,0.6,2.0692527313789837
32205,0.2,0.650455241907041,0.5,0.5,2.2761597763564967
32205,0.3,0.6421150008542275,0.5,0.5,2.6070311993219666
32205,0.4,0.6319295351008004,0.5,0.5,3.3699799980827536
32205,0.5,0.49866206399973734,0.5,0.5,3.909760783343559
32205,0.6,0.3080333145931017,0.4,0.4,4.808307320805861
34600,0.0,1.0,1.0,1.0,2.4390287328697102
34600,0.1,0.8826728487262255,0.8,0.8,2.5949618632076143
34600,0.2,0.8087341427465955,0.7,0.7,2.7776096687473717
34600,0.3,0.6592952146290351,0.5,0.5,2.7776096687473713
34600,0.4,0.5007008281534939,0.3,0.3,3.1673086813978792
34600,0.5,0.4379165285089751,0.3,0.3,3.6105673539685847
34600,0.6,0.25130300755950197,0.3,0.3,4.601951938012808
98789,0.0,0.12092199990360374,0.2,0.1,2.0030454762701657
98789,0.1,0.12092199990360374,0.2,0.1,2.0030454762701657
98789,0.2,0.12092199990360374,0.2,0.1,2.8983726115885027
98789,0.3,0.12092199990360374,0.2,0.1,3.704684933160686
98789,0.4,0.17714752793103522,0.2,0.1,5.289815546183533
98789,0.5,0.28077218886614447,0.2,0.1,6.178893462053243
98789,0.6,0.28077218886614447,0.2,0.1,6.854192307024988
36574,0.0,0.0,0.0,0.0,5.666721869931559
36574,0.1,0.0,0.0,0.0,5.666721869931559
36574,0.2,0.0,0.0,0.0,6.289357591829324
36574,0.3,0.0,0.0,0.0,6.349618513660312
36574,0.4,0.0,0.0,0.0,6.558873529411623
36574,0.5,0.0,0.0,0.0,6.558873529411623
36574,0.6,0.0,0.0,0.0,6.8429529319742315
130884,0.0,0.0,0.0,0.0,4.522182526163464
130884,0.1,0.0,0.0,0.0,4.522182526163464
130884,0.2,0.0,0.0,0.0,4.716383791747794
130884,0.3,0.0,0.0,0.0,4.716383791747793
130884,0.4,0.0,0.0,0.0,4.854333129989912
130884,0.5,0.0,0.0,0.0,5.056495228849386
130884,0.6,0.0,0.0,0.0,5.402056680210676
61425,0.0,0.9360536678650264,1.0,0.6,2.696567690802346
61425,0.1,0.9360536678650264,1.0,0.6,3.350175434559263
61425,0.2,0.8656069104048059,0.8333333333333334,0.5,4.173871393994826
61425,0.3,0.8733683229467235,0.8333333333333334,0.5,4.793629320528892
61425,0.4,0.8656069104048059,0.8333333333333334,0.5,6.107272292902406
61425,0.5,0.8552883762385318,0.8333333333333334,0.5,6.79278768219659
61425,0.6,0.8552883762385318,0.8333333333333334,0.5,7.28949871421906
48516,0.0,0.5996509638716153,0.5,0.5,1.997053228563208
48516,0.1,0.5996509638716153,0.5,0.5,1.997053228563208
48516,0.2,0.5935032102490755,0.5,0.5,1.997053228563208
48516,0.3,0.5362132092813989,0.4,0.4,1.9970532285632085
48516,0.4,0.5358203097327209,0.4,0.4,7.103647165561126
48516,0.5,0.39235102577930164,0.3,0.3,9.659144400227065
48516,0.6,0.34006767752419625,0.3,0.3,10.349640636526855
71504,0.0,0.4191302663057151,0.4,0.4,3.465288948066527
71504,0.1,0.4166986026032803,0.4,0.4,3.7270922949230636
71504,0.2,0.4059370958168474,0.4,0.4,3.7270922949230636
71504,0.3,0.47642026727339176,0.5,0.5,4.10369159513944
71504,0.4,0.48476050832620526,0.5,0.5,4.3581676403564185
71504,0.5,0.4274705073585286,0.4,0.4,4.796812947517622
71504,0.6,0.35723154420007486,0.4,0.4,7.211387361873015
181439,0.0,0.27252093346519674,0.3,0.3,4.349890330006572
181439,0.1,0.2152309324975201,0.2,0.2,4.4959419425362395
181439,0.2,0.2152309324975201,0.2,0.2,4.4959419425362395
181439,0.3,0.2152309324975201,0.2,0.2,4.7642776226916
181439,0.4,0.27252093346519674,0.3,0.3,4.764277622691601
181439,0.5,0.2451552539369622,0.3,0.3,5.5694397787576
181439,0.6,0.21588438744321767,0.3,0.3,6.776181818735951
107037,0.0,0.11990623328406573,0.3333333333333333,0.1,2.08249088403914
107037,0.1,0.1266979222386448,0.3333333333333333,0.1,2.3140304731262002
107037,0.2,0.25529836476324147,0.6666666666666666,0.2,2.3140304731262002
107037,0.3,0.3254390148371429,0.6666666666666666,0.2,2.5339324271520995
107037,0.4,0.5437912419103041,0.6666666666666666,0.2,3.1007650480714433
107037,0.5,0.5701406500739015,0.6666666666666666,0.2,3.9454486568588862
107037,0.6,0.6199062332840657,0.6666666666666666,0.2,5.333688135949371
108233,0.0,0.7945616337072288,0.7,0.7,2.7353009290819204
108233,0.1,0.7902084359403552,0.7,0.7,2.8222304119456276
108233,0.2,0.7902084359403552,0.7,0.7,2.8222304119456276
108233,0.3,0.7902084359403552,0.7,0.7,2.8222304119456276
108233,0.4,0.8502455862464527,0.8,0.8,2.909307957158023
108233,0.5,0.857999388297445,0.8,0.8,3.199632162846485
108233,0.6,0.8198885490817066,0.8,0.8,3.6108385958619946
158316,0.0,0.18011145091829325,0.2,0.2,2.1153865182505815
158316,0.1,0.18011145091829325,0.2,0.2,2.1153865182505815
158316,0.2,0.24080205617008857,0.3,0.3,2.2680974621552368
158316,0.3,0.2698287143657425,0.3,0.3,2.4144689060484543
158316,0.4,0.2756609823522959,0.3,0.3,2.967557381070472
158316,0.5,0.2288170025350658,0.3,0.3,3.5319425138315745
158316,0.6,0.2763144372979935,0.4,0.4,4.055868375080754
112974,0.0,0.7813684632183611,0.7,0.7,2.7516441983158106
112974,0.1,0.7240784622506844,0.6,0.6,3.004339771881093
112974,0.2,0.6991607935238136,0.6,0.6,3.0043397718810927
112974,0.3,0.6991607935238136,0.6,0.6,3.2460486607713257
112974,0.4,0.6991607935238136,0.6,0.6,3.5658949611579787
112974,0.5,0.6070118663739296,0.5,0.5,4.882584083823611
112974,0.6,0.565744631172163,0.5,0.5,5.489081216577256
51988,0.0,0.8007093873297685,0.7,0.7,3.7951883731151796
51988,0.1,0.857999388297445,0.8,0.8,3.7951883731151796
51988,0.2,0.8663396293502587,0.8,0.8,3.8849263133530827
51988,0.3,0.9263767796563563,0.9,0.9,3.9599391157378916
51988,0.4,0.8690867786886797,0.8,0.8,4.412361831989355
51988,0.5,0.8607465376358662,0.8,0.8,4.562694636844365
51988,0.6,0.9048433681146754,0.9,0.9,5.66873967966802
137936,0.0,0.5007008281534939,0.3,0.3,4.114256621652118
137936,0.1,0.5007008281534939,0.3,0.3,4.114256621652118
137936,0.2,0.5007008281534939,0.3,0.3,4.495811323217185
137936,0.3,0.5007008281534939,0.3,0.3,5.441350616018079
137936,0.4,0.5007008281534939,0.3,0.3,6.013238090762995
137936,0.5,0.5007008281534939,0.3,0.3,6.764867534442845
137936,0.6,0.40554419626816934,0.3,0.3,7.123046592366474
200908,0.0,0.16966015661369419,0.25,0.2,3.0907904095883416
200908,0.1,0.16021130921247498,0.25,0.2,3.20252047594236
200908,0.2,0.16966015661369419,0.25,0.2,3.5861872282248077
200908,0.3,0.21283678685754479,0.25,0.2,4.182366874137936
200908,0.4,0.20405232944256743,0.25,0.2,4.494474044922704
200908,0.5,0.2874802580900168,0.25,0.2,5.2895052598545185
200908,0.6,0.2874802580900168,0.25,0.2,6.175749283606691
118913,0.0,0.5958574600388186,0.4,0.4,1.9581582638798274
118913,0.1,0.5958574600388186,0.4,0.4,2.131378268506336
118913,0.2,0.5958574600388186,0.4,0.4,2.202033451368229
118913,0.3,0.5958574600388186,0.4,0.4,2.2948900163567894
118913,0.4,0.5826642895499509,0.4,0.4,2.544886702064693
118913,0.5,0.7055527554444438,0.6,0.6,5.662131700125943
118913,0.6,0.714530104344026,0.8,0.8,6.953210199439731
73862,0.0,0.666733531044041,0.6,0.6,4.062601100350238
73862,0.1,0.6750737720968545,0.6,0.6,4.062601100350238
73862,0.2,0.6750737720968545,0.6,0.6,4.246732763848643
73862,0.3,0.7301712856342574,0.7,0.7,4.246732763848643
73862,0.4,0.7847690675024798,0.8,0.8,4.439136351823505
73862,0.5,0.8502455862464527,0.8,0.8,4.930884922908277
73862,0.6,0.8448062178085776,0.8,0.8,6.86934000133728
188859,0.0,0.42253087058983374,0.4,0.4,6.681905738671714
188859,0.1,0.4166986026032803,0.4,0.4,7.256220202007168
188859,0.2,0.44161627133015113,0.4,0.4,7.8561930832768185
188859,0.3,0.44161627133015113,0.4,0.4,9.04234448996215
188859,0.4,0.45180173708357824,0.4,0.4,9.894516429507096
188859,0.5,0.45180173708357824,0.4,0.4,10.117662079883564
188859,0.6,0.4136908978678397,0.4,0.4,10.352514310373472
29511,0.0,0.5266648513747405,0.6,0.6,3.2438307675673874
29511,0.1,0.5266648513747405,0.6,0.6,3.2438307675673874
29511,0.2,0.5266648513747405,0.6,0.6,3.2438307675673874
29511,0.3,0.46322709678452406,0.5,0.5,3.399680638586706
29511,0.4,0.4552023413676969,0.5,0.5,3.399680638586706
29511,0.5,0.48692121866280513,0.5,0.5,3.605300652463753
29511,0.6,0.5294120007131615,0.5,0.5,4.47531641296082
5316,0.0,0.4557887803695181,0.4,0.4,1.7398377017645636
5316,0.1,0.4557887803695181,0.4,0.4,1.7398377017645636
5316,0.2,0.4474485393167046,0.4,0.4,1.9030820508936999
5316,0.3,0.44161627133015113,0.4,0.4,1.9030820508936999
5316,0.4,0.32956672613478283,0.3,0.3,2.7062002294623104
5316,0.5,0.19031326377064925,0.1,0.1,4.35216563211541
5316,0.6,0.19031326377064925,0.1,0.1,4.9513257397798744
116790,0.0,0.27252093346519674,0.3,0.3,2.1829835719123443
116790,0.1,0.27252093346519674,0.3,0.3,2.3180973767602397
116790,0.2,0.2509875219235156,0.3,0.3,2.4443384709709592
116790,0.3,0.21287668270777707,0.3,0.3,3.7127831237259294
116790,0.4,0.21287668270777707,0.3,0.3,4.464145915345373
116790,0.5,0.21287668270777707,0.3,0.3,4.843484468100717
116790,0.6,0.21287668270777707,0.3,0.3,6.84889525169911
123643,0.0,0.5274676197938363,0.5,0.4,6.202203280759282
123643,0.1,0.5274676197938363,0.5,0.4,6.202203280759281
123643,0.2,0.5274676197938363,0.5,0.4,6.30457618793835
123643,0.3,0.5125207790612744,0.5,0.4,6.304576187938351
123643,0.4,0.4748421421487665,0.5,0.4,6.304576187938351
123643,0.5,0.45989530141620455,0.5,0.4,6.5040762353619375
123643,0.6,0.45989530141620455,0.5,0.4,7.881995974245028
45226,0.0,0.3806265275412985,0.2,0.2,2.0052057316283287
45226,0.1,0.3806265275412985,0.2,0.2,2.0759224755907377
45226,0.2,0.3806265275412985,0.2,0.2,2.4566814664776557
45226,0.3,0.3806265275412985,0.2,0.2,2.8639031762983427
45226,0.4,0.3806265275412985,0.2,0.2,3.3697825647063873
45226,0.5,0.44841747989838854,0.3,0.3,4.178404895881301
45226,0.6,0.3649853462510671,0.4,0.4,4.535951899990448
131930,0.0,0.612588610989393,0.6,0.6,5.080256740571328
131930,0.1,0.612588610989393,0.6,0.6,5.080256740571328
131930,0.2,0.612588610989393,0.6,0.6,5.378738808099486
131930,0.3,0.612588610989393,0.6,0.6,5.985303092755832
131930,0.4,0.612588610989393,0.6,0.6,6.5769206642049785
131930,0.5,0.612588610989393,0.6,0.6,6.5769206642049785
131930,0.6,0.612588610989393,0.6,0.6,6.710987129951873
135218,0.0,0.8687712930526933,0.8,0.8,2.213712583767836
135218,0.1,0.8687712930526933,0.8,0.8,2.213712583767836
135218,0.2,0.8687712930526933,0.8,0.8,2.2137125837678355
135218,0.3,0.8663396293502587,0.8,0.8,2.2993993740436856
135218,0.4,0.8690867786886797,0.8,0.8,2.479954506183168
135218,0.5,0.8585858272992664,0.8,0.8,4.699309026558687
135218,0.6,0.7301712856342574,0.7,0.7,6.028091474370955
36902,0.0,0.42253087058983374,0.4,0.4,2.431237459480035
36902,0.1,0.42253087058983374,0.4,0.4,2.4312374594800343
36902,0.2,0.47642026727339176,0.5,0.5,2.4702936779152926
36902,0.3,0.4635425824205105,0.5,0.5,2.6416741796643706
36902,0.4,0.46079543308208937,0.5,0.5,2.9848699412552384
36902,0.5,0.46079543308208937,0.5,0.5,4.770447785715222
36902,0.6,0.4031899464784263,0.4,0.4,5.837937718115524
56519,0.0,0.32711871533341913,0.4,0.4,2.320470865456266
56519,0.1,0.32276551756654553,0.4,0.4,2.378839114661136
56519,0.2,0.26547551659886887,0.3,0.3,2.378839114661136
56519,0.3,0.23715724358787935,0.3,0.3,2.5284365071383115
56519,0.4,0.1771200932817816,0.2,0.2,2.7423909861521683
56519,0.5,0.06343775459021642,0.1,0.1,3.0878714155097784
56519,0.6,0.0,0.0,0.0,3.5429633493643435
104518,0.0,0.22400414303045632,0.2857142857142857,0.2,3.6123607638982533
104518,0.1,0.22400414303045632,0.2857142857142857,0.2,3.6123607638982533
104518,0.2,0.22400414303045632,0.2857142857142857,0.2,4.9316596728441535
104518,0.3,0.22400414303045632,0.2857142857142857,0.2,5.828300474637787
104518,0.4,0.19358836994501516,0.2857142857142857,0.2,7.934506837586409
104518,0.5,0.16730359321143173,0.2857142857142857,0.2,9.557004004608004
104518,0.6,0.16730359321143173,0.2857142857142857,0.2,10.764922870694337
87925,0.0,0.36743335705243085,0.3,0.3,1.8898841386269774
87925,0.1,0.4274705073585286,0.4,0.4,2.033764744993592
87925,0.2,0.4274705073585286,0.4,0.4,2.033764744993592
87925,0.3,0.43087111164264724,0.4,0.4,2.033764744993592
87925,0.4,0.44161627133015113,0.4,0.4,2.408557457715145
87925,0.5,0.3317274364713827,0.3,0.3,3.4266609450887815
87925,0.6,0.25810421612773926,0.2,0.2,5.302684793217731
182633,0.0,0.5067916889545792,0.6666666666666666,0.2,2.158124627621864
182633,0.1,0.5271341073823445,0.6666666666666666,0.2,2.1916132796917642
182633,0.2,0.5437912419103041,0.6666666666666666,0.2,4.695626457237454
182633,0.3,0.5701406500739015,0.6666666666666666,0.2,7.686632031058998
182633,0.4,0.7601875334318686,0.6666666666666666,0.2,7.686632031058998
182633,0.5,0.7601875334318686,0.6666666666666666,0.2,7.686632031058998
182633,0.6,0.5701406500739015,0.6666666666666666,0.2,7.710221858648626
139975,0.0,0.6199062332840657,0.6666666666666666,0.2,3.931859947098966
139975,0.1,0.6199062332840657,0.6666666666666666,0.2,4.192066308298926
139975,0.2,0.5701406500739015,0.6666666666666666,0.2,4.192066308298926
139975,0.3,0.5701406500739015,0.6666666666666666,0.2,4.1920663082989265
139975,0.4,0.5701406500739015,0.6666666666666666,0.2,4.562380354636725
139975,0.5,0.5701406500739015,0.6666666666666666,0.2,5.197372935502786
139975,0.6,0.5701406500739015,0.6666666666666666,0.2,5.802566342317931
109034,0.0,0.5392045669179105,0.5,0.5,3.3587414705503598
109034,0.1,0.5367729032154759,0.5,0.5,3.3587414705503598
109034,0.2,0.603611262089811,0.5,0.5,3.3587414705503598
109034,0.3,0.603611262089811,0.5,0.5,3.581173200376454
109034,0.4,0.5860648938340697,0.5,0.5,4.388032654340416
109034,0.5,0.5235797327266082,0.5,0.5,4.91963939790127
109034,0.6,0.49866206399973734,0.5,0.5,5.375311812850077
49742,0.0,0.392105376565618,0.42857142857142855,0.3,3.4992164942590707
49742,0.1,0.4529568768364235,0.5714285714285714,0.4,3.7409253831493023
49742,0.2,0.3849862137901215,0.42857142857142855,0.3,3.815488411560053
49742,0.3,0.18991701265457506,0.2857142857142857,0.2,3.9272535255898666
49742,0.4,0.17748411539915543,0.2857142857142857,0.2,4.060283757563074
49742,0.5,0.11615302196700909,0.14285714285714285,0.1,4.098132061113558
49742,0.6,0.11615302196700909,0.14285714285714285,0.1,5.046385904820592
33896,0.0,0.5371658027641539,0.6,0.6,4.527179980498227
33896,0.1,0.5503589732530216,0.6,0.6,4.696032504409071
33896,0.2,0.5503589732530216,0.6,0.6,4.696032504409071
33896,0.3,0.5476118239146005,0.6,0.6,4.696032504409071
33896,0.4,0.48692121866280513,0.5,0.5,4.84654448325923
33896,0.5,0.4737280481739375,0.5,0.5,4.84654448325923
33896,0.6,0.47098089883551636,0.5,0.5,5.321271458241588
9437,0.0,0.5364574175794894,0.5,0.5,2.3872660772936056
9437,0.1,0.5964945678855872,0.6,0.6,2.9600702430286594
9437,0.2,0.6048348089384007,0.6,0.6,2.9600702430286594
9437,0.3,0.6784743763809732,0.6,0.6,3.186487376147742
9437,0.4,0.7345244834011311,0.7,0.7,3.4691155563584224
9437,0.5,0.7973087830456499,0.7,0.7,3.7784845353975127
9437,0.6,0.809049628382582,0.7,0.7,4.564683958476433
111739,0.0,0.7295178306885598,0.6,0.6,2.483588524938728
111739,0.1,0.7372716327395521,0.6,0.6,2.4835885249387277
111739,0.2,0.7456118737923656,0.6,0.6,2.4835885249387277
111739,0.3,0.8087341427465955,0.7,0.7,2.96291058074149
111739,0.4,0.8721718973368121,0.8,0.8,3.19394272201945
111739,0.5,0.9365622454097835,0.9,0.9,4.204296014005444
111739,0.6,0.819235094136009,0.7,0.7,5.681930878976662
144002,0.0,0.4446014858609175,0.4444444444444444,0.4,2.7663798688656343
144002,0.1,0.4384147815801311,0.4444444444444444,0.4,2.766379868865634
144002,0.2,0.4420220460491717,0.4444444444444444,0.4,2.9282842532265665
144002,0.3,0.4384147815801311,0.4444444444444444,0.4,3.1112722295009956
144002,0.4,0.4446014858609175,0.4444444444444444,0.4,3.1112722295009956
144002,0.5,0.3701113286210376,0.3333333333333333,0.3,3.6429021354583773
144002,0.6,0.36650406415199693,0.3333333333333333,0.3,4.072102907079131
73360,0.0,0.40554419626816934,0.3,0.3,3.1163586605195532
73360,0.1,0.40554419626816934,0.3,0.3,3.1163586605195532
73360,0.2,0.40554419626816934,0.3,0.3,3.1163586605195532
73360,0.3,0.40554419626816934,0.3,0.3,3.6889746475519916
73360,0.4,0.4757831594266231,0.3,0.3,3.6889746475519916
73360,0.5,0.4757831594266231,0.3,0.3,7.921748675774782
73360,0.6,0.4757831594266231,0.3,0.3,9.149221671380003
132695,0.0,0.45059362022973337,0.6,0.6,2.3414800171660484
132695,0.1,0.45059362022973337,0.6,0.6,2.3414800171660484
132695,0.2,0.45059362022973337,0.6,0.6,2.3414800171660484
132695,0.3,0.4256759515028624,0.6,0.6,2.3414800171660484
132695,0.4,0.47397225647202795,0.6,0.6,2.3414800171660484
132695,0.5,0.5972029530702516,0.6,0.6,3.4622242354776134
132695,0.6,0.7841156125567822,0.7,0.7,7.216020235224709
39356,0.0,0.7591979438299113,0.7,0.7,1.9360681384540914
39356,0.1,0.76259854811403,0.7,0.7,1.936068138454091
39356,0.2,0.76259854811403,0.7,0.7,2.3196149536584083
39356,0.3,0.76259854811403,0.7,0.7,2.4958997244661365
39356,0.4,0.6889589806714576,0.7,0.7,2.9066837823194236
39356,0.5,0.6153357603278141,0.6,0.6,3.8932218512090673
39356,0.6,0.4881611126103239,0.5,0.5,4.5702514086100265
62396,0.0,0.49866206399973734,0.5,0.5,2.1102140108047944
62396,0.1,0.5158259306756159,0.5,0.5,2.1102140108047944
62396,0.2,0.5290191011644836,0.5,0.5,2.1102140108047944
62396,0.3,0.5262719518260625,0.5,0.5,2.2467252624160894
62396,0.4,0.5130787813371948,0.5,0.5,2.2467252624160894
62396,0.5,0.5481982629164217,0.6,0.6,6.097711059958146
62396,0.6,0.5940629041831526,0.6,0.6,8.510931218746407
191157,0.0,0.809049628382582,0.7,0.7,3.0167869964275296
191157,0.1,0.8007093873297685,0.7,0.7,3.310002054297867
191157,0.2,0.8007093873297685,0.7,0.7,3.310002054297867
191157,0.3,0.8475533671469987,0.8,0.8,3.6024670391424953
191157,0.4,0.7841156125567822,0.7,0.7,3.9846250851101233
191157,0.5,0.7868078316562364,0.7,0.7,3.9846250851101246
191157,0.6,0.7766223659028094,0.7,0.7,5.253553543540006
190082,0.0,0.3137881686669634,0.3,0.3,2.720327858124415
190082,0.1,0.32154197071795565,0.3,0.3,2.720327858124415
190082,0.2,0.36743335705243085,0.3,0.3,2.7203278581244144
190082,0.3,0.6109825625609405,0.6,0.6,2.963388997606734
190082,0.4,0.8585858272992664,0.8,0.8,3.358165436808168
190082,0.5,0.9322090476429099,0.9,0.9,4.495874994602626
190082,0.6,0.9365622454097835,0.9,0.9,5.879712694355491
21959,0.0,0.3137881686669634,0.3,0.3,4.814459443490875
21959,0.1,0.25375101836086567,0.2,0.2,4.8144594434908745
21959,0.2,0.25375101836086567,0.2,0.2,4.888817514923089
21959,0.3,0.31104101932854233,0.3,0.3,4.888817514923089
21959,0.4,0.3137881686669634,0.3,0.3,4.94366833529059
21959,0.5,0.3137881686669634,0.3,0.3,5.14380806363477
21959,0.6,0.3137881686669634,0.3,0.3,5.411788366030921
11470,0.0,0.38157912102405345,0.4,0.4,1.8196170006456565
11470,0.1,0.4388691219917301,0.5,0.5,1.8196170006456565
11470,0.2,0.3437124901064054,0.5,0.5,1.8196170006456565
11470,0.3,0.3437124901064054,0.5,0.5,1.8196170006456565
11470,0.4,0.3578849991457724,0.5,0.5,2.158941620691616
11470,0.5,0.45304163103109707,0.5,0.5,3.899519397658949
11470,0.6,0.45304163103109707,0.5,0.5,4.928200279797308
137463,0.0,0.46597424612294513,0.4,0.4,2.495583571977986
137463,0.1,0.46597424612294513,0.4,0.4,2.4955835719779866
137463,0.2,0.5232642470906218,0.5,0.5,2.6249008941899943
137463,0.3,0.6433548948017463,0.6,0.6,3.281447944815954
137463,0.4,0.5808697336942849,0.6,0.6,3.7931079670490746
137463,0.5,0.612588610989393,0.6,0.6,6.33235768230436
137463,0.6,0.5426051712020292,0.5,0.5,7.319957444965676
181194,0.0,1.0,1.0,1.0,2.804158595278981
181194,0.1,1.0,1.0,1.0,2.9323153988175092
181194,0.2,1.0,1.0,1.0,3.0255232183672995
181194,0.3,0.9365622454097835,0.9,0.9,3.0255232183672995
181194,0.4,0.9322090476429099,0.9,0.9,3.529063595845783
181194,0.5,0.8164879447975879,0.8,0.8,3.8701496094678127
181194,0.6,0.5620834714910248,0.7,0.7,4.43526471629174
13974,0.0,0.5715768991587163,0.5,0.5,2.655601731295093
13974,0.1,0.5691452354562816,0.5,0.5,2.9338899499222295
13974,0.2,0.5793307012097086,0.5,0.5,2.9338899499222295
13974,0.3,0.522040700242032,0.4,0.4,3.832543923311513
13974,0.4,0.5176875024751584,0.4,0.4,4.742400849262461
13974,0.5,0.5392209140168396,0.4,0.4,6.312679331195221
13974,0.6,0.4791674166118128,0.4,0.4,6.971975733734377
58222,0.0,1.0,1.0,1.0,2.5901738746540373
58222,0.1,1.0,1.0,1.0,2.924344345150691
58222,0.2,1.0,1.0,1.0,3.1646287923729313
58222,0.3,1.0,1.0,1.0,3.3980241952307244
58222,0.4,1.0,1.0,1.0,4.130193841318251
58222,0.5,1.0,1.0,1.0,4.766468350417441
58222,0.6,1.0,1.0,1.0,5.489604717917136
77112,0.0,0.5294120007131615,0.5,0.5,4.733928718253005
77112,0.1,0.5910551994477118,0.6,0.6,4.733928718253005
77112,0.2,0.6544929540379283,0.7,0.7,4.733928718253003
77112,0.3,0.6862118313330364,0.7,0.7,5.485858477099598
77112,0.4,0.8121347470307143,0.8,0.8,6.425257180529384
77112,0.5,0.8585858272992664,0.8,0.8,6.719334508581379
77112,0.6,0.8007093873297685,0.7,0.7,6.913046206623837
85221,0.0,0.21561019356751257,0.125,0.1,3.910158572895358
85221,0.1,0.21561019356751257,0.125,0.1,3.910158572895358
85221,0.2,0.21561019356751257,0.125,0.1,3.910158572895358
85221,0.3,0.21561019356751257,0.125,0.1,4.367182413347682
85221,0.4,0.21561019356751257,0.125,0.1,5.02805669399643
85221,0.5,0.21561019356751257,0.125,0.1,5.495171036834668
85221,0.6,0.13603488629504495,0.125,0.1,6.482142017166689
103564,0.0,0.5426051712020292,0.5,0.5,3.1752659209342355
103564,0.1,0.5333722989313572,0.5,0.5,3.2299305035189043
103564,0.2,0.5130787813371948,0.5,0.5,3.2299305035189043
103564,0.3,0.5833177444956485,0.5,0.5,3.3844294691474865
103564,0.4,0.4474485393167046,0.4,0.4,3.5003501773789027
103564,0.5,0.4268840683567074,0.4,0.4,4.704645234272361
103564,0.6,0.4093377001009661,0.4,0.4,6.050481106942565
18959,0.0,0.06779095235709003,0.1,0.1,3.4087614363868584
18959,0.1,0.081963461396457,0.1,0.1,3.4087614363868584
18959,0.2,0.1392534623641336,0.2,0.2,3.408761436386859
18959,0.3,0.15519378219142235,0.2,0.2,3.569081256134519
18959,0.4,0.15859438647554103,0.2,0.2,3.569081256134518
18959,0.5,0.18351205520241193,0.2,0.2,4.347106871195358
18959,0.6,0.25810421612773926,0.2,0.2,5.360381113275371
147999,0.0,0.522040700242032,0.4,0.4,6.1752109351038555
147999,0.1,0.522040700242032,0.4,0.4,6.1752109351038555
147999,0.2,0.522040700242032,0.4,0.4,6.1752109351038555
147999,0.3,0.522040700242032,0.4,0.4,6.1752109351038555
147999,0.4,0.522040700242032,0.4,0.4,6.369148648240088
147999,0.5,0.522040700242032,0.4,0.4,7.08362410312281
147999,0.6,0.522040700242032,0.4,0.4,7.414696401346603
144240,0.0,0.7240784622506844,0.6,0.6,2.6263416505401294
144240,0.1,0.7240784622506844,0.6,0.6,2.6263416505401294
144240,0.2,0.8475533671469987,0.8,0.8,2.6263416505401294
144240,0.3,0.8663396293502587,0.8,0.8,2.6263416505401294
144240,0.4,0.8087341427465955,0.7,0.7,2.9413567329108234
144240,0.5,0.7951480727090499,0.7,0.7,4.196531295560107
144240,0.6,0.7193323649351328,0.6,0.6,4.827414300514279
30965,0.0,1.0,1.0,1.0,2.091571700586761
30965,0.1,1.0,1.0,1.0,2.091571700586761
30965,0.2,1.0,1.0,1.0,2.243487894406558
30965,0.3,1.0,1.0,1.0,2.6885576503538826
30965,0.4,1.0,1.0,1.0,2.688557650353883
30965,0.5,0.8114812920850166,0.7,0.7,3.173719113046074
30965,0.6,0.47673575290937803,0.5,0.5,4.008425364178798
116384,0.0,0.06801744314752248,0.125,0.1,2.052891025627193
116384,0.1,0.13292257878226094,0.25,0.2,2.4621828001982884
116384,0.2,0.13292257878226094,0.25,0.2,2.5418411620256145
116384,0.3,0.13292257878226094,0.25,0.2,2.5418411620256145
116384,0.4,0.1417070361972383,0.25,0.2,3.0058748324550786
116384,0.5,0.20094002192978339,0.25,0.2,4.628561265869589
116384,0.6,0.28051532920225103,0.25,0.2,6.251666888764896
198618,0.0,0.7634291954139418,0.7,0.7,2.277937612935823
198618,0.1,0.7061391944462652,0.6,0.6,2.277937612935823
198618,0.2,0.6377618030873539,0.5,0.5,2.3591510364618573
198618,0.3,0.6285289308166818,0.5,0.5,2.3591510364618578
198618,0.4,0.631614049464814,0.5,0.5,2.43817238547867
198618,0.5,0.6592952146290351,0.5,0.5,3.091809039621696
198618,0.6,0.6319295351008004,0.5,0.5,3.8978285089109646
67087,0.0,0.9427099990323233,0.9,0.9,4.381831883880941
67087,0.1,0.9399628496939022,0.9,0.9,4.381831883880941
67087,0.2,0.9399628496939022,0.9,0.9,4.460784145847463
67087,0.3,0.8826728487262255,0.8,0.8,4.729720076029884
67087,0.4,0.8826728487262255,0.8,0.8,4.893605409004506
67087,0.5,0.8792722444421068,0.8,0.8,5.552420060665116
67087,0.6,0.8765250951036857,0.8,0.8,6.404361226114418
170953,0.0,0.42472335802010747,0.4,0.4,3.336325442621265
170953,0.1,0.4352243094095209,0.4,0.4,3.535745280680915
170953,0.2,0.5235797327266082,0.5,0.5,3.77767939118901
170953,0.3,0.5833177444956485,0.5,0.5,4.066160362626817
170953,0.4,0.5142868981910397,0.4,0.4,4.066160362626816
170953,0.5,0.5013542830991916,0.4,0.4,4.343362014239234
170953,0.6,0.4379165285089751,0.3,0.3,5.477942388178302
30578,0.0,0.46258998893775544,0.3,0.3,2.0428888047186087
30578,0.1,0.46258998893775544,0.3,0.3,2.0428888047186087
30578,0.2,0.46258998893775544,0.3,0.3,2.042888804718609
30578,0.3,0.39235102577930164,0.3,0.3,2.2703119725068595
30578,0.4,0.3590931159996173,0.3,0.3,4.023806737163666
30578,0.5,0.3458999455107497,0.3,0.3,5.939022139237265
30578,0.6,0.22638533883263104,0.3,0.3,6.629516408457688
190532,0.0,0.5364574175794894,0.5,0.5,3.0762966712798065
190532,0.1,0.6744873330950333,0.6,0.6,3.0762966712798065
190532,0.2,0.6728812846665807,0.6,0.6,3.0762966712798065
190532,0.3,0.6728812846665807,0.6,0.6,3.0762966712798065
190532,0.4,0.6701341353281597,0.6,0.6,3.2352447299588105
190532,0.5,0.6070118663739296,0.5,0.5,3.831676988702193
190532,0.6,0.6319295351008004,0.5,0.5,5.025628321977523
25373,0.0,0.6950518040550305,0.6,0.6,3.3868266035372963
25373,0.1,0.6609012630574876,0.6,0.6,3.3868266035372963
25373,0.2,0.603611262089811,0.5,0.5,3.6772340830481802
25373,0.3,0.5793307012097086,0.5,0.5,3.6772340830481802
25373,0.4,0.5931103107003975,0.5,0.5,4.40467095712029
25373,0.5,0.6180279794272684,0.5,0.5,5.05167153771538
25373,0.6,0.6257817814782607,0.5,0.5,6.901348659098643
62301,0.0,0.3103875643828447,0.2,0.2,2.6634685968755587
62301,0.1,0.3103875643828447,0.2,0.2,2.6634685968755587
62301,0.2,0.3103875643828447,0.2,0.2,2.7985252378333603
62301,0.3,0.3103875643828447,0.2,0.2,2.8579406977949247
62301,0.4,0.3103875643828447,0.2,0.2,3.185720085396827
62301,0.5,0.3103875643828447,0.2,0.2,3.6524169103682764
62301,0.6,0.2722767251671062,0.2,0.2,6.2159004120558
130003,0.0,0.5090917380512548,0.5,0.5,1.6797747866724713
130003,0.1,0.5090917380512548,0.5,0.5,1.7274831468960017
130003,0.2,0.5090917380512548,0.5,0.5,1.7274831468960012
130003,0.3,0.45180173708357824,0.4,0.4,2.0148353265728853
130003,0.4,0.42253087058983374,0.4,0.4,2.4057561251299995
130003,0.5,0.2752680828036178,0.3,0.3,2.5701268213863755
130003,0.6,0.25438812620763424,0.4,0.4,4.009231213605244
69844,0.0,0.5103116982260031,0.6,0.3,2.626852145990313
69844,0.1,0.5103116982260031,0.6,0.3,2.626852145990313
69844,0.2,0.5103116982260031,0.6,0.3,2.626852145990313
69844,0.3,0.5017072603839199,0.6,0.3,2.9388160883999417
69844,0.4,0.5424405675941216,0.6,0.3,3.062931780444799
69844,0.5,0.5424405675941216,0.6,0.3,5.22714377790571
69844,0.6,0.5424405675941216,0.6,0.3,5.5430479131488894
96707,0.0,0.7548447460630378,0.7,0.7,2.5191358522516714
96707,0.1,0.6818586335661628,0.7,0.7,2.5191358522516722
96707,0.2,0.6245686325984862,0.6,0.6,2.5191358522516714
96707,0.3,0.6245686325984862,0.6,0.6,2.6623459083834113
96707,0.4,0.6082354132225194,0.6,0.6,2.8148297954353056
96707,0.5,0.4875076576646263,0.4,0.4,3.003173419444786
96707,0.6,0.4689819508583858,0.4,0.4,4.717471911783581
84410,0.0,0.07680190056249983,0.125,0.1,1.828179065279371
84410,0.1,0.07680190056249983,0.125,0.1,1.828179065279371
84410,0.2,0.0718700645225042,0.125,0.1,2.2351640950242264
84410,0.3,0.06801744314752248,0.125,0.1,2.372137181851208
84410,0.4,0.0,0.0,0.0,2.5204779669619883
84410,0.5,0.0,0.0,0.0,3.4002738874032046
84410,0.6,0.06801744314752248,0.125,0.1,4.642532878287783
130028,0.0,0.4911524702468356,0.5,0.5,4.625705266407435
130028,0.1,0.4911524702468356,0.5,0.5,4.625705266407435
130028,0.2,0.4662348015199647,0.5,0.5,4.929017854177277
130028,0.3,0.4388691219917301,0.5,0.5,4.970298103666831
130028,0.4,0.4388691219917301,0.5,0.5,5.201411030618246
130028,0.5,0.4388691219917301,0.5,0.5,5.201411030618245
130028,0.6,0.4388691219917301,0.5,0.5,5.201411030618246
37735,0.0,0.7163246601996921,0.6,0.6,3.095746434975138
37735,0.1,0.7163246601996921,0.6,0.6,3.2740573989467423
37735,0.2,0.7077452428747176,0.6,0.6,3.3826284782118554
37735,0.3,0.703392045107844,0.6,0.6,3.3826284782118554
37735,0.4,0.6750737720968545,0.6,0.6,3.5055179501970253
37735,0.5,0.650455241907041,0.5,0.5,4.629709166764829
37735,0.6,0.6211843754132965,0.5,0.5,6.378775861458243
159455,0.0,0.6325666429475691,0.7,0.7,2.742447362599273
159455,0.1,0.6325666429475691,0.7,0.7,2.844824227837728
159455,0.2,0.5752766419798925,0.6,0.6,3.091383050851483
159455,0.3,0.555952064967414,0.6,0.6,3.236076227030364
159455,0.4,0.4958985675623872,0.6,0.6,3.384497680722828
159455,0.5,0.49864571690080833,0.6,0.6,3.9557658360399905
159455,0.6,0.5688846800592621,0.6,0.6,4.570973078113014
172766,0.0,0.07362322034364344,0.1,0.1,2.9185830562867774
172766,0.1,0.081963461396457,0.1,0.1,3.7914951429405006
172766,0.2,0.1200743006121955,0.1,0.1,5.544420536917632
172766,0.3,0.1200743006121955,0.1,0.1,6.381283726170339
172766,0.4,0.1200743006121955,0.1,0.1,9.544567253500304
172766,0.5,0.19031326377064925,0.1,0.1,10.530825580941283
172766,0.6,0.19031326377064925,0.1,0.1,11.26794714340899
36753,0.0,0.5860648938340697,0.5,0.5,1.9689015635402385
36753,0.1,0.5799171402115298,0.5,0.5,2.015598802460403
36753,0.2,0.46258998893775544,0.3,0.3,2.101203618545285
36753,0.3,0.46258998893775544,0.3,0.3,2.956863338849831
36753,0.4,0.44841747989838854,0.3,0.3,4.517715198883281
36753,0.5,0.3239736344203904,0.3,0.3,5.210600200936903
36753,0.6,0.18011145091829325,0.2,0.2,5.210600200936904
137438,0.0,0.21561019356751257,0.125,0.1,5.32531561693143
137438,0.1,0.21561019356751257,0.125,0.1,5.461672704229132
137438,0.2,0.21561019356751257,0.125,0.1,6.106113089915301
137438,0.3,0.21561019356751257,0.125,0.1,6.1061130899153016
137438,0.4,0.21561019356751257,0.125,0.1,6.563604305489091
137438,0.5,0.21561019356751257,0.125,0.1,6.945731579584437
137438,0.6,0.21561019356751257,0.125,0.1,7.205762703579704
200135,0.0,0.727086166986125,0.6,0.6,2.6683103160142974
200135,0.1,0.7138929964972575,0.6,0.6,2.6683103160142974
200135,0.2,0.7406722370236708,0.7,0.7,2.818465321298324
200135,0.3,0.7847690675024798,0.8,0.8,2.897508345874216
200135,0.4,0.714530104344026,0.8,0.8,3.166819950215967
200135,0.5,0.6323224346494786,0.7,0.7,3.316329680845196
200135,0.6,0.6323224346494786,0.7,0.7,4.665145385043628
130463,0.0,0.1742155058942968,0.3333333333333333,0.2,3.1380050030567124
130463,0.1,0.1853144560212742,0.3333333333333333,0.2,3.1380050030567124
130463,0.2,0.23968707839269246,0.3333333333333333,0.2,3.352550524323326
130463,0.3,0.3376844721420708,0.3333333333333333,0.2,3.6837422306918812
130463,0.4,0.3434775810703913,0.3333333333333333,0.2,5.163299628422825
130463,0.5,0.43857781012782726,0.5,0.3,5.83855449313971
130463,0.6,0.446759061774804,0.5,0.3,6.573934674614984
174854,0.0,0.547544807970724,0.5,0.5,4.956717551133922
174854,0.1,0.530625149592936,0.5,0.5,4.956717551133922
174854,0.2,0.462834197235846,0.4,0.4,4.956717551133922
174854,0.3,0.5007008281534939,0.3,0.3,5.0792117990857735
174854,0.4,0.5007008281534939,0.3,0.3,5.0792117990857735
174854,0.5,0.5007008281534939,0.3,0.3,5.256952658167597
174854,0.6,0.5007008281534939,0.3,0.3,6.376119162394215
58536,0.0,0.6313698411667235,0.5,0.5,2.363964788725427
58536,0.1,0.6313698411667235,0.5,0.5,2.363964788725427
58536,0.2,0.5611308780082698,0.5,0.5,2.901820513238834
58536,0.3,0.6184208789759464,0.6,0.6,3.907860604302872
58536,0.4,0.6787735149180306,0.7,0.7,4.772564007991521
58536,0.5,0.6572401033763494,0.7,0.7,6.226009828323848
58536,0.6,0.6261746810269387,0.7,0.7,6.791829919026232
72794,0.0,0.2834147844032882,0.4,0.4,3.3603180259131307
72794,0.1,0.37881562458670337,0.5,0.5,3.3603180259131307
72794,0.2,0.3991358872486101,0.5,0.5,3.612082094235828
72794,0.3,0.5731159316432926,0.6,0.6,4.053942360781848
72794,0.4,0.6643018673416062,0.6,0.6,5.709362577926365
72794,0.5,0.7104923922131388,0.6,0.6,6.960477549481885
72794,0.6,0.7378580717413733,0.6,0.6,7.996184270887136
148269,0.0,0.14141417270073348,0.2,0.2,1.8585348835423148
148269,0.1,0.20145132300683122,0.3,0.3,2.048231672328959
148269,0.2,0.20543836629277112,0.3,0.3,2.048231672328959
148269,0.3,0.24354920550850967,0.3,0.3,2.2598786932579453
148269,0.4,0.3489076502461903,0.3,0.3,3.1984775155788823
148269,0.5,0.4379165285089751,0.3,0.3,3.9391054397301035
148269,0.6,0.5096781770530762,0.5,0.5,5.72414416313399
33548,0.0,0.2978478488396747,0.4,0.4,1.7924721297172987
33548,0.1,0.28610700350274243,0.4,0.4,1.7924721297172983
33548,0.2,0.32154197071795565,0.3,0.3,1.9286485854194229
33548,0.3,0.34275989662365053,0.3,0.3,2.1714284359172216
33548,0.4,0.4031899464784263,0.4,0.4,2.4937829275044896
33548,0.5,0.4268840683567074,0.4,0.4,3.1063338310514443
33548,0.6,0.49251431037719756,0.5,0.5,4.328732002230347
13971,0.0,0.0,0.0,0.0,1.8007326779231914
13971,0.1,0.0,0.0,0.0,1.8007326779231914
13971,0.2,0.0,0.0,0.0,1.8007326779231914
13971,0.3,0.0,0.0,0.0,1.9524127840561456
13971,0.4,0.10075757095025123,0.25,0.1,1.9524127840561456
13971,0.5,0.1596969716198995,0.25,0.1,3.6082942735553005
13971,0.6,0.319393943239799,0.25,0.1,5.66776331253035
55808,0.0,0.9180365386035428,0.9,0.9,2.875331246624631
55808,0.1,0.9263767796563563,0.9,0.9,3.0788376654723018
55808,0.2,0.9180365386035428,0.9,0.9,3.4481030090148628
55808,0.3,0.9180365386035428,0.9,0.9,3.508981616834986
55808,0.4,0.9180365386035428,0.9,0.9,3.603641544685549
55808,0.5,0.8607465376358662,0.8,0.8,4.287908416885468
55808,0.6,0.7797624147899086,0.7,0.7,4.659280433339039
191298,0.0,0.650455241907041,0.5,0.5,5.122503698238838
191298,0.1,0.6461020441401674,0.5,0.5,5.231086599367876
191298,0.2,0.6377618030873539,0.5,0.5,5.231086599367876
191298,0.3,0.6640413119445867,0.6,0.6,5.3434980540184664
191298,0.4,0.6674419162287054,0.6,0.6,5.3434980540184664
191298,0.5,0.5972029530702516,0.6,0.6,6.318712255877989
191298,0.6,0.5938023487861329,0.6,0.6,6.684627255296779
62081,0.0,0.4521592365126935,0.42857142857142855,0.3,2.9569397106928372
62081,0.1,0.44880592638464256,0.42857142857142855,0.3,3.050296477157482
62081,0.2,0.44880592638464256,0.42857142857142855,0.3,3.050296477157482
62081,0.3,0.3788748389864684,0.2857142857142857,0.2,3.1964864739647583
62081,0.4,0.3788748389864684,0.2857142857142857,0.2,3.282191301737001
62081,0.5,0.34845906590102727,0.2857142857142857,0.2,3.828275986800313
62081,0.6,0.30974139191202427,0.2857142857142857,0.2,4.650350093461378
15690,0.0,0.40375781304113195,0.2222222222222222,0.2,1.6471718646752376
15690,0.1,0.40375781304113195,0.2222222222222222,0.2,1.7006767238033127
15690,0.2,0.40375781304113195,0.2222222222222222,0.2,1.7977786944068934
15690,0.3,0.40375781304113195,0.2222222222222222,0.2,2.64558256667476
15690,0.4,0.46744351741227996,0.3333333333333333,0.3,2.781521286164029
15690,0.5,0.4710507818813206,0.3333333333333333,0.3,3.8594268351953325
15690,0.6,0.22872763868796617,0.3333333333333333,0.3,4.4857631992982645
37018,0.0,0.20187890652056598,0.1111111111111111,0.1,4.687670751604263
37018,0.1,0.20187890652056598,0.1111111111111111,0.1,4.88664224850112
37018,0.2,0.20187890652056598,0.1111111111111111,0.1,5.247418793525662
37018,0.3,0.20187890652056598,0.1111111111111111,0.1,5.486866361429945
37018,0.4,0.20187890652056598,0.1111111111111111,0.1,5.681275243968875
37018,0.5,0.20187890652056598,0.1111111111111111,0.1,6.212772378563626
37018,0.6,0.20187890652056598,0.1111111111111111,0.1,7.1902579753689455
188870,0.0,0.44406428213151494,0.3,0.3,2.035567318166835
188870,0.1,0.44406428213151494,0.3,0.3,2.035567318166835
188870,0.2,0.37382531897306115,0.3,0.3,2.2285463303061492
188870,0.3,0.3532608480130639,0.3,0.3,2.228546330306149
188870,0.4,0.33571447975732266,0.3,0.3,3.301919232765573
188870,0.5,0.32956672613478283,0.3,0.3,4.795260840680286
188870,0.6,0.24491104563887164,0.3,0.3,5.600416343158829
101372,0.0,0.42472335802010747,0.4,0.4,2.989918873334278
101372,0.1,0.47642026727339176,0.5,0.5,2.989918873334278
101372,0.2,0.4798208715575104,0.5,0.5,2.989918873334278
101372,0.3,0.39638873791018897,0.5,0.5,3.163348737354448
101372,0.4,0.39599583836151087,0.5,0.5,3.163348737354448
101372,0.5,0.47098089883551636,0.5,0.5,5.560980530922125
101372,0.6,0.5290191011644836,0.5,0.5,8.3974171588452
22197,0.0,0.8096867362293506,0.9,0.9,3.9579013771463565
22197,0.1,0.7496495859232529,0.8,0.8,3.9579013771463565
22197,0.2,0.7462489816391342,0.8,0.8,3.9579013771463565
22197,0.3,0.7418957838722606,0.8,0.8,3.9579013771463565
22197,0.4,0.7277232748328937,0.8,0.8,3.9579013771463565
22197,0.5,0.6510923497538096,0.7,0.7,4.04221641115763
22197,0.6,0.6082354132225194,0.6,0.6,4.907436778000752
5976,0.0,0.5426268411045877,0.4444444444444444,0.4,2.471997273920029
5976,0.1,0.6151596363747128,0.5555555555555556,0.5,2.649785319144845
5976,0.2,0.6151596363747128,0.5555555555555556,0.5,2.7168630966855
5976,0.3,0.7010652944552324,0.6666666666666666,0.6,2.7972208029384875
5976,0.4,0.7490524076026622,0.6666666666666666,0.6,3.333225537515561
5976,0.5,0.7416499180463673,0.6666666666666666,0.6,4.006337438385262
5976,0.6,0.5719728946032134,0.5555555555555556,0.5,4.741079910621248
103902,0.0,0.5959487077087237,0.5,0.4,1.782803850623362
103902,0.1,0.5146297957850003,0.375,0.3,1.782803850623362
103902,0.2,0.508022287697525,0.375,0.3,2.362820357878589
103902,0.3,0.508022287697525,0.375,0.3,2.5791210755708383
103902,0.4,0.4961255227697636,0.375,0.3,3.3700078327794087
103902,0.5,0.3516450798625575,0.25,0.2,3.782895530202368
103902,0.6,0.28434943057975853,0.375,0.3,4.519798333169926
28418,0.0,0.7372716327395521,0.6,0.6,4.020091754084007
28418,0.1,0.7295178306885598,0.6,0.6,4.020091754084007
28418,0.2,0.741258676025492,0.6,0.6,4.020091754084007
28418,0.3,0.7456118737923656,0.6,0.6,4.285844752814873
28418,0.4,0.7456118737923656,0.6,0.6,4.646728757280543
28418,0.5,0.741258676025492,0.6,0.6,5.199515999767862
28418,0.6,0.727086166986125,0.6,0.6,6.9067556654591655
182731,0.0,0.4791674166118128,0.4,0.4,2.1965752877633045
182731,0.1,0.4791674166118128,0.4,0.4,2.1965752877633045
182731,0.2,0.4791674166118128,0.4,0.4,2.3225041531222903
182731,0.3,0.4689819508583858,0.4,0.4,2.48959522658068
182731,0.4,0.40554419626816934,0.3,0.3,2.9863360482523755
182731,0.5,0.2756609823522959,0.3,0.3,3.5485732196332807
182731,0.6,0.09515663188532462,0.1,0.1,4.7075717874752785
184267,0.0,0.2722767251671062,0.2,0.2,3.9166460014712334
184267,0.1,0.28546989565597386,0.2,0.2,3.9166460014712343
184267,0.2,0.33231387547320396,0.3,0.3,4.267020416516501
184267,0.3,0.3239736344203904,0.3,0.3,5.218950879304763
184267,0.4,0.3110246722296133,0.4,0.4,5.258299014896002
184267,0.5,0.3683859505351858,0.5,0.5,6.626802002893982
184267,0.6,0.4068896892996024,0.5,0.5,8.000160591349518
199933,0.0,0.6558946103449164,0.5,0.5,2.086135739880212
199933,0.1,0.5958574600388186,0.4,0.4,2.259057934011626
199933,0.2,0.5958574600388186,0.4,0.4,2.4877642480859175
199933,0.3,0.5958574600388186,0.4,0.4,2.9736145263851155
199933,0.4,0.5826642895499509,0.4,0.4,2.9736145263851155
199933,0.5,0.4791674166118128,0.4,0.4,4.874958090123385
199933,0.6,0.2756609823522959,0.3,0.3,6.738037897935752
138960,0.0,0.44161627133015113,0.4,0.4,2.319263715145057
138960,0.1,0.44161627133015113,0.4,0.4,2.319263715145057
138960,0.2,0.4089448005522881,0.4,0.4,2.319263715145057
138960,0.3,0.3896038764408806,0.4,0.4,2.7238833191872285
138960,0.4,0.33231387547320396,0.3,0.3,3.8128588731965762
138960,0.5,0.25074331362542507,0.3,0.3,4.75243031499491
138960,0.6,0.2479024032753833,0.3,0.3,5.9376068014387515
159580,0.0,0.7267706813501387,0.6,0.6,3.2750493870902915
159580,0.1,0.7267706813501387,0.6,0.6,3.441821986310456
159580,0.2,0.669480680382462,0.5,0.5,3.441821986310456
159580,0.3,0.669480680382462,0.5,0.5,3.711131730457032
159580,0.4,0.669480680382462,0.5,0.5,3.8073111538477824
159580,0.5,0.669480680382462,0.5,0.5,4.2493948763269795
159580,0.6,0.6427014398560487,0.5,0.5,5.7468513389780504
35360,0.0,0.32956672613478283,0.3,0.3,2.9401691095295104
35360,0.1,0.34275989662365053,0.3,0.3,2.9980890398731064
35360,0.2,0.3532608480130639,0.3,0.3,3.307858207390421
35360,0.3,0.3532608480130639,0.3,0.3,3.993860826008376
35360,0.4,0.4413007856941648,0.4,0.4,5.110412137228165
35360,0.5,0.3590931159996173,0.3,0.3,5.612529981932155
35360,0.6,0.41638311696729396,0.4,0.4,5.757256305719189
54763,0.0,0.4733351486252594,0.4,0.4,2.12210650828323
54763,0.1,0.5435741117837132,0.4,0.4,2.1221065082832298
54763,0.2,0.5435741117837132,0.4,0.4,2.1734661974574
54763,0.3,0.6643018673416062,0.6,0.6,2.1734661974574
54763,0.4,0.6892195360684771,0.6,0.6,2.873896033615986
54763,0.5,0.6313698411667235,0.5,0.5,3.493213561764403
54763,0.6,0.6153357603278141,0.6,0.6,4.429921894031848
69502,0.0,1.0,1.0,1.0,3.865448095145971
69502,0.1,0.9427099990323233,0.9,0.9,4.028306875745913
69502,0.2,0.9322090476429099,0.9,0.9,4.028306875745913
69502,0.3,0.9180365386035428,0.9,0.9,4.028306875745912
69502,0.4,0.8545987840133263,0.8,0.8,4.028306875745912
69502,0.5,0.8502455862464527,0.8,0.8,4.111757455421455
69502,0.6,0.7406722370236708,0.7,0.7,4.220862841294947
102407,0.0,0.3973576784918729,0.4,0.4,2.9152260793965112
102407,0.1,0.4105508489807405,0.4,0.4,3.562150263842793
102407,0.2,0.43386246927915895,0.4,0.4,3.562150263842793
102407,0.3,0.4911524702468356,0.5,0.5,3.562150263842793
102407,0.4,0.33870583739383425,0.4,0.4,3.733143802662499
102407,0.5,0.41232905773747774,0.5,0.5,4.056826804651629
102407,0.6,0.3051924042430599,0.4,0.4,4.8466997815779695
74369,0.0,0.8087341427465955,0.7,0.7,2.675797498170367
74369,0.1,0.8029018747600423,0.7,0.7,2.675797498170367
74369,0.2,0.7372716327395521,0.6,0.6,2.675797498170367
74369,0.3,0.7209384133635853,0.6,0.6,2.675797498170367
74369,0.4,0.4875076576646263,0.4,0.4,3.3071595540177112
74369,0.5,0.40010482783029405,0.4,0.4,3.912276178252012
74369,0.6,0.31104101932854233,0.3,0.3,4.512217843128601
46362,0.0,0.714530104344026,0.8,0.8,2.0894673360889864
46362,0.1,0.7247319171963821,0.7,0.7,2.2872671150421064
46362,0.2,0.6612941626061656,0.6,0.6,2.287267115042106
46362,0.3,0.724339017647704,0.7,0.7,2.287267115042106
46362,0.4,0.7165852155967116,0.6,0.6,2.5080815003583483
46362,0.5,0.7634291954139418,0.7,0.7,3.7744459404685777
46362,0.6,0.6812215257193943,0.6,0.6,6.5075315637943705
122212,0.0,0.8765250951036857,0.8,0.8,4.796144926138789
122212,0.1,0.809049628382582,0.7,0.7,6.610225360393962
122212,0.2,0.7945616337072288,0.7,0.7,7.443605497790886
122212,0.3,0.7591979438299113,0.7,0.7,9.1185590111135
122212,0.4,0.6923595849555763,0.7,0.7,10.975791764655302
122212,0.5,0.6818586335661628,0.7,0.7,11.086060331052758
122212,0.6,0.5972029530702516,0.6,0.6,11.086060331052757
111994,0.0,0.6862118313330364,0.7,0.7,2.765552696248137
111994,0.1,0.6862118313330364,0.7,0.7,2.765552696248137
111994,0.2,0.7462489816391342,0.8,0.8,2.7655526962481365
111994,0.3,0.6862118313330364,0.7,0.7,3.225872844159632
111994,0.4,0.6682725635286172,0.7,0.7,4.04237254902007
111994,0.5,0.602642321508127,0.6,0.6,4.724843724350434
111994,0.6,0.5010937277021721,0.5,0.5,6.219912926940582
13754,0.0,0.4798208715575104,0.5,0.5,4.3479847302865
13754,0.1,0.45245519202927575,0.5,0.5,4.3479847302865
13754,0.2,0.47058799928683825,0.5,0.5,4.347984730286501
13754,0.3,0.41452154516775147,0.5,0.5,4.491372755428733
13754,0.4,0.41452154516775147,0.5,0.5,4.749426253989961
13754,0.5,0.4061813041149379,0.5,0.5,5.122340693394507
13754,0.6,0.47642026727339176,0.5,0.5,6.8167389472133495
30549,0.0,0.727086166986125,0.6,0.6,1.8800590260970647
30549,0.1,0.7236855627020065,0.6,0.6,1.8800590260970647
30549,0.2,0.7104923922131388,0.6,0.6,1.9064779469588333
30549,0.3,0.7163246601996921,0.6,0.6,2.0757633579558004
30549,0.4,0.6214285837113871,0.5,0.5,2.6200096770362395
30549,0.5,0.5435741117837132,0.4,0.4,3.354624377944038
30549,0.6,0.3080333145931017,0.4,0.4,3.8451084456761064
72042,0.0,0.09515663188532462,0.1,0.1,1.693714867047219
72042,0.1,0.1200743006121955,0.1,0.1,1.7677668896395171
72042,0.2,0.09515663188532462,0.1,0.1,1.8067218606501494
72042,0.3,0.09515663188532462,0.1,0.1,1.8860166731299532
72042,0.4,0.09515663188532462,0.1,0.1,2.3345786101996278
72042,0.5,0.09515663188532462,0.1,0.1,4.36824514814132
72042,0.6,0.081963461396457,0.1,0.1,5.267777129470292
29945,0.0,0.19031326377064925,0.1,0.1,2.9425014126875926
29945,0.1,0.19031326377064925,0.1,0.1,2.9425014126875926
29945,0.2,0.2476032647383259,0.2,0.2,2.9425014126875926
29945,0.3,0.25375101836086567,0.2,0.2,2.942501412687593
29945,0.4,0.3212264850819693,0.3,0.3,3.157761587089513
29945,0.5,0.40554419626816934,0.3,0.3,4.1842225992503765
29945,0.6,0.5743240484971374,0.4,0.4,4.608597859203963
168119,0.0,0.9263767796563563,0.9,0.9,2.5405605247618412
168119,0.1,0.9263767796563563,0.9,0.9,2.5405605247618412
168119,0.2,0.9263767796563563,0.9,0.9,2.5405605247618412
168119,0.3,0.9322090476429099,0.9,0.9,2.6879960085554844
168119,0.4,0.9322090476429099,0.9,0.9,6.956803536894133
168119,0.5,0.8029018747600423,0.7,0.7,10.412374838667542
168119,0.6,0.7406722370236708,0.7,0.7,11.230759554433906
2068,0.0,0.0718700645225042,0.125,0.1,5.17766860323843
2068,0.1,0.0718700645225042,0.125,0.1,5.558986888459744
2068,0.2,0.0718700645225042,0.125,0.1,5.558986888459744
2068,0.3,0.0718700645225042,0.125,0.1,5.761328416445187
2068,0.4,0.0718700645225042,0.125,0.1,6.322700357146151
2068,0.5,0.0718700645225042,0.125,0.1,6.322700357146151
2068,0.6,0.0718700645225042,0.125,0.1,6.322700357146151
40076,0.0,0.40734773697178245,0.3333333333333333,0.3,2.1929603427446827
40076,0.1,0.40734773697178245,0.3333333333333333,0.3,2.2556837213156533
40076,0.2,0.3809157814897695,0.3333333333333333,0.3,2.456531599147437
40076,0.3,0.4301897685231449,0.3333333333333333,0.3,2.6977363827284346
40076,0.4,0.49096137487768016,0.4444444444444444,0.4,2.8848265955187116
40076,0.5,0.5021004859512791,0.4444444444444444,0.4,3.268572723396423
40076,0.6,0.5021004859512791,0.4444444444444444,0.4,4.901260985387411
160028,0.0,0.4903218229469238,0.5,0.5,2.2442616827083257
160028,0.1,0.4903218229469238,0.5,0.5,2.2442616827083257
160028,0.2,0.4903218229469238,0.5,0.5,2.2442616827083257
160028,0.3,0.47712865245805614,0.5,0.5,2.244261682708326
160028,0.4,0.4881611126103239,0.5,0.5,2.4219136437680318
160028,0.5,0.45245519202927575,0.5,0.5,3.5031306303321386
160028,0.6,0.382216228870822,0.5,0.5,4.809689191114763
75519,0.0,0.6784580292820441,0.7,0.7,3.750466012754876
75519,0.1,0.6726257612954908,0.7,0.7,3.7504660127548752
75519,0.2,0.6787735149180306,0.7,0.7,3.8734974141400054
75519,0.3,0.6704332738652171,0.7,0.7,4.115629798993512
75519,0.4,0.714530104344026,0.8,0.8,4.115629798993512
75519,0.5,0.714530104344026,0.8,0.8,4.4312108195415645
75519,0.6,0.7028056061060228,0.7,0.7,4.989213810779765
52471,0.0,0.2532633541065531,0.16666666666666666,0.1,3.79184192051338
52471,0.1,0.2532633541065531,0.16666666666666666,0.1,4.04120955065697
52471,0.2,0.2532633541065531,0.16666666666666666,0.1,4.097100467577936
52471,0.3,0.2532633541065531,0.16666666666666666,0.1,4.253596969725875
52471,0.4,0.2532633541065531,0.16666666666666666,0.1,4.587777913477228
52471,0.5,0.2532633541065531,0.16666666666666666,0.1,5.5292027610509775
52471,0.6,0.2532633541065531,0.16666666666666666,0.1,5.727229182844141
49538,0.0,0.149754413753547,0.2,0.2,3.0244874520414955
49538,0.1,0.15558668174010043,0.2,0.2,3.0244874520414955
49538,0.2,0.15558668174010043,0.2,0.2,3.024487452041496
49538,0.3,0.13122870694730646,0.2,0.2,3.024487452041496
49538,0.4,0.13091322131132005,0.2,0.2,3.882349549426229
49538,0.5,0.13366037064974118,0.2,0.2,6.023694447017073
49538,0.6,0.13366037064974118,0.2,0.2,8.22181288440158
116920,0.0,0.0,0.0,0.0,3.2332413729562264
116920,0.1,0.0,0.0,0.0,3.2332413729562264
116920,0.2,0.0,0.0,0.0,3.3999354330090226
116920,0.3,0.0,0.0,0.0,3.3999354330090226
116920,0.4,0.0,0.0,0.0,4.206098202783962
116920,0.5,0.0,0.0,0.0,4.92898233830538
116920,0.6,0.0,0.0,0.0,5.311664186068744
2340,0.0,0.5476118239146005,0.6,0.6,2.3625840591216773
2340,0.1,0.5503589732530216,0.6,0.6,2.3625840591216773
2340,0.2,0.5088475297531643,0.5,0.5,2.7784502508284232
2340,0.3,0.5088475297531643,0.5,0.5,3.1012693102348847
2340,0.4,0.5972029530702516,0.6,0.6,3.476332897233249
2340,0.5,0.6218214832600651,0.7,0.7,4.006377879447636
2340,0.6,0.5367729032154759,0.5,0.5,5.017898418997182
95915,0.0,0.5310180491416141,0.6,0.6,2.563796805000412
95915,0.1,0.5310180491416141,0.6,0.6,2.563796805000412
95915,0.2,0.5266648513747405,0.6,0.6,2.7634046992040338
95915,0.3,0.5340257538770548,0.6,0.6,2.994053156272281
95915,0.4,0.5481982629164217,0.6,0.6,3.4586079299594608
95915,0.5,0.5611308780082698,0.5,0.5,4.937957297495937
95915,0.6,0.6855747234862679,0.6,0.6,5.3053781532292295
54070,0.0,0.555952064967414,0.6,0.6,3.9082388592862953
54070,0.1,0.5808697336942849,0.6,0.6,3.9082388592862953
54070,0.2,0.6538558461911597,0.6,0.6,3.9082388592862953
54070,0.3,0.6670490166800274,0.6,0.6,4.381799617371216
54070,0.4,0.6919666854068982,0.6,0.6,6.229027030379462
54070,0.5,0.7061391944462652,0.6,0.6,7.739291444816267
54070,0.6,0.7163246601996921,0.6,0.6,8.905425400308285
5952,0.0,0.5235797327266082,0.5,0.5,2.717258361373887
5952,0.1,0.5044943319862907,0.5,0.5,2.9744686742837727
5952,0.2,0.49866206399973734,0.5,0.5,3.11302766153679
5952,0.3,0.5228713475419438,0.5,0.5,3.3033806360790647
5952,0.4,0.6180279794272684,0.5,0.5,3.5216634468215418
5952,0.5,0.5007008281534939,0.3,0.3,4.076705855023208
5952,0.6,0.40554419626816934,0.3,0.3,6.445783306629409
108936,0.0,0.3374753283198481,0.3333333333333333,0.3,1.7948815063422707
108936,0.1,0.3345612303032353,0.3333333333333333,0.3,1.7948815063422707
108936,0.2,0.2583500819536326,0.3333333333333333,0.3,1.8965558919346783
108936,0.3,0.16171105961481821,0.2222222222222222,0.2,2.1249370788599253
108936,0.4,0.06729296884018866,0.1111111111111111,0.1,3.7183450900800707
108936,0.5,0.0,0.0,0.0,5.788104848424483
108936,0.6,0.0,0.0,0.0,6.105051145364447
144299,0.0,0.656940964839292,0.6,0.6,2.737842080812626
144299,0.1,0.656940964839292,0.6,0.6,3.012980725244886
144299,0.2,0.6612941626061656,0.6,0.6,3.1461387104928953
144299,0.3,0.6612941626061656,0.6,0.6,3.1461387104928953
144299,0.4,0.5910551994477118,0.6,0.6,3.146138710492895
144299,0.5,0.5972029530702516,0.6,0.6,3.726220905714732
144299,0.6,0.5661375307208409,0.6,0.6,6.338048023667516
197532,0.0,0.8448062178085776,0.8,0.8,2.8627401487349617
197532,0.1,0.8448062178085776,0.8,0.8,2.9785989133392214
197532,0.2,0.8475533671469987,0.8,0.8,2.9785989133392214
197532,0.3,0.8607465376358662,0.8,0.8,2.9785989133392214
197532,0.4,0.8721718973368121,0.8,0.8,3.183648936259723
197532,0.5,0.7797624147899086,0.7,0.7,4.263335447141705
197532,0.6,0.7496495859232529,0.8,0.8,6.1403218884869535
40857,0.0,0.4789236064076178,0.42857142857142855,0.3,2.1879877490470863
40857,0.1,0.4789236064076178,0.42857142857142855,0.3,2.3035343160216946
40857,0.2,0.4789236064076178,0.42857142857142855,0.3,2.3035343160216946
40857,0.3,0.5488546938057919,0.5714285714285714,0.4,2.303534316021694
40857,0.4,0.6379452528154109,0.5714285714285714,0.4,2.6038493332978323
40857,0.5,0.48307455685939876,0.5714285714285714,0.4,3.2105610807803635
40857,0.6,0.32601333480347783,0.5714285714285714,0.4,4.550089440813195
12424,0.0,0.4978995140487208,0.5555555555555556,0.5,2.3997384352868343
12424,0.1,0.49171280976793447,0.5555555555555556,0.5,2.5810594670952605
12424,0.2,0.42828615462543695,0.5555555555555556,0.5,2.5810594670952605
12424,0.3,0.36751454827090174,0.4444444444444444,0.4,2.6478019331865736
12424,0.4,0.35637543719730286,0.4444444444444444,0.4,3.0380509249957304
12424,0.5,0.34074793458402175,0.3333333333333333,0.3,3.569080425124914
12424,0.6,0.2583500819536326,0.3333333333333333,0.3,4.171734990401736
110682,0.0,0.15776339168593279,0.25,0.2,2.1373981918795373
110682,0.1,0.17271023241849473,0.25,0.2,2.1373981918795373
110682,0.2,0.20405232944256743,0.25,0.2,2.137398191879537
110682,0.3,0.28362763671503505,0.25,0.2,2.137398191879537
110682,0.4,0.28051532920225103,0.25,0.2,2.287351905790789
110682,0.5,0.35238539372475525,0.375,0.3,4.253691638566208
110682,0.6,0.4476915673024917,0.5,0.4,6.282098157552242
98878,0.0,0.5435741117837132,0.4,0.4,4.322630621402628
98878,0.1,0.6177837711291778,0.5,0.5,4.322630621402628
98878,0.2,0.6562875098935943,0.5,0.5,4.322630621402628
98878,0.3,0.7329184349726785,0.6,0.6,4.322630621402628
98878,0.4,0.7372716327395521,0.6,0.6,4.322630621402628
98878,0.5,0.7372716327395521,0.6,0.6,4.949819024862889
98878,0.6,0.741258676025492,0.6,0.6,6.621939673044136
172323,0.0,0.22254093440717976,0.3333333333333333,0.3,3.3736172646626237
172323,0.1,0.22254093440717976,0.3333333333333333,0.3,3.3736172646626237
172323,0.2,0.23191812647161963,0.3333333333333333,0.3,3.506405499531379
172323,0.3,0.23191812647161963,0.3333333333333333,0.3,3.7911509426304177
172323,0.4,0.34074793458402175,0.3333333333333333,0.3,4.560867511124021
172323,0.5,0.39293601963400987,0.3333333333333333,0.3,4.663905867813338
172323,0.6,0.4301897685231449,0.3333333333333333,0.3,5.320239966988654
177048,0.0,0.4678602940976671,0.4444444444444444,0.4,3.528373965512921
177048,0.1,0.4881055452988937,0.4444444444444444,0.4,3.528373965512921
177048,0.2,0.548877151653429,0.5555555555555556,0.5,5.738643048623008
177048,0.3,0.5400300607544519,0.5555555555555556,0.5,9.547769387333588
177048,0.4,0.5292256078857199,0.5555555555555556,0.5,10.318234174722935
177048,0.5,0.5256183434166793,0.5555555555555556,0.5,10.318234174722935
177048,0.6,0.5256183434166793,0.5555555555555556,0.5,11.07054598198797
44394,0.0,0.7548447460630378,0.7,0.7,3.1573083534578195
44394,0.1,0.7591979438299113,0.7,0.7,3.299981738212815
44394,0.2,0.76259854811403,0.7,0.7,3.3691990215004823
44394,0.3,0.6991607935238136,0.6,0.6,3.5693961186381173
44394,0.4,0.6858189317843585,0.6,0.6,3.6933407430822904
44394,0.5,0.6421150008542275,0.5,0.5,3.6933407430822904
44394,0.6,0.5426051712020292,0.5,0.5,4.623727861661432
54094,0.0,0.8382306719473553,0.7777777777777778,0.7,1.8251323852895194
54094,0.1,0.7774590655928201,0.6666666666666666,0.6,1.976352896916095
54094,0.2,0.7820768141807656,0.6666666666666666,0.6,1.976352896916095
54094,0.3,0.7820768141807656,0.6666666666666666,0.6,2.132767767171212
54094,0.4,0.7909239050797426,0.6666666666666666,0.6,2.320310867542132
54094,0.5,0.7419089672750179,0.6666666666666666,0.6,3.522989653614905
54094,0.6,0.4974827373633336,0.4444444444444444,0.4,5.03094299006725
88346,0.0,0.5863091021321603,0.6,0.6,1.9407991696208362
88346,0.1,0.6750737720968545,0.6,0.6,2.1507740207420003
88346,0.2,0.7739301468033551,0.7,0.7,2.4576237664752587
88346,0.3,0.7902084359403552,0.7,0.7,3.6107976100068626
88346,0.4,0.7902084359403552,0.7,0.7,5.440735788935976
88346,0.5,0.7871233172922227,0.7,0.7,6.0175830056965705
88346,0.6,0.7871233172922227,0.7,0.7,6.555979346845564
179362,0.0,0.7871233172922227,0.7,0.7,4.3090404714022235
179362,0.1,0.7871233172922227,0.7,0.7,4.384838235423247
179362,0.2,0.7868078316562364,0.7,0.7,4.400331358962221
179362,0.3,0.7770152654514875,0.7,0.7,4.539484550369936
179362,0.4,0.6818586335661628,0.7,0.7,4.733794635127016
179362,0.5,0.6295752853110574,0.7,0.7,5.821469357491562
179362,0.6,0.6896124356171551,0.8,0.8,8.985969118952173
117621,0.0,0.6642855202426773,0.7,0.7,2.894788699201627
117621,0.1,0.6726257612954908,0.7,0.7,3.01207035807648
117621,0.2,0.6760263655796095,0.7,0.7,3.1862183983154537
117621,0.3,0.6784580292820441,0.7,0.7,4.138696074137124
117621,0.4,0.6862118313330364,0.7,0.7,6.648798853336311
117621,0.5,0.6889589806714576,0.7,0.7,10.612752207513427
117621,0.6,0.7591979438299113,0.7,0.7,11.458511489342884
161133,0.0,0.5044943319862907,0.5,0.5,2.4272603636580294
161133,0.1,0.5938023487861329,0.6,0.6,2.6407247308091604
161133,0.2,0.5294120007131615,0.5,0.5,2.6407247308091604
161133,0.3,0.4791674166118128,0.4,0.4,2.6407247308091604
161133,0.4,0.5330731603942997,0.4,0.4,2.6407247308091604
161133,0.5,0.5142868981910397,0.4,0.4,4.002380346493898
161133,0.6,0.3489076502461903,0.3,0.3,6.07927705604224
104955,0.0,0.4474485393167046,0.4,0.4,2.09618914076615
104955,0.1,0.4474485393167046,0.4,0.4,2.227153382529565
104955,0.2,0.4557887803695181,0.4,0.4,2.373471327124836
104955,0.3,0.5260277435279719,0.4,0.4,2.5006015293065755
104955,0.4,0.5303809412948455,0.4,0.4,2.626206726229027
104955,0.5,0.5142868981910397,0.4,0.4,3.499457073793418
104955,0.6,0.4311153199407378,0.4,0.4,6.100231140530363
93395,0.0,0.6042483699365795,0.6,0.6,1.8497533336295668
93395,0.1,0.6042483699365795,0.6,0.6,1.8497533336295668
93395,0.2,0.6643018673416062,0.6,0.6,1.8497533336295668
93395,0.3,0.5494063797702665,0.4,0.4,2.503479821473981
93395,0.4,0.4733351486252594,0.4,0.4,4.43737609189643
93395,0.5,0.37042471468894245,0.3,0.3,5.217335814035729
93395,0.6,0.3239736344203904,0.3,0.3,5.217335814035728
75436,0.0,0.5545303761591855,0.6666666666666666,0.4,4.352851756010582
75436,0.1,0.5545303761591855,0.6666666666666666,0.4,4.352851756010584
75436,0.2,0.5954514972429549,0.6666666666666666,0.4,4.958904699234192
75436,0.3,0.5032689666655196,0.5,0.3,4.958904699234192
75436,0.4,0.49295043249924547,0.5,0.3,5.438301460793779
75436,0.5,0.4892946060902224,0.5,0.3,6.792872848727393
75436,0.6,0.49295043249924547,0.5,0.3,8.281821949135518
55585,0.0,0.703979392471845,0.5555555555555556,0.5,3.302795942746586
55585,0.1,0.703979392471845,0.5555555555555556,0.5,3.3588472651865695
55585,0.2,0.703979392471845,0.5555555555555556,0.5,3.586829306751393
55585,0.3,0.6407104647860843,0.5555555555555556,0.5,3.586829306751393
55585,0.4,0.6407104647860843,0.5555555555555556,0.5,3.7149554271430154
55585,0.5,0.5315459984688151,0.5555555555555556,0.5,4.192611242697632
55585,0.6,0.49171280976793447,0.5555555555555556,0.5,5.054884026791659
101955,0.0,0.4382156670460325,0.4,0.4,3.04333415536594
101955,0.1,0.4382156670460325,0.4,0.4,3.26894562771864
101955,0.2,0.42253087058983374,0.4,0.4,3.26894562771864
101955,0.3,0.4093377001009661,0.4,0.4,3.26894562771864
101955,0.4,0.35229190743138,0.4,0.4,6.2435387480723135
101955,0.5,0.34345193470938595,0.4,0.4,7.9919034039252335
101955,0.6,0.35229190743138,0.4,0.4,9.756281541209216
120753,0.0,0.9399628496939022,0.9,0.9,1.9482451561518812
120753,0.1,0.9399628496939022,0.9,0.9,1.9482451561518808
120753,0.2,0.9427099990323233,0.9,0.9,1.9482451561518808
120753,0.3,1.0,1.0,1.0,2.7257318957713124
120753,0.4,0.9427099990323233,0.9,0.9,5.614775290749584
120753,0.5,0.9399628496939022,0.9,0.9,7.537119035923365
120753,0.6,0.9365622454097835,0.9,0.9,8.855435476864937
55027,0.0,0.2481377292236737,0.375,0.3,1.6532711259134216
55027,0.1,0.31304286485841215,0.5,0.4,1.6532711259134216
55027,0.2,0.3179747008984078,0.5,0.4,1.801737626287378
55027,0.3,0.33292154163096965,0.5,0.4,1.9367942672451792
55027,0.4,0.25923194858125387,0.375,0.3,2.5647635305047145
55027,0.5,0.23208137373497914,0.375,0.3,4.092290444550909
55027,0.6,0.24117280033590793,0.375,0.3,4.839985172297683
65676,0.0,0.43386246927915895,0.4,0.4,2.086101408753503
65676,0.1,0.4311153199407378,0.4,0.4,2.086101408753503
65676,0.2,0.28546989565597386,0.2,0.2,2.441755958011853
65676,0.3,0.28546989565597386,0.2,0.2,2.9133442780582297
65676,0.4,0.25810421612773926,0.2,0.2,3.750707625236516
65676,0.5,0.2476032647383259,0.2,0.2,4.404412314807083
65676,0.6,0.1200743006121955,0.1,0.1,5.20093884884979
92655,0.0,0.5972029530702516,0.6,0.6,2.985545536032451
92655,0.1,0.5232642470906218,0.5,0.5,3.1060584161625626
92655,0.2,0.45238817608539944,0.4,0.4,3.4418332110719434
92655,0.3,0.36743335705243085,0.3,0.3,3.9485963501273615
92655,0.4,0.3458999455107497,0.3,0.3,3.9485963501273615
92655,0.5,0.3076404150444236,0.3,0.3,4.054213121103834
92655,0.6,0.18011145091829325,0.2,0.2,4.863595329262213
150778,0.0,0.37107816963464,0.4,0.4,2.8049452637223355
150778,0.1,0.37107816963464,0.4,0.4,2.8049452637223355
150778,0.2,0.37107816963464,0.4,0.4,2.934303220829735
150778,0.3,0.26272836726044774,0.4,0.4,3.27834304578523
150778,0.4,0.20485192729094986,0.3,0.3,3.5993868342238806
150778,0.5,0.24055784787199802,0.3,0.3,3.6642186578996836
150778,0.6,0.3000085591762745,0.4,0.4,5.51158408565388
124513,0.0,0.2668727674712403,0.42857142857142855,0.3,2.50809510292705
124513,0.1,0.2668727674712403,0.42857142857142855,0.3,2.50809510292705
124513,0.2,0.2593685068914083,0.42857142857142855,0.3,2.50809510292705
124513,0.3,0.3022371313321923,0.2857142857142857,0.2,2.7339826426673133
124513,0.4,0.3022371313321923,0.2857142857142857,0.2,2.7339826426673133
124513,0.5,0.14656879505245024,0.14285714285714285,0.1,4.470776786521508
124513,0.6,0.08986824523342568,0.14285714285714285,0.1,7.467488085668274
184248,0.0,0.6461020441401674,0.5,0.5,2.044729225314263
184248,0.1,0.650455241907041,0.5,0.5,2.044729225314263
184248,0.2,0.650455241907041,0.5,0.5,2.044729225314263
184248,0.3,0.713577510861271,0.6,0.6,2.044729225314263
184248,0.4,0.7490124780764843,0.7,0.7,2.2358710845544856
184248,0.5,0.6082354132225194,0.6,0.6,3.0841657670598
184248,0.6,0.5958574600388186,0.4,0.4,4.69197529404312
161585,0.0,0.8414056135244589,0.8,0.8,3.076706110166252
161585,0.1,0.8444133182598994,0.8,0.8,3.2476996489859573
161585,0.2,0.7951480727090499,0.7,0.7,3.5268872275601937
161585,0.3,0.7351109224029522,0.6,0.6,4.178481024039015
161585,0.4,0.7766223659028094,0.7,0.7,5.300608973712312
161585,0.5,0.7766223659028094,0.7,0.7,5.963383768919834
161585,0.6,0.7193323649351328,0.6,0.6,6.147059785819989
164955,0.0,0.713184611312593,0.6,0.6,1.8776567027859343
164955,0.1,0.6999914408237253,0.6,0.6,1.8776567027859343
164955,0.2,0.6999914408237253,0.6,0.6,1.8776567027859343
164955,0.3,0.6999914408237253,0.6,0.6,2.3431969531910544
164955,0.4,0.6211843754132965,0.5,0.5,2.3431969531910544
164955,0.5,0.5722852843433808,0.6,0.6,4.670544346137719
164955,0.6,0.5688846800592621,0.6,0.6,6.563183672867031
122287,0.0,0.3171724258521531,0.4,0.4,3.186323149756263
122287,0.1,0.3363515876040912,0.5,0.5,3.186323149756263
122287,0.2,0.3363515876040912,0.5,0.5,3.558284978443445
122287,0.3,0.35389795585983247,0.5,0.5,3.558284978443445
122287,0.4,0.3000085591762745,0.4,0.4,3.8012063863663856
122287,0.5,0.2365708045860581,0.3,0.3,4.891446577683855
122287,0.6,0.32711871533341913,0.4,0.4,5.920780316969722
72718,0.0,0.8121347470307143,0.8,0.8,8.073376396657313
72718,0.1,0.8121347470307143,0.8,0.8,8.516117391215989
72718,0.2,0.8121347470307143,0.8,0.8,8.750461509966872
72718,0.3,0.7418957838722606,0.8,0.8,8.750461509966872
72718,0.4,0.7418957838722606,0.8,0.8,8.750461509966872
72718,0.5,0.7418957838722606,0.8,0.8,8.750461509966872
72718,0.6,0.7418957838722606,0.8,0.8,8.814585311287615
100792,0.0,0.06003715030609775,0.1,0.1,2.464051316548278
100792,0.1,0.06343775459021642,0.1,0.1,2.6227298948602513
100792,0.2,0.06343775459021642,0.1,0.1,2.6227298948602513
100792,0.3,0.07362322034364344,0.1,0.1,2.7938873311500645
100792,0.4,0.07362322034364344,0.1,0.1,3.1558995997716517
100792,0.5,0.07362322034364344,0.1,0.1,3.633721999787889
100792,0.6,0.1200743006121955,0.1,0.1,4.789447646493824
5798,0.0,0.46079543308208937,0.5,0.5,4.846836998047699
5798,0.1,0.47098089883551636,0.5,0.5,4.846836998047701
5798,0.2,0.46937485040706384,0.5,0.5,4.846836998047701
5798,0.3,0.49090826194874504,0.5,0.5,4.8468369980477
5798,0.4,0.5158259306756159,0.5,0.5,5.604684176661376
5798,0.5,0.564775690590479,0.6,0.6,5.857517493839898
5798,0.6,0.5774691294101661,0.6,0.6,6.313657022254123
51121,0.0,0.2895076077868612,0.4,0.4,4.076545552250626
51121,0.1,0.3788319716856323,0.4,0.4,4.076545552250626
51121,0.2,0.381263635388067,0.4,0.4,4.286220093711209
51121,0.3,0.3896038764408806,0.4,0.4,4.546184452727256
51121,0.4,0.3455070459620716,0.3,0.3,4.546184452727257
51121,0.5,0.3590931159996173,0.3,0.3,5.041162807936264
51121,0.6,0.3590931159996173,0.3,0.3,6.216297741564377
59141,0.0,0.3076404150444236,0.3,0.3,2.7344432591947525
59141,0.1,0.23740145188596992,0.3,0.3,3.2101841722081033
59141,0.2,0.15519378219142235,0.2,0.2,3.4538558580763423
59141,0.3,0.15244663285300125,0.2,0.2,3.5864525230297395
59141,0.4,0.2288170025350658,0.3,0.3,4.191346004544616
59141,0.5,0.25375101836086567,0.2,0.2,4.412710627632933
59141,0.6,0.25810421612773926,0.2,0.2,5.411998822572587
11555,0.0,0.6919666854068982,0.6,0.6,3.9614082813666385
11555,0.1,0.6977989533934517,0.6,0.6,3.9614082813666385
11555,0.2,0.6812215257193943,0.6,0.6,3.9614082813666394
11555,0.3,0.7634291954139418,0.7,0.7,4.144276595946424
11555,0.4,0.7428647244539446,0.7,0.7,4.396002457946075
11555,0.5,0.7138929964972575,0.6,0.6,4.54536107558206
11555,0.6,0.713577510861271,0.6,0.6,5.192367615715599
108762,0.0,0.630165061146003,0.6666666666666666,0.6,4.301262302698747
108762,0.1,0.630165061146003,0.6666666666666666,0.6,4.301262302698747
108762,0.2,0.630165061146003,0.6666666666666666,0.6,4.301262302698747
108762,0.3,0.6356759395127516,0.5555555555555556,0.5,4.301262302698747
108762,0.4,0.6291545770270982,0.5555555555555556,0.5,4.473824676440865
108762,0.5,0.5719902351416036,0.4444444444444444,0.4,5.154865391133554
108762,0.6,0.5579952944892183,0.4444444444444444,0.4,6.041196977107
