user_id,lam,ndcg,recall,precision,novelty
144826,0.0,0.2931514318673685,0.6,0.3,2.9675195816366653
144826,0.1,0.2931514318673685,0.6,0.3,3.0757185116212686
144826,0.2,0.22953950935985862,0.4,0.2,3.2833717158925664
144826,0.3,0.22953950935985862,0.4,0.2,3.4228732140652625
144826,0.4,0.32897293001276146,0.6,0.3,3.4228732140652625
144826,0.5,0.2857650373872901,0.4,0.2,3.9924978398729936
144826,0.6,0.2857650373872901,0.4,0.2,5.9660406878071965
42833,0.0,0.6094435300763643,0.5,0.5,1.927275801163497
42833,0.1,0.6750737720968545,0.6,0.6,1.927275801163497
42833,0.2,0.713184611312593,0.6,0.6,2.017396037194207
42833,0.3,0.6531474610064952,0.5,0.5,2.017396037194207
42833,0.4,0.6558946103449164,0.5,0.5,3.928028567450183
42833,0.5,0.6241757330498082,0.5,0.5,5.575333206191027
42833,0.6,0.5799171402115298,0.5,0.5,6.402895066919697
35708,0.0,0.25035041407674696,0.2,0.2,5.224142191548216
35708,0.1,0.25035041407674696,0.2,0.2,5.258826922932093
35708,0.2,0.25035041407674696,0.2,0.2,5.416317806537817
35708,0.3,0.25035041407674696,0.2,0.2,5.577149958153084
35708,0.4,0.25035041407674696,0.2,0.2,5.973799178513529
35708,0.5,0.25035041407674696,0.2,0.2,6.246726906225991
35708,0.6,0.25035041407674696,0.2,0.2,6.62824377801298
74586,0.0,0.20979156405964475,0.3,0.3,2.3459493417089137
74586,0.1,0.20979156405964475,0.3,0.3,2.3459493417089132
74586,0.2,0.20979156405964475,0.3,0.3,2.3459493417089132
74586,0.3,0.20485192729094986,0.3,0.3,2.4485482606354507
74586,0.4,0.20979156405964475,0.3,0.3,2.550681000531944
74586,0.5,0.2229847345485124,0.3,0.3,5.363133699709179
74586,0.6,0.2288170025350658,0.3,0.3,6.662797407501796
186158,0.0,0.5007008281534939,0.3,0.3,2.026712671744748
186158,0.1,0.5007008281534939,0.3,0.3,2.1617076733033582
186158,0.2,0.5641385827437104,0.4,0.4,2.1617076733033582
186158,0.3,0.568491780510584,0.4,0.4,2.1617076733033582
186158,0.4,0.5743240484971374,0.4,0.4,2.46594249018555
186158,0.5,0.5820778505481298,0.5,0.5,3.8245951293606533
186158,0.6,0.4557887803695181,0.4,0.4,5.561364171995185
57140,0.0,0.39599583836151087,0.5,0.5,1.9729866177546174
57140,0.1,0.41232905773747774,0.5,0.5,1.9729866177546178
57140,0.2,0.4857131018089602,0.6,0.6,2.075679842543684
57140,0.3,0.5515825201016114,0.7,0.7,2.2527313827909157
57140,0.4,0.5620834714910248,0.7,0.7,2.2527313827909157
57140,0.5,0.7197252644838108,0.6,0.6,3.794354715611033
57140,0.6,0.7351109224029522,0.6,0.6,5.707155296828052
19995,0.0,0.6421150008542275,0.5,0.5,2.6675619384505986
19995,0.1,0.6744873330950333,0.6,0.6,3.0108875921555875
19995,0.2,0.6744873330950333,0.6,0.6,3.1379680481760786
19995,0.3,0.69480759575694,0.6,0.6,3.1379680481760786
19995,0.4,0.7240784622506844,0.6,0.6,5.707937423798105
19995,0.5,0.7163246601996921,0.6,0.6,7.498672729686047
19995,0.6,0.650455241907041,0.5,0.5,7.932219788671449
109588,0.0,0.05729000096767664,0.1,0.1,7.540575004093481
109588,0.1,0.05729000096767664,0.1,0.1,7.540575004093481
109588,0.2,0.05729000096767664,0.1,0.1,7.779754559897976
109588,0.3,0.05729000096767664,0.1,0.1,8.364712354135417
109588,0.4,0.05729000096767664,0.1,0.1,8.784174731196646
109588,0.5,0.05729000096767664,0.1,0.1,8.907513873225216
109588,0.6,0.05729000096767664,0.1,0.1,9.211410996376502
107932,0.0,0.48814476551139496,0.6,0.6,4.15643132591385
107932,0.1,0.49864571690080833,0.6,0.6,4.15643132591385
107932,0.2,0.48012001009456773,0.6,0.6,4.15643132591385
107932,0.3,0.42008285978847,0.5,0.5,4.396655534611616
107932,0.4,0.41393510616593016,0.5,0.5,4.734057020857875
107932,0.5,0.3785714162886128,0.5,0.5,5.334746579225971
107932,0.6,0.4166822555043513,0.5,0.5,5.981598167801478
196610,0.0,0.669480680382462,0.5,0.5,5.13070926821666
196610,0.1,0.669480680382462,0.5,0.5,5.13070926821666
196610,0.2,0.669480680382462,0.5,0.5,5.276171717866296
196610,0.3,0.669480680382462,0.5,0.5,5.276171717866296
196610,0.4,0.669480680382462,0.5,0.5,5.693961226215919
196610,0.5,0.669480680382462,0.5,0.5,6.109077920531414
196610,0.6,0.669480680382462,0.5,0.5,6.572476983982907
129704,0.0,0.40554419626816934,0.3,0.3,2.450211180422056
129704,0.1,0.40554419626816934,0.3,0.3,2.5916725179386235
129704,0.2,0.40554419626816934,0.3,0.3,2.5916725179386235
129704,0.3,0.38401078472648814,0.3,0.3,2.739781913270847
129704,0.4,0.2752680828036178,0.3,0.3,3.8197932103049785
129704,0.5,0.15558668174010043,0.2,0.2,4.749110322189595
129704,0.6,0.13122870694730646,0.2,0.2,5.58145845468675
44934,0.0,0.0,0.0,0.0,4.017908076904081
44934,0.1,0.0,0.0,0.0,5.118756058057518
44934,0.2,0.0,0.0,0.0,6.935219898110636
44934,0.3,0.0,0.0,0.0,8.308234530497899
44934,0.4,0.0,0.0,0.0,8.97398690984799
44934,0.5,0.0,0.0,0.0,9.840033829597115
44934,0.6,0.0,0.0,0.0,9.960217915836662
173640,0.0,0.8799256993878044,0.9,0.9,2.8761912719051588
173640,0.1,0.8799256993878044,0.9,0.9,3.007888170703291
173640,0.2,0.9048433681146754,0.9,0.9,3.207330581054413
173640,0.3,0.9322090476429099,0.9,0.9,3.207330581054413
173640,0.4,0.9427099990323233,0.9,0.9,3.207330581054413
173640,0.5,0.9427099990323233,0.9,0.9,3.614709456009044
173640,0.6,1.0,1.0,1.0,5.332787010301476
35198,0.0,0.3317274364713827,0.3,0.3,3.123183817907848
35198,0.1,0.3317274364713827,0.3,0.3,3.123183817907848
35198,0.2,0.38157912102405345,0.4,0.4,3.123183817907848
35198,0.3,0.3153942170954159,0.3,0.3,3.123183817907848
35198,0.4,0.3153942170954159,0.3,0.3,3.123183817907848
35198,0.5,0.3788319716856323,0.4,0.4,6.047452743322877
35198,0.6,0.4635425824205105,0.5,0.5,7.252814934668829
63211,0.0,0.19004688335796716,0.3333333333333333,0.1,3.044018723796582
63211,0.1,0.19004688335796716,0.3333333333333333,0.1,3.044018723796582
63211,0.2,0.16369747519436978,0.3333333333333333,0.1,3.044018723796582
63211,0.3,0.16369747519436978,0.3333333333333333,0.1,3.447419772195372
63211,0.4,0.13539213147917575,0.3333333333333333,0.1,4.340911690790625
63211,0.5,0.13539213147917575,0.3333333333333333,0.1,4.749268377869022
63211,0.6,0.1266979222386448,0.3333333333333333,0.1,5.144006403389411
57380,0.0,0.2763144372979935,0.4,0.4,3.8697692653250257
57380,0.1,0.2836753398003077,0.4,0.4,3.869769265325025
57380,0.2,0.2836753398003077,0.4,0.4,4.087441817610654
57380,0.3,0.2836753398003077,0.4,0.4,4.451712549459548
57380,0.4,0.2836753398003077,0.4,0.4,6.082118367165542
57380,0.5,0.2836753398003077,0.4,0.4,6.459571668645134
57380,0.6,0.2836753398003077,0.4,0.4,6.661684815092448
159078,0.0,0.37989503115982964,0.3333333333333333,0.2,2.7248367877397963
159078,0.1,0.37989503115982964,0.3333333333333333,0.2,2.8722396943343345
159078,0.2,0.37989503115982964,0.3333333333333333,0.2,2.8722396943343345
159078,0.3,0.3434775810703913,0.3333333333333333,0.2,2.8722396943343345
159078,0.4,0.4093989132926582,0.5,0.3,3.422391685907035
159078,0.5,0.3376844721420708,0.3333333333333333,0.2,5.1163751706242
159078,0.6,0.25000561255896653,0.3333333333333333,0.2,5.8065379835093225
110784,0.0,0.41393510616593016,0.5,0.5,3.7196182754023774
110784,0.1,0.3488913031472613,0.4,0.4,3.9781641862453845
110784,0.2,0.2971943938939771,0.3,0.3,3.978164186245384
110784,0.3,0.36743335705243085,0.3,0.3,4.519630756365382
110784,0.4,0.4191302663057151,0.4,0.4,4.995497299279683
110784,0.5,0.4382156670460325,0.4,0.4,5.699171417400828
110784,0.6,0.43546851770761136,0.4,0.4,6.155720459719749
43483,0.0,0.30339991536033456,0.5714285714285714,0.4,2.975491143585635
43483,0.1,0.23346882796216042,0.42857142857142855,0.3,3.15762479299723
43483,0.2,0.23346882796216042,0.42857142857142855,0.3,3.4485869056417875
43483,0.3,0.2206508329024053,0.42857142857142855,0.3,3.6568690995014315
43483,0.4,0.2206508329024053,0.42857142857142855,0.3,3.6568690995014324
43483,0.5,0.2206508329024053,0.42857142857142855,0.3,4.314159374984802
43483,0.6,0.1507197455042312,0.2857142857142857,0.2,4.674581767713882
181576,0.0,0.55774662082308,0.4,0.4,3.59430139849447
181576,0.1,0.55774662082308,0.4,0.4,3.7690892118657104
181576,0.2,0.55774662082308,0.4,0.4,3.7690892118657104
181576,0.3,0.5826642895499509,0.4,0.4,3.7690892118657104
181576,0.4,0.5826642895499509,0.4,0.4,4.1438418915869315
181576,0.5,0.5958574600388186,0.4,0.4,5.563107068316054
181576,0.6,0.5958574600388186,0.4,0.4,7.374742937985606
117729,0.0,0.37817851673993474,0.3,0.3,3.68115788537488
117729,0.1,0.38401078472648814,0.3,0.3,3.881152736478429
117729,0.2,0.39235102577930164,0.3,0.3,4.031949578760352
117729,0.3,0.39235102577930164,0.3,0.3,4.031949578760351
117729,0.4,0.39235102577930164,0.3,0.3,4.153631675581615
117729,0.5,0.36743335705243085,0.3,0.3,4.344709265906624
117729,0.6,0.2830218848546101,0.3,0.3,5.103219062590223
134301,0.0,0.06343775459021642,0.1,0.1,2.8650367362978604
134301,0.1,0.06343775459021642,0.1,0.1,2.9644808703119834
134301,0.2,0.1173271512737744,0.2,0.2,3.0936421693643092
134301,0.3,0.1173271512737744,0.2,0.2,3.26707203338448
134301,0.4,0.12072775555789306,0.2,0.2,3.6824256258832464
134301,0.5,0.07362322034364344,0.1,0.1,4.428593421762747
134301,0.6,0.1200743006121955,0.1,0.1,5.658197789710331
9506,0.0,0.2554359839370199,0.3333333333333333,0.3,1.8095015903851368
9506,0.1,0.25182871946797925,0.3333333333333333,0.3,1.8095015903851368
9506,0.2,0.2691545348223645,0.3333333333333333,0.3,1.8095015903851368
9506,0.3,0.29241334305911415,0.3333333333333333,0.3,1.8095015903851368
9506,0.4,0.1500081391370547,0.2222222222222222,0.2,2.009202064670087
9506,0.5,0.07191071742813417,0.1111111111111111,0.1,2.610497310449354
9506,0.6,0.13559642179928214,0.2222222222222222,0.2,4.022834526882752
141009,0.0,0.11377041810078811,0.25,0.1,6.494157284340483
141009,0.1,0.11377041810078811,0.25,0.1,6.59769162217393
141009,0.2,0.11377041810078811,0.25,0.1,6.8539618762386185
141009,0.3,0.11377041810078811,0.25,0.1,7.663355005014478
141009,0.4,0.11377041810078811,0.25,0.1,7.957102256221775
141009,0.5,0.11377041810078811,0.25,0.1,7.9571022562217735
141009,0.6,0.11377041810078811,0.25,0.1,8.177249221019036
177351,0.0,0.8087341427465955,0.7,0.7,9.097056256541185
177351,0.1,0.8087341427465955,0.7,0.7,9.097056256541185
177351,0.2,0.8087341427465955,0.7,0.7,9.288717767091219
177351,0.3,0.8087341427465955,0.7,0.7,9.475681687122414
177351,0.4,0.8087341427465955,0.7,0.7,9.475681687122414
177351,0.5,0.8087341427465955,0.7,0.7,9.618467841086057
177351,0.6,0.8087341427465955,0.7,0.7,10.599463390908996
196666,0.0,0.39293601963400987,0.3333333333333333,0.3,3.9593969086785563
196666,0.1,0.39293601963400987,0.3333333333333333,0.3,3.9593969086785563
196666,0.2,0.4710507818813206,0.3333333333333333,0.3,4.079737580247189
196666,0.3,0.46744351741227996,0.3333333333333333,0.3,4.998098815281444
196666,0.4,0.4710507818813206,0.3333333333333333,0.3,5.350911943093893
196666,0.5,0.4818552347500525,0.3333333333333333,0.3,5.746932582212482
196666,0.6,0.40734773697178245,0.3333333333333333,0.3,5.98128029619931
41413,0.0,0.2786686870877365,0.3,0.3,1.7315426368122342
41413,0.1,0.2786686870877365,0.3,0.3,1.7315426368122342
41413,0.2,0.2786686870877365,0.3,0.3,1.8851960311026772
41413,0.3,0.33870583739383425,0.4,0.4,1.9066310607422907
41413,0.4,0.42227534721874377,0.5,0.5,2.5365911167303627
41413,0.5,0.5525514606832953,0.6,0.6,5.63958997076317
41413,0.6,0.5996509638716153,0.5,0.5,6.012057625534903
148478,0.0,0.12092199990360374,0.2,0.1,4.635631369000146
148478,0.1,0.12092199990360374,0.2,0.1,4.7456601524267645
148478,0.2,0.12092199990360374,0.2,0.1,4.902063336711921
148478,0.3,0.12092199990360374,0.2,0.1,4.928580668370932
148478,0.4,0.12092199990360374,0.2,0.1,5.105155095661989
148478,0.5,0.12092199990360374,0.2,0.1,5.397250374592095
148478,0.6,0.12092199990360374,0.2,0.1,5.637761312784899
132792,0.0,0.25923194858125387,0.375,0.3,4.8504310607707986
132792,0.1,0.25923194858125387,0.375,0.3,5.008595813559872
132792,0.2,0.25923194858125387,0.375,0.3,5.008595813559872
132792,0.3,0.25923194858125387,0.375,0.3,5.251949254045303
132792,0.4,0.25923194858125387,0.375,0.3,5.6151838664367375
132792,0.5,0.25923194858125387,0.375,0.3,5.7357355456311145
132792,0.6,0.24428510784869198,0.375,0.3,5.912328349512961
167029,0.0,0.4983465783637509,0.5,0.5,3.2590108005747034
167029,0.1,0.49251431037719756,0.5,0.5,3.2590108005747043
167029,0.2,0.41329799831916164,0.4,0.4,3.2590108005747034
167029,0.3,0.39300448072499927,0.4,0.4,3.601724772940032
167029,0.4,0.3193649132824269,0.4,0.4,3.77789782633525
167029,0.5,0.3022010466065483,0.4,0.4,4.410568272839511
167029,0.6,0.2868153886874069,0.4,0.4,5.389910209613531
75944,0.0,0.19031326377064925,0.1,0.1,2.172449386953965
75944,0.1,0.19031326377064925,0.1,0.1,2.407567039552973
75944,0.2,0.19031326377064925,0.1,0.1,2.407567039552973
75944,0.3,0.19031326377064925,0.1,0.1,2.549371481334142
75944,0.4,0.19031326377064925,0.1,0.1,3.118153612706831
75944,0.5,0.081963461396457,0.1,0.1,3.65025403057916
75944,0.6,0.06343775459021642,0.1,0.1,5.6072742409968335
23961,0.0,1.0,1.0,1.0,4.2277516663841554
23961,0.1,1.0,1.0,1.0,4.661521508241334
23961,0.2,1.0,1.0,1.0,5.0150062128288315
23961,0.3,1.0,1.0,1.0,5.351964646824571
23961,0.4,1.0,1.0,1.0,5.488375265396341
23961,0.5,0.9399628496939022,0.9,0.9,6.008251498743742
23961,0.6,0.8007093873297685,0.7,0.7,6.468289650495723
159814,0.0,0.5262719518260625,0.5,0.5,1.803318549247874
159814,0.1,0.462834197235846,0.4,0.4,1.989268070644285
159814,0.2,0.43546851770761136,0.4,0.4,2.2170948630937994
159814,0.3,0.37382531897306115,0.3,0.3,2.6784547741660187
159814,0.4,0.34006767752419625,0.3,0.3,3.5725107624007775
159814,0.5,0.318141366433837,0.3,0.3,5.244810139122769
159814,0.6,0.2365708045860581,0.3,0.3,6.53426893186735
138465,0.0,0.4035054321144127,0.4,0.4,3.1768041650830683
138465,0.1,0.4035054321144127,0.4,0.4,3.333186193544652
138465,0.2,0.3957516300634204,0.4,0.4,3.398734760097562
138465,0.3,0.3828026678726432,0.5,0.5,4.118362086828785
138465,0.4,0.27048216931144015,0.4,0.4,4.523063637431874
138465,0.5,0.20145132300683122,0.3,0.3,4.730842367429861
138465,0.6,0.31104101932854233,0.3,0.3,5.557514712190341
72443,0.0,0.6241757330498082,0.5,0.5,3.8342279679766826
72443,0.1,0.6241757330498082,0.5,0.5,3.8342279679766826
72443,0.2,0.6241757330498082,0.5,0.5,3.8342279679766826
72443,0.3,0.6241757330498082,0.5,0.5,3.8342279679766826
72443,0.4,0.6241757330498082,0.5,0.5,3.8342279679766826
72443,0.5,0.5992580643229373,0.5,0.5,4.410305471140136
72443,0.6,0.603611262089811,0.5,0.5,5.614863891677996
111433,0.0,0.13122870694730646,0.2,0.2,2.7441814880634143
111433,0.1,0.14200061170255474,0.2,0.2,2.7441814880634143
111433,0.2,0.2186315367816388,0.3,0.3,2.7441814880634143
111433,0.3,0.28027473551618903,0.4,0.4,2.7441814880634148
111433,0.4,0.3051924042430599,0.4,0.4,3.4868382576570376
111433,0.5,0.3788319716856323,0.4,0.4,4.81073774506167
111433,0.6,0.3788319716856323,0.4,0.4,5.289380545951286
35256,0.0,0.5426051712020292,0.5,0.5,4.626434363135778
35256,0.1,0.5294120007131615,0.5,0.5,4.626434363135777
35256,0.2,0.5260113964290429,0.5,0.5,4.626434363135777
35256,0.3,0.5392045669179105,0.5,0.5,6.821633517283452
35256,0.4,0.6094435300763643,0.5,0.5,9.050592050013964
35256,0.5,0.6094435300763643,0.5,0.5,11.111292408401678
35256,0.6,0.6285289308166818,0.5,0.5,11.169046911317546
125671,0.0,0.76259854811403,0.7,0.7,2.874633194468507
125671,0.1,0.7591979438299113,0.7,0.7,3.1474405220817294
125671,0.2,0.7591979438299113,0.7,0.7,4.072896147272679
125671,0.3,0.7520975967246166,0.7,0.7,4.293282656744483
125671,0.4,0.738511526687071,0.7,0.7,4.958806829608092
125671,0.5,0.656940964839292,0.6,0.6,7.201812438528712
125671,0.6,0.4989062722978278,0.5,0.5,10.718329456304772
108963,0.0,0.8502455862464527,0.8,0.8,3.1575067297529964
108963,0.1,0.8545987840133263,0.8,0.8,3.1575067297529964
108963,0.2,0.8448062178085776,0.8,0.8,3.4391857127479595
108963,0.3,0.8475533671469987,0.8,0.8,3.4391857127479595
108963,0.4,0.8475533671469987,0.8,0.8,3.4391857127479604
108963,0.5,0.8475533671469987,0.8,0.8,4.454843979070803
108963,0.6,0.8607465376358662,0.8,0.8,4.616722450525801
121620,0.0,0.4089448005522881,0.4,0.4,4.305567226638883
121620,0.1,0.4089448005522881,0.4,0.4,4.305567226638883
121620,0.2,0.4089448005522881,0.4,0.4,4.468358730243612
121620,0.3,0.406197651213867,0.4,0.4,4.472764141475786
121620,0.4,0.3973576784918729,0.4,0.4,4.640921103985727
121620,0.5,0.3890174374390593,0.4,0.4,4.97555892599569
121620,0.6,0.3273742387045091,0.3,0.3,5.660278006920824
167325,0.0,0.48879871175132167,0.5555555555555556,0.5,2.3040766221315363
167325,0.1,0.49171280976793447,0.5555555555555556,0.5,2.8745984421712985
167325,0.2,0.5025172626366663,0.5555555555555556,0.5,2.8745984421712985
167325,0.3,0.5926522630282174,0.6666666666666666,0.6,3.393756319096074
167325,0.4,0.7448230652916307,0.6666666666666666,0.6,3.8114653213241176
167325,0.5,0.7572774206596483,0.6666666666666666,0.6,3.9946104829308746
167325,0.6,0.7507560581739949,0.6666666666666666,0.6,4.95219940442492
183514,0.0,0.24491104563887164,0.3,0.3,3.22245664549366
183514,0.1,0.25074331362542507,0.3,0.3,3.22245664549366
183514,0.2,0.25074331362542507,0.3,0.3,3.4590999624963175
183514,0.3,0.24491104563887164,0.3,0.3,3.4590999624963166
183514,0.4,0.16877985222896807,0.2,0.2,3.6778542695838787
183514,0.5,0.149754413753547,0.2,0.2,4.054897050789075
183514,0.6,0.1392534623641336,0.2,0.2,4.318050134469507
62287,0.0,0.2532633541065531,0.16666666666666666,0.1,1.6481053062283926
62287,0.1,0.2532633541065531,0.16666666666666666,0.1,1.8149455787571849
62287,0.2,0.12663167705327655,0.16666666666666666,0.1,1.8149455787571853
62287,0.3,0.10907458963273323,0.16666666666666666,0.1,2.166094356455862
62287,0.4,0.0844211180355177,0.16666666666666666,0.1,2.4505796480932185
62287,0.5,0.15613555918610517,0.3333333333333333,0.2,3.437362194563766
62287,0.6,0.09797563950575583,0.16666666666666666,0.1,4.702148325584735
89441,0.0,0.4388691219917301,0.5,0.5,2.6283946583053592
89441,0.1,0.4388691219917301,0.5,0.5,2.6283946583053592
89441,0.2,0.44470138997828357,0.5,0.5,2.6283946583053592
89441,0.3,0.4089448005522881,0.4,0.4,4.1667144463815715
89441,0.4,0.43386246927915895,0.4,0.4,8.134983539749147
89441,0.5,0.44406428213151494,0.3,0.3,10.45396368767823
89441,0.6,0.44406428213151494,0.3,0.3,10.618349306655704
125146,0.0,0.2763144372979935,0.4,0.4,1.9207622561965134
125146,0.1,0.2763144372979935,0.4,0.4,2.0841356059800886
125146,0.2,0.2763144372979935,0.4,0.4,2.084135605980089
125146,0.3,0.27906158663641456,0.4,0.4,2.248957055339466
125146,0.4,0.26214192825862653,0.4,0.4,2.4903822027957414
125146,0.5,0.14141417270073348,0.2,0.2,3.2265371379092285
125146,0.6,0.15519378219142235,0.2,0.2,3.638298046857288
145730,0.0,0.2532633541065531,0.16666666666666666,0.1,2.2670211652116117
145730,0.1,0.2532633541065531,0.16666666666666666,0.1,2.401586307836345
145730,0.2,0.2532633541065531,0.16666666666666666,0.1,3.033774010393963
145730,0.3,0.2532633541065531,0.16666666666666666,0.1,3.7860555877461644
145730,0.4,0.1597913855951283,0.16666666666666666,0.1,4.599487684707025
145730,0.5,0.1597913855951283,0.16666666666666666,0.1,5.928852089813593
145730,0.6,0.1597913855951283,0.16666666666666666,0.1,6.010104612924507
193707,0.0,0.3676775653505214,0.3,0.3,2.4018627381319773
193707,0.1,0.3676775653505214,0.3,0.3,2.4018627381319773
193707,0.2,0.3676775653505214,0.3,0.3,2.4018627381319773
193707,0.3,0.28546989565597386,0.2,0.2,2.5156918832473716
193707,0.4,0.28546989565597386,0.2,0.2,2.5156918832473716
193707,0.5,0.3239736344203904,0.3,0.3,2.941343319476039
193707,0.6,0.3212264850819693,0.3,0.3,3.4945688587306547
82924,0.0,0.3785714162886128,0.5,0.5,6.4826440643168155
82924,0.1,0.4256759515028624,0.6,0.6,6.4826440643168155
82924,0.2,0.44225337917691976,0.6,0.6,6.720819792592553
82924,0.3,0.5208325833881872,0.6,0.6,7.063242332444062
82924,0.4,0.5398580218636082,0.6,0.6,7.308127246487878
82924,0.5,0.5481982629164217,0.6,0.6,7.454402207190793
82924,0.6,0.5525514606832953,0.6,0.6,8.564932802729874
30185,0.0,0.45238817608539944,0.4,0.4,2.537107416570338
30185,0.1,0.45238817608539944,0.4,0.4,2.537107416570338
30185,0.2,0.39235102577930164,0.3,0.3,2.7159177233756204
30185,0.3,0.3590931159996173,0.3,0.3,3.086653947102812
30185,0.4,0.31104101932854233,0.3,0.3,5.132988205244548
30185,0.5,0.2476032647383259,0.2,0.2,6.293172315728652
30185,0.6,0.17736430157987212,0.2,0.2,6.700723901010123
116248,0.0,0.39235102577930164,0.3,0.3,2.6015093389052644
116248,0.1,0.40554419626816934,0.3,0.3,2.6015093389052644
116248,0.2,0.39235102577930164,0.3,0.3,2.854645038917703
116248,0.3,0.39235102577930164,0.3,0.3,3.9683534459107115
116248,0.4,0.39235102577930164,0.3,0.3,3.9683534459107115
116248,0.5,0.37817851673993474,0.3,0.3,6.148114591315484
116248,0.6,0.44841747989838854,0.3,0.3,7.476581456868854
196541,0.0,0.9048433681146754,0.9,0.9,3.0016600850071313
196541,0.1,0.9048433681146754,0.9,0.9,3.0016600850071313
196541,0.2,0.9048433681146754,0.9,0.9,3.5461175273450563
196541,0.3,0.9048433681146754,0.9,0.9,3.940870785355643
196541,0.4,0.9180365386035428,0.9,0.9,5.3971817648433085
196541,0.5,0.9180365386035428,0.9,0.9,7.857674623809862
196541,0.6,0.9180365386035428,0.9,0.9,8.942136622296175
195047,0.0,0.3175336223641074,0.4,0.2,2.2718352975421503
195047,0.1,0.3175336223641074,0.4,0.2,2.2718352975421507
195047,0.2,0.4211582832992167,0.4,0.2,2.2718352975421503
195047,0.3,0.4211582832992167,0.4,0.2,2.2718352975421507
195047,0.4,0.38938969832239934,0.4,0.2,2.8764588450038824
195047,0.5,0.38938969832239934,0.4,0.2,4.638719182712497
195047,0.6,0.3807852604803161,0.4,0.2,5.5505316690380235
193629,0.0,0.5364401368238014,0.4444444444444444,0.4,2.2321324280710004
193629,0.1,0.5426268411045877,0.4444444444444444,0.4,2.2321324280710004
193629,0.2,0.4681193433263177,0.4444444444444444,0.4,2.2321324280710004
193629,0.3,0.4505344787432818,0.4444444444444444,0.4,3.082364352528933
193629,0.4,0.45344857675989453,0.4444444444444444,0.4,3.576126896599186
193629,0.5,0.4384147815801311,0.4444444444444444,0.4,4.849242318161472
193629,0.6,0.41980209233980026,0.4444444444444444,0.4,5.643437458645581
106254,0.0,0.3345612303032353,0.3333333333333333,0.3,3.2765486270799875
106254,0.1,0.3345612303032353,0.3333333333333333,0.3,3.4266926843094643
106254,0.2,0.3345612303032353,0.3333333333333333,0.3,3.4266926843094643
106254,0.3,0.26917187536075465,0.2222222222222222,0.2,3.4266926843094643
106254,0.4,0.26917187536075465,0.2222222222222222,0.2,3.7348066311489156
106254,0.5,0.3299434817152899,0.3333333333333333,0.3,5.5039713705587605
106254,0.6,0.3345612303032353,0.3333333333333333,0.3,6.3315932715500045
38317,0.0,0.9263767796563563,0.9,0.9,3.837302370063081
38317,0.1,0.9263767796563563,0.9,0.9,3.911150712243928
38317,0.2,0.9263767796563563,0.9,0.9,4.062951677273834
38317,0.3,0.9263767796563563,0.9,0.9,4.495550586473065
38317,0.4,0.9263767796563563,0.9,0.9,4.967346807336379
38317,0.5,0.9180365386035428,0.9,0.9,5.214000444253853
38317,0.6,0.8687712930526933,0.8,0.8,5.702007411397142
115926,0.0,0.4093377001009661,0.4,0.4,6.559621115283884
115926,0.1,0.4093377001009661,0.4,0.4,7.359284197657027
115926,0.2,0.4093377001009661,0.4,0.4,7.959613024454893
115926,0.3,0.4093377001009661,0.4,0.4,8.256496931306247
115926,0.4,0.4093377001009661,0.4,0.4,8.256496931306248
115926,0.5,0.4093377001009661,0.4,0.4,8.469230054385964
115926,0.6,0.35229190743138,0.4,0.4,8.58828550986774
84353,0.0,0.40554419626816934,0.3,0.3,3.5438208456129567
84353,0.1,0.39235102577930164,0.3,0.3,3.6442861846043244
84353,0.2,0.36743335705243085,0.3,0.3,4.414616317630503
84353,0.3,0.3532608480130639,0.3,0.3,4.80217757813138
84353,0.4,0.33571447975732266,0.3,0.3,5.392717363786695
84353,0.5,0.2288170025350658,0.3,0.3,6.261777437613426
84353,0.6,0.20704441472122367,0.3,0.3,6.800794905948843
86188,0.0,0.3623379437392863,0.3333333333333333,0.2,4.647544768472278
86188,0.1,0.3623379437392863,0.3333333333333333,0.2,4.839556543950328
86188,0.2,0.3376844721420708,0.3333333333333333,0.2,5.061171141844024
86188,0.3,0.33315904690411724,0.3333333333333333,0.2,5.061171141844025
86188,0.4,0.33315904690411724,0.3333333333333333,0.2,5.479457956981161
86188,0.5,0.33315904690411724,0.3333333333333333,0.2,5.479457956981162
86188,0.6,0.33315904690411724,0.3333333333333333,0.2,6.101637010523809
80151,0.0,0.6094435300763643,0.5,0.5,2.753172683382557
80151,0.1,0.666733531044041,0.6,0.6,3.097747169916786
80151,0.2,0.6177837711291778,0.5,0.5,3.097747169916786
80151,0.3,0.6177837711291778,0.5,0.5,3.097747169916786
80151,0.4,0.5611308780082698,0.5,0.5,3.3084977324635845
80151,0.5,0.6562875098935943,0.5,0.5,4.167044433053709
80151,0.6,0.6048348089384007,0.6,0.6,5.501074043843607
60047,0.0,0.8007093873297685,0.7,0.7,2.1804907750447806
60047,0.1,0.8007093873297685,0.7,0.7,2.252357852870602
60047,0.2,0.8007093873297685,0.7,0.7,2.252357852870602
60047,0.3,0.7841156125567822,0.7,0.7,2.4461707168979894
60047,0.4,0.7655899057505416,0.7,0.7,2.7457675005881153
60047,0.5,0.6510923497538096,0.7,0.7,3.9795868579862104
60047,0.6,0.555952064967414,0.6,0.6,6.607191870291103
103324,0.0,0.9180365386035428,0.9,0.9,2.8927541570641933
103324,0.1,0.9180365386035428,0.9,0.9,3.355034441944821
103324,0.2,0.9322090476429099,0.9,0.9,3.527381430437341
103324,0.3,0.9322090476429099,0.9,0.9,3.806450900528445
103324,0.4,0.8765250951036857,0.8,0.8,3.9179749957395216
103324,0.5,0.9180365386035428,0.9,0.9,4.112393844052535
103324,0.6,0.752396735261674,0.8,0.8,4.752327611218145
161210,0.0,0.08986824523342568,0.14285714285714285,0.1,6.01548086483915
161210,0.1,0.08986824523342568,0.14285714285714285,0.1,6.651684925054657
161210,0.2,0.08986824523342568,0.14285714285714285,0.1,7.426672709803943
161210,0.3,0.08986824523342568,0.14285714285714285,0.1,7.426672709803943
161210,0.4,0.08986824523342568,0.14285714285714285,0.1,8.047687657709124
161210,0.5,0.08986824523342568,0.14285714285714285,0.1,8.540518047921562
161210,0.6,0.08986824523342568,0.14285714285714285,0.1,8.540518047921562
114249,0.0,0.8792722444421068,0.8,0.8,2.3969788443584066
114249,0.1,0.8792722444421068,0.8,0.8,2.550895718648379
114249,0.2,0.8687712930526933,0.8,0.8,2.6834985995595404
114249,0.3,0.8721718973368121,0.8,0.8,3.094110147126925
114249,0.4,0.9322090476429099,0.9,0.9,3.0941101471269254
114249,0.5,0.8663396293502587,0.8,0.8,3.3874830105208247
114249,0.6,0.8502455862464527,0.8,0.8,4.05257729106168
122253,0.0,0.8029018747600423,0.7,0.7,3.204487097305679
122253,0.1,0.7945616337072288,0.7,0.7,3.2929951406138565
122253,0.2,0.7902084359403552,0.7,0.7,3.3813158178245586
122253,0.3,0.7295178306885598,0.6,0.6,3.428728309176692
122253,0.4,0.7209384133635853,0.6,0.6,3.7208075667858296
122253,0.5,0.7329184349726785,0.6,0.6,4.569938681180551
122253,0.6,0.7351109224029522,0.6,0.6,5.118157452333085
150269,0.0,0.3874113890106069,0.4,0.4,4.206035732625091
150269,0.1,0.30859300852717864,0.4,0.4,4.559826811213851
150269,0.2,0.30859300852717864,0.4,0.4,4.559826811213851
150269,0.3,0.27592153774931544,0.4,0.4,4.55982681121385
150269,0.4,0.26214192825862653,0.4,0.4,5.143651049807394
150269,0.5,0.27906158663641456,0.4,0.4,5.992869685305538
150269,0.6,0.28610700350274243,0.4,0.4,6.154707895939904
79348,0.0,0.7979622379913474,0.8,0.8,3.2327259883289123
79348,0.1,0.806302479044161,0.8,0.8,3.2327259883289123
79348,0.2,0.7360635158857073,0.8,0.8,3.5767235014020686
79348,0.3,0.7360635158857073,0.8,0.8,3.8344750358534383
79348,0.4,0.7496495859232529,0.8,0.8,4.177180022465175
79348,0.5,0.8096867362293506,0.9,0.9,4.3244846052391255
79348,0.6,0.9048433681146754,0.9,0.9,4.972249486954214
16503,0.0,0.3890174374390593,0.4,0.4,2.5513922916314677
16503,0.1,0.3890174374390593,0.4,0.4,2.7628334706434963
16503,0.2,0.3187784742806056,0.4,0.4,2.7628334706434963
16503,0.3,0.3051924042430599,0.4,0.4,3.0381442641281526
16503,0.4,0.24354920550850967,0.3,0.3,4.409218588610431
16503,0.5,0.2451552539369622,0.3,0.3,6.282510951251328
16503,0.6,0.21287668270777707,0.3,0.3,7.189639241451029
67622,0.0,0.8029018747600423,0.7,0.7,3.9852476410652655
67622,0.1,0.7378580717413733,0.6,0.6,4.583892828194595
67622,0.2,0.7378580717413733,0.6,0.6,5.5086969265187795
67622,0.3,0.7951480727090499,0.7,0.7,6.193358851122118
67622,0.4,0.809049628382582,0.7,0.7,6.473288468558181
67622,0.5,0.8007093873297685,0.7,0.7,6.549646021198572
67622,0.6,0.8007093873297685,0.7,0.7,6.605324364501915
51263,0.0,0.6153357603278141,0.6,0.6,4.080501223439051
51263,0.1,0.6042483699365795,0.6,0.6,4.080501223439051
51263,0.2,0.5964945678855872,0.6,0.6,4.08050122343905
51263,0.3,0.5906622998990338,0.6,0.6,4.23608359856024
51263,0.4,0.583616883032706,0.6,0.6,4.236083598560241
51263,0.5,0.6218214832600651,0.7,0.7,5.074253423761102
51263,0.6,0.6218214832600651,0.7,0.7,6.747936211558897
183112,0.0,0.26166837872797716,0.4,0.2,5.118407316359166
183112,0.1,0.36529303966308646,0.4,0.2,5.118407316359166
183112,0.2,0.36529303966308646,0.4,0.2,5.118407316359166
183112,0.3,0.36529303966308646,0.4,0.2,5.118407316359166
183112,0.4,0.36529303966308646,0.4,0.2,5.315293125693593
183112,0.5,0.36529303966308646,0.4,0.2,5.958918690205177
183112,0.6,0.36529303966308646,0.4,0.2,6.299805262360328
85781,0.0,0.10780509678375629,0.125,0.1,3.5002225299772824
85781,0.1,0.10780509678375629,0.125,0.1,3.6878336952460686
85781,0.2,0.10780509678375629,0.125,0.1,4.426683968870272
85781,0.3,0.09285825605119434,0.125,0.1,4.783641511132663
85781,0.4,0.09285825605119434,0.125,0.1,6.19886968831815
85781,0.5,0.0718700645225042,0.125,0.1,7.267571486370263
85781,0.6,0.0718700645225042,0.125,0.1,7.526352347905939
200130,0.0,0.3495950254829988,0.3333333333333333,0.3,4.730930094937207
200130,0.1,0.35611638796865225,0.3333333333333333,0.3,4.999233483716079
200130,0.2,0.3701113286210376,0.3333333333333333,0.3,5.322350880623426
200130,0.3,0.3965432841030506,0.3333333333333333,0.3,5.7486692267065775
200130,0.4,0.40116103269099607,0.3333333333333333,0.3,6.212864555117384
200130,0.5,0.4161948278707595,0.3333333333333333,0.3,6.41244828503541
200130,0.6,0.5948149261545759,0.4444444444444444,0.4,6.717865799050513
143567,0.0,0.5044943319862907,0.5,0.5,3.6008952827427323
143567,0.1,0.48692121866280513,0.5,0.5,3.867990659159871
143567,0.2,0.46937485040706384,0.5,0.5,4.185483132305614
143567,0.3,0.5266648513747405,0.6,0.6,5.207924868593723
143567,0.4,0.5310180491416141,0.6,0.6,5.615070100421108
143567,0.5,0.5010937277021721,0.5,0.5,7.16169137988562
143567,0.6,0.5010937277021721,0.5,0.5,7.435267914749488
154267,0.0,0.17714752793103522,0.2,0.1,3.70248643677213
154267,0.1,0.12092199990360374,0.2,0.1,3.702486436772129
154267,0.2,0.12092199990360374,0.2,0.1,4.334705833383743
154267,0.3,0.10861750945625488,0.2,0.1,4.437316854855171
154267,0.4,0.09359072962204816,0.2,0.1,4.6558139745099245
154267,0.5,0.08452085079694195,0.2,0.1,5.193762888013651
154267,0.6,0.0,0.0,0.0,5.397176059063947
67621,0.0,0.16018443043593533,0.2857142857142857,0.2,3.4402217398985764
67621,0.1,0.1631526427596508,0.2857142857142857,0.2,3.4402217398985764
67621,0.2,0.1733331649473745,0.2857142857142857,0.2,3.4402217398985764
67621,0.3,0.16997985481932348,0.2857142857142857,0.2,3.7730079003784014
67621,0.4,0.1894374194932342,0.2857142857142857,0.2,4.066744902163337
67621,0.5,0.23643704028587592,0.2857142857142857,0.2,4.740099497511687
67621,0.6,0.2627218170194593,0.2857142857142857,0.2,5.6325245429180635
159064,0.0,0.6992367931312564,0.625,0.5,5.318839753601425
159064,0.1,0.7225347466025495,0.625,0.5,5.455096761539897
159064,0.2,0.7159272385150741,0.625,0.5,5.718596046823501
159064,0.3,0.6793581163586988,0.625,0.5,6.255886370346742
159064,0.4,0.6047146451262269,0.625,0.5,7.253371893132567
159064,0.5,0.5931753009987559,0.625,0.5,8.447062956031678
159064,0.6,0.5931753009987559,0.625,0.5,9.103270662249868
609,0.0,0.24458029694099892,0.375,0.3,5.6195473892512435
609,0.1,0.2257808348334553,0.375,0.3,5.6195473892512435
609,0.2,0.2257808348334553,0.375,0.3,5.939903725128952
609,0.3,0.21633198743223603,0.375,0.3,5.939903725128952
609,0.4,0.23456529224843264,0.375,0.3,6.341068857605185
609,0.5,0.28434943057975853,0.375,0.3,6.7445438768120685
609,0.6,0.2937982779809777,0.375,0.3,6.994737229004288
185469,0.0,0.37989503115982964,0.3333333333333333,0.2,3.3502591618205444
185469,0.1,0.3623379437392863,0.3333333333333333,0.2,3.732118863464027
185469,0.2,0.3512389936123089,0.3333333333333333,0.2,3.9483222570566228
185469,0.3,0.3376844721420708,0.3333333333333333,0.2,4.454626016477386
185469,0.4,0.3295032204950941,0.3333333333333333,0.2,4.526360936604837
185469,0.5,0.3295032204950941,0.3333333333333333,0.2,6.830659409413644
185469,0.6,0.10907458963273323,0.16666666666666666,0.1,7.10667017681151
43295,0.0,0.8312201477710319,0.8,0.8,3.5314089204156067
43295,0.1,0.8444133182598994,0.8,0.8,3.5314089204156067
43295,0.2,0.8502455862464527,0.8,0.8,4.163338384219863
43295,0.3,0.857999388297445,0.8,0.8,4.919441136526085
43295,0.4,0.857999388297445,0.8,0.8,5.5367694440564375
43295,0.5,0.8663396293502587,0.8,0.8,5.990944951338736
43295,0.6,0.8663396293502587,0.8,0.8,6.91433518050615
173031,0.0,0.603611262089811,0.5,0.5,2.5331863961265673
173031,0.1,0.6094435300763643,0.5,0.5,2.5331863961265673
173031,0.2,0.6150366217907567,0.5,0.5,2.5331863961265673
173031,0.3,0.6744873330950333,0.6,0.6,3.2803430800128757
173031,0.4,0.6994050018219041,0.6,0.6,5.935491020281765
173031,0.5,0.6858189317843585,0.6,0.6,9.033504207198295
173031,0.6,0.6538558461911597,0.6,0.6,9.033504207198295
21034,0.0,0.2919965663737269,0.3333333333333333,0.3,2.147001324031949
21034,0.1,0.36650406415199693,0.3333333333333333,0.3,2.295115259805061
21034,0.2,0.4537076259885451,0.4444444444444444,0.4,2.479414080863769
21034,0.3,0.4684540015311847,0.4444444444444444,0.4,2.6480110708648796
21034,0.4,0.5286319004522023,0.5555555555555556,0.5,2.7253993124955835
21034,0.5,0.6034567158969493,0.6666666666666666,0.6,3.4564544047669785
21034,0.6,0.4652635137475313,0.5555555555555556,0.5,5.069224836221265
62374,0.0,0.17903687496920354,0.2222222222222222,0.2,2.540002273775893
62374,0.1,0.27997632822948654,0.2222222222222222,0.2,2.8865146177439627
62374,0.2,0.302818359780849,0.2222222222222222,0.2,3.115347267592596
62374,0.3,0.302818359780849,0.2222222222222222,0.2,3.5704255460860552
62374,0.4,0.302818359780849,0.2222222222222222,0.2,3.5704255460860552
62374,0.5,0.3292503152628619,0.2222222222222222,0.2,3.812134434976288
62374,0.6,0.3900219216173972,0.3333333333333333,0.3,4.112085451414263
124967,0.0,0.7868078316562364,0.7,0.7,2.2510022516209416
124967,0.1,0.7868078316562364,0.7,0.7,2.2510022516209416
124967,0.2,0.6636484123959087,0.5,0.5,2.2510022516209416
124967,0.3,0.6531474610064952,0.5,0.5,2.2510022516209416
124967,0.4,0.5958574600388186,0.4,0.4,3.1860728657567083
124967,0.5,0.6531474610064952,0.5,0.5,5.313592410165066
124967,0.6,0.5130787813371948,0.5,0.5,6.302982632246715
12139,0.0,0.5940629041831526,0.6,0.6,3.190835089544796
12139,0.1,0.6069955192750006,0.6,0.6,3.1908350895447968
12139,0.2,0.6818586335661628,0.7,0.7,3.1908350895447963
12139,0.3,0.684605782904584,0.7,0.7,3.3913191896501322
12139,0.4,0.684605782904584,0.7,0.7,3.644154821151227
12139,0.5,0.7406722370236708,0.7,0.7,4.485042315811473
12139,0.6,0.7594421521280019,0.7,0.7,6.03038994322616
65764,0.0,0.9263767796563563,0.9,0.9,4.198068504549722
65764,0.1,0.9263767796563563,0.9,0.9,4.198068504549722
65764,0.2,0.9322090476429099,0.9,0.9,4.198068504549722
65764,0.3,0.9365622454097835,0.9,0.9,4.5899874562281076
65764,0.4,0.9365622454097835,0.9,0.9,6.156292044795867
65764,0.5,0.9365622454097835,0.9,0.9,7.631365563796291
65764,0.6,0.9322090476429099,0.9,0.9,9.11158015934613
180558,0.0,0.8303398433863057,0.75,0.6,8.37980120870998
180558,0.1,0.8303398433863057,0.75,0.6,8.37980120870998
180558,0.2,0.8303398433863057,0.75,0.6,8.37980120870998
180558,0.3,0.8303398433863057,0.75,0.6,9.3246237702987
180558,0.4,0.8153930026537437,0.75,0.6,9.828186161271775
180558,0.5,0.8153930026537437,0.75,0.6,10.18041931251685
180558,0.6,0.8153930026537437,0.75,0.6,10.774410210862962
197466,0.0,0.602642321508127,0.6,0.6,2.2272608935628266
197466,0.1,0.5894491510192593,0.6,0.6,2.2272608935628266
197466,0.2,0.5867020016808382,0.6,0.6,2.2272608935628266
197466,0.3,0.5583837286698486,0.6,0.6,2.3377450209354844
197466,0.4,0.49429251913393474,0.6,0.6,2.439186562661436
197466,0.5,0.48814476551139496,0.6,0.6,3.179841886339692
197466,0.6,0.45059362022973337,0.6,0.6,5.968432237476757
34198,0.0,0.15519378219142235,0.2,0.2,2.6193568961971727
34198,0.1,0.15519378219142235,0.2,0.2,3.375868853484748
34198,0.2,0.14200061170255474,0.2,0.2,4.177967298597914
34198,0.3,0.14200061170255474,0.2,0.2,5.701396262286308
34198,0.4,0.14200061170255474,0.2,0.2,6.446639420895586
34198,0.5,0.15859438647554103,0.2,0.2,6.907578558189028
34198,0.6,0.16877985222896807,0.2,0.2,6.920550637612306
183079,0.0,0.16462515763143096,0.2222222222222222,0.2,3.3665624616586696
183079,0.1,0.16462515763143096,0.2222222222222222,0.2,3.53747713902168
183079,0.2,0.2054688304512165,0.2222222222222222,0.2,3.8227127401896723
183079,0.3,0.2054688304512165,0.2222222222222222,0.2,4.182982326788583
183079,0.4,0.302818359780849,0.2222222222222222,0.2,4.6337248263136726
183079,0.5,0.3292503152628619,0.2222222222222222,0.2,5.369320085665485
183079,0.6,0.40375781304113195,0.2222222222222222,0.2,5.979299304028707
4928,0.0,0.28066763506486714,0.4,0.4,3.4091595074945245
4928,0.1,0.2868153886874069,0.4,0.4,3.4091595074945245
4928,0.2,0.2834147844032882,0.4,0.4,3.4091595074945245
4928,0.3,0.28066763506486714,0.4,0.4,3.6373905582414494
4928,0.4,0.2830218848546101,0.3,0.3,3.83138949887003
4928,0.5,0.43386246927915895,0.4,0.4,4.09448836626915
4928,0.6,0.4474485393167046,0.4,0.4,4.466466676437042
30194,0.0,0.2152309324975201,0.2,0.2,3.7460336469720685
30194,0.1,0.20203776200865248,0.2,0.2,3.859639721815532
30194,0.2,0.19369752095583892,0.2,0.2,3.859639721815532
30194,0.3,0.17736430157987212,0.2,0.2,5.385865960507736
30194,0.4,0.1200743006121955,0.1,0.1,7.595833910276181
30194,0.5,0.081963461396457,0.1,0.1,9.73873199467636
30194,0.6,0.081963461396457,0.1,0.1,11.024007692158985
47632,0.0,0.22400414303045632,0.2857142857142857,0.2,2.2942280375963735
47632,0.1,0.22400414303045632,0.2857142857142857,0.2,2.7809705120186754
47632,0.2,0.23643704028587592,0.2857142857142857,0.2,3.190411049875812
47632,0.3,0.2627218170194593,0.2857142857142857,0.2,3.190411049875812
47632,0.4,0.3150551263919474,0.2857142857142857,0.2,3.999018590620186
47632,0.5,0.3221742891674439,0.2857142857142857,0.2,4.483438891909988
47632,0.6,0.3788748389864684,0.2857142857142857,0.2,4.938989455597201
1468,0.0,0.45424974788494193,0.3,0.3,2.441364262211874
1468,0.1,0.44841747989838854,0.3,0.3,2.643746967140051
1468,0.2,0.44406428213151494,0.3,0.3,2.643746967140051
1468,0.3,0.4979536788150729,0.4,0.4,2.857211803678512
1468,0.4,0.33231387547320396,0.3,0.3,3.14969231712989
1468,0.5,0.22638533883263104,0.3,0.3,3.9694048181602346
1468,0.6,0.24354920550850967,0.3,0.3,4.691075164724769
176622,0.0,0.8228799067182183,0.8,0.8,3.2947921136054568
176622,0.1,0.8228799067182183,0.8,0.8,3.2947921136054568
176622,0.2,0.8228799067182183,0.8,0.8,3.2947921136054568
176622,0.3,0.8228799067182183,0.8,0.8,3.2947921136054568
176622,0.4,0.7677823931808154,0.7,0.7,3.4328852674623946
176622,0.5,0.8228799067182183,0.8,0.8,4.065661192400527
176622,0.6,0.7277232748328937,0.8,0.8,4.85899350651186
68429,0.0,0.6379452528154109,0.5714285714285714,0.4,1.7056811815659654
68429,0.1,0.6545291005226114,0.5714285714285714,0.4,1.9212377510612828
68429,0.2,0.6545291005226114,0.5714285714285714,0.4,2.4738724706434554
68429,0.3,0.6545291005226114,0.5714285714285714,0.4,3.2801411088625203
68429,0.4,0.6420962032671919,0.5714285714285714,0.4,4.475005547746029
68429,0.5,0.6244114204996362,0.5714285714285714,0.4,4.965843659650475
68429,0.6,0.4258944138790334,0.42857142857142855,0.3,5.585419153133865
139096,0.0,0.3516450798625575,0.25,0.2,2.4443240996936533
139096,0.1,0.3516450798625575,0.25,0.2,3.002303261740656
139096,0.2,0.3516450798625575,0.25,0.2,3.002303261740656
139096,0.3,0.3516450798625575,0.25,0.2,3.2585423031396297
139096,0.4,0.3516450798625575,0.25,0.2,3.5327940233612707
139096,0.5,0.20066335283495065,0.25,0.2,4.2248257625745005
139096,0.6,0.24458029694099892,0.375,0.3,4.905981829687834
160216,0.0,0.6923595849555763,0.7,0.7,3.585156889232482
160216,0.1,0.6889589806714576,0.7,0.7,3.585156889232482
160216,0.2,0.6784580292820441,0.7,0.7,3.585156889232482
160216,0.3,0.6784580292820441,0.7,0.7,3.6568193859301226
160216,0.4,0.6599323224758037,0.7,0.7,3.6568193859301226
160216,0.5,0.6409068840003826,0.7,0.7,4.415642347385324
160216,0.6,0.6159892152735118,0.7,0.7,5.728885020586854
165794,0.0,0.7193323649351328,0.6,0.6,2.906614707364181
165794,0.1,0.7193323649351328,0.6,0.6,3.037015712686107
165794,0.2,0.7061391944462652,0.6,0.6,3.15811991491776
165794,0.3,0.6640413119445867,0.6,0.6,3.1581199149177603
165794,0.4,0.6261746810269387,0.7,0.7,3.3025926830408308
165794,0.5,0.6218214832600651,0.7,0.7,3.4113210243135206
165794,0.6,0.4915453697955136,0.6,0.6,4.833214101727555
96675,0.0,0.55774662082308,0.4,0.4,2.437558008110071
96675,0.1,0.55774662082308,0.4,0.4,2.437558008110071
96675,0.2,0.568491780510584,0.4,0.4,2.437558008110071
96675,0.3,0.568491780510584,0.4,0.4,2.437558008110071
96675,0.4,0.5607379784595917,0.4,0.4,6.259734237771008
96675,0.5,0.5392209140168396,0.4,0.4,11.471784453470397
96675,0.6,0.43546851770761136,0.4,0.4,11.471784453470397
4909,0.0,0.3785714162886128,0.5,0.5,2.8942488326500877
4909,0.1,0.3758242669501917,0.5,0.5,3.1359696237193218
4909,0.2,0.3185342659825151,0.4,0.4,3.1359696237193218
4909,0.3,0.30494819594496936,0.4,0.4,3.2914000770831975
4909,0.4,0.2938608055537347,0.4,0.4,3.3599007742513978
4909,0.5,0.22337763409719047,0.3,0.3,3.8005089956506835
4909,0.6,0.2966079548921558,0.4,0.4,4.694778103363712
166706,0.0,0.4915453697955136,0.6,0.6,5.666924261218074
166706,0.1,0.4915453697955136,0.6,0.6,5.823532710269621
166706,0.2,0.4915453697955136,0.6,0.6,6.197790694583717
166706,0.3,0.4915453697955136,0.6,0.6,6.344642131948422
166706,0.4,0.4915453697955136,0.6,0.6,6.527149648930143
166706,0.5,0.5617843329539673,0.6,0.6,6.722891464351773
166706,0.6,0.5617843329539673,0.6,0.6,6.767375292032982
24194,0.0,0.34074793458402175,0.3333333333333333,0.3,3.9689787681986117
24194,0.1,0.34074793458402175,0.3333333333333333,0.3,4.106655084368407
24194,0.2,0.34074793458402175,0.3333333333333333,0.3,4.138381702706167
24194,0.3,0.3345612303032353,0.3333333333333333,0.3,4.138381702706167
24194,0.4,0.3299434817152899,0.3333333333333333,0.3,4.26112138835347
24194,0.5,0.3299434817152899,0.3333333333333333,0.3,4.381244816153025
24194,0.6,0.3328575797319026,0.3333333333333333,0.3,5.577983635732009
4881,0.0,0.33870583739383425,0.4,0.4,2.594211631962758
4881,0.1,0.32986586467184026,0.4,0.4,2.847582839459102
4881,0.2,0.33569813265839366,0.4,0.4,2.847582839459102
4881,0.3,0.3107804639315228,0.4,0.4,2.847582839459102
4881,0.4,0.3107804639315228,0.4,0.4,5.03219303817257
4881,0.5,0.3185342659825151,0.4,0.4,9.192173853006478
4881,0.6,0.3185342659825151,0.4,0.4,10.528557249301608
14745,0.0,0.727086166986125,0.6,0.6,3.700671045520951
14745,0.1,0.7329184349726785,0.6,0.6,3.700671045520951
14745,0.2,0.7329184349726785,0.6,0.6,3.700671045520951
14745,0.3,0.7295178306885598,0.6,0.6,4.002162363866976
14745,0.4,0.7329184349726785,0.6,0.6,4.135716702235408
14745,0.5,0.7329184349726785,0.6,0.6,5.672335056108823
14745,0.6,0.727086166986125,0.6,0.6,7.25733884110574
26186,0.0,0.4496410267469783,0.4,0.4,2.2816586188173784
26186,0.1,0.462834197235846,0.4,0.4,2.430144540659989
26186,0.2,0.519879989905432,0.4,0.4,2.4301445406599895
26186,0.3,0.5330731603942997,0.4,0.4,2.6968880287237376
26186,0.4,0.5115397488526185,0.4,0.4,2.743590973023383
26186,0.5,0.4166986026032803,0.4,0.4,5.151523610247447
26186,0.6,0.5266648513747405,0.6,0.6,7.151562727428396
86819,0.0,0.0,0.0,0.0,2.3447541153830262
86819,0.1,0.0,0.0,0.0,2.3447541153830262
86819,0.2,0.0,0.0,0.0,2.5375853117219984
86819,0.3,0.0,0.0,0.0,2.807378541434533
86819,0.4,0.0,0.0,0.0,2.9559396498600905
86819,0.5,0.0,0.0,0.0,3.635096372867543
86819,0.6,0.0,0.0,0.0,5.084596273063144
70616,0.0,0.36650406415199693,0.3333333333333333,0.3,2.203311799581056
70616,0.1,0.3965432841030506,0.3333333333333333,0.3,2.489904212484143
70616,0.2,0.39293601963400987,0.3333333333333333,0.3,2.489904212484143
70616,0.3,0.39293601963400987,0.3333333333333333,0.3,2.7799904383922076
70616,0.4,0.45731489045758583,0.4444444444444444,0.4,3.4271223084549107
70616,0.5,0.46022898847419863,0.4444444444444444,0.4,5.272969606817397
70616,0.6,0.43379703299218564,0.4444444444444444,0.4,5.499709226596696
162164,0.0,0.4958255012772075,0.5714285714285714,0.4,3.320996171626098
162164,0.1,0.4755702962795668,0.5714285714285714,0.4,3.9360231481828833
162164,0.2,0.4056392088813927,0.42857142857142855,0.3,4.254874871707062
162164,0.3,0.4056392088813927,0.42857142857142855,0.3,4.254874871707062
162164,0.4,0.40979015933317364,0.42857142857142855,0.3,4.78440582584276
162164,0.5,0.4151038938130968,0.42857142857142855,0.3,5.08072617332992
162164,0.6,0.43832731113445295,0.42857142857142855,0.3,5.804941860275298
18487,0.0,0.3295032204950941,0.3333333333333333,0.2,5.56578005257649
18487,0.1,0.3295032204950941,0.3333333333333333,0.2,5.56578005257649
18487,0.2,0.3295032204950941,0.3333333333333333,0.2,5.565780052576488
18487,0.3,0.3295032204950941,0.3333333333333333,0.2,5.863528963244496
18487,0.4,0.3295032204950941,0.3333333333333333,0.2,6.055163602030455
18487,0.5,0.3295032204950941,0.3333333333333333,0.2,6.20259196285641
18487,0.6,0.3295032204950941,0.3333333333333333,0.2,6.375692366449159
11470,0.0,0.1392534623641336,0.2,0.2,2.2048451511910083
11470,0.1,0.1392534623641336,0.2,0.2,2.2841094354768514
11470,0.2,0.15244663285300125,0.2,0.2,2.2841094354768514
11470,0.3,0.2186315367816388,0.3,0.3,2.681128420462102
11470,0.4,0.2365708045860581,0.3,0.3,3.179263969717333
11470,0.5,0.2830218848546101,0.3,0.3,4.82811853325984
11470,0.6,0.3489076502461903,0.3,0.3,5.6094176711409345
65424,0.0,0.5766079837295491,0.4444444444444444,0.4,4.183763976685466
65424,0.1,0.6030399392115621,0.4444444444444444,0.4,4.202090585690128
65424,0.2,0.6030399392115621,0.4444444444444444,0.4,4.47316502741668
65424,0.3,0.6030399392115621,0.4444444444444444,0.4,4.47316502741668
65424,0.4,0.5021004859512791,0.4444444444444444,0.4,4.7853290230735235
65424,0.5,0.5021004859512791,0.4444444444444444,0.4,5.817288268681165
65424,0.6,0.4616735898168807,0.4444444444444444,0.4,5.861853688476296
153657,0.0,0.7766223659028094,0.7,0.7,4.406839872933525
153657,0.1,0.7809755636696831,0.7,0.7,4.749908524662733
153657,0.2,0.7951480727090499,0.7,0.7,5.5988611044530545
153657,0.3,0.7809755636696831,0.7,0.7,6.031723729748645
153657,0.4,0.7809755636696831,0.7,0.7,6.246527717721902
153657,0.5,0.7843761679538016,0.7,0.7,7.0900902430018125
153657,0.6,0.7739301468033551,0.7,0.7,7.158772191620033
78845,0.0,0.612588610989393,0.6,0.6,2.6636601728673073
78845,0.1,0.612588610989393,0.6,0.6,2.6636601728673073
78845,0.2,0.6784580292820441,0.7,0.7,2.6636601728673073
78845,0.3,0.6862118313330364,0.7,0.7,2.6636601728673077
78845,0.4,0.7462653287380632,0.7,0.7,3.0364764638606694
78845,0.5,0.7634291954139418,0.7,0.7,3.61877540410561
78845,0.6,0.7594421521280019,0.7,0.7,5.601387875452742
125853,0.0,0.5176875024751584,0.4,0.4,3.434267057897062
125853,0.1,0.5118552344886049,0.4,0.4,3.434267057897062
125853,0.2,0.5084546302044863,0.4,0.4,3.5706394196862754
125853,0.3,0.4311153199407378,0.4,0.4,3.5706394196862754
125853,0.4,0.4311153199407378,0.4,0.4,3.5706394196862754
125853,0.5,0.3896038764408806,0.4,0.4,3.9213769996866636
125853,0.6,0.28610700350274243,0.4,0.4,4.590017802646694
18304,0.0,0.650455241907041,0.5,0.5,5.058064895427544
18304,0.1,0.6562875098935943,0.5,0.5,5.058064895427544
18304,0.2,0.6558946103449164,0.5,0.5,5.058064895427544
18304,0.3,0.6558946103449164,0.5,0.5,5.313401124246283
18304,0.4,0.6399542905176275,0.5,0.5,5.957749498399985
18304,0.5,0.5826642895499509,0.4,0.4,6.200919706992544
18304,0.6,0.55774662082308,0.4,0.4,7.0419090724149624
198340,0.0,0.21902443633031685,0.3,0.3,1.829503475084659
198340,0.1,0.21319216834376345,0.3,0.3,1.8295034750846593
198340,0.2,0.20485192729094986,0.3,0.3,1.8295034750846593
198340,0.3,0.1970981252399576,0.3,0.3,1.8295034750846593
198340,0.4,0.1909503716174178,0.3,0.3,2.128355916641799
198340,0.5,0.07362322034364344,0.1,0.1,2.749824484887757
198340,0.6,0.06003715030609775,0.1,0.1,3.9174109997684035
150617,0.0,1.0,1.0,1.0,3.93890326180221
150617,0.1,1.0,1.0,1.0,4.269078678420541
150617,0.2,0.9322090476429099,0.9,0.9,4.627768922109684
150617,0.3,0.8607465376358662,0.8,0.8,4.839312460732549
150617,0.4,0.8198885490817066,0.8,0.8,4.99154277365488
150617,0.5,0.7979622379913474,0.8,0.8,5.297152596500131
150617,0.6,0.667686124526796,0.7,0.7,5.794185503405577
126383,0.0,0.46417969026727907,0.6,0.6,4.505904170107442
126383,0.1,0.4773728607561466,0.6,0.6,4.778838044219138
126383,0.2,0.4773728607561466,0.6,0.6,4.778838044219138
126383,0.3,0.42008285978847,0.5,0.5,4.914891930925263
126383,0.4,0.4166822555043513,0.5,0.5,4.914891930925263
126383,0.5,0.3905564699236356,0.5,0.5,5.4251928194373775
126383,0.6,0.3107804639315228,0.4,0.4,5.680493429519911
110530,0.0,0.2627218170194593,0.2857142857142857,0.2,3.759571564478647
110530,0.1,0.2627218170194593,0.2857142857142857,0.2,3.8460797370866318
110530,0.2,0.2627218170194593,0.2857142857142857,0.2,4.06170929252015
110530,0.3,0.24661756247359962,0.2857142857142857,0.2,4.119505321030458
110530,0.4,0.23643704028587592,0.2857142857142857,0.2,4.119505321030458
110530,0.5,0.2060212672004348,0.2857142857142857,0.2,4.24111167499262
110530,0.6,0.1989021044249383,0.2857142857142857,0.2,4.540277103894431
171789,0.0,0.27252093346519674,0.3,0.3,4.3363651480241545
171789,0.1,0.2786686870877365,0.3,0.3,4.3363651480241545
171789,0.2,0.3464596394448265,0.4,0.4,4.3363651480241545
171789,0.3,0.42066929879029125,0.5,0.5,4.636862175888235
171789,0.4,0.47397225647202795,0.6,0.6,4.765178149369288
171789,0.5,0.5586992143058351,0.6,0.6,6.626174932491352
171789,0.6,0.6572401033763494,0.7,0.7,8.627962553812562
148813,0.0,0.42727567050653215,0.4444444444444444,0.4,3.3279416648925944
148813,0.1,0.42727567050653215,0.4444444444444444,0.4,3.3279416648925944
148813,0.2,0.42727567050653215,0.4444444444444444,0.4,3.611221017788477
148813,0.3,0.3635899661353842,0.3333333333333333,0.3,4.030566849137289
148813,0.4,0.34074793458402175,0.3333333333333333,0.3,4.080264664453348
148813,0.5,0.3345612303032353,0.3333333333333333,0.3,4.414370117100928
148813,0.6,0.3328575797319026,0.3333333333333333,0.3,4.824564209713295
46245,0.0,0.684605782904584,0.7,0.7,2.4130185676546643
46245,0.1,0.6787735149180306,0.7,0.7,2.4130185676546647
46245,0.2,0.684605782904584,0.7,0.7,2.4130185676546643
46245,0.3,0.6784580292820441,0.7,0.7,2.594190747880367
46245,0.4,0.6682725635286172,0.7,0.7,2.594190747880367
46245,0.5,0.6261746810269387,0.7,0.7,4.747566792067854
46245,0.6,0.6159892152735118,0.7,0.7,5.922941966125667
70503,0.0,0.3676775653505214,0.3,0.3,3.204117025703809
70503,0.1,0.3103875643828447,0.2,0.2,3.4425400532842687
70503,0.2,0.3103875643828447,0.2,0.2,3.5298722535579174
70503,0.3,0.3103875643828447,0.2,0.2,3.704455912160809
70503,0.4,0.3103875643828447,0.2,0.2,4.0475258496732875
70503,0.5,0.3103875643828447,0.2,0.2,4.240335029425035
70503,0.6,0.34275989662365053,0.3,0.3,4.377171023686096
114713,0.0,0.39235102577930164,0.3,0.3,3.991864734931343
114713,0.1,0.38401078472648814,0.3,0.3,3.991864734931343
114713,0.2,0.38401078472648814,0.3,0.3,4.011778636521453
114713,0.3,0.38401078472648814,0.3,0.3,4.144538933125648
114713,0.4,0.45424974788494193,0.3,0.3,4.809741246803889
114713,0.5,0.45424974788494193,0.3,0.3,5.649609455791294
114713,0.6,0.45424974788494193,0.3,0.3,6.862675850369543
179632,0.0,0.7871233172922227,0.7,0.7,3.185144100882012
179632,0.1,0.7871233172922227,0.7,0.7,3.412733951893036
179632,0.2,0.7809755636696831,0.7,0.7,3.607916961372415
179632,0.3,0.7766223659028094,0.7,0.7,3.8420773257120295
179632,0.4,0.6999914408237253,0.6,0.6,3.8420773257120295
179632,0.5,0.5442112196304818,0.6,0.6,4.358040832099036
179632,0.6,0.46077908598316036,0.6,0.6,5.464108245195603
131359,0.0,0.3461441538088402,0.4,0.4,2.3019710454306446
131359,0.1,0.35448439486165373,0.4,0.4,2.3019710454306446
131359,0.2,0.4274705073585286,0.4,0.4,2.550048126621565
131359,0.3,0.45180173708357824,0.4,0.4,3.0453121694312815
131359,0.4,0.4268840683567074,0.4,0.4,3.5294404862971085
131359,0.5,0.43087111164264724,0.4,0.4,4.633410190326574
131359,0.6,0.3578849991457724,0.5,0.5,5.073744090206839
54439,0.0,0.3434775810703913,0.3333333333333333,0.2,3.071344888913002
54439,0.1,0.21684590401711476,0.3333333333333333,0.2,3.3647137283316804
54439,0.2,0.21105279508879424,0.3333333333333333,0.2,3.56210828350425
54439,0.3,0.21684590401711476,0.3333333333333333,0.2,3.56210828350425
54439,0.4,0.20652736985084066,0.3333333333333333,0.2,3.6613144475053767
54439,0.5,0.15613555918610517,0.3333333333333333,0.2,4.120738580074109
54439,0.6,0.09021422696383824,0.16666666666666666,0.1,6.37108017212025
170598,0.0,0.8826728487262255,0.8,0.8,3.220190241407439
170598,0.1,0.8765250951036857,0.8,0.8,3.220190241407439
170598,0.2,0.8687712930526933,0.8,0.8,3.347606650764976
170598,0.3,0.8687712930526933,0.8,0.8,3.4713687202355046
170598,0.4,0.8687712930526933,0.8,0.8,3.6618531511577457
170598,0.5,0.8114812920850166,0.7,0.7,4.047260540874253
170598,0.6,0.8056490240984634,0.7,0.7,4.86063879611862
154061,0.0,0.6726257612954908,0.7,0.7,4.116441549435154
154061,0.1,0.6103961235591193,0.6,0.6,4.334153905278753
154061,0.2,0.5972029530702516,0.6,0.6,4.334153905278752
154061,0.3,0.5968100535215736,0.6,0.6,4.476418523137064
154061,0.4,0.5940629041831526,0.6,0.6,4.64413743889367
154061,0.5,0.5731159316432926,0.6,0.6,5.279682688351626
154061,0.6,0.5481982629164217,0.6,0.6,6.105124877774184
59225,0.0,0.8096867362293506,0.9,0.9,5.38593503726959
59225,0.1,0.8096867362293506,0.9,0.9,6.792830796442457
59225,0.2,0.8096867362293506,0.9,0.9,8.412119643216425
59225,0.3,0.8096867362293506,0.9,0.9,8.412119643216425
59225,0.4,0.8096867362293506,0.9,0.9,9.159943327658148
59225,0.5,0.8096867362293506,0.9,0.9,9.912880843381762
59225,0.6,0.8096867362293506,0.9,0.9,10.392091839993729
70724,0.0,0.47642026727339176,0.5,0.5,3.866698816085949
70724,0.1,0.47642026727339176,0.5,0.5,4.601415837320868
70724,0.2,0.4662348015199647,0.5,0.5,4.601415837320868
70724,0.3,0.4662348015199647,0.5,0.5,6.67979220200948
70724,0.4,0.4662348015199647,0.5,0.5,7.777069869471196
70724,0.5,0.4911524702468356,0.5,0.5,8.993993697479898
70724,0.6,0.4911524702468356,0.5,0.5,9.130546409669021
49948,0.0,0.727086166986125,0.6,0.6,3.4181171165675948
49948,0.1,0.7809755636696831,0.7,0.7,3.4181171165675948
49948,0.2,0.7634291954139418,0.7,0.7,4.768315342044204
49948,0.3,0.7055527554444438,0.6,0.6,5.842771959522132
49948,0.4,0.7021521511603253,0.6,0.6,6.065984096408439
49948,0.5,0.6612941626061656,0.6,0.6,7.250655258369134
49948,0.6,0.43425536882783694,0.5,0.5,8.126724665327389
165078,0.0,0.43890710988751447,0.5,0.4,2.7648599031035648
165078,0.1,0.43890710988751447,0.5,0.4,2.8503040393715455
165078,0.2,0.4483559572887336,0.5,0.4,3.122642860752402
165078,0.3,0.4682346340612911,0.5,0.4,3.163835063466832
165078,0.4,0.6074880518361946,0.5,0.4,3.26878705585249
165078,0.5,0.5523084326975081,0.5,0.4,3.706821259037919
165078,0.6,0.5523084326975081,0.5,0.4,4.8331927331658715
38443,0.0,0.4616735898168807,0.4444444444444444,0.4,2.2220391628561966
38443,0.1,0.4482087503299582,0.4444444444444444,0.4,2.3413036706504355
38443,0.2,0.36717989006603474,0.4444444444444444,0.4,2.3413036706504355
38443,0.3,0.3002215794307131,0.3333333333333333,0.3,2.6148498327774052
38443,0.4,0.2890824683571142,0.3333333333333333,0.3,3.545367863388178
38443,0.5,0.3292503152628619,0.2222222222222222,0.2,4.280344289237458
38443,0.6,0.2737896239487001,0.2222222222222222,0.2,5.060359197185561
110349,0.0,0.1992906126702314,0.3,0.3,2.842233482735307
110349,0.1,0.19435097590153647,0.3,0.3,2.842233482735307
110349,0.2,0.1970981252399576,0.3,0.3,2.842233482735307
110349,0.3,0.20145132300683122,0.3,0.3,3.7096042075537903
110349,0.4,0.20485192729094986,0.3,0.3,3.7096042075537907
110349,0.5,0.2229847345485124,0.3,0.3,6.167031411073841
110349,0.6,0.3212264850819693,0.3,0.3,8.374179935972428
72374,0.0,0.6313698411667235,0.5,0.5,3.621815390854369
72374,0.1,0.6886598421344001,0.6,0.6,3.7154183253661457
72374,0.2,0.6914069914728213,0.6,0.6,3.7154183253661457
72374,0.3,0.6245686325984862,0.6,0.6,3.7154183253661457
72374,0.4,0.6289218303653598,0.6,0.6,3.8816258655744726
72374,0.5,0.7240784622506844,0.6,0.6,4.25726873130569
72374,0.6,0.7138929964972575,0.6,0.6,6.8767234297708315
156891,0.0,0.6558946103449164,0.5,0.5,2.2187152600316984
156891,0.1,0.6558946103449164,0.5,0.5,2.3379109300873067
156891,0.2,0.6592952146290351,0.5,0.5,2.558043907568482
156891,0.3,0.6211843754132965,0.5,0.5,2.853798346315961
156891,0.4,0.5611308780082698,0.5,0.5,2.930601561171834
156891,0.5,0.5088475297531643,0.5,0.5,3.8043249024218526
156891,0.6,0.4250224965571649,0.5,0.5,4.417476604958874
22458,0.0,0.5016534216362489,0.5,0.5,2.736839646966845
22458,0.1,0.4989062722978278,0.5,0.5,2.805091037669796
22458,0.2,0.49550566801370916,0.5,0.5,2.8956075215453168
22458,0.3,0.4311153199407378,0.4,0.4,2.8956075215453168
22458,0.4,0.37382531897306115,0.3,0.3,3.5145539127532617
22458,0.5,0.3455070459620716,0.3,0.3,4.265998075996143
22458,0.6,0.15859438647554103,0.2,0.2,4.793922564955472
110527,0.0,0.3295032204950941,0.3333333333333333,0.2,2.6381164500165726
110527,0.1,0.3295032204950941,0.3333333333333333,0.2,2.6381164500165726
110527,0.2,0.3295032204950941,0.3333333333333333,0.2,2.6381164500165726
110527,0.3,0.3295032204950941,0.3333333333333333,0.2,4.515703745997344
110527,0.4,0.3295032204950941,0.3333333333333333,0.2,8.024575842431412
110527,0.5,0.20287154344181754,0.3333333333333333,0.2,9.443783807207392
110527,0.6,0.1742155058942968,0.3333333333333333,0.2,9.443783807207392
133262,0.0,0.38715586563951687,0.5,0.5,3.325667071124337
133262,0.1,0.36223819691264597,0.5,0.5,3.445648348561208
133262,0.2,0.36223819691264597,0.5,0.5,3.6811097381889595
133262,0.3,0.3495447580929589,0.5,0.5,3.6811097381889595
133262,0.4,0.3578849991457724,0.5,0.5,3.6811097381889595
133262,0.5,0.28642248913872875,0.4,0.4,4.143099096644786
133262,0.6,0.3137881686669634,0.3,0.3,5.528859480324497
48951,0.0,1.0,1.0,1.0,3.6692542438526865
48951,0.1,1.0,1.0,1.0,3.732496351774737
48951,0.2,1.0,1.0,1.0,3.8616431245988125
48951,0.3,0.9399628496939022,0.9,0.9,3.8616431245988125
48951,0.4,0.9365622454097835,0.9,0.9,4.180309951126501
48951,0.5,0.9322090476429099,0.9,0.9,4.256534528916652
48951,0.6,0.9180365386035428,0.9,0.9,6.329676788982463
160054,0.0,0.5447976586323029,0.5,0.5,3.2212581022056184
160054,0.1,0.5447976586323029,0.5,0.5,3.2212581022056184
160054,0.2,0.5262719518260625,0.5,0.5,3.2212581022056184
160054,0.3,0.5262719518260625,0.5,0.5,3.513457219771375
160054,0.4,0.5228713475419438,0.5,0.5,3.820296746073436
160054,0.5,0.5228713475419438,0.5,0.5,4.253575407756586
160054,0.6,0.5096781770530762,0.5,0.5,5.12441255649075
117420,0.0,0.6896124356171551,0.8,0.8,2.252825498382806
117420,0.1,0.6896124356171551,0.8,0.8,2.252825498382806
117420,0.2,0.6896124356171551,0.8,0.8,2.35769284554791
117420,0.3,0.6896124356171551,0.8,0.8,2.35769284554791
117420,0.4,0.6295752853110574,0.7,0.7,2.814393549344719
117420,0.5,0.6642855202426773,0.7,0.7,4.205647130920957
117420,0.6,0.8121347470307143,0.8,0.8,6.317715115422717
117621,0.0,1.0,1.0,1.0,3.226117486295615
117621,0.1,1.0,1.0,1.0,3.226117486295615
117621,0.2,1.0,1.0,1.0,3.226117486295615
117621,0.3,1.0,1.0,1.0,3.3452007559201276
117621,0.4,1.0,1.0,1.0,3.3452007559201284
117621,0.5,1.0,1.0,1.0,5.005185313499028
117621,0.6,1.0,1.0,1.0,7.769713122706042
100032,0.0,0.7739301468033551,0.7,0.7,2.9007695069016055
100032,0.1,0.7871233172922227,0.7,0.7,2.9007695069016055
100032,0.2,0.7871233172922227,0.7,0.7,2.9007695069016055
100032,0.3,0.7809755636696831,0.7,0.7,3.0911968699593393
100032,0.4,0.7209384133635853,0.6,0.6,3.3158015282953577
100032,0.5,0.6636484123959087,0.5,0.5,4.94178828673179
100032,0.6,0.612844134360483,0.5,0.5,6.713249769551082
137364,0.0,0.7277232748328937,0.8,0.8,2.2071210281221285
137364,0.1,0.684605782904584,0.7,0.7,2.374220135300186
137364,0.2,0.6818586335661628,0.7,0.7,2.5251452093047804
137364,0.3,0.6211680283143675,0.6,0.6,2.6733262610538424
137364,0.4,0.5509454122548427,0.5,0.5,3.172085145693832
137364,0.5,0.5367729032154759,0.5,0.5,5.2112212920518335
137364,0.6,0.4352243094095209,0.4,0.4,6.530359898508534
158460,0.0,0.7351109224029522,0.6,0.6,3.5070488920025853
158460,0.1,0.7351109224029522,0.6,0.6,3.5070488920025853
158460,0.2,0.7351109224029522,0.6,0.6,3.72104763932862
158460,0.3,0.7868078316562364,0.7,0.7,3.8724767108318625
158460,0.4,0.7973087830456499,0.7,0.7,3.8724767108318625
158460,0.5,0.8007093873297685,0.7,0.7,4.038566882697866
158460,0.6,0.8056490240984634,0.7,0.7,4.3837929835808165
22479,0.0,0.3056950429087391,0.375,0.3,2.5075408290368513
22479,0.1,0.3056950429087391,0.375,0.3,2.5075408290368513
22479,0.2,0.32064188364130103,0.375,0.3,2.507540829036852
22479,0.3,0.32064188364130103,0.375,0.3,2.9101704552581267
22479,0.4,0.32064188364130103,0.375,0.3,3.2282085059618266
22479,0.5,0.5030904516575294,0.375,0.3,5.749494885901076
22479,0.6,0.43505448851253264,0.375,0.3,6.555621896400945
96976,0.0,0.07989569279756414,0.16666666666666666,0.1,3.3831908605808527
96976,0.1,0.0,0.0,0.0,3.3831908605808527
96976,0.2,0.0,0.0,0.0,3.6118073872787617
96976,0.3,0.0,0.0,0.0,3.722770880847282
96976,0.4,0.0,0.0,0.0,4.055192708089763
96976,0.5,0.0,0.0,0.0,4.32624194123011
96976,0.6,0.0,0.0,0.0,5.162766116663628
72035,0.0,0.7165852155967116,0.6,0.6,3.8283185130245156
72035,0.1,0.713184611312593,0.6,0.6,3.828318513024515
72035,0.2,0.6778209214352755,0.5,0.5,3.828318513024515
72035,0.3,0.713577510861271,0.6,0.6,3.828318513024515
72035,0.4,0.6399542905176275,0.5,0.5,5.058123073113888
72035,0.5,0.6977989533934517,0.6,0.6,6.970058642478651
72035,0.6,0.5935032102490755,0.5,0.5,7.185369187645293
107351,0.0,0.32410819642821015,0.5,0.3,2.631601236490947
107351,0.1,0.28729266147733523,0.5,0.3,2.9150868677671395
107351,0.2,0.1853144560212742,0.3333333333333333,0.2,3.0996088499555774
107351,0.3,0.1853144560212742,0.3333333333333333,0.2,3.3381949455792737
107351,0.4,0.10907458963273323,0.16666666666666666,0.1,4.379325140038853
107351,0.5,0.1853144560212742,0.3333333333333333,0.2,5.400469055704218
107351,0.6,0.17787133230331997,0.3333333333333333,0.2,6.051479433286777
180004,0.0,0.7462137866057986,0.6666666666666666,0.4,4.223707289675603
180004,0.1,0.7311340247721385,0.6666666666666666,0.4,4.938014560886848
180004,0.2,0.7507392118437521,0.6666666666666666,0.4,5.901358737611541
180004,0.3,0.7462137866057986,0.6666666666666666,0.4,6.170645075525829
180004,0.4,0.7425579601967754,0.6666666666666666,0.4,6.537041493866148
180004,0.5,0.7425579601967754,0.6666666666666666,0.4,7.059462906369182
180004,0.6,0.6663180938082345,0.5,0.3,7.07902687574226
84078,0.0,0.31638222319596637,0.75,0.3,2.109189528187432
84078,0.1,0.2202350658473878,0.5,0.2,2.109189528187432
84078,0.2,0.21452798905103934,0.5,0.2,2.109189528187432
84078,0.3,0.21452798905103934,0.5,0.2,2.4937035238975986
84078,0.4,0.11377041810078811,0.25,0.1,4.601210627050707
84078,0.5,0.1064646477465997,0.25,0.1,6.142756478972367
84078,0.6,0.10075757095025123,0.25,0.1,6.19838679317521
182498,0.0,0.1771200932817816,0.2,0.2,2.441279524273736
182498,0.1,0.23441009424945825,0.3,0.3,2.5536327850521623
182498,0.2,0.2479024032753833,0.3,0.3,2.865342200763468
182498,0.3,0.2186315367816388,0.3,0.3,3.4686388549082943
182498,0.4,0.24354920550850967,0.3,0.3,4.385517987445224
182498,0.5,0.26547551659886887,0.3,0.3,5.333211712087828
182498,0.6,0.30059499817809576,0.4,0.4,5.782442234708869
67450,0.0,0.3472692970696752,0.3333333333333333,0.3,2.6620993802492348
67450,0.1,0.34108259278888875,0.3333333333333333,0.3,2.85918207528682
67450,0.2,0.3436620326006345,0.3333333333333333,0.3,3.1796427577910147
67450,0.3,0.2888234191284636,0.2222222222222222,0.2,3.4211758423247263
67450,0.4,0.2888234191284636,0.2222222222222222,0.2,4.5795968354933745
67450,0.5,0.3701113286210376,0.3333333333333333,0.3,4.946257101173012
67450,0.6,0.40734773697178245,0.3333333333333333,0.3,5.476837685146404
12898,0.0,0.6211680283143675,0.6,0.6,3.248553834156656
12898,0.1,0.6184208789759464,0.6,0.6,3.2826659698780625
12898,0.2,0.612588610989393,0.6,0.6,3.344231529996641
12898,0.3,0.5426051712020292,0.5,0.5,3.687193965341765
12898,0.4,0.5174319791040684,0.5,0.5,3.810512942224574
12898,0.5,0.41638311696729396,0.4,0.4,4.555938272793546
12898,0.6,0.4166986026032803,0.4,0.4,5.6263832769324935
37521,0.0,0.46258998893775544,0.3,0.3,5.399322597514481
37521,0.1,0.46258998893775544,0.3,0.3,5.39932259751448
37521,0.2,0.46258998893775544,0.3,0.3,5.39932259751448
37521,0.3,0.46258998893775544,0.3,0.3,5.39932259751448
37521,0.4,0.4757831594266231,0.3,0.3,6.030719104862354
37521,0.5,0.4757831594266231,0.3,0.3,6.601970567837272
37521,0.6,0.4757831594266231,0.3,0.3,7.455025122453674
183613,0.0,0.13706097493385985,0.2,0.2,2.1880200449831544
183613,0.1,0.13091322131132005,0.2,0.2,2.1880200449831544
183613,0.2,0.07362322034364344,0.1,0.1,2.2720450052301544
183613,0.3,0.07362322034364344,0.1,0.1,2.4371708242507233
183613,0.4,0.081963461396457,0.1,0.1,2.437170824250723
183613,0.5,0.09515663188532462,0.1,0.1,3.4690362201290226
183613,0.6,0.09515663188532462,0.1,0.1,6.736313655238772
57970,0.0,0.6562875098935943,0.5,0.5,4.506047330975224
57970,0.1,0.6562875098935943,0.5,0.5,4.506047330975224
57970,0.2,0.6313698411667235,0.5,0.5,4.506047330975224
57970,0.3,0.6184208789759464,0.6,0.6,4.673395452142283
57970,0.4,0.612588610989393,0.6,0.6,5.031549165701731
57970,0.5,0.6109825625609405,0.6,0.6,5.3645188452454
57970,0.6,0.5503589732530216,0.6,0.6,5.592691080735914
135498,0.0,0.5046972663014149,0.3333333333333333,0.3,4.580905302056837
135498,0.1,0.5311292217834279,0.3333333333333333,0.3,4.580905302056837
135498,0.2,0.5311292217834279,0.3333333333333333,0.3,4.749482902935687
135498,0.3,0.5311292217834279,0.3333333333333333,0.3,4.749482902935687
135498,0.4,0.5311292217834279,0.3333333333333333,0.3,4.950393373399946
135498,0.5,0.4907023256490295,0.3333333333333333,0.3,5.3687099234682085
135498,0.6,0.4161948278707595,0.3333333333333333,0.3,5.855498159657274
45757,0.0,0.21649988245062435,0.2857142857142857,0.2,6.065859905684224
45757,0.1,0.21649988245062435,0.2857142857142857,0.2,6.065859905684224
45757,0.2,0.21649988245062435,0.2857142857142857,0.2,6.285472789871238
45757,0.3,0.21649988245062435,0.2857142857142857,0.2,7.032695172792726
45757,0.4,0.21649988245062435,0.2857142857142857,0.2,7.152377673256429
45757,0.5,0.21649988245062435,0.2857142857142857,0.2,7.152377673256429
45757,0.6,0.21649988245062435,0.2857142857142857,0.2,7.396644681630674
34131,0.0,0.25375101836086567,0.2,0.2,2.3439404280175973
34131,0.1,0.25375101836086567,0.2,0.2,2.6200301382532367
34131,0.2,0.25375101836086567,0.2,0.2,2.8392862519683586
34131,0.3,0.3076404150444236,0.3,0.3,2.979389300172664
34131,0.4,0.28546989565597386,0.2,0.2,3.694600662609517
34131,0.5,0.3103875643828447,0.2,0.2,3.8010958702786626
34131,0.6,0.25810421612773926,0.2,0.2,5.630684345020303
183872,0.0,0.22400414303045632,0.2857142857142857,0.2,1.7187134797049353
183872,0.1,0.22400414303045632,0.2857142857142857,0.2,1.8359426990244436
183872,0.2,0.1733331649473745,0.2857142857142857,0.2,1.8359426990244436
183872,0.3,0.1631526427596508,0.2857142857142857,0.2,1.8359426990244436
183872,0.4,0.06993108739817411,0.14285714285714285,0.1,2.6215997916809974
183872,0.5,0.0,0.0,0.0,4.161739562008636
183872,0.6,0.0,0.0,0.0,5.024861169841677
198019,0.0,0.3489076502461903,0.3,0.3,3.72489442386563
198019,0.1,0.3489076502461903,0.3,0.3,3.72489442386563
198019,0.2,0.406197651213867,0.4,0.4,4.184132329210754
198019,0.3,0.43546851770761136,0.4,0.4,4.184132329210754
198019,0.4,0.43546851770761136,0.4,0.4,4.867430727495199
198019,0.5,0.574977503442835,0.5,0.5,7.739666063209462
198019,0.6,0.5854784548322485,0.5,0.5,9.697304833702715
135222,0.0,0.33571447975732266,0.3,0.3,2.1140482688209583
135222,0.1,0.33231387547320396,0.3,0.3,2.1140482688209583
135222,0.2,0.26547551659886887,0.3,0.3,2.1140482688209583
135222,0.3,0.26547551659886887,0.3,0.3,2.1140482688209583
135222,0.4,0.2509875219235156,0.3,0.3,2.481394007474966
135222,0.5,0.2476032647383259,0.2,0.2,4.843704926121815
135222,0.6,0.14141417270073348,0.2,0.2,5.938324932212056
83310,0.0,0.5607379784595917,0.4,0.4,3.70891307098601
83310,0.1,0.5358203097327209,0.4,0.4,3.70891307098601
83310,0.2,0.39235102577930164,0.3,0.3,3.70891307098601
83310,0.3,0.36743335705243085,0.3,0.3,4.240396776226325
83310,0.4,0.3590931159996173,0.3,0.3,4.629569330117745
83310,0.5,0.34275989662365053,0.3,0.3,4.883589299723829
83310,0.6,0.25375101836086567,0.2,0.2,5.015579165082241
85631,0.0,0.10093945326028299,0.1111111111111111,0.1,3.315295721257242
85631,0.1,0.10093945326028299,0.1111111111111111,0.1,3.6773604647893747
85631,0.2,0.08694451260789762,0.1111111111111111,0.1,3.9713619203922645
85631,0.3,0.08694451260789762,0.1111111111111111,0.1,4.5918841742029874
85631,0.4,0.08694451260789762,0.1111111111111111,0.1,6.447838297120093
85631,0.5,0.08694451260789762,0.1111111111111111,0.1,7.000243438303153
85631,0.6,0.08694451260789762,0.1111111111111111,0.1,7.593858982069984
192221,0.0,0.2476032647383259,0.2,0.2,4.7958535284940345
192221,0.1,0.2476032647383259,0.2,0.2,5.370055258295764
192221,0.2,0.2476032647383259,0.2,0.2,5.4811606048223425
192221,0.3,0.2476032647383259,0.2,0.2,5.649303138844588
192221,0.4,0.2476032647383259,0.2,0.2,5.784740884034671
192221,0.5,0.3076404150444236,0.3,0.3,6.073237033208049
192221,0.6,0.3076404150444236,0.3,0.3,6.554653413065519
46649,0.0,0.8687712930526933,0.8,0.8,2.4784508700971086
46649,0.1,0.8056490240984634,0.7,0.7,2.478450870097108
46649,0.2,0.7945616337072288,0.7,0.7,2.8744683235765693
46649,0.3,0.7351109224029522,0.6,0.6,2.87446832357657
46649,0.4,0.7236855627020065,0.6,0.6,3.2370404121524863
46649,0.5,0.703392045107844,0.6,0.6,4.535420047079229
46649,0.6,0.7028056061060228,0.7,0.7,5.416335109343847
75360,0.0,0.5,0.5,0.1,4.324841867324706
75360,0.1,0.5,0.5,0.1,4.655435396481005
75360,0.2,0.5,0.5,0.1,5.274649780978914
75360,0.3,0.5,0.5,0.1,6.112799979940677
75360,0.4,0.3154648767857287,0.5,0.1,6.112799979940677
75360,0.5,0.3154648767857287,0.5,0.1,6.832975375864942
75360,0.6,0.25,0.5,0.1,6.832975375864942
123431,0.0,0.24491104563887164,0.3,0.3,2.2577820756445712
123431,0.1,0.24491104563887164,0.3,0.3,2.471898879494949
123431,0.2,0.22606985319664472,0.3,0.3,3.284317406946093
123431,0.3,0.16877985222896807,0.2,0.2,3.284317406946093
123431,0.4,0.15558668174010043,0.2,0.2,3.8682905405173913
123431,0.5,0.149754413753547,0.2,0.2,4.721342271361597
123431,0.6,0.18351205520241193,0.2,0.2,5.189347182013224
52124,0.0,0.43122038713502514,0.25,0.2,3.1914659008790096
52124,0.1,0.3516450798625575,0.25,0.2,3.19146590087901
52124,0.2,0.3516450798625575,0.25,0.2,3.19146590087901
52124,0.3,0.3516450798625575,0.25,0.2,3.770673631515487
52124,0.4,0.32341529035126887,0.25,0.2,4.207801338770729
52124,0.5,0.30846844961870695,0.25,0.2,5.656960599111815
52124,0.6,0.2924120941300124,0.25,0.2,7.0040039607703095
188873,0.0,0.3788748389864684,0.2857142857142857,0.2,5.3207699587943695
188873,0.1,0.3788748389864684,0.2857142857142857,0.2,5.671797442148166
188873,0.2,0.3788748389864684,0.2857142857142857,0.2,6.968997747278209
188873,0.3,0.3788748389864684,0.2857142857142857,0.2,7.45788018836753
188873,0.4,0.3788748389864684,0.2857142857142857,0.2,7.953764455891853
188873,0.5,0.3788748389864684,0.2857142857142857,0.2,10.383917764561033
188873,0.6,0.34845906590102727,0.2857142857142857,0.2,11.277217578054625
61353,0.0,0.2451552539369622,0.3,0.3,2.996988498061891
61353,0.1,0.24080205617008857,0.3,0.3,2.9969884980618904
61353,0.2,0.18351205520241193,0.2,0.2,3.1255910186497022
61353,0.3,0.13122870694730646,0.2,0.2,3.1255910186497022
61353,0.4,0.15859438647554103,0.2,0.2,3.6442445832066666
61353,0.5,0.18351205520241193,0.2,0.2,4.399122729855728
61353,0.6,0.25375101836086567,0.2,0.2,5.572775723543604
26598,0.0,0.1173271512737744,0.2,0.2,3.3493431216963074
26598,0.1,0.1173271512737744,0.2,0.2,3.5334371245374627
26598,0.2,0.1173271512737744,0.2,0.2,3.8523536570403856
26598,0.3,0.1173271512737744,0.2,0.2,3.9843973815679483
26598,0.4,0.1173271512737744,0.2,0.2,4.957058689383522
26598,0.5,0.1173271512737744,0.2,0.2,5.4043383188971665
26598,0.6,0.1173271512737744,0.2,0.2,5.823296094800548
65603,0.0,0.9048433681146754,0.9,0.9,3.492831434487546
65603,0.1,0.9048433681146754,0.9,0.9,3.9057459925206546
65603,0.2,0.9180365386035428,0.9,0.9,4.166959293535578
65603,0.3,0.9180365386035428,0.9,0.9,4.439660109672599
65603,0.4,0.9180365386035428,0.9,0.9,4.682072658711288
65603,0.5,0.9180365386035428,0.9,0.9,4.913995964844919
65603,0.6,0.8690867786886797,0.8,0.8,5.018032522810981
112488,0.0,0.4155411005883776,0.5,0.2,2.547542306796371
112488,0.1,0.4258585909863988,0.5,0.2,2.547542306796371
112488,0.2,0.45694942738380434,0.5,0.2,2.807493446646712
112488,0.3,0.45694942738380434,0.5,0.2,2.9930827508485294
112488,0.4,0.61705624248888,0.75,0.3,3.6968938191133605
112488,0.5,0.7178138134391312,1.0,0.4,5.2485909526096215
112488,0.6,0.7546117266328853,1.0,0.4,6.315963033075418
4272,0.0,0.5142868981910397,0.4,0.4,2.257405811837995
4272,0.1,0.5260277435279719,0.4,0.4,2.257405811837995
4272,0.2,0.5392209140168396,0.4,0.4,2.3448883341763302
4272,0.3,0.6094435300763643,0.5,0.5,2.4014678516916304
4272,0.4,0.6562875098935943,0.5,0.5,2.5037836237903552
4272,0.5,0.7061391944462652,0.6,0.6,3.134106157841121
4272,0.6,0.6828275741478468,0.6,0.6,5.277634224165591
82922,0.0,0.4710507818813206,0.3333333333333333,0.3,2.0439889034214422
82922,0.1,0.4756685304692661,0.3333333333333333,0.3,2.0439889034214422
82922,0.2,0.4756685304692661,0.3333333333333333,0.3,2.1548151752755977
82922,0.3,0.4756685304692661,0.3333333333333333,0.3,2.1548151752755977
82922,0.4,0.3965432841030506,0.3333333333333333,0.3,2.4853791940288437
82922,0.5,0.2600537325249654,0.3333333333333333,0.3,3.5514591014075068
82922,0.6,0.23695265174495234,0.3333333333333333,0.3,5.589215969763709
89059,0.0,0.6889589806714576,0.7,0.7,2.042753382792487
89059,0.1,0.6726257612954908,0.7,0.7,2.042753382792487
89059,0.2,0.7213313129122634,0.7,0.7,2.2257155737463785
89059,0.3,0.6596881141777131,0.6,0.6,2.51620531186339
89059,0.4,0.5333722989313572,0.5,0.5,2.908230058864789
89059,0.5,0.4689819508583858,0.4,0.4,4.458395692536129
89059,0.6,0.45238817608539944,0.4,0.4,6.63269796544723
143943,0.0,0.3076404150444236,0.3,0.3,3.0400375768930665
143943,0.1,0.3076404150444236,0.3,0.3,3.0400375768930665
143943,0.2,0.318141366433837,0.3,0.3,3.040037576893066
143943,0.3,0.318141366433837,0.3,0.3,3.2578491446376097
143943,0.4,0.34275989662365053,0.3,0.3,3.2578491446376106
143943,0.5,0.37382531897306115,0.3,0.3,3.667318351899298
143943,0.6,0.33571447975732266,0.3,0.3,5.488142275698967
173054,0.0,0.3455070459620716,0.3,0.3,3.1191866349647324
173054,0.1,0.3489076502461903,0.3,0.3,3.2901381965528507
173054,0.2,0.3532608480130639,0.3,0.3,3.2901381965528507
173054,0.3,0.3590931159996173,0.3,0.3,3.2901381965528507
173054,0.4,0.36743335705243085,0.3,0.3,6.289067560802505
173054,0.5,0.2971943938939771,0.3,0.3,9.41234446508809
173054,0.6,0.36743335705243085,0.3,0.3,10.850157620865762
132522,0.0,0.612588610989393,0.6,0.6,3.8291088950838224
132522,0.1,0.6184208789759464,0.6,0.6,3.829108895083823
132522,0.2,0.6245686325984862,0.6,0.6,3.8291088950838224
132522,0.3,0.7496495859232529,0.8,0.8,3.8291088950838224
132522,0.4,0.752396735261674,0.8,0.8,4.190431757491796
132522,0.5,0.9180365386035428,0.9,0.9,5.312882435749776
132522,0.6,0.9399628496939022,0.9,0.9,5.7682092631956605
168070,0.0,0.4496410267469783,0.4,0.4,2.799362269445445
168070,0.1,0.4413007856941648,0.4,0.4,2.799362269445445
168070,0.2,0.4413007856941648,0.4,0.4,2.919031584258567
168070,0.3,0.43546851770761136,0.4,0.4,2.9190315842585672
168070,0.4,0.3973576784918729,0.4,0.4,3.2728423496696033
168070,0.5,0.3890174374390593,0.4,0.4,3.70396604016943
168070,0.6,0.3973576784918729,0.4,0.4,4.710162247506357
98246,0.0,0.6991607935238136,0.6,0.6,1.7421490348759334
98246,0.1,0.6991607935238136,0.6,0.6,1.7421490348759334
98246,0.2,0.6991607935238136,0.6,0.6,1.952056289591311
98246,0.3,0.6991607935238136,0.6,0.6,2.633948653673694
98246,0.4,0.7240784622506844,0.6,0.6,2.9219229083476366
98246,0.5,0.7329184349726785,0.6,0.6,5.598690164088012
98246,0.6,0.6211843754132965,0.5,0.5,6.435789180402298
50073,0.0,0.40554419626816934,0.3,0.3,6.911998742446817
50073,0.1,0.39235102577930164,0.3,0.3,7.016330809708473
50073,0.2,0.36743335705243085,0.3,0.3,7.104388225469947
50073,0.3,0.3532608480130639,0.3,0.3,7.313733975778751
50073,0.4,0.3532608480130639,0.3,0.3,8.126543956077466
50073,0.5,0.3532608480130639,0.3,0.3,8.761969758205208
50073,0.6,0.34006767752419625,0.3,0.3,9.365920331143935
44150,0.0,0.2763144372979935,0.4,0.4,2.151265062282093
44150,0.1,0.2763144372979935,0.4,0.4,2.151265062282093
44150,0.2,0.2322176068191845,0.3,0.3,2.151265062282093
44150,0.3,0.2509875219235156,0.3,0.3,2.4347973309980113
44150,0.4,0.24080205617008857,0.3,0.3,2.4347973309980113
44150,0.5,0.15519378219142235,0.2,0.2,7.578670717089525
44150,0.6,0.1200743006121955,0.1,0.1,10.954273366609396
82795,0.0,0.5476118239146005,0.6,0.6,2.5320914789319207
82795,0.1,0.6109825625609405,0.6,0.6,2.6649763917391778
82795,0.2,0.5611308780082698,0.5,0.5,2.778327997284665
82795,0.3,0.5611308780082698,0.5,0.5,2.8386452628313896
82795,0.4,0.6994050018219041,0.6,0.6,2.857509055272574
82795,0.5,0.7111458471588363,0.7,0.7,2.857509055272574
82795,0.6,0.7847690675024798,0.8,0.8,4.263600940248239
174470,0.0,0.5620834714910248,0.7,0.7,3.3973457112249585
174470,0.1,0.5593363221526036,0.7,0.7,3.3973457112249585
174470,0.2,0.555935717868485,0.7,0.7,3.3973457112249577
174470,0.3,0.5374100110622444,0.7,0.7,6.498221576745673
174470,0.4,0.5944558037318306,0.7,0.7,7.933610132590948
174470,0.5,0.6076489742206983,0.7,0.7,8.397768687601609
174470,0.6,0.5586992143058351,0.6,0.6,9.34891030840049
169406,0.0,0.26917187536075465,0.2222222222222222,0.2,3.195617019160281
169406,0.1,0.26917187536075465,0.2222222222222222,0.2,3.195617019160281
169406,0.2,0.26917187536075465,0.2222222222222222,0.2,3.1956170191602813
169406,0.3,0.26917187536075465,0.2222222222222222,0.2,3.397486930497511
169406,0.4,0.26556461089171396,0.2222222222222222,0.2,3.39748693049751
169406,0.5,0.26917187536075465,0.2222222222222222,0.2,3.841899135372703
169406,0.6,0.19466437758248464,0.2222222222222222,0.2,4.330140974170926
18689,0.0,0.2840727614849258,0.375,0.3,3.1116760602962157
18689,0.1,0.2840727614849258,0.375,0.3,3.1116760602962157
18689,0.2,0.2530695652636693,0.375,0.3,3.2234411743260294
18689,0.3,0.2530695652636693,0.375,0.3,3.2430104536314572
18689,0.4,0.2530695652636693,0.375,0.3,4.230608492476664
18689,0.5,0.2530695652636693,0.375,0.3,4.767890521259073
18689,0.6,0.2530695652636693,0.375,0.3,4.862173803865153
189773,0.0,0.3874113890106069,0.4,0.4,3.098723470353673
189773,0.1,0.3874113890106069,0.4,0.4,3.8558328724036977
189773,0.2,0.43386246927915895,0.4,0.4,4.4392263015023214
189773,0.3,0.5084546302044863,0.4,0.4,5.521174178241956
189773,0.4,0.5118552344886049,0.4,0.4,6.393769556888059
189773,0.5,0.4875076576646263,0.4,0.4,7.143319260500857
189773,0.6,0.5826642895499509,0.4,0.4,7.274469870897304
100185,0.0,0.6999914408237253,0.6,0.6,3.7321895889167536
100185,0.1,0.6916511997709118,0.6,0.6,3.8119039060502624
100185,0.2,0.6916511997709118,0.6,0.6,3.8439005059120874
100185,0.3,0.6814657340174848,0.6,0.6,3.968763606108383
100185,0.4,0.4881611126103239,0.5,0.5,4.097934705785191
100185,0.5,0.4388691219917301,0.5,0.5,4.410014003566658
100185,0.6,0.3973576784918729,0.4,0.4,4.688641974315556
200772,0.0,0.6030399392115621,0.4444444444444444,0.4,1.9861907355222486
200772,0.1,0.5719902351416036,0.4444444444444444,0.4,2.2830587779854126
200772,0.2,0.5683829706725629,0.4444444444444444,0.4,2.2830587779854126
200772,0.3,0.5543880300201776,0.4444444444444444,0.4,2.3846774932460466
200772,0.4,0.5426268411045877,0.4444444444444444,0.4,2.761434426321224
200772,0.5,0.3159485410629045,0.4444444444444444,0.4,4.757610218573433
200772,0.6,0.2061619969036444,0.3333333333333333,0.3,5.882462207697164
24601,0.0,0.22490694523001417,0.4,0.2,2.1674816812996083
24601,0.1,0.14038609443307223,0.2,0.1,2.1674816812996087
24601,0.2,0.12092199990360374,0.2,0.1,2.1674816812996087
24601,0.3,0.14038609443307223,0.2,0.1,2.580997057305951
24601,0.4,0.12092199990360374,0.2,0.1,3.4467774760365324
24601,0.5,0.12092199990360374,0.2,0.1,5.423291951450508
24601,0.6,0.1931383602531968,0.4,0.2,6.104835460989022
74242,0.0,0.1326823237826694,0.2222222222222222,0.2,1.895227196908871
74242,0.1,0.1280645751947239,0.2222222222222222,0.2,1.895227196908871
74242,0.2,0.12445731072568322,0.2222222222222222,0.2,1.895227196908871
74242,0.3,0.060771606354535226,0.1111111111111111,0.1,1.978859934217804
74242,0.4,0.1326823237826694,0.2222222222222222,0.2,2.757630904590374
74242,0.5,0.14178312608006854,0.2222222222222222,0.2,5.277976838424378
74242,0.6,0.18788396586818062,0.2222222222222222,0.2,6.610829566155251
57789,0.0,0.6858189317843585,0.6,0.6,3.3881403920330597
57789,0.1,0.6916511997709118,0.6,0.6,3.9049206611491583
57789,0.2,0.6950518040550305,0.6,0.6,4.10129987141756
57789,0.3,0.713577510861271,0.6,0.6,4.575541036282155
57789,0.4,0.7295178306885598,0.6,0.6,5.146964064493678
57789,0.5,0.7163246601996921,0.6,0.6,7.372504130662915
57789,0.6,0.7197252644838108,0.6,0.6,7.834806255568085
127118,0.0,0.28077218886614447,0.2,0.1,2.382813107903235
127118,0.1,0.28077218886614447,0.2,0.1,2.382813107903235
127118,0.2,0.28077218886614447,0.2,0.1,2.5742247519142385
127118,0.3,0.28077218886614447,0.2,0.1,2.8551420242411436
127118,0.4,0.28077218886614447,0.2,0.1,3.0288056631312044
127118,0.5,0.14038609443307223,0.2,0.1,3.4577415282038992
127118,0.6,0.08452085079694195,0.2,0.1,4.722315710519498
135334,0.0,0.34345193470938595,0.4,0.4,2.4261021478824842
135334,0.1,0.34345193470938595,0.4,0.4,2.4594086941451425
135334,0.2,0.35664510519825354,0.4,0.4,2.729399255927472
135334,0.3,0.41232905773747774,0.5,0.5,2.7293992559274716
135334,0.4,0.5047385402843813,0.5,0.5,2.7293992559274716
135334,0.5,0.5290191011644836,0.5,0.5,3.421918566305986
135334,0.6,0.6643018673416062,0.6,0.6,4.581057348391012
124307,0.0,0.31387238826388203,0.42857142857142855,0.3,2.393823323385688
124307,0.1,0.395458686693669,0.42857142857142855,0.3,2.4561643082580904
124307,0.2,0.395458686693669,0.42857142857142855,0.3,2.4561643082580904
124307,0.3,0.3883395239181725,0.42857142857142855,0.3,2.4987748031893084
124307,0.4,0.3022371313321923,0.2857142857142857,0.2,2.8902401697616003
124307,0.5,0.23230604393401819,0.14285714285714285,0.1,3.343712184353662
124307,0.6,0.23230604393401819,0.14285714285714285,0.1,5.102249370046187
114285,0.0,0.3103875643828447,0.2,0.2,2.639839745459791
114285,0.1,0.2722767251671062,0.2,0.2,2.639839745459791
114285,0.2,0.2722767251671062,0.2,0.2,3.046026985045236
114285,0.3,0.25810421612773926,0.2,0.2,3.772692954408683
114285,0.4,0.25810421612773926,0.2,0.2,5.5004348637961655
114285,0.5,0.16294758424241465,0.2,0.2,6.293617513949838
114285,0.6,0.14200061170255474,0.2,0.2,6.625617062185175
191934,0.0,0.7841156125567822,0.7,0.7,3.466273769451166
191934,0.1,0.7372716327395521,0.6,0.6,3.5529502089365934
191934,0.2,0.7372716327395521,0.6,0.6,3.697575360734523
191934,0.3,0.7329184349726785,0.6,0.6,3.9254293503973146
191934,0.4,0.7236855627020065,0.6,0.6,3.9254293503973146
191934,0.5,0.650455241907041,0.5,0.5,4.334431024045739
191934,0.6,0.6211843754132965,0.5,0.5,5.271678193051378
20669,0.0,0.48846025114738134,0.6,0.6,3.127612270297184
20669,0.1,0.41393510616593016,0.5,0.5,3.127612270297184
20669,0.2,0.41393510616593016,0.5,0.5,3.127612270297184
20669,0.3,0.33326646895595896,0.4,0.4,3.127612270297184
20669,0.4,0.381263635388067,0.4,0.4,3.127612270297184
20669,0.5,0.33231387547320396,0.3,0.3,4.002556216835693
20669,0.6,0.38401078472648814,0.3,0.3,4.843632611731158
97966,0.0,0.41733571045004886,0.6,0.6,4.362101471959332
97966,0.1,0.4256759515028624,0.6,0.6,4.36210147195933
97966,0.2,0.4256759515028624,0.6,0.6,4.466649097473983
97966,0.3,0.46378679071860096,0.6,0.6,4.466649097473984
97966,0.4,0.4696190587051544,0.6,0.6,4.664588069506455
97966,0.5,0.48814476551139496,0.6,0.6,4.838979117470616
97966,0.6,0.43860856659471054,0.5,0.5,6.0586639576931285
178499,0.0,0.6108955484412857,0.5,0.4,3.4075675084903834
178499,0.1,0.6108955484412857,0.5,0.4,3.4075675084903834
178499,0.2,0.6758006840760241,0.625,0.5,3.4075675084903834
178499,0.3,0.7487499632635423,0.75,0.6,3.4075675084903834
178499,0.4,0.7623224002387833,0.75,0.6,6.546181962000695
178499,0.5,0.8049328731912867,0.75,0.6,9.608334952967352
178499,0.6,0.8049328731912867,0.75,0.6,10.38321387190631
74770,0.0,0.5362132092813989,0.4,0.4,2.086147569150585
74770,0.1,0.5362132092813989,0.4,0.4,2.086147569150585
74770,0.2,0.5362132092813989,0.4,0.4,2.2084924645325175
74770,0.3,0.46014197813639174,0.4,0.4,2.2755911477679294
74770,0.4,0.4274705073585286,0.4,0.4,2.5225381962211024
74770,0.5,0.25713527554605536,0.3,0.3,3.1558949709082613
74770,0.6,0.14141417270073348,0.2,0.2,3.8526717327214888
165229,0.0,0.30059499817809576,0.4,0.4,5.106172168653578
165229,0.1,0.30059499817809576,0.4,0.4,5.15484693502866
165229,0.2,0.3255126669049666,0.4,0.4,5.248959401041224
165229,0.3,0.4089448005522881,0.4,0.4,5.387334369039893
165229,0.4,0.5041014324376127,0.4,0.4,5.545703088050365
165229,0.5,0.5041014324376127,0.4,0.4,5.817986612277712
165229,0.6,0.5041014324376127,0.4,0.4,6.040181925603963
46482,0.0,0.29901960221748775,0.25,0.2,2.3021567855813947
46482,0.1,0.2874802580900168,0.25,0.2,2.302156785581395
46482,0.2,0.2874802580900168,0.25,0.2,2.63849252902385
46482,0.3,0.28362763671503505,0.25,0.2,2.6966186198060784
46482,0.4,0.17582253993127875,0.25,0.2,2.868782990818769
46482,0.5,0.08340940864997513,0.125,0.1,3.451368272189763
46482,0.6,0.08340940864997513,0.125,0.1,4.543023954637848
196155,0.0,0.5722852843433808,0.6,0.6,2.4467012046780074
196155,0.1,0.5722852843433808,0.6,0.6,2.4467012046780074
196155,0.2,0.6674419162287054,0.6,0.6,2.704161858213631
196155,0.3,0.6916511997709118,0.6,0.6,3.0229303590857697
196155,0.4,0.6999914408237253,0.6,0.6,3.224941877407944
196155,0.5,0.5867020016808382,0.6,0.6,4.192734114221123
196155,0.6,0.6295752853110574,0.7,0.7,5.396556607074193
119927,0.0,0.6642855202426773,0.7,0.7,3.0268905462720292
119927,0.1,0.5972029530702516,0.6,0.6,3.875128439668336
119927,0.2,0.6544929540379283,0.7,0.7,4.312311487960246
119927,0.3,0.6295752853110574,0.7,0.7,5.18730732145949
119927,0.4,0.6218214832600651,0.7,0.7,6.281993637162811
119927,0.5,0.6076489742206983,0.7,0.7,6.852108905922373
119927,0.6,0.5944558037318306,0.7,0.7,7.074916581345183
198360,0.0,0.809049628382582,0.7,0.7,1.8055391555806337
198360,0.1,0.8629390250661401,0.8,0.8,1.8055391555806342
198360,0.2,0.8502455862464527,0.8,0.8,1.9180385139584928
198360,0.3,0.8444133182598994,0.8,0.8,1.9805848335853837
198360,0.4,0.7277232748328937,0.8,0.8,2.106259272621563
198360,0.5,0.5940629041831526,0.6,0.6,3.062159946350411
198360,0.6,0.5617843329539673,0.6,0.6,5.082825926612584
17964,0.0,0.5944558037318306,0.7,0.7,3.160353034363293
17964,0.1,0.5944558037318306,0.7,0.7,3.4851280903593507
17964,0.2,0.6076489742206983,0.7,0.7,3.6929315507933493
17964,0.3,0.6159892152735118,0.7,0.7,3.877758800619894
17964,0.4,0.7247319171963821,0.7,0.7,4.795620085631653
17964,0.5,0.7406722370236708,0.7,0.7,5.120649164061285
17964,0.6,0.7871233172922227,0.7,0.7,6.395834064433343
105178,0.0,0.06779095235709003,0.1,0.1,3.66899697735213
105178,0.1,0.06003715030609775,0.1,0.1,3.9149014455039235
105178,0.2,0.05729000096767664,0.1,0.1,4.1222877236679585
105178,0.3,0.05729000096767664,0.1,0.1,4.565519272739026
105178,0.4,0.0,0.0,0.0,4.820994869628039
105178,0.5,0.0,0.0,0.0,5.314914762280621
105178,0.6,0.0,0.0,0.0,5.950974146051013
16979,0.0,0.1280645751947239,0.2222222222222222,0.2,2.851632710527373
16979,0.1,0.1280645751947239,0.2222222222222222,0.2,3.141603639118071
16979,0.2,0.1280645751947239,0.2222222222222222,0.2,3.905412015214877
16979,0.3,0.1280645751947239,0.2222222222222222,0.2,5.187270081392533
16979,0.4,0.1280645751947239,0.2222222222222222,0.2,5.685962085528723
16979,0.5,0.1280645751947239,0.2222222222222222,0.2,6.624302391705281
16979,0.6,0.1280645751947239,0.2222222222222222,0.2,7.239282279421535
11996,0.0,0.19031326377064925,0.1,0.1,2.7567216051703567
11996,0.1,0.19031326377064925,0.1,0.1,2.8048296575515437
11996,0.2,0.19031326377064925,0.1,0.1,2.850900111285619
11996,0.3,0.19031326377064925,0.1,0.1,3.1376613178105486
11996,0.4,0.19031326377064925,0.1,0.1,3.1376613178105486
11996,0.5,0.25035041407674696,0.2,0.2,5.164329554568178
11996,0.6,0.24080205617008857,0.3,0.3,7.1778971398406695
63273,0.0,0.4059370958168474,0.4,0.4,2.261344236574474
63273,0.1,0.41329799831916164,0.4,0.4,2.261344236574474
63273,0.2,0.4031899464784263,0.4,0.4,2.2613442365744745
63273,0.3,0.3957516300634204,0.4,0.4,2.414163514786363
63273,0.4,0.406197651213867,0.4,0.4,3.0629187792692862
63273,0.5,0.2620749123147502,0.3,0.3,5.043460781693752
63273,0.6,0.23740145188596992,0.3,0.3,5.556726825715453
158564,0.0,0.44841747989838854,0.3,0.3,1.9908645235330031
158564,0.1,0.44841747989838854,0.3,0.3,2.002336682301144
158564,0.2,0.44406428213151494,0.3,0.3,2.363682365413979
158564,0.3,0.44066367784739624,0.3,0.3,3.00684318278889
158564,0.4,0.44066367784739624,0.3,0.3,4.927698602612008
158564,0.5,0.2786686870877365,0.3,0.3,5.958153542261561
158564,0.6,0.21562383204619817,0.3,0.3,7.644113834308915
155885,0.0,0.07809742170892055,0.1111111111111111,0.1,2.8831659517330013
155885,0.1,0.07809742170892055,0.1111111111111111,0.1,3.1393217015842843
155885,0.2,0.06729296884018866,0.1111111111111111,0.1,3.423951356734352
155885,0.3,0.06368570437114798,0.1111111111111111,0.1,4.012999800306068
155885,0.4,0.0,0.0,0.0,4.946346083341866
155885,0.5,0.0,0.0,0.0,5.625201317583587
155885,0.6,0.0,0.0,0.0,5.713481196493349
181172,0.0,0.26917187536075465,0.2222222222222222,0.2,4.002751835694818
181172,0.1,0.1881430150968312,0.2222222222222222,0.2,4.002751835694819
181172,0.2,0.1881430150968312,0.2222222222222222,0.2,4.002751835694819
181172,0.3,0.13886902806345577,0.2222222222222222,0.2,4.4318587873609
181172,0.4,0.13886902806345577,0.2222222222222222,0.2,5.182887167534586
181172,0.5,0.1326823237826694,0.2222222222222222,0.2,5.856574728169287
181172,0.6,0.1326823237826694,0.2222222222222222,0.2,8.171623690440175
159077,0.0,0.5777246527812562,0.5,0.5,1.9606572592866531
159077,0.1,0.6350146537489328,0.6,0.6,2.080466441436249
159077,0.2,0.6350146537489328,0.6,0.6,2.080466441436249
159077,0.3,0.5992580643229373,0.5,0.5,2.253868747025598
159077,0.4,0.5641385827437104,0.4,0.4,2.484574410094271
159077,0.5,0.5013542830991916,0.4,0.4,4.027821533748202
159077,0.6,0.43386246927915895,0.4,0.4,4.981933532969755
170813,0.0,0.2688331918231124,0.42857142857142855,0.3,2.4121293250690705
170813,0.1,0.2992489649085536,0.42857142857142855,0.3,2.4121293250690705
170813,0.2,0.2992489649085536,0.42857142857142855,0.3,2.4121293250690705
170813,0.3,0.2992489649085536,0.42857142857142855,0.3,2.4121293250690705
170813,0.4,0.3849862137901215,0.42857142857142855,0.3,4.3638839371307725
170813,0.5,0.3849862137901215,0.42857142857142855,0.3,7.005899297152643
170813,0.6,0.3849862137901215,0.42857142857142855,0.3,7.005899297152643
186557,0.0,0.33644750366255316,0.4444444444444444,0.4,4.469177310908084
186557,0.1,0.3452945945615302,0.4444444444444444,0.4,4.469177310908085
186557,0.2,0.36390728380186105,0.4444444444444444,0.4,4.714147906163122
186557,0.3,0.3809157814897695,0.3333333333333333,0.3,4.879067234951215
186557,0.4,0.4505344787432818,0.4444444444444444,0.4,5.017900552496194
186557,0.5,0.5719902351416036,0.4444444444444444,0.4,5.621216993723333
186557,0.6,0.5827946880103355,0.4444444444444444,0.4,5.621216993723335
195390,0.0,0.4737280481739375,0.5,0.5,2.9811353575288697
195390,0.1,0.4903218229469238,0.5,0.5,2.9811353575288697
195390,0.2,0.5367729032154759,0.5,0.5,2.9811353575288697
195390,0.3,0.5469583689689028,0.5,0.5,2.9811353575288697
195390,0.4,0.650455241907041,0.5,0.5,4.084150037995734
195390,0.5,0.7329184349726785,0.6,0.6,5.169370423598889
195390,0.6,0.7514441417789189,0.6,0.6,7.840055997877468
128609,0.0,0.8198885490817066,0.8,0.8,2.8519977146167963
128609,0.1,0.8198885490817066,0.8,0.8,3.1206905719724825
128609,0.2,0.8226356984201277,0.8,0.8,3.1949016560298693
128609,0.3,0.7591979438299113,0.7,0.7,3.1949016560298693
128609,0.4,0.69480759575694,0.6,0.6,3.3641331055526145
128609,0.5,0.6784743763809732,0.6,0.6,3.841463108114458
128609,0.6,0.5044943319862907,0.5,0.5,4.810278578636579
129273,0.0,0.6886598421344001,0.6,0.6,2.9432391332372303
129273,0.1,0.6784743763809732,0.6,0.6,3.3775040832576337
129273,0.2,0.6643018673416062,0.6,0.6,4.061936251428955
129273,0.3,0.5367729032154759,0.5,0.5,4.9809876372260655
129273,0.4,0.5863091021321603,0.6,0.6,5.77738873475144
129273,0.5,0.48256802089593154,0.5,0.5,6.602411303831396
129273,0.6,0.3905564699236356,0.5,0.5,7.0623038654504215
131332,0.0,0.5503589732530216,0.6,0.6,2.355892389112465
131332,0.1,0.46937485040706384,0.5,0.5,2.355892389112465
131332,0.2,0.4573948287979707,0.5,0.5,2.355892389112465
131332,0.3,0.4490545877451571,0.5,0.5,2.355892389112465
131332,0.4,0.4388691219917301,0.5,0.5,4.64192888437363
131332,0.5,0.4388691219917301,0.5,0.5,6.477996620823755
131332,0.6,0.3113401578655997,0.4,0.4,7.351365531908172
131546,0.0,0.9365622454097835,0.9,0.9,3.7192886226601516
131546,0.1,0.9399628496939022,0.9,0.9,3.7192886226601516
131546,0.2,0.9365622454097835,0.9,0.9,3.7192886226601516
131546,0.3,0.9399628496939022,0.9,0.9,3.9220424292678855
131546,0.4,0.8629390250661401,0.8,0.8,4.085609968428502
131546,0.5,0.8585858272992664,0.8,0.8,5.1107391382518035
131546,0.6,0.8585858272992664,0.8,0.8,5.622141445878494
177880,0.0,0.8096867362293506,0.9,0.9,4.037469880632036
177880,0.1,0.8096867362293506,0.9,0.9,4.037469880632036
177880,0.2,0.8096867362293506,0.9,0.9,4.037469880632036
177880,0.3,0.8096867362293506,0.9,0.9,4.26910446230825
177880,0.4,0.8799256993878044,0.9,0.9,4.269104462308249
177880,0.5,0.9263767796563563,0.9,0.9,4.809382097466452
177880,0.6,1.0,1.0,1.0,5.267565574337614
5819,0.0,0.19031326377064925,0.1,0.1,2.724063387819563
5819,0.1,0.19031326377064925,0.1,0.1,2.8403573982962533
5819,0.2,0.19031326377064925,0.1,0.1,2.8403573982962533
5819,0.3,0.19031326377064925,0.1,0.1,3.162130365292369
5819,0.4,0.19031326377064925,0.1,0.1,3.2833116141604046
5819,0.5,0.19031326377064925,0.1,0.1,4.449344574614737
5819,0.6,0.19031326377064925,0.1,0.1,4.999435220450594
53447,0.0,0.15244663285300125,0.2,0.2,3.615516054809196
53447,0.1,0.15244663285300125,0.2,0.2,3.9890749655953393
53447,0.2,0.09515663188532462,0.1,0.1,4.144872379281567
53447,0.3,0.081963461396457,0.1,0.1,4.321808575882558
53447,0.4,0.081963461396457,0.1,0.1,4.3218085758825575
53447,0.5,0.06343775459021642,0.1,0.1,5.2580483747839875
53447,0.6,0.06343775459021642,0.1,0.1,5.890225737753432
30122,0.0,0.4047916061534739,0.625,0.5,2.337862017440753
30122,0.1,0.41735276106747715,0.625,0.5,2.3730959140693084
30122,0.2,0.42396026915495244,0.625,0.5,2.3730959140693084
30122,0.3,0.36087466204742563,0.5,0.4,2.373095914069308
30122,0.4,0.4135001396924954,0.5,0.4,2.442156224095689
30122,0.5,0.6074880518361946,0.5,0.4,5.084358546253474
30122,0.6,0.6008805437487194,0.5,0.4,7.679656515983093
75745,0.0,0.42222305658859327,0.42857142857142855,0.3,3.145758538580313
75745,0.1,0.43832731113445295,0.42857142857142855,0.3,3.1457585385803135
75745,0.2,0.4687430842198941,0.42857142857142855,0.3,3.2853952017937886
75745,0.3,0.5649589483516516,0.5714285714285714,0.4,3.7189633823585533
75745,0.4,0.5848961061869032,0.5714285714285714,0.4,4.432028488952589
75745,0.5,0.6808138772561948,0.5714285714285714,0.4,4.670922600596404
75745,0.6,0.6545291005226114,0.5714285714285714,0.4,6.500552703833206
188751,0.0,1.0,1.0,1.0,5.224921696363878
188751,0.1,1.0,1.0,1.0,5.867715829614826
188751,0.2,1.0,1.0,1.0,5.867715829614826
188751,0.3,1.0,1.0,1.0,6.358974000383464
188751,0.4,1.0,1.0,1.0,6.358974000383464
188751,0.5,1.0,1.0,1.0,7.905865086486297
188751,0.6,1.0,1.0,1.0,8.846736668838238
166377,0.0,0.5290191011644836,0.5,0.5,4.154204407823132
166377,0.1,0.5992580643229373,0.5,0.5,4.154204407823132
166377,0.2,0.5992580643229373,0.5,0.5,4.154204407823132
166377,0.3,0.6343611988032352,0.5,0.5,4.154204407823132
166377,0.4,0.6427014398560487,0.5,0.5,4.978742700572353
166377,0.5,0.6558946103449164,0.5,0.5,7.85496076544906
166377,0.6,0.6558946103449164,0.5,0.5,10.32810152222123
26958,0.0,0.7875162168409008,0.7,0.7,2.97273107906885
26958,0.1,0.8448062178085776,0.8,0.8,2.97273107906885
26958,0.2,0.8475533671469987,0.8,0.8,2.97273107906885
26958,0.3,0.8198885490817066,0.8,0.8,3.044804713720823
26958,0.4,0.6289218303653598,0.6,0.6,3.5494369438023172
26958,0.5,0.6211680283143675,0.6,0.6,6.057968642491352
26958,0.6,0.5645314822923885,0.6,0.6,8.257063682431882
51241,0.0,0.1989021044249383,0.2857142857142857,0.2,2.2153526660211966
51241,0.1,0.19358836994501516,0.2857142857142857,0.2,2.2153526660211966
51241,0.2,0.18991701265457506,0.2857142857142857,0.2,2.352177564611838
51241,0.3,0.18991701265457506,0.2857142857142857,0.2,2.9819671517016513
51241,0.4,0.08274908245792924,0.14285714285714285,0.1,3.370746902620742
51241,0.5,0.07328439752622512,0.14285714285714285,0.1,3.611586886082133
51241,0.6,0.0,0.0,0.0,5.125413401298056
40611,0.0,0.5613914334052894,0.5,0.5,2.922273795424404
40611,0.1,0.5041014324376127,0.4,0.4,3.0302793142520157
40611,0.2,0.5084546302044863,0.4,0.4,3.0302793142520157
40611,0.3,0.5226271392438532,0.4,0.4,3.303945757582121
40611,0.4,0.5337651984800352,0.5,0.5,3.6895403228007537
40611,0.5,0.6245686325984862,0.6,0.6,3.911335074658491
40611,0.6,0.5333722989313572,0.5,0.5,4.793473546502124
69882,0.0,0.5013379360002626,0.5,0.5,2.6768439570086473
69882,0.1,0.45238817608539944,0.4,0.4,2.728383745245336
69882,0.2,0.4496410267469783,0.4,0.4,2.728383745245336
69882,0.3,0.4557887803695181,0.4,0.4,2.8003744580221044
69882,0.4,0.5364574175794894,0.5,0.5,2.8003744580221044
69882,0.5,0.583616883032706,0.6,0.6,3.485172422177474
69882,0.6,0.583616883032706,0.6,0.6,5.281736302797527
106180,0.0,0.6477080925686199,0.6,0.6,3.2305250750699335
106180,0.1,0.6477080925686199,0.6,0.6,3.373520408257493
106180,0.2,0.6433548948017463,0.6,0.6,3.632706563471139
106180,0.3,0.6350146537489328,0.6,0.6,4.0428507841959895
106180,0.4,0.6511086968527386,0.6,0.6,4.103233004170086
106180,0.5,0.7301712856342574,0.7,0.7,4.722901332577239
106180,0.6,0.6109825625609405,0.6,0.6,5.046566404302865
140306,0.0,0.5968100535215736,0.6,0.6,2.252520943852949
140306,0.1,0.5968100535215736,0.6,0.6,2.5506877615757237
140306,0.2,0.5774691294101661,0.6,0.6,3.0910680365540832
140306,0.3,0.5833013973967196,0.6,0.6,3.956425870583697
140306,0.4,0.5481982629164217,0.6,0.6,4.9784002640983145
140306,0.5,0.5691288883573526,0.6,0.6,6.773228644425068
140306,0.6,0.564775690590479,0.6,0.6,7.481162043878809
72471,0.0,0.4911524702468356,0.5,0.5,2.9827659445964185
72471,0.1,0.43386246927915895,0.4,0.4,2.9827659445964185
72471,0.2,0.3896038764408806,0.4,0.4,3.2438941999100983
72471,0.3,0.32956672613478283,0.3,0.3,3.243894199910099
72471,0.4,0.25810421612773926,0.2,0.2,3.4244412844791405
72471,0.5,0.3137881686669634,0.3,0.3,3.6332137479153865
72471,0.6,0.26214192825862653,0.4,0.4,4.000634280328166
31584,0.0,0.5176875024751584,0.4,0.4,4.030041082915918
31584,0.1,0.5362132092813989,0.4,0.4,4.030041082915918
31584,0.2,0.46597424612294513,0.4,0.4,4.030041082915918
31584,0.3,0.44105657739607423,0.4,0.4,4.030041082915918
31584,0.4,0.46597424612294513,0.4,0.4,4.514762811124724
31584,0.5,0.46014197813639174,0.4,0.4,5.664990500929391
31584,0.6,0.46014197813639174,0.4,0.4,6.415795120632677
65676,0.0,0.20145132300683122,0.3,0.3,4.2215119011676405
65676,0.1,0.149754413753547,0.2,0.2,4.22151190116764
65676,0.2,0.149754413753547,0.2,0.2,4.22151190116764
65676,0.3,0.149754413753547,0.2,0.2,4.2215119011676405
65676,0.4,0.15859438647554103,0.2,0.2,4.302218884430696
65676,0.5,0.18351205520241193,0.2,0.2,4.5550961518631015
65676,0.6,0.1200743006121955,0.1,0.1,4.953863796629888
60889,0.0,0.8448062178085776,0.8,0.8,2.101887635337357
60889,0.1,0.8198885490817066,0.8,0.8,2.2211967844266347
60889,0.2,0.6923595849555763,0.7,0.7,2.2211967844266347
60889,0.3,0.6642855202426773,0.7,0.7,2.2211967844266347
60889,0.4,0.5310180491416141,0.6,0.6,3.16837922101401
60889,0.5,0.4635425824205105,0.5,0.5,6.243666395155374
60889,0.6,0.3273742387045091,0.3,0.3,8.803777668939716
87261,0.0,0.0,0.0,0.0,6.29441878546948
87261,0.1,0.0,0.0,0.0,6.634864274520081
87261,0.2,0.0,0.0,0.0,7.938364025283069
87261,0.3,0.0,0.0,0.0,8.67663250145419
87261,0.4,0.0,0.0,0.0,9.918897551994831
87261,0.5,0.0,0.0,0.0,10.101644213768177
87261,0.6,0.0,0.0,0.0,10.101644213768177
29550,0.0,0.4490545877451571,0.5,0.5,2.20018805587749
29550,0.1,0.4490545877451571,0.5,0.5,2.20018805587749
29550,0.2,0.44470138997828357,0.5,0.5,2.2001880558774896
29550,0.3,0.44470138997828357,0.5,0.5,2.5639304962464005
29550,0.4,0.3890174374390593,0.4,0.4,2.5639304962464005
29550,0.5,0.3080333145931017,0.4,0.4,2.5639304962464005
29550,0.6,0.3455070459620716,0.3,0.3,4.9371983776107395
134680,0.0,0.3273742387045091,0.3,0.3,1.7388339205516659
134680,0.1,0.25810421612773926,0.2,0.2,1.8013802401785568
134680,0.2,0.19031326377064925,0.1,0.1,1.8013802401785568
134680,0.3,0.19031326377064925,0.1,0.1,1.8013802401785568
134680,0.4,0.081963461396457,0.1,0.1,1.8346394866068785
134680,0.5,0.0,0.0,0.0,3.0017653055917437
134680,0.6,0.0,0.0,0.0,4.379400304069744
185833,0.0,0.44404793503258594,0.4,0.4,3.328458358397208
185833,0.1,0.4557887803695181,0.4,0.4,3.4780096419965263
185833,0.2,0.42253087058983374,0.4,0.4,3.6708469028045343
185833,0.3,0.4798208715575104,0.5,0.5,3.6708469028045343
185833,0.4,0.5442112196304818,0.6,0.6,3.670846902804535
185833,0.5,0.6682725635286172,0.7,0.7,3.9623028184380216
185833,0.6,0.7902084359403552,0.7,0.7,4.9227804284668215
139847,0.0,0.05729000096767664,0.1,0.1,5.49753016298467
139847,0.1,0.05729000096767664,0.1,0.1,6.038042212860618
139847,0.2,0.05729000096767664,0.1,0.1,6.490443854837489
139847,0.3,0.05729000096767664,0.1,0.1,7.580858450771219
139847,0.4,0.05729000096767664,0.1,0.1,8.787644021253332
139847,0.5,0.05729000096767664,0.1,0.1,9.779170593611283
139847,0.6,0.05729000096767664,0.1,0.1,10.296696438185819
30246,0.0,0.4496410267469783,0.4,0.4,4.072509883209069
30246,0.1,0.4496410267469783,0.4,0.4,4.07250988320907
30246,0.2,0.4689819508583858,0.4,0.4,4.07250988320907
30246,0.3,0.4733351486252594,0.4,0.4,4.07250988320907
30246,0.4,0.4791674166118128,0.4,0.4,4.302372324075426
30246,0.5,0.4791674166118128,0.4,0.4,4.832666200953851
30246,0.6,0.568491780510584,0.4,0.4,6.136556518270541
98194,0.0,0.3800937667159343,0.3333333333333333,0.1,6.180827825399106
98194,0.1,0.3800937667159343,0.3333333333333333,0.1,6.180827825399105
98194,0.2,0.3800937667159343,0.3333333333333333,0.1,6.692050133812015
98194,0.3,0.3800937667159343,0.3333333333333333,0.1,7.88822187339296
98194,0.4,0.3800937667159343,0.3333333333333333,0.1,8.569813566949064
98194,0.5,0.3800937667159343,0.3333333333333333,0.1,8.75538604554722
98194,0.6,0.3800937667159343,0.3333333333333333,0.1,8.991407940403937
185468,0.0,0.7301712856342574,0.7,0.7,2.551197835024486
185468,0.1,0.7345244834011311,0.7,0.7,2.551197835024486
185468,0.2,0.612588610989393,0.6,0.6,2.551197835024486
185468,0.3,0.5552986100217163,0.5,0.5,2.701794068394763
185468,0.4,0.612588610989393,0.6,0.6,2.8210426650601197
185468,0.5,0.6393678515158064,0.6,0.6,3.9597169697020353
185468,0.6,0.6350146537489328,0.6,0.6,4.759702189734249
167775,0.0,0.5007008281534939,0.3,0.3,2.611988166435441
167775,0.1,0.5007008281534939,0.3,0.3,2.611988166435441
167775,0.2,0.46258998893775544,0.3,0.3,2.819002962271452
167775,0.3,0.45424974788494193,0.3,0.3,3.482709855741227
167775,0.4,0.33571447975732266,0.3,0.3,3.647804935057053
167775,0.5,0.32956672613478283,0.3,0.3,4.817384586261016
167775,0.6,0.3212264850819693,0.3,0.3,5.30217257553098
49287,0.0,0.6890836328547508,0.75,0.6,3.408696349021549
49287,0.1,0.6890836328547508,0.75,0.6,3.6603909201002542
49287,0.2,0.6890836328547508,0.75,0.6,3.660390920100255
49287,0.3,0.7686589401272185,0.75,0.6,4.436655268090593
49287,0.4,0.7686589401272185,0.75,0.6,4.597489373687104
49287,0.5,0.7686589401272185,0.75,0.6,5.490260217999261
49287,0.6,0.7686589401272185,0.75,0.6,6.223659171735656
187296,0.0,0.8087341427465955,0.7,0.7,5.144851324158875
187296,0.1,0.8029018747600423,0.7,0.7,5.372500340568882
187296,0.2,0.7902084359403552,0.7,0.7,5.372500340568882
187296,0.3,0.7843761679538016,0.7,0.7,5.7956224586400005
187296,0.4,0.7843761679538016,0.7,0.7,5.942038894315003
187296,0.5,0.771182997464934,0.7,0.7,6.111882166577956
187296,0.6,0.771182997464934,0.7,0.7,7.200429872747989
125576,0.0,0.7902084359403552,0.7,0.7,1.665879094158726
125576,0.1,0.8029018747600423,0.7,0.7,1.7172931951582089
125576,0.2,0.7951480727090499,0.7,0.7,1.7882710068747074
125576,0.3,0.8029018747600423,0.7,0.7,2.4991759058037384
125576,0.4,0.8007093873297685,0.7,0.7,3.1691241778990187
125576,0.5,0.8370524157575853,0.8,0.8,4.8826329843919485
125576,0.6,0.8228799067182183,0.8,0.8,7.12781782483582
139870,0.0,0.27997632822948654,0.2222222222222222,0.2,2.2075104667721
139870,0.1,0.26917187536075465,0.2222222222222222,0.2,2.618648325378277
139870,0.2,0.26556461089171396,0.2222222222222222,0.2,3.1470013653256923
139870,0.3,0.19105711311344398,0.2222222222222222,0.2,3.962133084638385
139870,0.4,0.19928212617043015,0.2222222222222222,0.2,5.9179250190000605
139870,0.5,0.16504193431681816,0.2222222222222222,0.2,6.368842025108666
139870,0.6,0.2737896239487001,0.2222222222222222,0.2,7.683211840395553
1424,0.0,0.8114812920850166,0.7,0.7,3.194501647838192
1424,0.1,0.7902084359403552,0.7,0.7,3.194501647838192
1424,0.2,0.7871233172922227,0.7,0.7,3.567530450228422
1424,0.3,0.7847690675024798,0.8,0.8,3.863422304524203
1424,0.4,0.6896124356171551,0.8,0.8,4.63112865456627
1424,0.5,0.5620834714910248,0.7,0.7,6.16891132342826
1424,0.6,0.5515825201016114,0.7,0.7,6.41069657491685
75776,0.0,0.5693934547914677,0.5555555555555556,0.5,4.122357420481819
75776,0.1,0.5429441587710647,0.5555555555555556,0.5,4.271935208444172
75776,0.2,0.5429441587710647,0.5555555555555556,0.5,4.439105190714176
75776,0.3,0.5471735010820962,0.5555555555555556,0.5,4.4391051907141765
75776,0.4,0.5442594030654835,0.5555555555555556,0.5,4.756309117654126
75776,0.5,0.4798805322419075,0.4444444444444444,0.4,5.240876373109545
75776,0.6,0.4769664342252948,0.4444444444444444,0.4,5.844928478184113
183812,0.0,0.8749190466752332,0.8,0.8,3.715256189372923
183812,0.1,0.8749190466752332,0.8,0.8,3.9206883560528625
183812,0.2,0.8749190466752332,0.8,0.8,3.9206883560528625
183812,0.3,0.8749190466752332,0.8,0.8,4.057127526750188
183812,0.4,0.8690867786886797,0.8,0.8,4.057127526750188
183812,0.5,0.7973087830456499,0.7,0.7,4.806409190171144
183812,0.6,0.69480759575694,0.6,0.6,5.1124668711153465
128174,0.0,0.46597424612294513,0.4,0.4,4.449690473334404
128174,0.1,0.5174319791040684,0.5,0.5,4.938451311445205
128174,0.2,0.49526145971561863,0.5,0.5,5.299425700297036
128174,0.3,0.5525514606832953,0.6,0.6,5.866555747628695
128174,0.4,0.5442112196304818,0.6,0.6,6.139043217024847
128174,0.5,0.5777246527812562,0.5,0.5,7.134569070561137
128174,0.6,0.5013542830991916,0.4,0.4,7.444824773113753
198384,0.0,0.8765250951036857,0.8,0.8,3.4501331866744325
198384,0.1,0.8721718973368121,0.8,0.8,3.549084746687207
198384,0.2,0.8687712930526933,0.8,0.8,3.549084746687207
198384,0.3,0.8749190466752332,0.8,0.8,3.549084746687207
198384,0.4,0.9365622454097835,0.9,0.9,3.592542675123215
198384,0.5,0.9048433681146754,0.9,0.9,3.77673291159483
198384,0.6,0.7770152654514875,0.7,0.7,3.992726189341904
80037,0.0,0.5030719316600551,0.5,0.4,2.9529641002095652
80037,0.1,0.5069245530350369,0.5,0.4,3.217877549028029
80037,0.2,0.5069245530350369,0.5,0.4,3.217877549028029
80037,0.3,0.5069245530350369,0.5,0.4,3.217877549028029
80037,0.4,0.5069245530350369,0.5,0.4,3.963520819557163
80037,0.5,0.4884202800198002,0.5,0.4,4.3443689357845665
80037,0.6,0.37337358525344533,0.375,0.3,5.749525978264864
88962,0.0,0.8370524157575853,0.8,0.8,3.397207270515987
88962,0.1,0.8585858272992664,0.8,0.8,3.716216701651798
88962,0.2,0.8585858272992664,0.8,0.8,3.9284392837084097
88962,0.3,0.7951480727090499,0.7,0.7,4.0542635676812235
88962,0.4,0.8585858272992664,0.8,0.8,4.649825746409695
88962,0.5,0.8448062178085776,0.8,0.8,6.279996105365448
88962,0.6,0.7591979438299113,0.7,0.7,7.206220522808032
113996,0.0,0.18351205520241193,0.2,0.2,2.8205941738961524
113996,0.1,0.18786525296928555,0.2,0.2,3.1512650638579567
113996,0.2,0.26393648411429266,0.2,0.2,3.2659809438646414
113996,0.3,0.20203776200865248,0.2,0.2,4.239263761064634
113996,0.4,0.2152309324975201,0.2,0.2,5.429129467186099
113996,0.5,0.20203776200865248,0.2,0.2,6.440885003547727
113996,0.6,0.19369752095583892,0.2,0.2,6.604720525492122
11213,0.0,0.37382531897306115,0.3,0.3,4.416857694546752
11213,0.1,0.37382531897306115,0.3,0.3,4.724890676083023
11213,0.2,0.34006767752419625,0.3,0.3,5.530520410670805
11213,0.3,0.318141366433837,0.3,0.3,6.634486765918025
11213,0.4,0.25375101836086567,0.2,0.2,8.215223487913347
11213,0.5,0.2722767251671062,0.2,0.2,8.215223487913347
11213,0.6,0.37382531897306115,0.3,0.3,8.796394343071565
148445,0.0,0.37817851673993474,0.3,0.3,1.7124725955620537
148445,0.1,0.3103875643828447,0.2,0.2,1.7124725955620537
148445,0.2,0.37042471468894245,0.3,0.3,1.7124725955620537
148445,0.3,0.406197651213867,0.4,0.4,1.7124725955620537
148445,0.4,0.39300448072499927,0.4,0.4,4.7664645646662835
148445,0.5,0.3051924042430599,0.4,0.4,6.500191330311095
148445,0.6,0.2938608055537347,0.4,0.4,8.118841192403114
101396,0.0,0.23643704028587592,0.2857142857142857,0.2,3.219161094535417
101396,0.1,0.23643704028587592,0.2857142857142857,0.2,3.219161094535418
101396,0.2,0.3221742891674439,0.2857142857142857,0.2,4.45245541520423
101396,0.3,0.3221742891674439,0.2857142857142857,0.2,5.600563507503212
101396,0.4,0.3221742891674439,0.2857142857142857,0.2,7.322223382847405
101396,0.5,0.3221742891674439,0.2857142857142857,0.2,7.45056230873093
101396,0.6,0.3221742891674439,0.2857142857142857,0.2,7.917289230138394
64451,0.0,0.8029018747600423,0.7,0.7,4.0686643555820705
64451,0.1,0.8029018747600423,0.7,0.7,4.0686643555820705
64451,0.2,0.809049628382582,0.7,0.7,4.0686643555820705
64451,0.3,0.809049628382582,0.7,0.7,4.0686643555820705
64451,0.4,0.8148818963691354,0.7,0.7,4.2844199763133535
64451,0.5,0.8029018747600423,0.7,0.7,4.837664848065734
64451,0.6,0.6923595849555763,0.7,0.7,5.407820474117527
187281,0.0,0.07362322034364344,0.1,0.1,2.422847556864107
187281,0.1,0.13366037064974118,0.2,0.2,2.4858007332281673
187281,0.2,0.14540121598667338,0.2,0.2,2.4858007332281673
187281,0.3,0.1992906126702314,0.3,0.3,2.4858007332281673
187281,0.4,0.26393648411429266,0.2,0.2,2.4858007332281677
187281,0.5,0.44406428213151494,0.3,0.3,5.547977989395421
187281,0.6,0.4757831594266231,0.3,0.3,8.70710774477322
63375,0.0,0.40554419626816934,0.3,0.3,8.900206287582924
63375,0.1,0.5096781770530762,0.5,0.5,8.900206287582924
63375,0.2,0.5262719518260625,0.5,0.5,9.023453530352311
63375,0.3,0.4689819508583858,0.4,0.4,9.686214214165279
63375,0.4,0.4733351486252594,0.4,0.4,9.686214214165279
63375,0.5,0.4689819508583858,0.4,0.4,10.272212771545618
63375,0.6,0.4733351486252594,0.4,0.4,10.272212771545618
115729,0.0,0.5589434226039256,0.6,0.6,2.7855928772822356
115729,0.1,0.564775690590479,0.6,0.6,3.2923906887144154
115729,0.2,0.5774691294101661,0.6,0.6,3.632960056811066
115729,0.3,0.5691288883573526,0.6,0.6,3.8475144015047533
115729,0.4,0.5725294926414713,0.6,0.6,4.054164886014125
115729,0.5,0.642768455799925,0.6,0.6,4.718114151201376
115729,0.6,0.6393678515158064,0.6,0.6,5.2167192566875915
139975,0.0,0.8746071583782726,1.0,0.3,4.391661622490419
139975,0.1,0.8746071583782726,1.0,0.3,4.391661622490419
139975,0.2,0.8746071583782726,1.0,0.3,4.559818585000361
139975,0.3,0.8746071583782726,1.0,0.3,4.808680690657507
139975,0.4,0.8746071583782726,1.0,0.3,4.808680690657507
139975,0.5,0.8746071583782726,1.0,0.3,5.107076517207154
139975,0.6,0.7343258582304697,1.0,0.3,5.850072308243751
88539,0.0,0.244212503630646,0.3333333333333333,0.2,5.320420374297693
88539,0.1,0.244212503630646,0.3333333333333333,0.2,5.474707386050564
88539,0.2,0.244212503630646,0.3333333333333333,0.2,5.4747073860505635
88539,0.3,0.244212503630646,0.3333333333333333,0.2,5.716198124072772
88539,0.4,0.244212503630646,0.3333333333333333,0.2,5.716198124072773
88539,0.5,0.244212503630646,0.3333333333333333,0.2,6.248877101497601
88539,0.6,0.244212503630646,0.3333333333333333,0.2,6.411855871494076
8828,0.0,0.6211843754132965,0.5,0.5,4.389524141322708
8828,0.1,0.6255375731801701,0.5,0.5,4.511873039074851
8828,0.2,0.6255375731801701,0.5,0.5,4.511873039074851
8828,0.3,0.6255375731801701,0.5,0.5,4.8548065254871435
8828,0.4,0.6255375731801701,0.5,0.5,5.535684087705731
8828,0.5,0.6255375731801701,0.5,0.5,5.872608579686438
8828,0.6,0.6255375731801701,0.5,0.5,6.5947966463072785
1918,0.0,0.9180365386035428,0.9,0.9,3.6727429766666035
1918,0.1,0.9180365386035428,0.9,0.9,4.185413423950922
1918,0.2,0.9263767796563563,0.9,0.9,4.29092717443667
1918,0.3,0.9399628496939022,0.9,0.9,5.053144404838809
1918,0.4,1.0,1.0,1.0,5.826426703400528
1918,0.5,0.9427099990323233,0.9,0.9,6.948775999649284
1918,0.6,0.9427099990323233,0.9,0.9,7.2859266420807085
163574,0.0,0.2476032647383259,0.2,0.2,2.2048403533338514
163574,0.1,0.25035041407674696,0.2,0.2,2.2048403533338514
163574,0.2,0.25375101836086567,0.2,0.2,2.2048403533338514
163574,0.3,0.22023758521009126,0.3,0.3,3.2702018694540356
163574,0.4,0.2229847345485124,0.3,0.3,5.001113162799139
163574,0.5,0.13366037064974118,0.2,0.2,7.7968584323315495
163574,0.6,0.1912658572534042,0.3,0.3,9.501542255902216
51441,0.0,0.5826642895499509,0.4,0.4,1.9781702946068638
51441,0.1,0.6399542905176275,0.5,0.5,1.9781702946068638
51441,0.2,0.6531474610064952,0.5,0.5,2.1929893216741307
51441,0.3,0.6531474610064952,0.5,0.5,2.3291749927959
51441,0.4,0.6343611988032352,0.5,0.5,2.774552777377809
51441,0.5,0.5152394916737947,0.5,0.5,3.8713529911336244
51441,0.6,0.47712865245805614,0.5,0.5,4.597756322391989
96538,0.0,0.7766223659028094,0.7,0.7,2.5163678548075072
96538,0.1,0.7766223659028094,0.7,0.7,2.5163678548075072
96538,0.2,0.7766223659028094,0.7,0.7,2.5163678548075072
96538,0.3,0.8690867786886797,0.8,0.8,2.950055383988049
96538,0.4,0.8826728487262255,0.8,0.8,3.873678903067092
96538,0.5,0.8056490240984634,0.7,0.7,5.5587783100509025
96538,0.6,0.7456118737923656,0.6,0.6,8.528984408199156
178334,0.0,0.3212264850819693,0.3,0.3,3.8183124839404066
178334,0.1,0.32956672613478283,0.3,0.3,3.8183124839404066
178334,0.2,0.34275989662365053,0.3,0.3,3.8183124839404066
178334,0.3,0.32956672613478283,0.3,0.3,4.021069080910709
178334,0.4,0.32956672613478283,0.3,0.3,4.22754877823091
178334,0.5,0.32956672613478283,0.3,0.3,4.442682931662715
178334,0.6,0.32956672613478283,0.3,0.3,4.858832063200973
61502,0.0,0.4733351486252594,0.4,0.4,1.682331762822922
61502,0.1,0.4733351486252594,0.4,0.4,1.7399889053266122
61502,0.2,0.4733351486252594,0.4,0.4,1.7399889053266122
61502,0.3,0.4474485393167046,0.4,0.4,1.797971204816162
61502,0.4,0.37543136740151367,0.4,0.4,1.9819016147253485
61502,0.5,0.18511810363086442,0.3,0.3,2.7450055321661906
61502,0.6,0.12508095332476668,0.2,0.2,3.8502643373945937
70759,0.0,0.6562875098935943,0.5,0.5,2.2978170856227904
70759,0.1,0.6562875098935943,0.5,0.5,2.448923098723535
70759,0.2,0.6562875098935943,0.5,0.5,2.4489230987235353
70759,0.3,0.6313698411667235,0.5,0.5,2.730248955861428
70759,0.4,0.6066963807379432,0.5,0.5,3.066818702853518
70759,0.5,0.4557887803695181,0.4,0.4,3.8458026437589177
70759,0.6,0.3359586880554132,0.4,0.4,5.427574714579327
5911,0.0,0.5826642895499509,0.4,0.4,2.9108835099435546
5911,0.1,0.5743240484971374,0.4,0.4,3.0293003635539755
5911,0.2,0.5607379784595917,0.4,0.4,3.4925320632761396
5911,0.3,0.4757831594266231,0.3,0.3,3.8683329501440795
5911,0.4,0.40554419626816934,0.3,0.3,4.954823499780488
5911,0.5,0.40554419626816934,0.3,0.3,5.305379799613284
5911,0.6,0.34006767752419625,0.3,0.3,6.651864222705148
52730,0.0,0.8792722444421068,0.8,0.8,4.43306986729984
52730,0.1,0.8826728487262255,0.8,0.8,4.43306986729984
52730,0.2,0.9427099990323233,0.9,0.9,4.4330698672998405
52730,0.3,0.9427099990323233,0.9,0.9,4.4330698672998405
52730,0.4,1.0,1.0,1.0,4.881279286791312
52730,0.5,0.9427099990323233,0.9,0.9,4.881279286791312
52730,0.6,1.0,1.0,1.0,7.034543388736033
165639,0.0,0.12445731072568322,0.2222222222222222,0.2,4.824309014593448
165639,0.1,0.12445731072568322,0.2222222222222222,0.2,5.17974801500076
165639,0.2,0.12445731072568322,0.2222222222222222,0.2,5.17974801500076
165639,0.3,0.12445731072568322,0.2222222222222222,0.2,5.267024270650151
165639,0.4,0.12445731072568322,0.2222222222222222,0.2,5.363722131402847
165639,0.5,0.12445731072568322,0.2222222222222222,0.2,5.566325917492999
165639,0.6,0.12445731072568322,0.2222222222222222,0.2,6.352130635325976
78616,0.0,0.2627218170194593,0.2857142857142857,0.2,4.153093113687942
78616,0.1,0.34845906590102727,0.2857142857142857,0.2,4.153093113687943
78616,0.2,0.3788748389864684,0.2857142857142857,0.2,4.153093113687943
78616,0.3,0.3788748389864684,0.2857142857142857,0.2,4.201178160798113
78616,0.4,0.34845906590102727,0.2857142857142857,0.2,4.201178160798113
78616,0.5,0.34845906590102727,0.2857142857142857,0.2,4.2790921437873255
78616,0.6,0.3221742891674439,0.2857142857142857,0.2,4.755430472002809
94655,0.0,0.8226356984201277,0.8,0.8,3.2636899332681972
94655,0.1,0.8164879447975879,0.8,0.8,3.2636899332681972
94655,0.2,0.6886598421344001,0.6,0.6,3.3630263893590024
94655,0.3,0.7329184349726785,0.6,0.6,3.3630263893590024
94655,0.4,0.7236855627020065,0.6,0.6,3.3630263893590024
94655,0.5,0.6461020441401674,0.5,0.5,3.890111006205172
94655,0.6,0.5808697336942849,0.6,0.6,4.434014549029248
26125,0.0,0.6320686750437109,0.4444444444444444,0.4,7.111822559762558
26125,0.1,0.6320686750437109,0.4444444444444444,0.4,7.111822559762558
26125,0.2,0.6320686750437109,0.4444444444444444,0.4,7.507346094124299
26125,0.3,0.6320686750437109,0.4444444444444444,0.4,7.8098730978225195
26125,0.4,0.6320686750437109,0.4444444444444444,0.4,7.9224179737352385
26125,0.5,0.6320686750437109,0.4444444444444444,0.4,8.193460283735714
26125,0.6,0.6320686750437109,0.4444444444444444,0.4,8.254735640412578
48518,0.0,0.06343775459021642,0.1,0.1,3.8668221312136155
48518,0.1,0.06343775459021642,0.1,0.1,3.8668221312136155
48518,0.2,0.06343775459021642,0.1,0.1,4.274290787002068
48518,0.3,0.06343775459021642,0.1,0.1,4.9517249749552
48518,0.4,0.06343775459021642,0.1,0.1,5.763873022501384
48518,0.5,0.06343775459021642,0.1,0.1,6.125316992681183
48518,0.6,0.06343775459021642,0.1,0.1,7.093905265032774
63143,0.0,0.5722852843433808,0.6,0.6,2.8524469359258537
63143,0.1,0.5722852843433808,0.6,0.6,3.0941892286077524
63143,0.2,0.6103961235591193,0.6,0.6,3.4125986369662273
63143,0.3,0.6187363646119328,0.6,0.6,3.991530424072142
63143,0.4,0.6187363646119328,0.6,0.6,4.462095069005476
63143,0.5,0.6245686325984862,0.6,0.6,4.991980882398897
63143,0.6,0.69480759575694,0.6,0.6,5.758560164430894
78164,0.0,0.6682725635286172,0.7,0.7,4.886541202482628
78164,0.1,0.646739151986936,0.7,0.7,4.886541202482629
78164,0.2,0.646739151986936,0.7,0.7,6.453319456011964
78164,0.3,0.6218214832600651,0.7,0.7,6.453319456011964
78164,0.4,0.6218214832600651,0.7,0.7,6.929515997827922
78164,0.5,0.6218214832600651,0.7,0.7,7.261804930542245
78164,0.6,0.646739151986936,0.7,0.7,7.349448720525759
4257,0.0,0.8749190466752332,0.8,0.8,3.8210177169752604
4257,0.1,0.8749190466752332,0.8,0.8,3.8210177169752604
4257,0.2,0.8749190466752332,0.8,0.8,4.019774379221763
4257,0.3,0.8749190466752332,0.8,0.8,4.052179193897937
4257,0.4,0.8690867786886797,0.8,0.8,4.498967661602181
4257,0.5,0.8690867786886797,0.8,0.8,6.3196651037062415
4257,0.6,0.8690867786886797,0.8,0.8,6.587506316032092
125995,0.0,0.4301897685231449,0.3333333333333333,0.3,2.976408917872526
125995,0.1,0.4505344787432818,0.4444444444444444,0.4,2.9764089178725257
125995,0.2,0.43060654520853214,0.4444444444444444,0.4,2.9764089178725257
125995,0.3,0.41918001449780934,0.4444444444444444,0.4,3.0456318117702064
125995,0.4,0.41918001449780934,0.4444444444444444,0.4,3.045631811770207
125995,0.5,0.3635899661353842,0.3333333333333333,0.3,3.5861210394355623
125995,0.6,0.3292503152628619,0.2222222222222222,0.2,4.703755544721825
99298,0.0,0.6750737720968545,0.6,0.6,2.4048506765481656
99298,0.1,0.6750737720968545,0.6,0.6,2.5082261175779768
99298,0.2,0.6094435300763643,0.5,0.5,2.571941750006555
99298,0.3,0.5260113964290429,0.5,0.5,2.571941750006555
99298,0.4,0.4696190587051544,0.6,0.6,2.6302030180994156
99298,0.5,0.3325580837712945,0.4,0.4,4.221277915346958
99298,0.6,0.26214192825862653,0.4,0.4,7.444904068538657
161150,0.0,0.7240784622506844,0.6,0.6,3.9329922394057277
161150,0.1,0.7138929964972575,0.6,0.6,4.183339582506391
161150,0.2,0.7055527554444438,0.6,0.6,4.183339582506391
161150,0.3,0.7021521511603253,0.6,0.6,4.183339582506391
161150,0.4,0.5364574175794894,0.5,0.5,4.183339582506391
161150,0.5,0.4035054321144127,0.4,0.4,5.115416203310645
161150,0.6,0.2895076077868612,0.4,0.4,6.127991667306438
160757,0.0,0.8663396293502587,0.8,0.8,2.4884946019650065
160757,0.1,0.8663396293502587,0.8,0.8,2.4884946019650065
160757,0.2,0.8690867786886797,0.8,0.8,2.6349331966660126
160757,0.3,0.8663396293502587,0.8,0.8,2.8335214401592896
160757,0.4,0.8148818963691354,0.7,0.7,3.228409943529749
160757,0.5,0.7871233172922227,0.7,0.7,3.22840994352975
160757,0.6,0.6855747234862679,0.6,0.6,3.5323601651559358
149684,0.0,0.34845906590102727,0.2857142857142857,0.2,4.785978933233497
149684,0.1,0.3323548113551676,0.2857142857142857,0.2,5.054744100656729
149684,0.2,0.3323548113551676,0.2857142857142857,0.2,5.054744100656729
149684,0.3,0.3323548113551676,0.2857142857142857,0.2,5.378861542823044
149684,0.4,0.3323548113551676,0.2857142857142857,0.2,5.971399737328135
149684,0.5,0.3323548113551676,0.2857142857142857,0.2,6.147552307694829
149684,0.6,0.3323548113551676,0.2857142857142857,0.2,6.865805078391259
38441,0.0,0.28066763506486714,0.4,0.4,3.0553538868442702
38441,0.1,0.3000085591762745,0.4,0.4,3.1836225210916576
38441,0.2,0.2938608055537347,0.4,0.4,3.183622521091658
38441,0.3,0.3578849991457724,0.5,0.5,3.3522550761817924
38441,0.4,0.3107804639315228,0.4,0.4,3.3522550761817933
38441,0.5,0.3461441538088402,0.4,0.4,3.546489216205174
38441,0.6,0.5096781770530762,0.5,0.5,6.00113276994747
180541,0.0,0.48256802089593154,0.5,0.5,3.158058869679892
180541,0.1,0.4179221494518702,0.5,0.5,3.3287533045468978
180541,0.2,0.34345193470938595,0.4,0.4,3.3287533045468978
180541,0.3,0.33326646895595896,0.4,0.4,3.328753304546898
180541,0.4,0.3193649132824269,0.4,0.4,3.6450434645130727
180541,0.5,0.3103875643828447,0.2,0.2,3.6450434645130727
180541,0.6,0.3103875643828447,0.2,0.2,4.951532127101023
191769,0.0,0.6153357603278141,0.6,0.6,3.697724644255959
191769,0.1,0.602642321508127,0.6,0.6,3.697724644255959
191769,0.2,0.5894491510192593,0.6,0.6,3.7070619292040448
191769,0.3,0.5503589732530216,0.6,0.6,4.289744677363531
191769,0.4,0.46692683960570014,0.6,0.6,8.47392519553323
191769,0.5,0.5371658027641539,0.6,0.6,9.835760729838617
191769,0.6,0.5503589732530216,0.6,0.6,10.433478359861141
