user_id,lam,ndcg,recall,precision,novelty
144826,0.0,0.3699256037929309,0.6,0.3,2.900219606852966
144826,0.1,0.40668703729089384,0.6,0.3,2.9930190925248987
144826,0.2,0.5297757927554716,0.6,0.3,3.0652886341093253
144826,0.3,0.5788417167007833,0.6,0.3,3.1927374810669695
144826,0.4,0.6824663776358926,0.6,0.3,3.397059875834155
144826,0.5,0.6701618871885437,0.6,0.3,3.5998124668221436
144826,0.6,0.5579327884113513,0.6,0.3,5.63782249335482
42833,0.0,0.6923595849555763,0.7,0.7,2.1057853736760737
42833,0.1,0.7875162168409008,0.7,0.7,2.191247461981446
42833,0.2,0.9180365386035428,0.9,0.9,2.191247461981446
42833,0.3,0.8607465376358662,0.8,0.8,2.191247461981446
42833,0.4,0.8087341427465955,0.7,0.7,2.191247461981446
42833,0.5,0.8087341427465955,0.7,0.7,4.264253769332302
42833,0.6,0.7492566863745749,0.7,0.7,5.524514212865109
35708,0.0,0.25035041407674696,0.2,0.2,4.930811492042531
35708,0.1,0.25035041407674696,0.2,0.2,4.930811492042531
35708,0.2,0.25035041407674696,0.2,0.2,5.1807766898645475
35708,0.3,0.25035041407674696,0.2,0.2,5.350892057485571
35708,0.4,0.25035041407674696,0.2,0.2,5.7735226571562155
35708,0.5,0.25035041407674696,0.2,0.2,6.046695108520846
35708,0.6,0.25035041407674696,0.2,0.2,6.489403934412266
74586,0.0,0.20979156405964475,0.3,0.3,2.3459493417089137
74586,0.1,0.20979156405964475,0.3,0.3,2.3459493417089132
74586,0.2,0.20979156405964475,0.3,0.3,2.3459493417089132
74586,0.3,0.21319216834376345,0.3,0.3,2.4485482606354507
74586,0.4,0.20979156405964475,0.3,0.3,2.550681000531944
74586,0.5,0.2229847345485124,0.3,0.3,4.810827373752244
74586,0.6,0.2288170025350658,0.3,0.3,6.662797407501796
186158,0.0,0.5494063797702665,0.4,0.4,1.7408494024295238
186158,0.1,0.5494063797702665,0.4,0.4,1.7408494024295238
186158,0.2,0.6319295351008004,0.5,0.5,1.9525206249672649
186158,0.3,0.6255375731801701,0.5,0.5,3.2688982665521045
186158,0.4,0.6750737720968545,0.6,0.6,4.528726912188448
186158,0.5,0.6109825625609405,0.6,0.6,4.950912253866872
186158,0.6,0.5752766419798925,0.6,0.6,5.346068338291803
57140,0.0,0.39599583836151087,0.5,0.5,1.9729866177546174
57140,0.1,0.4166822555043513,0.5,0.5,1.9729866177546178
57140,0.2,0.5515825201016114,0.7,0.7,2.075679842543684
57140,0.3,0.5620834714910248,0.7,0.7,2.075679842543684
57140,0.4,0.5620834714910248,0.7,0.7,3.794354715611033
57140,0.5,0.5611308780082698,0.5,0.5,4.744827979396304
57140,0.6,0.6778209214352755,0.5,0.5,5.456566825395127
19995,0.0,0.6066963807379432,0.5,0.5,2.2262898171440226
19995,0.1,0.6535403605551733,0.6,0.6,2.2262898171440226
19995,0.2,0.6640413119445867,0.6,0.6,2.2262898171440226
19995,0.3,0.6772344824334544,0.6,0.6,2.226289817144023
19995,0.4,0.680635086717573,0.6,0.6,3.8125639410581007
19995,0.5,0.7486969924404979,0.7,0.7,6.56115997758531
19995,0.6,0.7104923922131388,0.6,0.6,8.26012645149169
109588,0.0,0.05729000096767664,0.1,0.1,7.182988439311049
109588,0.1,0.05729000096767664,0.1,0.1,7.409417204504095
109588,0.2,0.05729000096767664,0.1,0.1,7.70562247166738
109588,0.3,0.05729000096767664,0.1,0.1,8.645687607367057
109588,0.4,0.05729000096767664,0.1,0.1,8.645687607367055
109588,0.5,0.05729000096767664,0.1,0.1,9.091210278261892
109588,0.6,0.05729000096767664,0.1,0.1,9.197716623891269
107932,0.0,0.48814476551139496,0.6,0.6,4.15643132591385
107932,0.1,0.49864571690080833,0.6,0.6,4.15643132591385
107932,0.2,0.48846025114738134,0.6,0.6,4.15643132591385
107932,0.3,0.42008285978847,0.5,0.5,4.15643132591385
107932,0.4,0.46417969026727907,0.6,0.6,4.430399175612514
107932,0.5,0.43586141725628946,0.6,0.6,4.861823724207731
107932,0.6,0.43586141725628946,0.6,0.6,5.981598167801478
196610,0.0,0.9180365386035428,0.9,0.9,4.309040022619657
196610,0.1,0.9263767796563563,0.9,0.9,4.453025377646297
196610,0.2,0.9322090476429099,0.9,0.9,4.453025377646297
196610,0.3,0.8826728487262255,0.8,0.8,4.577983165619622
196610,0.4,0.8826728487262255,0.8,0.8,4.72607371966418
196610,0.5,0.8792722444421068,0.8,0.8,4.917461214407899
196610,0.6,0.8749190466752332,0.8,0.8,5.776947097718187
129704,0.0,0.35229190743138,0.4,0.4,2.450211180422056
129704,0.1,0.3488913031472613,0.4,0.4,2.450211180422056
129704,0.2,0.3329509833199725,0.4,0.4,2.450211180422056
129704,0.3,0.2229847345485124,0.3,0.3,2.5916725179386235
129704,0.4,0.13091322131132005,0.2,0.2,2.5916725179386235
129704,0.5,0.12072775555789306,0.2,0.2,3.4316012726674585
129704,0.6,0.12347490489631419,0.2,0.2,5.364746713890787
44934,0.0,0.23230604393401819,0.14285714285714285,0.1,3.833766143920107
44934,0.1,0.23230604393401819,0.14285714285714285,0.1,3.833766143920107
44934,0.2,0.23230604393401819,0.14285714285714285,0.1,3.833766143920107
44934,0.3,0.23230604393401819,0.14285714285714285,0.1,4.52334530825661
44934,0.4,0.23230604393401819,0.14285714285714285,0.1,8.512188953251236
44934,0.5,0.23230604393401819,0.14285714285714285,0.1,9.46305786967362
44934,0.6,0.23230604393401819,0.14285714285714285,0.1,9.960217915836662
173640,0.0,0.8096867362293506,0.9,0.9,2.9011824344166564
173640,0.1,0.8096867362293506,0.9,0.9,2.901182434416657
173640,0.2,0.8096867362293506,0.9,0.9,2.901182434416657
173640,0.3,0.8096867362293506,0.9,0.9,3.026292869146098
173640,0.4,0.8096867362293506,0.9,0.9,3.026292869146098
173640,0.5,0.9180365386035428,0.9,0.9,3.788132263189003
173640,0.6,0.9322090476429099,0.9,0.9,4.896811393542667
35198,0.0,0.5826642895499509,0.4,0.4,2.0774387098953113
35198,0.1,0.55774662082308,0.4,0.4,2.0774387098953113
35198,0.2,0.4875076576646263,0.4,0.4,2.0774387098953113
35198,0.3,0.4875076576646263,0.4,0.4,2.396528036904926
35198,0.4,0.484174069324384,0.5,0.5,2.500339334382197
35198,0.5,0.4490545877451571,0.5,0.5,5.433024070638506
35198,0.6,0.47098089883551636,0.5,0.5,7.252814934668829
63211,0.0,0.16369747519436978,0.3333333333333333,0.1,2.8662029108967984
63211,0.1,0.16369747519436978,0.3333333333333333,0.1,2.8662029108967984
63211,0.2,0.16369747519436978,0.3333333333333333,0.1,2.8662029108967984
63211,0.3,0.16369747519436978,0.3333333333333333,0.1,2.9957897844704924
63211,0.4,0.14704034066641014,0.3333333333333333,0.1,3.003944603172083
63211,0.5,0.14704034066641014,0.3333333333333333,0.1,3.7618447310500898
63211,0.6,0.11990623328406573,0.3333333333333333,0.1,4.379000210676848
57380,0.0,0.2763144372979935,0.4,0.4,3.8697692653250257
57380,0.1,0.2836753398003077,0.4,0.4,3.869769265325025
57380,0.2,0.2836753398003077,0.4,0.4,3.8697692653250257
57380,0.3,0.2836753398003077,0.4,0.4,4.451712549459548
57380,0.4,0.2836753398003077,0.4,0.4,6.082118367165542
57380,0.5,0.2836753398003077,0.4,0.4,6.459571668645134
57380,0.6,0.2836753398003077,0.4,0.4,6.661684815092448
159078,0.0,0.37989503115982964,0.3333333333333333,0.2,2.7248367877397963
159078,0.1,0.37989503115982964,0.3333333333333333,0.2,2.8722396943343345
159078,0.2,0.3623379437392863,0.3333333333333333,0.2,2.8722396943343345
159078,0.3,0.3376844721420708,0.3333333333333333,0.2,2.8722396943343345
159078,0.4,0.33315904690411724,0.3333333333333333,0.2,4.400310409184948
159078,0.5,0.3376844721420708,0.3333333333333333,0.2,5.471519781061174
159078,0.6,0.23968707839269246,0.3333333333333333,0.2,6.399899814919214
110784,0.0,0.4552023413676969,0.5,0.5,2.208642376204138
110784,0.1,0.46079543308208937,0.5,0.5,2.2086423762041383
110784,0.2,0.3933036192620567,0.5,0.5,2.5148868395208135
110784,0.3,0.39638873791018897,0.5,0.5,3.0427895263166347
110784,0.4,0.3488913031472613,0.4,0.4,4.468540506800828
110784,0.5,0.4166986026032803,0.4,0.4,5.254449478132666
110784,0.6,0.37817851673993474,0.3,0.3,5.952601620558984
43483,0.0,0.5049721390465225,0.5714285714285714,0.4,2.788194694585505
43483,0.1,0.4996584045665993,0.5714285714285714,0.4,3.0166944313853348
43483,0.2,0.4258944138790334,0.42857142857142855,0.3,3.0166944313853348
43483,0.3,0.4056392088813927,0.42857142857142855,0.3,3.139794826441568
43483,0.4,0.3849862137901215,0.42857142857142855,0.3,3.6817960311244926
43483,0.5,0.22400414303045632,0.2857142857142857,0.2,3.8722317907212274
43483,0.6,0.16730359321143173,0.2857142857142857,0.2,4.739572373439058
181576,0.0,0.6180279794272684,0.5,0.5,2.8880785722034297
181576,0.1,0.6214285837113871,0.5,0.5,3.006050842968112
181576,0.2,0.55774662082308,0.4,0.4,3.006050842968112
181576,0.3,0.6343611988032352,0.5,0.5,3.0584117741125842
181576,0.4,0.6319295351008004,0.5,0.5,3.215990081507261
181576,0.5,0.6343611988032352,0.5,0.5,3.9795168613883973
181576,0.6,0.6427014398560487,0.5,0.5,5.134754273549853
117729,0.0,0.4268840683567074,0.4,0.4,2.9954251321485073
117729,0.1,0.484174069324384,0.5,0.5,3.2915986366020675
117729,0.2,0.4474485393167046,0.4,0.4,3.4346315902537463
117729,0.3,0.4105508489807405,0.4,0.4,3.7992957557647307
117729,0.4,0.43386246927915895,0.4,0.4,4.227137538921399
117729,0.5,0.4105508489807405,0.4,0.4,4.670968089471422
117729,0.6,0.3532608480130639,0.3,0.3,5.105415712142306
134301,0.0,0.12347490489631419,0.2,0.2,2.8650367362978604
134301,0.1,0.12072775555789306,0.2,0.2,2.9644808703119834
134301,0.2,0.1173271512737744,0.2,0.2,3.0936421693643092
134301,0.3,0.1173271512737744,0.2,0.2,3.267072033384479
134301,0.4,0.06343775459021642,0.1,0.1,4.069645016058855
134301,0.5,0.1200743006121955,0.1,0.1,5.41817778557199
134301,0.6,0.19031326377064925,0.1,0.1,5.775585439560207
9506,0.0,0.2554359839370199,0.3333333333333333,0.3,1.8095015903851368
9506,0.1,0.25182871946797925,0.3333333333333333,0.3,1.8095015903851368
9506,0.2,0.29241334305911415,0.3333333333333333,0.3,1.8095015903851368
9506,0.3,0.17285017068841713,0.2222222222222222,0.2,1.8095015903851368
9506,0.4,0.06729296884018866,0.1111111111111111,0.1,1.8095015903851368
9506,0.5,0.1280645751947239,0.2222222222222222,0.2,3.309300884683027
9506,0.6,0.12445731072568322,0.2222222222222222,0.2,4.022834526882752
141009,0.0,0.11377041810078811,0.25,0.1,6.552567257848844
141009,0.1,0.11377041810078811,0.25,0.1,6.5525672578488425
141009,0.2,0.11377041810078811,0.25,0.1,6.5525672578488425
141009,0.3,0.11377041810078811,0.25,0.1,6.971562265011324
141009,0.4,0.11377041810078811,0.25,0.1,7.596450997847302
141009,0.5,0.11377041810078811,0.25,0.1,7.810589420815629
141009,0.6,0.11377041810078811,0.25,0.1,7.95368940021911
177351,0.0,0.8114812920850166,0.7,0.7,8.740206991457324
177351,0.1,0.8114812920850166,0.7,0.7,8.740206991457324
177351,0.2,0.8087341427465955,0.7,0.7,8.95404248370147
177351,0.3,0.7514441417789189,0.6,0.6,8.954042483701468
177351,0.4,0.7514441417789189,0.6,0.6,9.163996051056559
177351,0.5,0.8114812920850166,0.7,0.7,10.085273833851058
177351,0.6,0.8114812920850166,0.7,0.7,10.488982944910303
196666,0.0,0.5311292217834279,0.3333333333333333,0.3,4.188761766100684
196666,0.1,0.5311292217834279,0.3333333333333333,0.3,4.332123738116378
196666,0.2,0.5311292217834279,0.3333333333333333,0.3,4.550755396392458
196666,0.3,0.5311292217834279,0.3333333333333333,0.3,4.816054116545144
196666,0.4,0.5311292217834279,0.3333333333333333,0.3,4.933787915454859
196666,0.5,0.5046972663014149,0.3333333333333333,0.3,5.630773867984904
196666,0.6,0.4907023256490295,0.3333333333333333,0.3,6.187221072776826
41413,0.0,0.3489076502461903,0.3,0.3,1.9588925432115467
41413,0.1,0.3489076502461903,0.3,0.3,2.1235640844810972
41413,0.2,0.4089448005522881,0.4,0.4,2.1235640844810977
41413,0.3,0.49251431037719756,0.5,0.5,2.29658851170856
41413,0.4,0.555952064967414,0.6,0.6,2.8298664090766685
41413,0.5,0.6919666854068982,0.6,0.6,4.851240059699004
41413,0.6,0.6171973321273566,0.5,0.5,6.198348546149305
148478,0.0,0.12092199990360374,0.2,0.1,4.635631369000146
148478,0.1,0.12092199990360374,0.2,0.1,4.635631369000146
148478,0.2,0.12092199990360374,0.2,0.1,4.768051979983506
148478,0.3,0.12092199990360374,0.2,0.1,4.950972495927674
148478,0.4,0.12092199990360374,0.2,0.1,4.950972495927674
148478,0.5,0.12092199990360374,0.2,0.1,5.367792195817485
148478,0.6,0.12092199990360374,0.2,0.1,5.637761312784899
132792,0.0,0.25923194858125387,0.375,0.3,4.8504310607707986
132792,0.1,0.25923194858125387,0.375,0.3,5.008595813559872
132792,0.2,0.25923194858125387,0.375,0.3,5.008595813559872
132792,0.3,0.25923194858125387,0.375,0.3,5.251949254045303
132792,0.4,0.25923194858125387,0.375,0.3,5.251949254045303
132792,0.5,0.24428510784869198,0.375,0.3,5.6151838664367375
132792,0.6,0.24428510784869198,0.375,0.3,5.7357355456311145
167029,0.0,0.38157912102405345,0.4,0.4,2.7372488693609394
167029,0.1,0.37543136740151367,0.4,0.4,2.73724886936094
167029,0.2,0.3076404150444236,0.3,0.3,2.99109582138006
167029,0.3,0.31104101932854233,0.3,0.3,3.1406055520092897
167029,0.4,0.32956672613478283,0.3,0.3,3.3077153276071676
167029,0.5,0.37042471468894245,0.3,0.3,4.386882122917016
167029,0.6,0.3212264850819693,0.3,0.3,5.04609128935028
75944,0.0,0.25810421612773926,0.2,0.2,1.8674746420331334
75944,0.1,0.2476032647383259,0.2,0.2,1.8674746420331334
75944,0.2,0.19031326377064925,0.1,0.1,1.8674746420331334
75944,0.3,0.19031326377064925,0.1,0.1,2.3461247527184925
75944,0.4,0.2476032647383259,0.2,0.2,3.245734327492001
75944,0.5,0.25035041407674696,0.2,0.2,4.125617662586139
75944,0.6,0.13366037064974118,0.2,0.2,5.18142640508959
23961,0.0,1.0,1.0,1.0,4.149094023148169
23961,0.1,1.0,1.0,1.0,4.149094023148169
23961,0.2,1.0,1.0,1.0,4.24942596909816
23961,0.3,0.9427099990323233,0.9,0.9,4.24942596909816
23961,0.4,0.8687712930526933,0.8,0.8,4.40081988514782
23961,0.5,0.8012958263315898,0.7,0.7,4.7449412423913815
23961,0.6,0.7138929964972575,0.6,0.6,5.753871572205419
159814,0.0,0.46558134657426714,0.4,0.4,1.849140828660802
159814,0.1,0.462834197235846,0.4,0.4,2.002262979692671
159814,0.2,0.462834197235846,0.4,0.4,2.116832740775481
159814,0.3,0.462834197235846,0.4,0.4,2.116832740775481
159814,0.4,0.4311153199407378,0.4,0.4,3.8047714644712323
159814,0.5,0.38466423967218577,0.4,0.4,5.660325555325599
159814,0.6,0.2322176068191845,0.3,0.3,6.3698277397662295
138465,0.0,0.4635425824205105,0.5,0.5,3.2989199288457707
138465,0.1,0.46662770106864276,0.5,0.5,3.2989199288457707
138465,0.2,0.4061813041149379,0.5,0.5,3.4943775145567697
138465,0.3,0.3403118858222867,0.4,0.4,3.4943775145567693
138465,0.4,0.26547551659886887,0.3,0.3,4.309382855010881
138465,0.5,0.3076404150444236,0.3,0.3,5.0404935749486075
138465,0.6,0.3076404150444236,0.3,0.3,5.531373608281257
72443,0.0,0.5290191011644836,0.5,0.5,2.9024114739265974
72443,0.1,0.5262719518260625,0.5,0.5,2.9024114739265974
72443,0.2,0.5228713475419438,0.5,0.5,3.049527914034609
72443,0.3,0.462834197235846,0.4,0.4,3.049527914034609
72443,0.4,0.46558134657426714,0.4,0.4,3.049527914034609
72443,0.5,0.6609012630574876,0.6,0.6,3.696691589432304
72443,0.6,0.6455156051383462,0.6,0.6,4.719505871943505
111433,0.0,0.13366037064974118,0.2,0.2,1.7499509874803656
111433,0.1,0.13091322131132005,0.2,0.2,1.7499509874803656
111433,0.2,0.13366037064974118,0.2,0.2,1.8283787146394412
111433,0.3,0.13366037064974118,0.2,0.2,1.8283787146394412
111433,0.4,0.1392534623641336,0.2,0.2,1.8283787146394412
111433,0.5,0.25035041407674696,0.2,0.2,3.1324537693617884
111433,0.6,0.3076404150444236,0.3,0.3,4.9898759818637455
35256,0.0,0.48256802089593154,0.5,0.5,3.297974049750368
35256,0.1,0.4903218229469238,0.5,0.5,3.297974049750368
35256,0.2,0.48692121866280513,0.5,0.5,3.2979740497503682
35256,0.3,0.48256802089593154,0.5,0.5,4.266830397645213
35256,0.4,0.48256802089593154,0.5,0.5,6.655374490567185
35256,0.5,0.5074856896228024,0.5,0.5,10.333965405685094
35256,0.6,0.5777246527812562,0.5,0.5,11.169046911317546
125671,0.0,0.7797624147899086,0.7,0.7,2.9574324862226353
125671,0.1,0.7797624147899086,0.7,0.7,3.020918684700893
125671,0.2,0.7490124780764843,0.7,0.7,3.169439543122574
125671,0.3,0.7490124780764843,0.7,0.7,4.217373770361979
125671,0.4,0.7301712856342574,0.7,0.7,4.217373770361979
125671,0.5,0.6609012630574876,0.6,0.6,7.992829783164288
125671,0.6,0.5115397488526185,0.4,0.4,11.030545314555933
108963,0.0,0.8687712930526933,0.8,0.8,3.126425023901448
108963,0.1,0.8749190466752332,0.8,0.8,3.4340678186012648
108963,0.2,0.9322090476429099,0.9,0.9,3.695109747374702
108963,0.3,0.8749190466752332,0.8,0.8,3.695109747374702
108963,0.4,0.8585858272992664,0.8,0.8,4.0389589543634425
108963,0.5,0.7813684632183611,0.7,0.7,4.863345727799826
108963,0.6,0.7634291954139418,0.7,0.7,5.000138673859263
121620,0.0,0.4089448005522881,0.4,0.4,4.305567226638883
121620,0.1,0.4089448005522881,0.4,0.4,4.305567226638883
121620,0.2,0.406197651213867,0.4,0.4,4.468358730243612
121620,0.3,0.406197651213867,0.4,0.4,4.468358730243612
121620,0.4,0.3973576784918729,0.4,0.4,4.472764141475786
121620,0.5,0.3317274364713827,0.3,0.3,4.640921103985727
121620,0.6,0.33571447975732266,0.3,0.3,5.655652087268791
167325,0.0,0.48286571886895735,0.5555555555555556,0.5,2.3580346754018002
167325,0.1,0.5586711204032561,0.6666666666666666,0.6,2.3580346754018002
167325,0.2,0.5926522630282174,0.6666666666666666,0.6,2.4628535407355274
167325,0.3,0.6474908765003884,0.6666666666666666,0.6,2.462853540735528
167325,0.4,0.7197063541040364,0.6666666666666666,0.6,2.9874025412534957
167325,0.5,0.703979392471845,0.5555555555555556,0.5,4.534305106689352
167325,0.6,0.6817594387624735,0.5555555555555556,0.5,5.4557588853938705
183514,0.0,0.5007008281534939,0.3,0.3,3.188200480272733
183514,0.1,0.5007008281534939,0.3,0.3,3.381263395508431
183514,0.2,0.5007008281534939,0.3,0.3,3.453701474985187
183514,0.3,0.40554419626816934,0.3,0.3,3.680049355167457
183514,0.4,0.36743335705243085,0.3,0.3,3.6800493551674576
183514,0.5,0.2756609823522959,0.3,0.3,3.919402176630102
183514,0.6,0.2365708045860581,0.3,0.3,4.335285721522164
62287,0.0,0.2532633541065531,0.16666666666666666,0.1,1.7942452149472377
62287,0.1,0.2532633541065531,0.16666666666666666,0.1,1.7942452149472377
62287,0.2,0.2532633541065531,0.16666666666666666,0.1,1.7942452149472377
62287,0.3,0.2532633541065531,0.16666666666666666,0.1,1.7942452149472374
62287,0.4,0.33315904690411724,0.3333333333333333,0.2,1.9976912599274552
62287,0.5,0.21684590401711476,0.3333333333333333,0.2,3.0035902222031754
62287,0.6,0.12663167705327655,0.16666666666666666,0.1,5.015908002668355
89441,0.0,0.36743335705243085,0.3,0.3,2.2332290580456475
89441,0.1,0.36743335705243085,0.3,0.3,2.2332290580456475
89441,0.2,0.43087111164264724,0.4,0.4,2.2332290580456475
89441,0.3,0.44105657739607423,0.4,0.4,2.272620098370798
89441,0.4,0.39235102577930164,0.3,0.3,3.913523053280213
89441,0.5,0.44066367784739624,0.3,0.3,8.22834536810645
89441,0.6,0.3806265275412985,0.2,0.2,10.699488350184978
125146,0.0,0.39300448072499927,0.4,0.4,1.833504781132414
125146,0.1,0.39300448072499927,0.4,0.4,1.9319378444773814
125146,0.2,0.39176458677748044,0.4,0.4,2.0944172430912547
125146,0.3,0.4166986026032803,0.4,0.4,2.5823074002131126
125146,0.4,0.42253087058983374,0.4,0.4,3.5416088055490165
125146,0.5,0.41638311696729396,0.4,0.4,4.46580821326021
125146,0.6,0.2752680828036178,0.3,0.3,4.542433436998616
145730,0.0,0.4093989132926582,0.5,0.3,1.9911369293262429
145730,0.1,0.33315904690411724,0.3333333333333333,0.2,1.9911369293262429
145730,0.2,0.5118999780363677,0.6666666666666666,0.4,1.9911369293262429
145730,0.3,0.5447347012805598,0.6666666666666666,0.4,2.048121747504429
145730,0.4,0.5954514972429549,0.6666666666666666,0.4,3.2298984758293003
145730,0.5,0.6811620532124621,0.6666666666666666,0.4,5.219299315368874
145730,0.6,0.6889234657543798,0.6666666666666666,0.4,6.247669301896109
193707,0.0,0.37382531897306115,0.3,0.3,2.4018627381319773
193707,0.1,0.37042471468894245,0.3,0.3,2.4018627381319773
193707,0.2,0.37382531897306115,0.3,0.3,2.4018627381319773
193707,0.3,0.37042471468894245,0.3,0.3,2.5156918832473716
193707,0.4,0.3455070459620716,0.3,0.3,2.5156918832473716
193707,0.5,0.3317274364713827,0.3,0.3,2.941343319476039
193707,0.6,0.3239736344203904,0.3,0.3,3.6564902669443287
82924,0.0,0.46417969026727907,0.6,0.6,6.236079051448323
82924,0.1,0.44225337917691976,0.6,0.6,6.236079051448323
82924,0.2,0.45059362022973337,0.6,0.6,6.236079051448323
82924,0.3,0.45642588821628677,0.6,0.6,6.380079923648582
82924,0.4,0.5266648513747405,0.6,0.6,6.380079923648582
82924,0.5,0.5310180491416141,0.6,0.6,6.799947464791866
82924,0.6,0.5152394916737947,0.5,0.5,7.651928072110498
30185,0.0,0.47712865245805614,0.5,0.5,3.271929427297181
30185,0.1,0.5310180491416141,0.6,0.6,3.271929427297181
30185,0.2,0.5310180491416141,0.6,0.6,3.2719294272971817
30185,0.3,0.4136908978678397,0.4,0.4,3.6021872099755683
30185,0.4,0.462834197235846,0.4,0.4,3.6021872099755683
30185,0.5,0.5013379360002626,0.5,0.5,4.597477123322431
30185,0.6,0.44470138997828357,0.5,0.5,6.178280759011477
116248,0.0,0.44066367784739624,0.3,0.3,2.0893572973027106
116248,0.1,0.44841747989838854,0.3,0.3,2.089357297302711
116248,0.2,0.44841747989838854,0.3,0.3,2.089357297302711
116248,0.3,0.38401078472648814,0.3,0.3,2.089357297302711
116248,0.4,0.38401078472648814,0.3,0.3,3.7651271723435045
116248,0.5,0.36743335705243085,0.3,0.3,5.625809848486849
116248,0.6,0.45424974788494193,0.3,0.3,7.476581456868854
196541,0.0,0.8765250951036857,0.8,0.8,2.272746345228534
196541,0.1,0.8765250951036857,0.8,0.8,2.272746345228534
196541,0.2,0.9365622454097835,0.9,0.9,2.272746345228534
196541,0.3,0.9399628496939022,0.9,0.9,2.4010858419924075
196541,0.4,1.0,1.0,1.0,2.4010858419924075
196541,0.5,1.0,1.0,1.0,4.053655769016336
196541,0.6,1.0,1.0,1.0,7.046932823740065
195047,0.0,0.26130809433667596,0.4,0.2,2.0690073937285915
195047,0.1,0.26130809433667596,0.4,0.2,2.0690073937285915
195047,0.2,0.24039916604724387,0.4,0.2,2.3395129688985543
195047,0.3,0.37436291848819264,0.4,0.2,2.488202900994625
195047,0.4,0.36934595283166205,0.4,0.2,2.7134582167531898
195047,0.5,0.36529303966308646,0.4,0.2,4.769989615694558
195047,0.6,0.36529303966308646,0.4,0.2,5.720108391583395
193629,0.0,0.4907023256490295,0.3333333333333333,0.3,1.9641423109596368
193629,0.1,0.4161948278707595,0.3333333333333333,0.3,2.063386502699939
193629,0.2,0.4301897685231449,0.3333333333333333,0.3,2.1857271586444824
193629,0.3,0.3897628723887466,0.3333333333333333,0.3,3.008589959979777
193629,0.4,0.4342138096775728,0.4444444444444444,0.4,5.2717893234205615
193629,0.5,0.36692084083738413,0.3333333333333333,0.3,5.984005468966835
193629,0.6,0.29560383084276765,0.3333333333333333,0.3,6.202134442633124
106254,0.0,0.3299434817152899,0.3333333333333333,0.3,2.603378000276275
106254,0.1,0.26917187536075465,0.2222222222222222,0.2,2.771324694596656
106254,0.2,0.26917187536075465,0.2222222222222222,0.2,3.232938329180398
106254,0.3,0.26556461089171396,0.2222222222222222,0.2,3.612493099788381
106254,0.4,0.26917187536075465,0.2222222222222222,0.2,4.999415469757602
106254,0.5,0.27997632822948654,0.2222222222222222,0.2,5.578150953792369
106254,0.6,0.27997632822948654,0.2222222222222222,0.2,6.258221283877593
38317,0.0,0.9263767796563563,0.9,0.9,3.837302370063081
38317,0.1,0.9263767796563563,0.9,0.9,3.911150712243928
38317,0.2,0.9263767796563563,0.9,0.9,4.062951677273834
38317,0.3,0.9263767796563563,0.9,0.9,4.312235191879564
38317,0.4,0.9263767796563563,0.9,0.9,4.418551887809141
38317,0.5,0.8765250951036857,0.8,0.8,4.967346807336379
38317,0.6,0.8690867786886797,0.8,0.8,5.592026288029344
115926,0.0,0.27592153774931544,0.4,0.4,4.153946386352102
115926,0.1,0.2186315367816388,0.3,0.3,4.567615058366352
115926,0.2,0.2229847345485124,0.3,0.3,4.567615058366351
115926,0.3,0.149754413753547,0.2,0.2,6.910022269675534
115926,0.4,0.16294758424241465,0.2,0.2,7.4022524067759345
115926,0.5,0.16294758424241465,0.2,0.2,8.469230054385962
115926,0.6,0.1771200932817816,0.2,0.2,9.065691001157882
84353,0.0,0.44404793503258594,0.4,0.4,2.0443627412292855
84353,0.1,0.4413007856941648,0.4,0.4,2.5315515289503496
84353,0.2,0.38401078472648814,0.3,0.3,2.554304478453639
84353,0.3,0.38401078472648814,0.3,0.3,2.9538188547330657
84353,0.4,0.37817851673993474,0.3,0.3,4.034266978341465
84353,0.5,0.22337763409719047,0.3,0.3,6.867552859078342
84353,0.6,0.20979156405964475,0.3,0.3,6.925990593836701
86188,0.0,0.3623379437392863,0.3333333333333333,0.2,4.647544768472278
86188,0.1,0.3623379437392863,0.3333333333333333,0.2,4.839556543950328
86188,0.2,0.3434775810703913,0.3333333333333333,0.2,5.061171141844025
86188,0.3,0.33315904690411724,0.3333333333333333,0.2,5.346874149952204
86188,0.4,0.33315904690411724,0.3333333333333333,0.2,5.479457956981163
86188,0.5,0.33315904690411724,0.3333333333333333,0.2,6.101637010523809
86188,0.6,0.33315904690411724,0.3333333333333333,0.2,6.617076507327148
80151,0.0,0.7138929964972575,0.6,0.6,2.5388028919460814
80151,0.1,0.7240784622506844,0.6,0.6,2.5388028919460814
80151,0.2,0.76259854811403,0.7,0.7,2.7549750810407416
80151,0.3,0.7875162168409008,0.7,0.7,2.7696160623947397
80151,0.4,0.7813684632183611,0.7,0.7,3.0400357362547377
80151,0.5,0.7797624147899086,0.7,0.7,3.7575881142649683
80151,0.6,0.7496495859232529,0.8,0.8,5.2368174955152655
60047,0.0,0.8690867786886797,0.8,0.8,2.675893770179095
60047,0.1,0.7973087830456499,0.7,0.7,2.675893770179095
60047,0.2,0.7945616337072288,0.7,0.7,2.675893770179095
60047,0.3,0.7797624147899086,0.7,0.7,2.953320218410907
60047,0.4,0.6572401033763494,0.7,0.7,3.6817585933259394
60047,0.5,0.5722852843433808,0.6,0.6,5.204043263682786
60047,0.6,0.49090826194874504,0.5,0.5,5.731334020475783
103324,0.0,0.9180365386035428,0.9,0.9,2.8927541570641933
103324,0.1,0.9263767796563563,0.9,0.9,3.35503444194482
103324,0.2,0.8721718973368121,0.8,0.8,3.355034441944821
103324,0.3,0.9263767796563563,0.9,0.9,3.806450900528444
103324,0.4,0.8448062178085776,0.8,0.8,3.806450900528444
103324,0.5,0.8198885490817066,0.8,0.8,4.189310798005836
103324,0.6,0.7418957838722606,0.8,0.8,5.233108633232397
161210,0.0,0.08986824523342568,0.14285714285714285,0.1,6.01548086483915
161210,0.1,0.08986824523342568,0.14285714285714285,0.1,6.651684925054657
161210,0.2,0.08986824523342568,0.14285714285714285,0.1,7.426672709803943
161210,0.3,0.08986824523342568,0.14285714285714285,0.1,7.426672709803943
161210,0.4,0.08986824523342568,0.14285714285714285,0.1,8.047687657709124
161210,0.5,0.08986824523342568,0.14285714285714285,0.1,8.540518047921562
161210,0.6,0.08986824523342568,0.14285714285714285,0.1,8.540518047921562
114249,0.0,0.8826728487262255,0.8,0.8,2.0780025991648716
114249,0.1,0.8826728487262255,0.8,0.8,2.0780025991648716
114249,0.2,0.8792722444421068,0.8,0.8,2.4400690268709364
114249,0.3,0.8792722444421068,0.8,0.8,2.4400690268709364
114249,0.4,0.8721718973368121,0.8,0.8,2.649846971844199
114249,0.5,0.6923595849555763,0.7,0.7,2.9357197775123773
114249,0.6,0.6218214832600651,0.7,0.7,5.100973075428968
122253,0.0,0.5688846800592621,0.6,0.6,3.078603834424995
122253,0.1,0.6109825625609405,0.6,0.6,3.078603834424995
122253,0.2,0.6211843754132965,0.5,0.5,3.194133781560688
122253,0.3,0.6999914408237253,0.6,0.6,3.9045020689910785
122253,0.4,0.6778209214352755,0.5,0.5,4.849716214970948
122253,0.5,0.6778209214352755,0.5,0.5,5.077522153737492
122253,0.6,0.6636484123959087,0.5,0.5,5.077522153737492
150269,0.0,0.3212264850819693,0.3,0.3,3.971117005272004
150269,0.1,0.3153942170954159,0.3,0.3,3.971117005272004
150269,0.2,0.2451552539369622,0.3,0.3,4.26708506383841
150269,0.3,0.24080205617008857,0.3,0.3,4.510495542946114
150269,0.4,0.26272836726044774,0.4,0.4,4.841289589875863
150269,0.5,0.27048216931144015,0.4,0.4,5.536474207526426
150269,0.6,0.27291383301387484,0.4,0.4,5.856977785203866
79348,0.0,0.7847690675024798,0.8,0.8,2.7479934092480582
79348,0.1,0.7847690675024798,0.8,0.8,3.096033055512309
79348,0.2,0.7847690675024798,0.8,0.8,3.096033055512309
79348,0.3,0.7847690675024798,0.8,0.8,3.096033055512309
79348,0.4,0.7847690675024798,0.8,0.8,3.3044051300643096
79348,0.5,0.7360635158857073,0.8,0.8,3.514281707488103
79348,0.6,0.9048433681146754,0.9,0.9,4.540385574261593
16503,0.0,0.5904180916009433,0.5,0.5,1.887778072149451
16503,0.1,0.5260113964290429,0.5,0.5,1.9847849662144506
16503,0.2,0.5867020016808382,0.6,0.6,2.2012382532315935
16503,0.3,0.6510923497538096,0.7,0.7,2.3386459796427985
16503,0.4,0.7490124780764843,0.7,0.7,2.3386459796427985
16503,0.5,0.7351109224029522,0.6,0.6,5.061146895840544
16503,0.6,0.6778209214352755,0.5,0.5,6.5550099411698195
67622,0.0,0.7267706813501387,0.6,0.6,3.196518510028878
67622,0.1,0.7267706813501387,0.6,0.6,3.335926418475234
67622,0.2,0.7372716327395521,0.6,0.6,3.785999769897978
67622,0.3,0.7813684632183611,0.7,0.7,4.2977185109944305
67622,0.4,0.7841156125567822,0.7,0.7,4.2977185109944305
67622,0.5,0.7021521511603253,0.6,0.6,5.894174392873119
67622,0.6,0.6950518040550305,0.6,0.6,6.260962006673793
51263,0.0,0.8121347470307143,0.8,0.8,3.04391140385857
51263,0.1,0.7979622379913474,0.8,0.8,3.04391140385857
51263,0.2,0.7979622379913474,0.8,0.8,3.1487631786954386
51263,0.3,0.7406722370236708,0.7,0.7,3.2826966537079594
51263,0.4,0.6812215257193943,0.6,0.6,3.50006357902508
51263,0.5,0.6914069914728213,0.6,0.6,3.7444424615249225
51263,0.6,0.7021521511603253,0.6,0.6,4.321258357885901
183112,0.0,0.8278453205901104,1.0,0.5,3.766854293574928
183112,0.1,0.8278453205901104,1.0,0.5,4.103835717303417
183112,0.2,0.8069363923006785,1.0,0.5,4.21458079482017
183112,0.3,0.7919096124664717,1.0,0.5,4.358468524557253
183112,0.4,0.7804703048178177,1.0,0.5,4.5617800528350845
183112,0.5,0.7610062102883491,1.0,0.5,4.6802611867561446
183112,0.6,0.7487017198410004,1.0,0.5,5.575775811012133
85781,0.0,0.6483549201374424,0.75,0.6,2.12388277991503
85781,0.1,0.6765847096487311,0.75,0.6,2.1238827799150304
85781,0.2,0.6727320882737493,0.75,0.6,2.23849795626859
85781,0.3,0.6727320882737493,0.75,0.6,2.23849795626859
85781,0.4,0.6696197807609653,0.75,0.6,2.384077805162738
85781,0.5,0.49646442357257975,0.5,0.4,2.955833265027873
85781,0.6,0.3516450798625575,0.25,0.2,4.532935149447881
200130,0.0,0.5429441587710647,0.5555555555555556,0.5,3.122645602113893
200130,0.1,0.5400300607544519,0.5555555555555556,0.5,3.122645602113893
200130,0.2,0.5354123121665064,0.5555555555555556,0.5,3.1226456021138924
200130,0.3,0.5442594030654835,0.5555555555555556,0.5,3.4178309734354606
200130,0.4,0.6073230295946406,0.6666666666666666,0.6,4.8405770963712405
200130,0.5,0.630165061146003,0.6666666666666666,0.6,5.885793061844723
200130,0.6,0.49429224957968004,0.4444444444444444,0.4,6.98055396612515
143567,0.0,0.3874113890106069,0.4,0.4,1.924453615225372
143567,0.1,0.3273742387045091,0.3,0.3,2.079653445385632
143567,0.2,0.3273742387045091,0.3,0.3,2.1033877878776055
143567,0.3,0.3273742387045091,0.3,0.3,2.1033877878776055
143567,0.4,0.38401078472648814,0.3,0.3,3.5710035251001657
143567,0.5,0.44404793503258594,0.4,0.4,5.875309553194902
143567,0.6,0.33231387547320396,0.3,0.3,7.25016504837325
154267,0.0,0.5515104464192279,0.6,0.3,2.5196875359154083
154267,0.1,0.5424405675941216,0.6,0.3,2.887310555927205
154267,0.2,0.45791971679717963,0.4,0.2,2.887310555927205
154267,0.3,0.4211582832992167,0.4,0.2,3.0850101793319045
154267,0.4,0.4211582832992167,0.4,0.2,3.2305501366614306
154267,0.5,0.45791971679717963,0.4,0.2,4.9668774447491275
154267,0.6,0.3807852604803161,0.4,0.2,5.814026830308364
67621,0.0,0.6379452528154109,0.5714285714285714,0.4,2.984027657978432
67621,0.1,0.647409937747115,0.5714285714285714,0.4,2.9840276579784324
67621,0.2,0.647409937747115,0.5714285714285714,0.4,3.120289165480391
67621,0.3,0.6372294155593914,0.5714285714285714,0.4,3.120289165480391
67621,0.4,0.60118800317828,0.7142857142857143,0.5,3.2487911717117663
67621,0.5,0.6211251610135315,0.7142857142857143,0.5,3.2487911717117655
67621,0.6,0.6391080368435531,0.7142857142857143,0.5,4.395838073386422
159064,0.0,0.7711068576537606,0.75,0.6,4.955340861030179
159064,0.1,0.767254236278779,0.75,0.6,5.101924611658787
159064,0.2,0.7592100927259993,0.75,0.6,5.101924611658787
159064,0.3,0.737655743905962,0.75,0.6,5.101924611658787
159064,0.4,0.7282068965047429,0.75,0.6,6.107637541429308
159064,0.5,0.7128149310022902,0.75,0.6,7.401686428858476
159064,0.6,0.7128149310022902,0.75,0.6,8.83499171170262
609,0.0,0.5069245530350369,0.5,0.4,5.425892070731708
609,0.1,0.5003170449475615,0.5,0.4,5.425892070731708
609,0.2,0.46374792279118626,0.5,0.4,5.579750413145367
609,0.3,0.4633027980212956,0.5,0.4,5.579750413145366
609,0.4,0.3952853548737731,0.375,0.3,5.579750413145366
609,0.5,0.4284469804250573,0.375,0.3,6.477232145930396
609,0.6,0.406824699001244,0.375,0.3,6.885474469566295
185469,0.0,0.37989503115982964,0.3333333333333333,0.2,3.3502591618205444
185469,0.1,0.3623379437392863,0.3333333333333333,0.2,3.732118863464027
185469,0.2,0.3512389936123089,0.3333333333333333,0.2,3.9483222570566228
185469,0.3,0.3376844721420708,0.3333333333333333,0.2,4.454626016477386
185469,0.4,0.3295032204950941,0.3333333333333333,0.2,4.526360936604837
185469,0.5,0.2532633541065531,0.16666666666666666,0.1,6.412538563895597
185469,0.6,0.10907458963273323,0.16666666666666666,0.1,7.10667017681151
43295,0.0,0.7929555852787762,0.7,0.7,3.6754495064122295
43295,0.1,0.8012958263315898,0.7,0.7,3.6754495064122295
43295,0.2,0.8629390250661401,0.8,0.8,3.6754495064122295
43295,0.3,0.8690867786886797,0.8,0.8,5.073882691939472
43295,0.4,0.8690867786886797,0.8,0.8,5.610038805053152
43295,0.5,0.8749190466752332,0.8,0.8,6.032637227270695
43295,0.6,0.8749190466752332,0.8,0.8,6.964754344845469
173031,0.0,0.6211843754132965,0.5,0.5,2.2128785558034627
173031,0.1,0.6171973321273566,0.5,0.5,2.365793277855457
173031,0.2,0.6855747234862679,0.6,0.6,2.478567336873655
173031,0.3,0.6828275741478468,0.6,0.6,2.478567336873655
173031,0.4,0.6886598421344001,0.6,0.6,5.782978252572389
173031,0.5,0.7351109224029522,0.6,0.6,7.771010796472504
173031,0.6,0.7550889543611283,0.7,0.7,9.033504207198295
21034,0.0,0.6524133852638477,0.5555555555555556,0.5,3.225561101000577
21034,0.1,0.6524133852638477,0.5555555555555556,0.5,3.225561101000578
21034,0.2,0.6180737343913255,0.4444444444444444,0.4,3.570135587534807
21034,0.3,0.6957543794148588,0.5555555555555556,0.5,3.879679351636727
21034,0.4,0.6993616438838995,0.5555555555555556,0.5,3.8796793516367267
21034,0.5,0.6853667032315142,0.5555555555555556,0.5,4.696377096018491
21034,0.6,0.6635524963374467,0.5555555555555556,0.5,5.165235248731657
62374,0.0,0.17903687496920354,0.2222222222222222,0.2,2.540002273775893
62374,0.1,0.27997632822948654,0.2222222222222222,0.2,2.6618923495593743
62374,0.2,0.2888234191284636,0.2222222222222222,0.2,2.8865146177439627
62374,0.3,0.302818359780849,0.2222222222222222,0.2,3.4229900622924125
62374,0.4,0.302818359780849,0.2222222222222222,0.2,3.5704255460860552
62374,0.5,0.3292503152628619,0.2222222222222222,0.2,3.5704255460860552
62374,0.6,0.3900219216173972,0.3333333333333333,0.3,4.165468556322521
124967,0.0,0.7197252644838108,0.6,0.6,2.1017512115653276
124967,0.1,0.7240784622506844,0.6,0.6,2.101751211565327
124967,0.2,0.7240784622506844,0.6,0.6,2.238022690318877
124967,0.3,0.7267706813501387,0.6,0.6,2.238022690318877
124967,0.4,0.6636484123959087,0.5,0.5,2.8793215256223235
124967,0.5,0.568491780510584,0.4,0.4,4.705537309173635
124967,0.6,0.2786686870877365,0.3,0.3,5.948853780336563
12139,0.0,0.43425536882783694,0.5,0.5,2.406393806954774
12139,0.1,0.43425536882783694,0.5,0.5,2.406393806954774
12139,0.2,0.4915453697955136,0.6,0.6,2.5305094989996317
12139,0.3,0.49429251913393474,0.6,0.6,2.7317774576554603
12139,0.4,0.5938023487861329,0.6,0.6,2.73177745765546
12139,0.5,0.6103961235591193,0.6,0.6,4.214890985101154
12139,0.6,0.7594421521280019,0.7,0.7,6.083003551889017
65764,0.0,0.8164879447975879,0.8,0.8,3.4877331394430158
65764,0.1,0.8164879447975879,0.8,0.8,3.4877331394430158
65764,0.2,0.8448062178085776,0.8,0.8,3.4877331394430158
65764,0.3,0.8198885490817066,0.8,0.8,4.05094005244508
65764,0.4,0.857999388297445,0.8,0.8,6.03181918715256
65764,0.5,0.8690867786886797,0.8,0.8,8.322844126773058
65764,0.6,0.8690867786886797,0.8,0.8,8.95717206468629
180558,0.0,0.8397886907875249,0.75,0.6,7.7657661806252545
180558,0.1,0.8397886907875249,0.75,0.6,8.05057510482449
180558,0.2,0.8397886907875249,0.75,0.6,8.05057510482449
180558,0.3,0.8397886907875249,0.75,0.6,8.050575104824487
180558,0.4,0.8303398433863057,0.75,0.6,8.050575104824487
180558,0.5,0.8303398433863057,0.75,0.6,9.702662685518373
180558,0.6,0.8303398433863057,0.75,0.6,10.567608863380944
197466,0.0,0.5968100535215736,0.6,0.6,2.130660600690967
197466,0.1,0.583616883032706,0.6,0.6,2.130660600690967
197466,0.2,0.5808697336942849,0.6,0.6,2.130660600690967
197466,0.3,0.5525514606832953,0.6,0.6,2.130660600690967
197466,0.4,0.4983465783637509,0.5,0.5,2.1306606006909665
197466,0.5,0.47642026727339176,0.5,0.5,2.958975570783933
197466,0.6,0.3890174374390593,0.4,0.4,5.555698329476622
34198,0.0,0.15519378219142235,0.2,0.2,2.6193568961971727
34198,0.1,0.15519378219142235,0.2,0.2,3.375868853484748
34198,0.2,0.15519378219142235,0.2,0.2,4.177967298597914
34198,0.3,0.14200061170255474,0.2,0.2,5.409232736646713
34198,0.4,0.14200061170255474,0.2,0.2,6.446639420895584
34198,0.5,0.15519378219142235,0.2,0.2,6.907578558189028
34198,0.6,0.16877985222896807,0.2,0.2,6.920550637612306
183079,0.0,0.13920368626832283,0.2222222222222222,0.2,3.0932184402251126
183079,0.1,0.1326823237826694,0.2222222222222222,0.2,3.4546057774735788
183079,0.2,0.1326823237826694,0.2222222222222222,0.2,3.741501407080262
183079,0.3,0.19636802815381738,0.3333333333333333,0.3,3.741501407080263
183079,0.4,0.2931065095115421,0.4444444444444444,0.4,4.036001141604838
183079,0.5,0.4161948278707595,0.3333333333333333,0.3,4.370821534414243
183079,0.6,0.5948149261545759,0.4444444444444444,0.4,4.990656812956572
4928,0.0,0.21319216834376345,0.3,0.3,3.402224921275635
4928,0.1,0.27048216931144015,0.4,0.4,3.402224921275635
4928,0.2,0.27906158663641456,0.4,0.4,3.402224921275635
4928,0.3,0.2868153886874069,0.4,0.4,3.5644838463299564
4928,0.4,0.3022010466065483,0.4,0.4,3.6304559720225598
4928,0.5,0.4089448005522881,0.4,0.4,3.8661757551935856
4928,0.6,0.4166986026032803,0.4,0.4,4.773116947068077
30194,0.0,0.2152309324975201,0.2,0.2,3.7460336469720685
30194,0.1,0.20203776200865248,0.2,0.2,3.859639721815532
30194,0.2,0.19369752095583892,0.2,0.2,3.859639721815532
30194,0.3,0.17736430157987212,0.2,0.2,5.149631653355317
30194,0.4,0.1200743006121955,0.1,0.1,7.595833910276181
30194,0.5,0.081963461396457,0.1,0.1,9.73873199467636
30194,0.6,0.06779095235709003,0.1,0.1,11.024007692158985
47632,0.0,0.14656879505245024,0.14285714285714285,0.1,1.9013509233038317
47632,0.1,0.14656879505245024,0.14285714285714285,0.1,1.9013509233038317
47632,0.2,0.2293178775103795,0.2857142857142857,0.2,2.034613653959961
47632,0.3,0.30972143781210104,0.42857142857142855,0.3,2.20906108049853
47632,0.4,0.288770349658364,0.42857142857142855,0.3,2.9129016679501887
47632,0.5,0.33265290441763345,0.42857142857142855,0.3,4.483227186762168
47632,0.6,0.2627218170194593,0.2857142857142857,0.2,5.197300567377229
1468,0.0,0.5057074808660652,0.4,0.4,2.292128833351508
1468,0.1,0.44406428213151494,0.3,0.3,2.365747740687501
1468,0.2,0.44066367784739624,0.3,0.3,2.448804693635342
1468,0.3,0.44066367784739624,0.3,0.3,2.863996347897725
1468,0.4,0.44406428213151494,0.3,0.3,3.1402985568693116
1468,0.5,0.2786686870877365,0.3,0.3,3.5586565188994435
1468,0.6,0.2620749123147502,0.3,0.3,4.611895249961676
176622,0.0,0.806302479044161,0.8,0.8,3.1113247697108983
176622,0.1,0.8312201477710319,0.8,0.8,3.2947921136054568
176622,0.2,0.7655899057505416,0.7,0.7,3.2947921136054568
176622,0.3,0.7492566863745749,0.7,0.7,3.2947921136054568
176622,0.4,0.7077452428747176,0.6,0.6,3.676917158141562
176622,0.5,0.7486969924404979,0.7,0.7,4.163634526680623
176622,0.6,0.7277232748328937,0.8,0.8,4.881173080471058
68429,0.0,0.6379452528154109,0.5714285714285714,0.4,1.905327546211856
68429,0.1,0.6545291005226114,0.5714285714285714,0.4,2.178621692584873
68429,0.2,0.6545291005226114,0.5714285714285714,0.4,2.5949560550867057
68429,0.3,0.6635141922929747,0.5714285714285714,0.4,3.7009378813050233
68429,0.4,0.6540495073612707,0.5714285714285714,0.4,4.077743607619253
68429,0.5,0.554480333101462,0.42857142857142855,0.3,5.250965750173225
68429,0.6,0.5420474358460424,0.42857142857142855,0.3,5.585419153133865
139096,0.0,0.3516450798625575,0.25,0.2,2.889007935033913
139096,0.1,0.3516450798625575,0.25,0.2,2.889007935033913
139096,0.2,0.3516450798625575,0.25,0.2,2.889007935033913
139096,0.3,0.3516450798625575,0.25,0.2,3.1740693206371535
139096,0.4,0.416550215497296,0.375,0.3,3.174069320637153
139096,0.5,0.3764858927662294,0.375,0.3,4.271837544020687
139096,0.6,0.29131435946752426,0.375,0.3,4.6543632942207935
160216,0.0,0.7770152654514875,0.7,0.7,2.0407868016607553
160216,0.1,0.7929555852787762,0.7,0.7,2.287733850113928
160216,0.2,0.7736146611673687,0.7,0.7,2.483958942284169
160216,0.3,0.713577510861271,0.6,0.6,2.6751008015243913
160216,0.4,0.6211843754132965,0.5,0.5,3.2118508661281515
160216,0.5,0.5863091021321603,0.6,0.6,4.340296783816116
160216,0.6,0.45245519202927575,0.5,0.5,5.01260593822361
165794,0.0,0.7868078316562364,0.7,0.7,2.9700822537689904
165794,0.1,0.7766223659028094,0.7,0.7,3.149515032703558
165794,0.2,0.7345244834011311,0.7,0.7,3.149515032703558
165794,0.3,0.7213313129122634,0.7,0.7,3.2789261739632103
165794,0.4,0.5688846800592621,0.6,0.6,3.4816407933901514
165794,0.5,0.5661375307208409,0.6,0.6,4.14380461030599
165794,0.6,0.5010937277021721,0.5,0.5,5.145409557332564
96675,0.0,0.5007008281534939,0.3,0.3,2.2084916711272715
96675,0.1,0.6180279794272684,0.5,0.5,2.2084916711272715
96675,0.2,0.5743240484971374,0.4,0.4,2.2084916711272715
96675,0.3,0.5826642895499509,0.4,0.4,2.2084916711272715
96675,0.4,0.6177837711291778,0.5,0.5,4.155803060806834
96675,0.5,0.6241757330498082,0.5,0.5,8.969673008027966
96675,0.6,0.522040700242032,0.4,0.4,11.539274916073792
4909,0.0,0.6109825625609405,0.6,0.6,2.3810841788906285
4909,0.1,0.6109825625609405,0.6,0.6,2.640807228329333
4909,0.2,0.602642321508127,0.6,0.6,2.640807228329333
4909,0.3,0.5867020016808382,0.6,0.6,2.640807228329333
4909,0.4,0.5876709422625221,0.5,0.5,2.8747482385989005
4909,0.5,0.5691452354562816,0.5,0.5,2.9068270817066684
4909,0.6,0.4989062722978278,0.5,0.5,4.8393417526617295
166706,0.0,0.7240784622506844,0.6,0.6,2.945598649608748
166706,0.1,0.7240784622506844,0.6,0.6,3.1128392449211724
166706,0.2,0.7197252644838108,0.6,0.6,3.176549725545023
166706,0.3,0.7197252644838108,0.6,0.6,3.4540706746753065
166706,0.4,0.6977989533934517,0.6,0.6,3.753610092047256
166706,0.5,0.6726257612954908,0.7,0.7,4.492396475118666
166706,0.6,0.6572401033763494,0.7,0.7,5.846610576128628
24194,0.0,0.40734773697178245,0.3333333333333333,0.3,2.9956057998361985
24194,0.1,0.4161948278707595,0.3333333333333333,0.3,3.2179537605161257
24194,0.2,0.4161948278707595,0.3333333333333333,0.3,3.2179537605161257
24194,0.3,0.40734773697178245,0.3333333333333333,0.3,3.2179537605161257
24194,0.4,0.4161948278707595,0.3333333333333333,0.3,3.5664694876253917
24194,0.5,0.3747290772089831,0.3333333333333333,0.3,3.7846931888153583
24194,0.6,0.36073413655659775,0.3333333333333333,0.3,4.920277931440892
4881,0.0,0.33870583739383425,0.4,0.4,2.668376986848626
4881,0.1,0.32276551756654553,0.4,0.4,2.668376986848626
4881,0.2,0.32986586467184026,0.4,0.4,2.799568575418462
4881,0.3,0.3107804639315228,0.4,0.4,2.799568575418462
4881,0.4,0.31418106821564146,0.4,0.4,4.308756272058602
4881,0.5,0.3185342659825151,0.4,0.4,9.111080831787044
4881,0.6,0.35664510519825354,0.4,0.4,10.528557249301608
14745,0.0,0.69480759575694,0.6,0.6,3.3252747465413264
14745,0.1,0.7138929964972575,0.6,0.6,3.5127200219656496
14745,0.2,0.7329184349726785,0.6,0.6,3.5127200219656496
14745,0.3,0.7378580717413733,0.6,0.6,3.6448695564758666
14745,0.4,0.7378580717413733,0.6,0.6,3.7929580200861204
14745,0.5,0.741258676025492,0.6,0.6,5.897109613910745
14745,0.6,0.7329184349726785,0.6,0.6,6.953672069479859
26186,0.0,0.462834197235846,0.4,0.4,2.433428893865957
26186,0.1,0.462834197235846,0.4,0.4,2.4334288938659574
26186,0.2,0.5330731603942997,0.4,0.4,2.4334288938659574
26186,0.3,0.5330731603942997,0.4,0.4,2.4334288938659574
26186,0.4,0.5931103107003975,0.5,0.5,2.821239070541718
26186,0.5,0.5904180916009433,0.5,0.5,4.928755336804053
26186,0.6,0.5294120007131615,0.5,0.5,6.448082739749372
86819,0.0,0.0,0.0,0.0,2.3447541153830262
86819,0.1,0.0,0.0,0.0,2.3447541153830262
86819,0.2,0.0,0.0,0.0,2.3447541153830262
86819,0.3,0.0,0.0,0.0,2.682210743138468
86819,0.4,0.0,0.0,0.0,2.8073785414345327
86819,0.5,0.0,0.0,0.0,4.527601659337875
86819,0.6,0.0,0.0,0.0,5.222285188844829
70616,0.0,0.20187890652056598,0.1111111111111111,0.1,1.9026034524846835
70616,0.1,0.20187890652056598,0.1111111111111111,0.1,1.9026034524846835
70616,0.2,0.2626505128751012,0.2222222222222222,0.2,1.9026034524846835
70616,0.3,0.2888234191284636,0.2222222222222222,0.2,1.9026034524846835
70616,0.4,0.2888234191284636,0.2222222222222222,0.2,1.9026034524846835
70616,0.5,0.40375781304113195,0.2222222222222222,0.2,2.9465757638982275
70616,0.6,0.3292503152628619,0.2222222222222222,0.2,5.221519856220682
162164,0.0,0.6206455678521908,0.5714285714285714,0.4,3.068235469259535
162164,0.1,0.6206455678521908,0.5714285714285714,0.4,3.068235469259535
162164,0.2,0.6277647306276872,0.5714285714285714,0.4,3.395526405196395
162164,0.3,0.6244114204996362,0.5714285714285714,0.4,3.395526405196395
162164,0.4,0.5315550088425717,0.5714285714285714,0.4,3.395526405196396
162164,0.5,0.5295945844906996,0.5714285714285714,0.4,4.598705503340677
162164,0.6,0.4850349812112709,0.5714285714285714,0.4,6.071956816210127
18487,0.0,0.23968707839269246,0.3333333333333333,0.2,3.3266618412690896
18487,0.1,0.244212503630646,0.3333333333333333,0.2,3.3266618412690887
18487,0.2,0.244212503630646,0.3333333333333333,0.2,3.9412092343955143
18487,0.3,0.3376844721420708,0.3333333333333333,0.2,4.470776405551661
18487,0.4,0.3376844721420708,0.3333333333333333,0.2,5.444730286430093
18487,0.5,0.3434775810703913,0.3333333333333333,0.2,5.753039074793854
18487,0.6,0.3434775810703913,0.3333333333333333,0.2,6.4203884583840125
11470,0.0,0.7193323649351328,0.6,0.6,1.7619885168971188
11470,0.1,0.7766223659028094,0.7,0.7,1.935167620792765
11470,0.2,0.7766223659028094,0.7,0.7,1.935167620792765
11470,0.3,0.7766223659028094,0.7,0.7,2.101503368987033
11470,0.4,0.7902084359403552,0.7,0.7,2.260973620608465
11470,0.5,0.9048433681146754,0.9,0.9,3.4538672145121545
11470,0.6,0.7496495859232529,0.8,0.8,4.618290304719899
65424,0.0,0.5766079837295491,0.4444444444444444,0.4,4.183763976685466
65424,0.1,0.5766079837295491,0.4444444444444444,0.4,4.202090585690128
65424,0.2,0.6030399392115621,0.4444444444444444,0.4,4.47316502741668
65424,0.3,0.6030399392115621,0.4444444444444444,0.4,4.7853290230735235
65424,0.4,0.5766079837295491,0.4444444444444444,0.4,4.992760855142507
65424,0.5,0.5021004859512791,0.4444444444444444,0.4,5.861853688476297
65424,0.6,0.4616735898168807,0.4444444444444444,0.4,6.101591266675206
153657,0.0,0.650455241907041,0.5,0.5,2.720469357956442
153657,0.1,0.650455241907041,0.5,0.5,3.242206332871335
153657,0.2,0.7209384133635853,0.6,0.6,3.6594891462575894
153657,0.3,0.6592952146290351,0.5,0.5,3.6594891462575894
153657,0.4,0.7193323649351328,0.6,0.6,3.659489146257589
153657,0.5,0.7329184349726785,0.6,0.6,4.887526311277833
153657,0.6,0.6991607935238136,0.6,0.6,6.651547766309626
78845,0.0,0.6477080925686199,0.6,0.6,2.709856779612035
78845,0.1,0.593818695885062,0.5,0.5,2.709856779612035
78845,0.2,0.5996509638716153,0.5,0.5,2.8511148395326735
78845,0.3,0.6640413119445867,0.6,0.6,3.0685238277518376
78845,0.4,0.656940964839292,0.6,0.6,3.256002825769388
78845,0.5,0.642768455799925,0.6,0.6,4.577167716131617
78845,0.6,0.6076489742206983,0.7,0.7,5.60764541485476
125853,0.0,0.5992580643229373,0.5,0.5,3.269489373342753
125853,0.1,0.5992580643229373,0.5,0.5,3.434267057897061
125853,0.2,0.5715768991587163,0.5,0.5,3.434267057897061
125853,0.3,0.565744631172163,0.5,0.5,3.434267057897062
125853,0.4,0.4382156670460325,0.4,0.4,3.434267057897062
125853,0.5,0.40010482783029405,0.4,0.4,3.881030876918446
125853,0.6,0.2698287143657425,0.3,0.3,4.462736340955997
18304,0.0,0.6070118663739296,0.5,0.5,4.638969692601402
18304,0.1,0.603611262089811,0.5,0.5,4.6389696926014015
18304,0.2,0.5743240484971374,0.4,0.4,4.940991520543267
18304,0.3,0.5826642895499509,0.4,0.4,5.013780651998175
18304,0.4,0.5826642895499509,0.4,0.4,5.702413269581244
18304,0.5,0.5743240484971374,0.4,0.4,5.945583478173804
18304,0.6,0.5362132092813989,0.4,0.4,6.732622743365371
198340,0.0,0.5494063797702665,0.4,0.4,1.9253728170933382
198340,0.1,0.5743240484971374,0.4,0.4,1.9253728170933386
198340,0.2,0.5494063797702665,0.4,0.4,1.9253728170933386
198340,0.3,0.5362132092813989,0.4,0.4,1.9253728170933386
198340,0.4,0.4379165285089751,0.3,0.3,2.726081691298302
198340,0.5,0.3103875643828447,0.2,0.2,2.8902134371024117
198340,0.6,0.149754413753547,0.2,0.2,3.302967760028473
150617,0.0,1.0,1.0,1.0,2.4290109404194355
150617,0.1,1.0,1.0,1.0,2.6022624135708154
150617,0.2,1.0,1.0,1.0,2.6022624135708154
150617,0.3,0.8826728487262255,0.8,0.8,2.7330214076613286
150617,0.4,0.7406722370236708,0.7,0.7,4.771447360966772
150617,0.5,0.5525514606832953,0.6,0.6,5.634498055314486
150617,0.6,0.5266648513747405,0.6,0.6,5.684281046214005
126383,0.0,0.5589434226039256,0.6,0.6,3.97111813891785
126383,0.1,0.5589434226039256,0.6,0.6,3.9711181389178494
126383,0.2,0.564775690590479,0.6,0.6,4.244052013029545
126383,0.3,0.5074856896228024,0.5,0.5,4.244052013029546
126383,0.4,0.47398860357095696,0.5,0.5,4.363957067690906
126383,0.5,0.42253087058983374,0.4,0.4,5.3060336863805775
126383,0.6,0.3107804639315228,0.4,0.4,5.733204823137256
110530,0.0,0.3627705844406087,0.42857142857142855,0.3,3.619274663673675
110530,0.1,0.3627705844406087,0.42857142857142855,0.3,3.67362156690998
110530,0.2,0.3454708994773885,0.42857142857142855,0.3,3.7196948582507003
110530,0.3,0.31990195999982474,0.42857142857142855,0.3,3.7196948582507003
110530,0.4,0.30972143781210104,0.42857142857142855,0.3,3.7857666370310517
110530,0.5,0.27218650195116345,0.42857142857142855,0.3,4.147518443101086
110530,0.6,0.27218650195116345,0.42857142857142855,0.3,4.382199249321801
171789,0.0,0.5731159316432926,0.6,0.6,3.3164317501967018
171789,0.1,0.564775690590479,0.6,0.6,3.3164317501967027
171789,0.2,0.6393678515158064,0.6,0.6,3.3164317501967018
171789,0.3,0.6350146537489328,0.6,0.6,3.5304304975227367
171789,0.4,0.6538558461911597,0.6,0.6,3.620479164531214
171789,0.5,0.7628427564121205,0.7,0.7,4.022941100682103
171789,0.6,0.8502455862464527,0.8,0.8,4.5487382731613435
148813,0.0,0.49918638793466635,0.5555555555555556,0.5,2.15467532327388
148813,0.1,0.4384147815801311,0.4444444444444444,0.4,2.3774561752612233
148813,0.2,0.35611638796865225,0.3333333333333333,0.3,2.647172901801642
148813,0.3,0.3328575797319026,0.3333333333333333,0.3,3.184453982806517
148813,0.4,0.2626505128751012,0.2222222222222222,0.2,4.146191899490101
148813,0.5,0.20187890652056598,0.1111111111111111,0.1,4.569324620335111
148813,0.6,0.20187890652056598,0.1111111111111111,0.1,5.083865305751199
46245,0.0,0.7520975967246166,0.7,0.7,2.0165018129715313
46245,0.1,0.7520975967246166,0.7,0.7,2.182816864209461
46245,0.2,0.6313698411667235,0.5,0.5,2.182816864209461
46245,0.3,0.6103961235591193,0.6,0.6,2.1828168642094607
46245,0.4,0.5722852843433808,0.6,0.6,2.391753229424215
46245,0.5,0.5364574175794894,0.5,0.5,3.7933311459882675
46245,0.6,0.6048348089384007,0.6,0.6,6.08427313407997
70503,0.0,0.2868153886874069,0.4,0.4,3.089458615134776
70503,0.1,0.2966079548921558,0.4,0.4,3.3157241781077977
70503,0.2,0.22023758521009126,0.3,0.3,3.3157241781077977
70503,0.3,0.09515663188532462,0.1,0.1,3.3157241781077973
70503,0.4,0.09515663188532462,0.1,0.1,3.6005144136494303
70503,0.5,0.081963461396457,0.1,0.1,4.0350030660924645
70503,0.6,0.07362322034364344,0.1,0.1,4.614606875514522
114713,0.0,0.4474485393167046,0.4,0.4,3.767756897503913
114713,0.1,0.44161627133015113,0.4,0.4,3.767756897503913
114713,0.2,0.44161627133015113,0.4,0.4,3.767756897503913
114713,0.3,0.44161627133015113,0.4,0.4,3.767756897503913
114713,0.4,0.4382156670460325,0.4,0.4,4.04663489323095
114713,0.5,0.5057074808660652,0.4,0.4,5.008596830066297
114713,0.6,0.5057074808660652,0.4,0.4,6.3366480089324
179632,0.0,0.9263767796563563,0.9,0.9,2.819177263820243
179632,0.1,0.9263767796563563,0.9,0.9,2.819177263820243
179632,0.2,0.8663396293502587,0.8,0.8,2.819177263820243
179632,0.3,0.8056490240984634,0.7,0.7,2.912616036552939
179632,0.4,0.809049628382582,0.7,0.7,3.11099696906611
179632,0.5,0.76259854811403,0.7,0.7,5.392065511173444
179632,0.6,0.714530104344026,0.8,0.8,7.122257679993444
131359,0.0,0.5007008281534939,0.3,0.3,2.0651002939144303
131359,0.1,0.5007008281534939,0.3,0.3,2.2744274371852793
131359,0.2,0.5579908291211706,0.4,0.4,2.509545089784287
131359,0.3,0.5641385827437104,0.4,0.4,2.854119641432196
131359,0.4,0.5392209140168396,0.4,0.4,4.222586705477898
131359,0.5,0.5777246527812562,0.5,0.5,4.803044885801453
131359,0.6,0.4059370958168474,0.4,0.4,5.066454317469171
54439,0.0,0.446759061774804,0.5,0.3,2.787108505296476
54439,0.1,0.446759061774804,0.5,0.3,2.8527681078464235
54439,0.2,0.44223363653685044,0.5,0.3,2.9231641017303294
54439,0.3,0.446759061774804,0.5,0.3,3.0826667264048693
54439,0.4,0.32012738472152746,0.5,0.3,3.0826667264048693
54439,0.5,0.17463534499935596,0.3333333333333333,0.2,4.216156189052038
54439,0.6,0.07989569279756414,0.16666666666666666,0.1,4.689396123908855
170598,0.0,0.9263767796563563,0.9,0.9,2.8806417576757135
170598,0.1,0.9263767796563563,0.9,0.9,3.0631209152262238
170598,0.2,0.8690867786886797,0.8,0.8,3.26905043734049
170598,0.3,0.8749190466752332,0.8,0.8,3.26905043734049
170598,0.4,0.8087341427465955,0.7,0.7,3.3114897037735447
170598,0.5,0.8687712930526933,0.8,0.8,3.828525215907066
170598,0.6,0.8629390250661401,0.8,0.8,4.9700797979635905
154061,0.0,0.5938023487861329,0.6,0.6,3.5080919567097313
154061,0.1,0.6069955192750006,0.6,0.6,3.774759421037179
154061,0.2,0.5392045669179105,0.5,0.5,4.0895435287438575
154061,0.3,0.4689819508583858,0.4,0.4,4.089543528743857
154061,0.4,0.46558134657426714,0.4,0.4,4.349163932663167
154061,0.5,0.40554419626816934,0.3,0.3,4.711141850502986
154061,0.6,0.5330731603942997,0.4,0.4,4.952397794061406
59225,0.0,0.8448062178085776,0.8,0.8,3.339141869205175
59225,0.1,0.8799256993878044,0.9,0.9,3.339141869205175
59225,0.2,0.8799256993878044,0.9,0.9,3.5236458688233467
59225,0.3,0.8096867362293506,0.9,0.9,3.6036285530996706
59225,0.4,0.8096867362293506,0.9,0.9,4.382366154012831
59225,0.5,0.8096867362293506,0.9,0.9,8.948269644104297
59225,0.6,0.8799256993878044,0.9,0.9,10.209975740937896
70724,0.0,0.7197252644838108,0.6,0.6,2.324218174621631
70724,0.1,0.69480759575694,0.6,0.6,2.324218174621631
70724,0.2,0.7520975967246166,0.7,0.7,2.4928151646227414
70724,0.3,0.76259854811403,0.7,0.7,3.0637358823134315
70724,0.4,0.76259854811403,0.7,0.7,3.9508066022254256
70724,0.5,0.7329184349726785,0.6,0.6,6.081627395406513
70724,0.6,0.6889753277703865,0.6,0.6,8.570682131949544
49948,0.0,0.7677823931808154,0.7,0.7,3.583141602702631
49948,0.1,0.7736146611673687,0.7,0.7,4.913510949986998
49948,0.2,0.7677823931808154,0.7,0.7,6.030625791973846
49948,0.3,0.7677823931808154,0.7,0.7,6.710670773340661
49948,0.4,0.7428647244539446,0.7,0.7,7.250655258369134
49948,0.5,0.6726257612954908,0.7,0.7,7.6535184239889675
49948,0.6,0.6726257612954908,0.7,0.7,8.126724665327389
165078,0.0,0.28362763671503505,0.25,0.2,2.336098982181606
165078,0.1,0.36428215865251656,0.375,0.3,2.336098982181606
165078,0.2,0.38527035018120676,0.375,0.3,2.508701630130578
165078,0.3,0.4842909895499857,0.5,0.4,2.8237049918943002
165078,0.4,0.5213052364762517,0.5,0.4,3.3547900360291214
165078,0.5,0.5362520772088136,0.5,0.4,4.606067108251251
165078,0.6,0.5523084326975081,0.5,0.4,4.95898364956439
38443,0.0,0.4570558412289352,0.4444444444444444,0.4,1.7361433447908916
38443,0.1,0.4482087503299582,0.4444444444444444,0.4,1.9718205490384424
38443,0.2,0.4482087503299582,0.4444444444444444,0.4,2.1320289142846156
38443,0.3,0.4482087503299582,0.4444444444444444,0.4,2.4905966059600453
38443,0.4,0.43379703299218564,0.4444444444444444,0.4,2.8328167230050663
38443,0.5,0.4132807298541468,0.4444444444444444,0.4,3.690778070681385
38443,0.6,0.3374753283198481,0.3333333333333333,0.3,4.189906132571115
110349,0.0,0.06779095235709003,0.1,0.1,2.2402634621903457
110349,0.1,0.06343775459021642,0.1,0.1,2.2402634621903457
110349,0.2,0.12347490489631419,0.2,0.2,2.37021141266957
110349,0.3,0.12347490489631419,0.2,0.2,2.37021141266957
110349,0.4,0.14200061170255474,0.2,0.2,3.0234733234572153
110349,0.5,0.14540121598667338,0.2,0.2,5.262971671646123
110349,0.6,0.25810421612773926,0.2,0.2,8.095016180392031
72374,0.0,0.6289218303653598,0.6,0.6,3.068386039257702
72374,0.1,0.6289218303653598,0.6,0.6,3.1206023797122038
72374,0.2,0.6289218303653598,0.6,0.6,3.1206023797122038
72374,0.3,0.6289218303653598,0.6,0.6,3.184558174666847
72374,0.4,0.6289218303653598,0.6,0.6,3.476902760377409
72374,0.5,0.6289218303653598,0.6,0.6,3.47690276037741
72374,0.6,0.6991607935238136,0.6,0.6,5.554703623584536
156891,0.0,0.5469583689689028,0.5,0.5,2.170399609939768
156891,0.1,0.6069955192750006,0.6,0.6,2.3185135457128796
156891,0.2,0.6069955192750006,0.6,0.6,2.318513545712879
156891,0.3,0.6042483699365795,0.6,0.6,2.318513545712879
156891,0.4,0.5611308780082698,0.5,0.5,2.318513545712879
156891,0.5,0.4791674166118128,0.4,0.4,2.6941717360266213
156891,0.6,0.4093377001009661,0.4,0.4,3.3118573407237144
22458,0.0,0.4635425824205105,0.5,0.5,2.8110242323417762
22458,0.1,0.4635425824205105,0.5,0.5,2.8110242323417762
22458,0.2,0.46079543308208937,0.5,0.5,2.8110242323417762
22458,0.3,0.3896038764408806,0.4,0.4,2.8110242323417767
22458,0.4,0.2722767251671062,0.2,0.2,3.5377830016203107
22458,0.5,0.25810421612773926,0.2,0.2,4.056017801658218
22458,0.6,0.15519378219142235,0.2,0.2,4.523680249552582
110527,0.0,0.2532633541065531,0.16666666666666666,0.1,2.0749565821521014
110527,0.1,0.2532633541065531,0.16666666666666666,0.1,2.703501913365052
110527,0.2,0.2532633541065531,0.16666666666666666,0.1,2.7035019133650526
110527,0.3,0.2532633541065531,0.16666666666666666,0.1,5.320173946885185
110527,0.4,0.2532633541065531,0.16666666666666666,0.1,7.888027271430983
110527,0.5,0.2532633541065531,0.16666666666666666,0.1,9.443783807207392
110527,0.6,0.0844211180355177,0.16666666666666666,0.1,9.443783807207392
133262,0.0,0.6812215257193943,0.6,0.6,2.5775252493899066
133262,0.1,0.6728812846665807,0.6,0.6,2.692893370475619
133262,0.2,0.6728812846665807,0.6,0.6,2.692893370475619
133262,0.3,0.6701341353281597,0.6,0.6,2.6928933704756193
133262,0.4,0.583616883032706,0.6,0.6,2.7548543759680855
133262,0.5,0.5833013973967196,0.6,0.6,3.9652939096828765
133262,0.6,0.43087111164264724,0.4,0.4,4.488386639288047
48951,0.0,1.0,1.0,1.0,3.0553679997209726
48951,0.1,1.0,1.0,1.0,3.0553679997209726
48951,0.2,1.0,1.0,1.0,3.232308998349647
48951,0.3,0.9427099990323233,0.9,0.9,3.494229747417105
48951,0.4,0.8826728487262255,0.8,0.8,3.8428171539172298
48951,0.5,0.8690867786886797,0.8,0.8,3.8428171539172298
48951,0.6,0.9180365386035428,0.9,0.9,6.271883809206561
160054,0.0,0.46597424612294513,0.4,0.4,2.1885073279217964
160054,0.1,0.46014197813639174,0.4,0.4,2.1885073279217964
160054,0.2,0.46558134657426714,0.4,0.4,2.320497597009319
160054,0.3,0.40554419626816934,0.3,0.3,2.448837093773193
160054,0.4,0.40554419626816934,0.3,0.3,3.0789635827653368
160054,0.5,0.40554419626816934,0.3,0.3,4.062349547040294
160054,0.6,0.37042471468894245,0.3,0.3,5.313792174901044
117420,0.0,0.6433548948017463,0.6,0.6,2.2999956023259003
117420,0.1,0.6433548948017463,0.6,0.6,2.2999956023259003
117420,0.2,0.6433548948017463,0.6,0.6,2.2999956023259003
117420,0.3,0.5876709422625221,0.5,0.5,2.3583382991779733
117420,0.4,0.656940964839292,0.6,0.6,3.5836542531101356
117420,0.5,0.738511526687071,0.7,0.7,4.571212795157385
117420,0.6,0.7360635158857073,0.8,0.8,5.384882556314335
117621,0.0,0.8096867362293506,0.9,0.9,2.624461104825281
117621,0.1,0.8096867362293506,0.9,0.9,2.624461104825281
117621,0.2,0.8096867362293506,0.9,0.9,2.8651070735242965
117621,0.3,0.8096867362293506,0.9,0.9,7.218458931285854
117621,0.4,0.9263767796563563,0.9,0.9,8.593474843977841
117621,0.5,0.9365622454097835,0.9,0.9,9.05084421449635
117621,0.6,1.0,1.0,1.0,9.423113234704998
100032,0.0,0.7929555852787762,0.7,0.7,3.0834195750265248
100032,0.1,0.7929555852787762,0.7,0.7,3.0834195750265248
100032,0.2,0.7902084359403552,0.7,0.7,3.0834195750265248
100032,0.3,0.7329184349726785,0.6,0.6,3.2809849411896246
100032,0.4,0.7267706813501387,0.6,0.6,3.2809849411896246
100032,0.5,0.6531474610064952,0.5,0.5,3.2809849411896246
100032,0.6,0.6211843754132965,0.5,0.5,5.623519444731621
137364,0.0,0.752396735261674,0.8,0.8,2.200592948946691
137364,0.1,0.752396735261674,0.8,0.8,2.200592948946691
137364,0.2,0.752396735261674,0.8,0.8,2.200592948946691
137364,0.3,0.752396735261674,0.8,0.8,2.200592948946691
137364,0.4,0.752396735261674,0.8,0.8,2.200592948946691
137364,0.5,0.6642855202426773,0.7,0.7,4.6529707075774835
137364,0.6,0.43926202154040817,0.6,0.6,6.059424503909525
158460,0.0,0.7378580717413733,0.6,0.6,2.5823232567237255
158460,0.1,0.6778209214352755,0.5,0.5,2.841324725474576
158460,0.2,0.741258676025492,0.6,0.6,3.6307678219416295
158460,0.3,0.7985486769931687,0.7,0.7,3.8724767108318616
158460,0.4,0.7929555852787762,0.7,0.7,4.038566882697866
158460,0.5,0.7197252644838108,0.6,0.6,4.553877225490939
158460,0.6,0.69480759575694,0.6,0.6,4.75387722549094
22479,0.0,0.29131435946752426,0.375,0.3,2.5075408290368513
22479,0.1,0.30076320686874347,0.375,0.3,2.5075408290368513
22479,0.2,0.32064188364130103,0.375,0.3,2.507540829036852
22479,0.3,0.32064188364130103,0.375,0.3,2.507540829036852
22479,0.4,0.31571004760130544,0.375,0.3,3.2282085059618266
22479,0.5,0.5030904516575294,0.375,0.3,5.795071661070834
22479,0.6,0.43505448851253264,0.375,0.3,6.555621896400945
96976,0.0,0.5065267082131062,0.3333333333333333,0.2,2.6525532409223596
96976,0.1,0.5065267082131062,0.3333333333333333,0.2,2.652553240922359
96976,0.2,0.5065267082131062,0.3333333333333333,0.2,2.8483091959629347
96976,0.3,0.41305473970168133,0.3333333333333333,0.2,3.084378708770917
96976,0.4,0.41305473970168133,0.3333333333333333,0.2,3.2850847949566573
96976,0.5,0.3623379437392863,0.3333333333333333,0.2,3.9246995963269784
96976,0.6,0.20652736985084066,0.3333333333333333,0.2,5.076742049389629
72035,0.0,0.8502455862464527,0.8,0.8,2.116694143697401
72035,0.1,0.8545987840133263,0.8,0.8,2.116694143697401
72035,0.2,0.8629390250661401,0.8,0.8,2.496983991726098
72035,0.3,0.8607465376358662,0.8,0.8,3.7185618163429366
72035,0.4,0.8687712930526933,0.8,0.8,5.154332074008689
72035,0.5,0.7973087830456499,0.7,0.7,5.515669334521061
72035,0.6,0.7240784622506844,0.6,0.6,5.93696284795649
107351,0.0,0.43566011164782664,0.5,0.3,2.504470306295174
107351,0.1,0.43113468640987307,0.5,0.3,2.504470306295173
107351,0.2,0.4233732738679554,0.5,0.3,2.7574896495995143
107351,0.3,0.427898699105909,0.5,0.3,3.001085196128282
107351,0.4,0.427898699105909,0.5,0.3,3.1642929156086335
107351,0.5,0.30126702205263245,0.5,0.3,3.5779736734313423
107351,0.6,0.25863662392981446,0.5,0.3,5.291320222498405
180004,0.0,0.41305473970168133,0.3333333333333333,0.2,3.978097250255331
180004,0.1,0.604502347718862,0.5,0.3,5.172381380611232
180004,0.2,0.6663180938082345,0.5,0.3,5.487613656059644
180004,0.3,0.6663180938082345,0.5,0.3,6.283285300329171
180004,0.4,0.6663180938082345,0.5,0.3,6.966120119866071
180004,0.5,0.6331583852663827,0.5,0.3,6.985684089239146
180004,0.6,0.6331583852663827,0.5,0.3,6.985684089239146
84078,0.0,0.9122552762002858,1.0,0.4,2.2869119303518146
84078,0.1,0.9122552762002858,1.0,0.4,2.2869119303518146
84078,0.2,0.9122552762002858,1.0,0.4,2.6400416109042277
84078,0.3,0.9122552762002858,1.0,0.4,2.6400416109042277
84078,0.4,0.9638614719361266,1.0,0.4,2.640041610904228
84078,0.5,0.9638614719361266,1.0,0.4,3.4533347937672105
84078,0.6,0.7722349873850949,1.0,0.4,5.894831245182406
182498,0.0,0.3957516300634204,0.4,0.4,2.0078254971455385
182498,0.1,0.4089448005522881,0.4,0.4,2.286765710924279
182498,0.2,0.38401078472648814,0.3,0.3,2.478471769852134
182498,0.3,0.39235102577930164,0.3,0.3,2.736919648168989
182498,0.4,0.36743335705243085,0.3,0.3,3.119249083194249
182498,0.5,0.42472335802010747,0.4,0.4,4.886122548778265
182498,0.6,0.32492622790314535,0.4,0.4,5.82110112417554
67450,0.0,0.2554359839370199,0.3333333333333333,0.3,3.5152538231613364
67450,0.1,0.25182871946797925,0.3333333333333333,0.3,3.5152538231613364
67450,0.2,0.19466437758248464,0.2222222222222222,0.2,3.7218261379687347
67450,0.3,0.19928212617043015,0.2222222222222222,0.2,3.891220158117914
67450,0.4,0.2365358750595651,0.3333333333333333,0.3,4.026843892409859
67450,0.5,0.15885523003603177,0.2222222222222222,0.2,4.379049731082166
67450,0.6,0.16504193431681816,0.2222222222222222,0.2,5.600025612458673
12898,0.0,0.5228713475419438,0.5,0.5,2.812398126239928
12898,0.1,0.45238817608539944,0.4,0.4,2.967006043271245
12898,0.2,0.44404793503258594,0.4,0.4,3.1858667637319473
12898,0.3,0.3991358872486101,0.5,0.5,3.3381330814959904
12898,0.4,0.3819720205727315,0.5,0.5,3.3381330814959904
12898,0.5,0.31418106821564146,0.4,0.4,3.7253336200463343
12898,0.6,0.27906158663641456,0.4,0.4,4.958587113101536
37521,0.0,0.43087111164264724,0.4,0.4,4.651307120438576
37521,0.1,0.46014197813639174,0.4,0.4,4.651307120438576
37521,0.2,0.4791674166118128,0.4,0.4,4.651307120438576
37521,0.3,0.4875076576646263,0.4,0.4,4.6513071204385765
37521,0.4,0.4875076576646263,0.4,0.4,4.942030306434617
37521,0.5,0.4875076576646263,0.4,0.4,5.938192558114604
37521,0.6,0.5826642895499509,0.4,0.4,6.95646860906393
183613,0.0,0.21319216834376345,0.3,0.3,2.1880200449831544
183613,0.1,0.21319216834376345,0.3,0.3,2.1880200449831544
183613,0.2,0.20979156405964475,0.3,0.3,2.272045005230154
183613,0.3,0.149754413753547,0.2,0.2,2.2720450052301544
183613,0.4,0.13091322131132005,0.2,0.2,2.4371708242507233
183613,0.5,0.06779095235709003,0.1,0.1,3.3921391718617726
183613,0.6,0.081963461396457,0.1,0.1,6.275401050228249
57970,0.0,0.6069955192750006,0.6,0.6,3.5736939722108536
57970,0.1,0.6103961235591193,0.6,0.6,3.737013186609906
57970,0.2,0.5938023487861329,0.6,0.6,3.976578331953236
57970,0.3,0.6042483699365795,0.6,0.6,3.976578331953236
57970,0.4,0.6184208789759464,0.6,0.6,4.381974815907348
57970,0.5,0.5503589732530216,0.6,0.6,4.667345019946842
57970,0.6,0.4420091708788293,0.6,0.6,5.111137632750598
135498,0.0,0.5046972663014149,0.3333333333333333,0.3,4.580905302056837
135498,0.1,0.5311292217834279,0.3333333333333333,0.3,4.580905302056837
135498,0.2,0.5311292217834279,0.3333333333333333,0.3,4.749482902935687
135498,0.3,0.5311292217834279,0.3333333333333333,0.3,4.749482902935687
135498,0.4,0.5311292217834279,0.3333333333333333,0.3,4.950393373399945
135498,0.5,0.4907023256490295,0.3333333333333333,0.3,5.3687099234682085
135498,0.6,0.4161948278707595,0.3333333333333333,0.3,5.673336959495268
45757,0.0,0.16018443043593533,0.2857142857142857,0.2,5.475783398768405
45757,0.1,0.16018443043593533,0.2857142857142857,0.2,5.583851472951817
45757,0.2,0.15268016985610336,0.2857142857142857,0.2,6.054580811870034
45757,0.3,0.15268016985610336,0.2857142857142857,0.2,6.544541679889498
45757,0.4,0.15268016985610336,0.2857142857142857,0.2,6.915683218754687
45757,0.5,0.15268016985610336,0.2857142857142857,0.2,7.057163905857155
45757,0.6,0.1597993326315998,0.2857142857142857,0.2,7.262834143696753
34131,0.0,0.5294120007131615,0.5,0.5,2.5577268101056325
34131,0.1,0.5260113964290429,0.5,0.5,2.679520914042976
34131,0.2,0.5392045669179105,0.5,0.5,2.9170859720250597
34131,0.3,0.5552986100217163,0.5,0.5,3.1195867854363692
34131,0.4,0.5130787813371948,0.5,0.5,3.4772241726683317
34131,0.5,0.42771471565661906,0.4,0.4,3.94725589048234
34131,0.6,0.37817851673993474,0.3,0.3,4.498226014804073
183872,0.0,0.561672688865547,0.5714285714285714,0.4,1.8425416386035984
183872,0.1,0.5687918516410434,0.5714285714285714,0.4,1.8425416386035984
183872,0.2,0.5687918516410434,0.5714285714285714,0.4,1.8425416386035984
183872,0.3,0.5687918516410434,0.5714285714285714,0.4,1.9195325639215581
183872,0.4,0.5514921666778234,0.5714285714285714,0.4,2.417108671510757
183872,0.5,0.3883395239181725,0.42857142857142855,0.3,4.337633757624195
183872,0.6,0.15603347998415437,0.2857142857142857,0.2,5.436686379746357
198019,0.0,0.6977989533934517,0.6,0.6,3.35824901878149
198019,0.1,0.7594421521280019,0.7,0.7,3.35824901878149
198019,0.2,0.7021521511603253,0.6,0.6,3.476543765220535
198019,0.3,0.7138929964972575,0.6,0.6,3.476543765220535
198019,0.4,0.7843761679538016,0.7,0.7,3.476543765220535
198019,0.5,0.7209384133635853,0.6,0.6,8.274939294458722
198019,0.6,0.6778209214352755,0.5,0.5,9.756199824230043
135222,0.0,0.37042471468894245,0.3,0.3,1.8357113268922807
135222,0.1,0.37042471468894245,0.3,0.3,1.8357113268922807
135222,0.2,0.3455070459620716,0.3,0.3,1.8357113268922807
135222,0.3,0.3455070459620716,0.3,0.3,1.9537347369704086
135222,0.4,0.3273742387045091,0.3,0.3,2.097787153276153
135222,0.5,0.33231387547320396,0.3,0.3,2.657089627228371
135222,0.6,0.2152309324975201,0.2,0.2,4.376827635535765
83310,0.0,0.7736146611673687,0.7,0.7,2.6153083918627003
83310,0.1,0.7628427564121205,0.7,0.7,2.760001568041581
83310,0.2,0.680635086717573,0.6,0.6,2.760001568041581
83310,0.3,0.5962503595874966,0.5,0.5,2.994747072204953
83310,0.4,0.4379165285089751,0.3,0.3,3.0677624712245297
83310,0.5,0.4379165285089751,0.3,0.3,3.6722760632000657
83310,0.6,0.2509875219235156,0.3,0.3,4.147027710039838
85631,0.0,0.08694451260789762,0.1111111111111111,0.1,3.6351179448749713
85631,0.1,0.08694451260789762,0.1111111111111111,0.1,3.6351179448749713
85631,0.2,0.07809742170892055,0.1111111111111111,0.1,4.213568464165894
85631,0.3,0.07809742170892055,0.1111111111111111,0.1,4.818907091870249
85631,0.4,0.07809742170892055,0.1111111111111111,0.1,6.447903844374328
85631,0.5,0.14539039054910918,0.2222222222222222,0.2,7.012913944229808
85631,0.6,0.14539039054910918,0.2222222222222222,0.2,7.417371054687922
192221,0.0,0.25035041407674696,0.2,0.2,4.8075555393620775
192221,0.1,0.2476032647383259,0.2,0.2,4.8075555393620775
192221,0.2,0.2476032647383259,0.2,0.2,5.123032338212047
192221,0.3,0.2476032647383259,0.2,0.2,5.19872475263862
192221,0.4,0.25035041407674696,0.2,0.2,5.8653259759317455
192221,0.5,0.3076404150444236,0.3,0.3,6.073237033208049
192221,0.6,0.3076404150444236,0.3,0.3,6.391552995878872
46649,0.0,0.8444133182598994,0.8,0.8,2.423342728298947
46649,0.1,0.8585858272992664,0.8,0.8,2.499404263069593
46649,0.2,0.7871233172922227,0.7,0.7,2.499404263069593
46649,0.3,0.8029018747600423,0.7,0.7,2.714840382827908
46649,0.4,0.7875162168409008,0.7,0.7,2.714840382827908
46649,0.5,0.8198885490817066,0.8,0.8,4.019949725794968
46649,0.6,0.7418957838722606,0.8,0.8,5.162347197682927
75360,0.0,0.5,0.5,0.1,4.228034260712984
75360,0.1,0.5,0.5,0.1,4.228034260712984
75360,0.2,0.3154648767857287,0.5,0.1,4.228034260712984
75360,0.3,0.3154648767857287,0.5,0.1,4.228034260712984
75360,0.4,0.3154648767857287,0.5,0.1,5.509261138015981
75360,0.5,0.25,0.5,0.1,6.023246071769669
75360,0.6,0.21533827903669653,0.5,0.1,6.774050389952516
123431,0.0,0.3107804639315228,0.4,0.4,2.5927014579162218
123431,0.1,0.24491104563887164,0.3,0.3,2.8280418138989396
123431,0.2,0.23441009424945825,0.3,0.3,2.9971088992495094
123431,0.3,0.16877985222896807,0.2,0.2,3.284317406946093
123431,0.4,0.15558668174010043,0.2,0.2,3.792579693665401
123431,0.5,0.14540121598667338,0.2,0.2,4.516445310211024
123431,0.6,0.1392534623641336,0.2,0.2,5.315687354641092
52124,0.0,0.45945017664631377,0.375,0.3,2.8214850013514443
52124,0.1,0.45945017664631377,0.375,0.3,3.0580962257566218
52124,0.2,0.45945017664631377,0.375,0.3,3.0580962257566213
52124,0.3,0.45945017664631377,0.375,0.3,3.220944446007749
52124,0.4,0.4445033359137518,0.375,0.3,3.5795580249382644
52124,0.5,0.3918778582686821,0.375,0.3,5.682509690969531
52124,0.6,0.3764858927662294,0.375,0.3,6.394927603532092
188873,0.0,0.3788748389864684,0.2857142857142857,0.2,5.3207699587943695
188873,0.1,0.3788748389864684,0.2857142857142857,0.2,5.671797442148166
188873,0.2,0.3788748389864684,0.2857142857142857,0.2,6.968997747278209
188873,0.3,0.3788748389864684,0.2857142857142857,0.2,7.45788018836753
188873,0.4,0.3788748389864684,0.2857142857142857,0.2,8.426060729368576
188873,0.5,0.3788748389864684,0.2857142857142857,0.2,10.635074206856775
188873,0.6,0.34845906590102727,0.2857142857142857,0.2,11.277217578054625
61353,0.0,0.4757831594266231,0.3,0.3,2.080566616626801
61353,0.1,0.4757831594266231,0.3,0.3,2.1359472808682787
61353,0.2,0.45424974788494193,0.3,0.3,2.339010714702754
61353,0.3,0.45424974788494193,0.3,0.3,2.766158248788167
61353,0.4,0.5691452354562816,0.5,0.5,2.766158248788167
61353,0.5,0.5362132092813989,0.4,0.4,4.422092972446054
61353,0.6,0.4791674166118128,0.4,0.4,6.297921424905401
26598,0.0,0.1173271512737744,0.2,0.2,3.5334371245374627
26598,0.1,0.1173271512737744,0.2,0.2,3.5334371245374627
26598,0.2,0.1173271512737744,0.2,0.2,3.8523536570403856
26598,0.3,0.1173271512737744,0.2,0.2,4.3655240521452185
26598,0.4,0.1173271512737744,0.2,0.2,4.957058689383522
26598,0.5,0.1173271512737744,0.2,0.2,5.5291009356191525
26598,0.6,0.1173271512737744,0.2,0.2,5.908065986942235
65603,0.0,0.7813684632183611,0.7,0.7,2.6185424208038186
65603,0.1,0.8414056135244589,0.8,0.8,2.6185424208038186
65603,0.2,0.8164879447975879,0.8,0.8,2.806337980185407
65603,0.3,0.8164879447975879,0.8,0.8,2.806337980185407
65603,0.4,0.8226356984201277,0.8,0.8,3.0147338508209858
65603,0.5,0.8799256993878044,0.9,0.9,3.5132148854516223
65603,0.6,0.9048433681146754,0.9,0.9,4.4516980644011594
112488,0.0,0.4155411005883776,0.5,0.2,2.2183715576025147
112488,0.1,0.4155411005883776,0.5,0.2,2.266911653708857
112488,0.2,0.5162986715386287,0.75,0.3,2.451315154488523
112488,0.3,0.6300690896394169,1.0,0.4,2.788307254248156
112488,0.4,0.7091140061623243,1.0,0.4,3.542732473148753
112488,0.5,0.7943764748609892,1.0,0.4,5.07324910091763
112488,0.6,0.8181615409042062,1.0,0.4,5.896480541186315
4272,0.0,0.5142868981910397,0.4,0.4,2.257405811837995
4272,0.1,0.5260277435279719,0.4,0.4,2.257405811837995
4272,0.2,0.5392209140168396,0.4,0.4,2.34488833417633
4272,0.3,0.6094435300763643,0.5,0.5,2.3448883341763302
4272,0.4,0.6562875098935943,0.5,0.5,2.5037836237903552
4272,0.5,0.7061391944462652,0.6,0.6,2.948962239592999
4272,0.6,0.5509454122548427,0.5,0.5,5.250931857806835
82922,0.0,0.5393542348404141,0.4444444444444444,0.4,2.0439889034214422
82922,0.1,0.5364401368238014,0.4444444444444444,0.4,2.0439889034214422
82922,0.2,0.4756685304692661,0.3333333333333333,0.3,2.1548151752755977
82922,0.3,0.4818552347500525,0.3333333333333333,0.3,2.1548151752755977
82922,0.4,0.4756685304692661,0.3333333333333333,0.3,2.82322979445986
82922,0.5,0.4126586520121559,0.4444444444444444,0.4,3.9074830748382587
82922,0.6,0.23695265174495234,0.3333333333333333,0.3,5.699636652445006
89059,0.0,0.7945616337072288,0.7,0.7,2.1575562889134057
89059,0.1,0.7945616337072288,0.7,0.7,2.1575562889134057
89059,0.2,0.7843761679538016,0.7,0.7,2.1575562889134057
89059,0.3,0.7843761679538016,0.7,0.7,2.1575562889134057
89059,0.4,0.713184611312593,0.6,0.6,2.3450993892843255
89059,0.5,0.6858189317843585,0.6,0.6,4.0106912531035
89059,0.6,0.6916511997709118,0.6,0.6,5.263572082153173
143943,0.0,0.25130300755950197,0.3,0.3,2.8950789673106088
143943,0.1,0.25713527554605536,0.3,0.3,2.8950789673106083
143943,0.2,0.3187784742806056,0.4,0.4,2.9658634043199457
143943,0.3,0.32492622790314535,0.4,0.4,2.9658634043199457
143943,0.4,0.2938608055537347,0.4,0.4,2.9658634043199457
143943,0.5,0.3051924042430599,0.4,0.4,3.5942941716770322
143943,0.6,0.37107816963464,0.4,0.4,4.89690717423664
173054,0.0,0.37042471468894245,0.3,0.3,3.2856326467147055
173054,0.1,0.37382531897306115,0.3,0.3,3.2856326467147055
173054,0.2,0.37817851673993474,0.3,0.3,3.2856326467147063
173054,0.3,0.38401078472648814,0.3,0.3,3.460057046561368
173054,0.4,0.39235102577930164,0.3,0.3,4.9832368794096435
173054,0.5,0.2971943938939771,0.3,0.3,9.591662051552825
173054,0.6,0.36743335705243085,0.3,0.3,10.253345080101859
132522,0.0,0.752396735261674,0.8,0.8,3.4926910791631087
132522,0.1,0.8096867362293506,0.9,0.9,3.4926910791631087
132522,0.2,0.8096867362293506,0.9,0.9,3.537816602449793
132522,0.3,0.8096867362293506,0.9,0.9,3.6249749316519724
132522,0.4,0.8096867362293506,0.9,0.9,3.9344490943263453
132522,0.5,0.8799256993878044,0.9,0.9,5.0590965831147265
132522,0.6,0.9365622454097835,0.9,0.9,6.75524216481495
168070,0.0,0.4496410267469783,0.4,0.4,2.799362269445445
168070,0.1,0.4413007856941648,0.4,0.4,2.799362269445445
168070,0.2,0.37817851673993474,0.3,0.3,2.919031584258567
168070,0.3,0.37817851673993474,0.3,0.3,2.919031584258567
168070,0.4,0.3273742387045091,0.3,0.3,3.007760867140841
168070,0.5,0.3273742387045091,0.3,0.3,3.703966040169429
168070,0.6,0.3273742387045091,0.3,0.3,4.999965524690646
98246,0.0,0.7564507944914902,0.7,0.7,1.7421490348759339
98246,0.1,0.7564507944914902,0.7,0.7,1.9520562895913112
98246,0.2,0.7564507944914902,0.7,0.7,1.952056289591311
98246,0.3,0.7564507944914902,0.7,0.7,1.952056289591311
98246,0.4,0.7813684632183611,0.7,0.7,2.824888294504559
98246,0.5,0.7843761679538016,0.7,0.7,5.035574673725512
98246,0.6,0.7677823931808154,0.7,0.7,6.574669131469314
50073,0.0,0.40554419626816934,0.3,0.3,6.11417153469018
50073,0.1,0.39235102577930164,0.3,0.3,6.11417153469018
50073,0.2,0.3590931159996173,0.3,0.3,6.326844466952909
50073,0.3,0.3532608480130639,0.3,0.3,6.6442045329114805
50073,0.4,0.34006767752419625,0.3,0.3,6.6442045329114805
50073,0.5,0.34006767752419625,0.3,0.3,7.931061165927922
50073,0.6,0.34006767752419625,0.3,0.3,9.00338033528828
44150,0.0,0.29225475712528226,0.4,0.4,2.739317753923276
44150,0.1,0.2966079548921558,0.4,0.4,2.739317753923276
44150,0.2,0.3022010466065483,0.4,0.4,2.7393177539232765
44150,0.3,0.22337763409719047,0.3,0.3,2.7393177539232765
44150,0.4,0.22337763409719047,0.3,0.3,2.7393177539232765
44150,0.5,0.2288170025350658,0.3,0.3,6.323190061566889
44150,0.6,0.16294758424241465,0.2,0.2,10.131318117381516
82795,0.0,0.6187363646119328,0.6,0.6,2.556821997231949
82795,0.1,0.6889589806714576,0.7,0.7,2.556821997231949
82795,0.2,0.7496495859232529,0.8,0.8,2.556821997231949
82795,0.3,0.8096867362293506,0.9,0.9,2.556821997231949
82795,0.4,0.8096867362293506,0.9,0.9,2.556821997231949
82795,0.5,0.7875162168409008,0.7,0.7,2.9671121110070398
82795,0.6,0.7165852155967116,0.6,0.6,5.006737322190908
174470,0.0,0.6323224346494786,0.7,0.7,3.2132807115458535
174470,0.1,0.6323224346494786,0.7,0.7,3.2132807115458535
174470,0.2,0.6261746810269387,0.7,0.7,3.3973457112249577
174470,0.3,0.6261746810269387,0.7,0.7,4.90199849196297
174470,0.4,0.6325666429475691,0.7,0.7,7.174885159493566
174470,0.5,0.6076489742206983,0.7,0.7,8.397768687601609
174470,0.6,0.6076489742206983,0.7,0.7,8.899669183886974
169406,0.0,0.2626505128751012,0.2222222222222222,0.2,2.9837179760821995
169406,0.1,0.2626505128751012,0.2222222222222222,0.2,3.18184795872864
169406,0.2,0.2626505128751012,0.2222222222222222,0.2,3.224646177807103
169406,0.3,0.26556461089171396,0.2222222222222222,0.2,3.224646177807103
169406,0.4,0.26556461089171396,0.2222222222222222,0.2,3.4251925178607223
169406,0.5,0.26556461089171396,0.2222222222222222,0.2,3.540411295052567
169406,0.6,0.26556461089171396,0.2222222222222222,0.2,4.214821267309369
18689,0.0,0.37582150277998755,0.375,0.3,2.7747960420425333
18689,0.1,0.37088966673999196,0.375,0.3,2.9251696670196967
18689,0.2,0.36428215865251656,0.375,0.3,3.243580683890113
18689,0.3,0.36428215865251656,0.375,0.3,3.3448994406578594
18689,0.4,0.36428215865251656,0.375,0.3,4.021200900136627
18689,0.5,0.36428215865251656,0.375,0.3,4.627858607018295
18689,0.6,0.36428215865251656,0.375,0.3,4.787828569314185
189773,0.0,0.3874113890106069,0.4,0.4,4.183273683651163
189773,0.1,0.3874113890106069,0.4,0.4,4.302820448806264
189773,0.2,0.3957516300634204,0.4,0.4,4.981783969668144
189773,0.3,0.5084546302044863,0.4,0.4,5.886049959613549
189773,0.4,0.5118552344886049,0.4,0.4,6.443555100496018
189773,0.5,0.4875076576646263,0.4,0.4,8.046536119309359
189773,0.6,0.5826642895499509,0.4,0.4,8.197511734962557
100185,0.0,0.8029018747600423,0.7,0.7,3.1142593053494396
100185,0.1,0.7329184349726785,0.6,0.6,3.11425930534944
100185,0.2,0.7163246601996921,0.6,0.6,3.4104328098030003
100185,0.3,0.6562875098935943,0.5,0.5,3.6345550587595694
100185,0.4,0.6814657340174848,0.6,0.6,4.101988631878857
100185,0.5,0.5525514606832953,0.6,0.6,4.359906730955015
100185,0.6,0.48692121866280513,0.5,0.5,4.749538004281265
200772,0.0,0.6788453407458607,0.5555555555555556,0.5,2.226335943966864
200772,0.1,0.6699982498468837,0.5555555555555556,0.5,2.226335943966864
200772,0.2,0.6435662943648707,0.5555555555555556,0.5,2.226335943966864
200772,0.3,0.6373795900840844,0.5555555555555556,0.5,2.266768330993288
200772,0.4,0.4834877967109482,0.4444444444444444,0.4,2.775270605247022
200772,0.5,0.3332743564172898,0.4444444444444444,0.4,4.746213121533494
200772,0.6,0.2258135406713534,0.3333333333333333,0.3,5.897857186487059
24601,0.0,0.29806952783463897,0.4,0.2,2.1089870387777676
24601,0.1,0.2857650373872901,0.4,0.2,2.5138578066178487
24601,0.2,0.29806952783463897,0.4,0.2,2.587154764161167
24601,0.3,0.2857650373872901,0.4,0.2,2.926822400954898
24601,0.4,0.24900360388932713,0.4,0.2,3.4503174463121873
24601,0.5,0.24039916604724387,0.4,0.2,5.480983834943363
24601,0.6,0.2209350715177754,0.4,0.2,6.0365140702975975
74242,0.0,0.07809742170892055,0.1111111111111111,0.1,2.1232647097988515
74242,0.1,0.07809742170892055,0.1111111111111111,0.1,2.1232647097988515
74242,0.2,0.08694451260789762,0.1111111111111111,0.1,2.1980479005429605
74242,0.3,0.08694451260789762,0.1111111111111111,0.1,2.3127082884161956
74242,0.4,0.08694451260789762,0.1111111111111111,0.1,4.067723161962511
74242,0.5,0.15885523003603177,0.2222222222222222,0.2,5.885618804529715
74242,0.6,0.22254093440717976,0.3333333333333333,0.3,5.885618804529715
57789,0.0,0.5016534216362489,0.5,0.5,2.9902386790367865
57789,0.1,0.5016534216362489,0.5,0.5,3.051851629901797
57789,0.2,0.5016534216362489,0.5,0.5,3.051851629901798
57789,0.3,0.5481982629164217,0.6,0.6,3.1982784543490923
57789,0.4,0.5525514606832953,0.6,0.6,3.2276632962816114
57789,0.5,0.5294120007131615,0.5,0.5,4.408332541560986
57789,0.6,0.5996509638716153,0.5,0.5,6.755271999385457
127118,0.0,0.28077218886614447,0.2,0.1,2.0098136334866874
127118,0.1,0.28077218886614447,0.2,0.1,2.1596371336351448
127118,0.2,0.28077218886614447,0.2,0.1,2.159637133635145
127118,0.3,0.28077218886614447,0.2,0.1,2.324107582256544
127118,0.4,0.28077218886614447,0.2,0.1,2.4860446906584857
127118,0.5,0.14038609443307223,0.2,0.1,3.3232421076272813
127118,0.6,0.09359072962204816,0.2,0.1,4.535044297297953
135334,0.0,0.45180173708357824,0.4,0.4,2.21526216045294
135334,0.1,0.45180173708357824,0.4,0.4,2.21526216045294
135334,0.2,0.522040700242032,0.4,0.4,2.21526216045294
135334,0.3,0.5142868981910397,0.4,0.4,2.443358176606539
135334,0.4,0.642768455799925,0.6,0.6,2.4433581766065395
135334,0.5,0.46014197813639174,0.4,0.4,2.5726754988185467
135334,0.6,0.46258998893775544,0.3,0.3,3.8426225780752317
124307,0.0,0.39249047436995343,0.42857142857142855,0.3,2.0470656814887964
124307,0.1,0.39960963714544995,0.42857142857142855,0.3,2.3529839110292157
124307,0.2,0.392105376565618,0.42857142857142855,0.3,2.3529839110292152
124307,0.3,0.3323548113551676,0.2857142857142857,0.2,2.402929672162967
124307,0.4,0.2627218170194593,0.2857142857142857,0.2,2.435985146876816
124307,0.5,0.23643704028587592,0.2857142857142857,0.2,3.499669074179574
124307,0.6,0.15603347998415437,0.2857142857142857,0.2,4.353132097266031
114285,0.0,0.3806265275412985,0.2,0.2,1.9428799759364979
114285,0.1,0.3806265275412985,0.2,0.2,2.003579216371532
114285,0.2,0.3806265275412985,0.2,0.2,4.4241648632847355
114285,0.3,0.3806265275412985,0.2,0.2,5.00830072437808
114285,0.4,0.3806265275412985,0.2,0.2,5.906666178238334
114285,0.5,0.20203776200865248,0.2,0.2,5.906666178238334
114285,0.6,0.1771200932817816,0.2,0.2,6.912044021878664
191934,0.0,0.857999388297445,0.8,0.8,2.8996377128232997
191934,0.1,0.857999388297445,0.8,0.8,3.152218573764971
191934,0.2,0.8475533671469987,0.8,0.8,3.152218573764971
191934,0.3,0.8448062178085776,0.8,0.8,3.6676424871211033
191934,0.4,0.8007093873297685,0.7,0.7,3.6676424871211024
191934,0.5,0.7843761679538016,0.7,0.7,3.9515343150571227
191934,0.6,0.7677823931808154,0.7,0.7,4.999709714748326
20669,0.0,0.6538558461911597,0.6,0.6,2.675439354214276
20669,0.1,0.5876709422625221,0.5,0.5,2.675439354214276
20669,0.2,0.5962503595874966,0.5,0.5,2.6754393542142765
20669,0.3,0.5965109149845161,0.5,0.5,2.675439354214276
20669,0.4,0.631614049464814,0.5,0.5,2.8288603120874685
20669,0.5,0.5152394916737947,0.5,0.5,3.7232756990685942
20669,0.6,0.38401078472648814,0.3,0.3,5.5257122055597865
97966,0.0,0.3788319716856323,0.4,0.4,4.243034906420233
97966,0.1,0.38157912102405345,0.4,0.4,4.243034906420233
97966,0.2,0.38157912102405345,0.4,0.4,4.243034906420233
97966,0.3,0.4059370958168474,0.4,0.4,4.402932034099846
97966,0.4,0.3929881336260703,0.5,0.5,4.402932034099846
97966,0.5,0.48012001009456773,0.6,0.6,4.402932034099846
97966,0.6,0.48846025114738134,0.6,0.6,5.793320984312055
178499,0.0,0.588983778820958,0.5,0.4,2.917910161212176
178499,0.1,0.592096086333742,0.5,0.4,3.130167672058426
178499,0.2,0.6639661508562462,0.625,0.5,3.130167672058426
178499,0.3,0.7491950880334329,0.75,0.6,6.271390925830213
178499,0.4,0.811835570371069,0.75,0.6,8.858634448675025
178499,0.5,0.814947877883853,0.75,0.6,10.249561632438537
178499,0.6,0.7839446816625967,0.75,0.6,10.922323429545006
74770,0.0,0.5362132092813989,0.4,0.4,2.086147569150585
74770,0.1,0.5362132092813989,0.4,0.4,2.086147569150585
74770,0.2,0.5303809412948455,0.4,0.4,2.086147569150585
74770,0.3,0.5115397488526185,0.4,0.4,2.086147569150585
74770,0.4,0.44406428213151494,0.3,0.3,2.321265221749593
74770,0.5,0.33571447975732266,0.3,0.3,2.830578820431941
74770,0.6,0.21319216834376345,0.3,0.3,3.9466681867721443
165229,0.0,0.29444724455555604,0.4,0.4,4.569769866517683
165229,0.1,0.29444724455555604,0.4,0.4,4.848611922932802
165229,0.2,0.3325580837712945,0.4,0.4,4.974109745540643
165229,0.3,0.42771471565661906,0.4,0.4,5.150761625184352
165229,0.4,0.4979536788150729,0.4,0.4,5.545703088050365
165229,0.5,0.4979536788150729,0.4,0.4,5.817986612277712
165229,0.6,0.4979536788150729,0.4,0.4,6.115370427004157
46482,0.0,0.4881436109249674,0.5,0.4,2.174116421801923
46482,0.1,0.4881436109249674,0.5,0.4,2.409234074400931
46482,0.2,0.4881436109249674,0.5,0.4,2.409234074400931
46482,0.3,0.45989530141620455,0.5,0.4,2.5261034653333194
46482,0.4,0.37582150277998755,0.375,0.3,2.5261034653333194
46482,0.5,0.24769260445378297,0.375,0.3,3.1324572262189947
46482,0.6,0.08340940864997513,0.125,0.1,4.269040472367111
196155,0.0,0.7766223659028094,0.7,0.7,2.0596394701684475
196155,0.1,0.7766223659028094,0.7,0.7,2.0596394701684475
196155,0.2,0.7766223659028094,0.7,0.7,2.0596394701684475
196155,0.3,0.6778209214352755,0.5,0.5,2.1236618199189126
196155,0.4,0.7267706813501387,0.6,0.6,2.4440132699024897
196155,0.5,0.6153357603278141,0.6,0.6,4.6556266293914375
196155,0.6,0.6295752853110574,0.7,0.7,5.4706262859931964
119927,0.0,0.49864571690080833,0.6,0.6,1.9583871337758303
119927,0.1,0.49864571690080833,0.6,0.6,1.9583871337758303
119927,0.2,0.5688846800592621,0.6,0.6,1.9583871337758303
119927,0.3,0.5938023487861329,0.6,0.6,1.95838713377583
119927,0.4,0.5894491510192593,0.6,0.6,3.1708317482395683
119927,0.5,0.6048348089384007,0.6,0.6,5.118778195001498
119927,0.6,0.6109825625609405,0.6,0.6,6.7090358272242
198360,0.0,0.7456118737923656,0.6,0.6,1.876695608549954
198360,0.1,0.7456118737923656,0.6,0.6,1.876695608549954
198360,0.2,0.7378580717413733,0.6,0.6,2.2643116438764865
198360,0.3,0.7951480727090499,0.7,0.7,2.444928546259841
198360,0.4,0.7809755636696831,0.7,0.7,2.444928546259841
198360,0.5,0.5176875024751584,0.4,0.4,3.075066772651423
198360,0.6,0.2670815650273214,0.4,0.4,4.323596692390508
17964,0.0,0.1987041736684101,0.3,0.3,2.5121694489429
17964,0.1,0.1987041736684101,0.3,0.3,2.5121694489429
17964,0.2,0.25438812620763424,0.4,0.4,2.5121694489429
17964,0.3,0.2587413239745079,0.4,0.4,2.934937007128779
17964,0.4,0.27048216931144015,0.4,0.4,2.9349370071287786
17964,0.5,0.4035054321144127,0.4,0.4,3.5766431418048086
17964,0.6,0.5303809412948455,0.4,0.4,5.657894928590035
105178,0.0,0.34685253899350466,0.5,0.5,3.165570715291229
105178,0.1,0.34685253899350466,0.5,0.5,3.165570715291229
105178,0.2,0.2868153886874069,0.4,0.4,3.165570715291229
105178,0.3,0.3000085591762745,0.4,0.4,3.3351668754379764
105178,0.4,0.2322176068191845,0.3,0.3,3.519670875056149
105178,0.5,0.1392534623641336,0.2,0.2,3.519670875056149
105178,0.6,0.06003715030609775,0.1,0.1,4.122340763468193
16979,0.0,0.1280645751947239,0.2222222222222222,0.2,2.851632710527373
16979,0.1,0.1280645751947239,0.2222222222222222,0.2,2.8516327105273724
16979,0.2,0.1280645751947239,0.2222222222222222,0.2,3.141603639118071
16979,0.3,0.1280645751947239,0.2222222222222222,0.2,4.838784126397401
16979,0.4,0.1280645751947239,0.2222222222222222,0.2,5.258112562505394
16979,0.5,0.1280645751947239,0.2222222222222222,0.2,5.98587535904334
16979,0.6,0.1280645751947239,0.2222222222222222,0.2,7.239282279421535
11996,0.0,0.19031326377064925,0.1,0.1,2.7567216051703567
11996,0.1,0.19031326377064925,0.1,0.1,2.8048296575515437
11996,0.2,0.19031326377064925,0.1,0.1,2.850900111285619
11996,0.3,0.19031326377064925,0.1,0.1,2.9867850734830537
11996,0.4,0.19031326377064925,0.1,0.1,3.1376613178105486
11996,0.5,0.3076404150444236,0.3,0.3,5.701645374038339
11996,0.6,0.32154197071795565,0.3,0.3,6.663299792987057
63273,0.0,0.5176875024751584,0.4,0.4,2.273249203987315
63273,0.1,0.5142868981910397,0.4,0.4,2.273249203987315
63273,0.2,0.5084546302044863,0.4,0.4,2.273249203987315
63273,0.3,0.5057074808660652,0.4,0.4,2.336695570673349
63273,0.4,0.38401078472648814,0.3,0.3,2.83467900788857
63273,0.5,0.28885415284116356,0.3,0.3,4.790572343238295
63273,0.6,0.23740145188596992,0.3,0.3,5.58713872893874
158564,0.0,0.44406428213151494,0.3,0.3,2.0794892722516822
158564,0.1,0.44406428213151494,0.3,0.3,2.0794892722516822
158564,0.2,0.44066367784739624,0.3,0.3,2.4180121391834284
158564,0.3,0.44066367784739624,0.3,0.3,4.927698602612008
158564,0.4,0.3806265275412985,0.2,0.2,5.95815354226156
158564,0.5,0.3806265275412985,0.2,0.2,6.59980469738006
158564,0.6,0.1771200932817816,0.2,0.2,7.768410697528667
155885,0.0,0.5919008281379632,0.4444444444444444,0.4,3.0793989899151217
155885,0.1,0.5311292217834279,0.3333333333333333,0.3,3.2795960870527567
155885,0.2,0.5311292217834279,0.3333333333333333,0.3,3.2795960870527567
155885,0.3,0.5311292217834279,0.3333333333333333,0.3,3.493311875578977
155885,0.4,0.5311292217834279,0.3333333333333333,0.3,5.217281473617831
155885,0.5,0.5046972663014149,0.3333333333333333,0.3,5.773457903962019
155885,0.6,0.3897628723887466,0.3333333333333333,0.3,5.923736761363102
181172,0.0,0.27997632822948654,0.2222222222222222,0.2,2.3708032509811523
181172,0.1,0.26917187536075465,0.2222222222222222,0.2,2.509577722584267
181172,0.2,0.26556461089171396,0.2222222222222222,0.2,2.509577722584267
181172,0.3,0.20187890652056598,0.1111111111111111,0.1,3.345003492665673
181172,0.4,0.12737140874229597,0.1111111111111111,0.1,3.438383498624126
181172,0.5,0.07809742170892055,0.1111111111111111,0.1,4.630258479741261
181172,0.6,0.07809742170892055,0.1111111111111111,0.1,7.572264167899084
159077,0.0,0.3828026678726432,0.5,0.5,2.033575159201102
159077,0.1,0.39599583836151087,0.5,0.5,2.033575159201102
159077,0.2,0.3828026678726432,0.5,0.5,2.033575159201102
159077,0.3,0.3828026678726432,0.5,0.5,2.162548053788041
159077,0.4,0.4490545877451571,0.5,0.5,2.1625480537880404
159077,0.5,0.39300448072499927,0.4,0.4,2.7087075813117396
159077,0.6,0.45424974788494193,0.3,0.3,3.924222780034758
170813,0.0,0.3055904414602433,0.2857142857142857,0.2,1.963066059310562
170813,0.1,0.3323548113551676,0.2857142857142857,0.2,2.114286570937138
170813,0.2,0.3323548113551676,0.2857142857142857,0.2,2.114286570937138
170813,0.3,0.3323548113551676,0.2857142857142857,0.2,2.114286570937138
170813,0.4,0.3788748389864684,0.2857142857142857,0.2,3.7852812151052255
170813,0.5,0.3788748389864684,0.2857142857142857,0.2,6.174073906108699
170813,0.6,0.3788748389864684,0.2857142857142857,0.2,7.005899297152643
186557,0.0,0.33644750366255316,0.4444444444444444,0.4,4.469177310908084
186557,0.1,0.3452945945615302,0.4444444444444444,0.4,4.469177310908084
186557,0.2,0.3700939880826475,0.4444444444444444,0.4,4.714147906163122
186557,0.3,0.3809157814897695,0.3333333333333333,0.3,4.879067234951215
186557,0.4,0.45344857675989453,0.4444444444444444,0.4,4.879067234951215
186557,0.5,0.5626130430771638,0.4444444444444444,0.4,5.224355791283105
186557,0.6,0.5827946880103355,0.4444444444444444,0.4,5.621216993723334
195390,0.0,0.9399628496939022,0.9,0.9,4.726006088564032
195390,0.1,0.9427099990323233,0.9,0.9,5.687785848542615
195390,0.2,0.9427099990323233,0.9,0.9,6.229345704041016
195390,0.3,0.8148818963691354,0.7,0.7,6.389861760160973
195390,0.4,0.8114812920850166,0.7,0.7,6.389861760160973
195390,0.5,0.8114812920850166,0.7,0.7,6.389861760160973
195390,0.6,0.8114812920850166,0.7,0.7,6.4733558355339245
128609,0.0,0.5442112196304818,0.6,0.6,3.253519404391014
128609,0.1,0.5442112196304818,0.6,0.6,3.561434277444151
128609,0.2,0.4352243094095209,0.4,0.4,3.561434277444151
128609,0.3,0.4027970469297482,0.4,0.4,3.7223028545101897
128609,0.4,0.28546989565597386,0.2,0.2,3.8324480799950003
128609,0.5,0.26393648411429266,0.2,0.2,4.701141771447418
128609,0.6,0.25035041407674696,0.2,0.2,4.701141771447418
129273,0.0,0.809049628382582,0.7,0.7,2.2296933069359093
129273,0.1,0.8663396293502587,0.8,0.8,2.2296933069359093
129273,0.2,0.8148818963691354,0.7,0.7,2.6443186326218386
129273,0.3,0.8629390250661401,0.8,0.8,2.9604329779923675
129273,0.4,0.8228799067182183,0.8,0.8,4.703556298092435
129273,0.5,0.6218214832600651,0.7,0.7,6.797991120694141
129273,0.6,0.4857131018089602,0.6,0.6,7.482787491207169
131332,0.0,0.48846025114738134,0.6,0.6,2.0551033886858727
131332,0.1,0.41393510616593016,0.5,0.5,2.0551033886858727
131332,0.2,0.40374964041250316,0.5,0.5,2.145344434695331
131332,0.3,0.4662348015199647,0.5,0.5,2.186940635446045
131332,0.4,0.4662348015199647,0.5,0.5,3.0858249340226327
131332,0.5,0.4388691219917301,0.5,0.5,5.20419881749162
131332,0.6,0.3686301588332763,0.5,0.5,7.079511862986753
131546,0.0,0.9322090476429099,0.9,0.9,2.8649583206367315
131546,0.1,1.0,1.0,1.0,3.1726011153365485
131546,0.2,0.8826728487262255,0.8,0.8,3.1726011153365485
131546,0.3,0.8792722444421068,0.8,0.8,3.5565334615028688
131546,0.4,0.8629390250661401,0.8,0.8,5.009369326140257
131546,0.5,0.8228799067182183,0.8,0.8,5.442451293664552
131546,0.6,0.7655899057505416,0.7,0.7,5.772402869951548
177880,0.0,1.0,1.0,1.0,3.3560651678880014
177880,0.1,1.0,1.0,1.0,3.4138184366590303
177880,0.2,1.0,1.0,1.0,3.4138184366590307
177880,0.3,1.0,1.0,1.0,3.4922945108249444
177880,0.4,1.0,1.0,1.0,3.601317162728443
177880,0.5,0.9365622454097835,0.9,0.9,3.76871357343562
177880,0.6,0.8096867362293506,0.9,0.9,4.607297092506954
5819,0.0,0.25035041407674696,0.2,0.2,2.724063387819563
5819,0.1,0.25035041407674696,0.2,0.2,2.724063387819563
5819,0.2,0.25035041407674696,0.2,0.2,2.8403573982962533
5819,0.3,0.25035041407674696,0.2,0.2,3.0315522174356753
5819,0.4,0.25035041407674696,0.2,0.2,3.162130365292369
5819,0.5,0.25375101836086567,0.2,0.2,4.449344574614737
5819,0.6,0.26393648411429266,0.2,0.2,5.125170670126737
53447,0.0,0.2722767251671062,0.2,0.2,2.204040242193845
53447,0.1,0.2722767251671062,0.2,0.2,2.204040242193845
53447,0.2,0.26393648411429266,0.2,0.2,2.204040242193845
53447,0.3,0.26393648411429266,0.2,0.2,2.352730174289916
53447,0.4,0.25375101836086567,0.2,0.2,2.8268459722772645
53447,0.5,0.2476032647383259,0.2,0.2,4.729784857800313
53447,0.6,0.13091322131132005,0.2,0.2,6.181232232142351
30122,0.0,0.23767759976121663,0.375,0.3,2.2277766500464753
30122,0.1,0.23767759976121663,0.375,0.3,2.23704353754143
30122,0.2,0.3095476642837209,0.5,0.4,2.23704353754143
30122,0.3,0.3210870084111918,0.5,0.4,2.23704353754143
30122,0.4,0.3520902046324483,0.5,0.4,3.2667394814110287
30122,0.5,0.5959487077087237,0.5,0.4,5.7388338084581685
30122,0.6,0.6070429270663039,0.5,0.4,7.363373972810656
75745,0.0,0.288770349658364,0.42857142857142855,0.3,2.403379100599604
75745,0.1,0.2989508718460877,0.42857142857142855,0.3,2.4952339729059467
75745,0.2,0.2989508718460877,0.42857142857142855,0.3,2.8086353924054785
75745,0.3,0.3793544321478093,0.5714285714285714,0.4,3.6178893453865917
75745,0.4,0.4192348901649545,0.5714285714285714,0.4,4.187483578674732
75745,0.5,0.5210763935923822,0.5714285714285714,0.4,5.810772973513533
75745,0.6,0.5390592694224037,0.5714285714285714,0.4,6.700131593435732
188751,0.0,0.8096867362293506,0.9,0.9,3.2817437652832027
188751,0.1,0.8096867362293506,0.9,0.9,3.2817437652832027
188751,0.2,0.8096867362293506,0.9,0.9,3.2817437652832027
188751,0.3,0.8799256993878044,0.9,0.9,4.724991632687968
188751,0.4,0.8799256993878044,0.9,0.9,5.0725972412428835
188751,0.5,0.8749190466752332,0.8,0.8,6.19351700349897
188751,0.6,0.8792722444421068,0.8,0.8,7.381062003805738
166377,0.0,0.45245519202927575,0.5,0.5,4.093831451560538
166377,0.1,0.47398860357095696,0.5,0.5,4.093831451560538
166377,0.2,0.4989062722978278,0.5,0.5,4.093831451560538
166377,0.3,0.5016534216362489,0.5,0.5,4.093831451560538
166377,0.4,0.5158259306756159,0.5,0.5,4.093831451560538
166377,0.5,0.5833177444956485,0.5,0.5,6.198918667575669
166377,0.6,0.6066963807379432,0.5,0.5,9.762642528740486
26958,0.0,0.7591979438299113,0.7,0.7,2.6765321246806173
26958,0.1,0.7591979438299113,0.7,0.7,2.8299647369830696
26958,0.2,0.7548447460630378,0.7,0.7,2.8299647369830696
26958,0.3,0.7564507944914902,0.7,0.7,2.8675713819959627
26958,0.4,0.612588610989393,0.6,0.6,2.8675713819959627
26958,0.5,0.602642321508127,0.6,0.6,5.361989050674021
26958,0.6,0.49429251913393474,0.6,0.6,7.735229807052489
51241,0.0,0.7010491281539123,0.5714285714285714,0.4,2.0731832307167877
51241,0.1,0.7010491281539123,0.5714285714285714,0.4,2.0731832307167877
51241,0.2,0.7811607377398101,0.7142857142857143,0.5,2.1711093789210785
51241,0.3,0.7010491281539123,0.5714285714285714,0.4,2.3712134364882353
51241,0.4,0.7010491281539123,0.5714285714285714,0.4,2.589718910870098
51241,0.5,0.5217922308484018,0.5714285714285714,0.4,3.5351269330958717
51241,0.6,0.30974139191202427,0.2857142857142857,0.2,4.448625976783708
40611,0.0,0.9365622454097835,0.9,0.9,3.069405465867271
40611,0.1,0.9427099990323233,0.9,0.9,3.151144205468838
40611,0.2,0.9427099990323233,0.9,0.9,3.151144205468838
40611,0.3,0.9399628496939022,0.9,0.9,3.472999589640511
40611,0.4,0.8765250951036857,0.8,0.8,3.610663570027075
40611,0.5,0.8448062178085776,0.8,0.8,3.8303703463865206
40611,0.6,0.8799256993878044,0.9,0.9,4.837337425220219
69882,0.0,0.5013379360002626,0.5,0.5,2.6768439570086473
69882,0.1,0.4496410267469783,0.4,0.4,2.728383745245336
69882,0.2,0.4557887803695181,0.4,0.4,2.728383745245336
69882,0.3,0.5174319791040684,0.5,0.5,2.8003744580221044
69882,0.4,0.5364574175794894,0.5,0.5,2.8003744580221044
69882,0.5,0.6682725635286172,0.7,0.7,3.7735315546165644
69882,0.6,0.5337651984800352,0.5,0.5,5.429260804981068
106180,0.0,0.680635086717573,0.6,0.6,1.8228747535671517
106180,0.1,0.680635086717573,0.6,0.6,1.8228747535671517
106180,0.2,0.680635086717573,0.6,0.6,2.141853314458593
106180,0.3,0.6744873330950333,0.6,0.6,2.465706324096612
106180,0.4,0.7061391944462652,0.6,0.6,3.329357849201505
106180,0.5,0.7240784622506844,0.6,0.6,4.578078984386991
106180,0.6,0.69480759575694,0.6,0.6,5.499608125971227
140306,0.0,0.5938023487861329,0.6,0.6,1.9495634501618468
140306,0.1,0.6541000544892502,0.7,0.7,2.502522061196678
140306,0.2,0.6069955192750006,0.6,0.6,3.043855178929522
140306,0.3,0.6042483699365795,0.6,0.6,5.133905586309149
140306,0.4,0.6784743763809732,0.6,0.6,6.920868517857505
140306,0.5,0.6744873330950333,0.6,0.6,7.026597091919227
140306,0.6,0.5938023487861329,0.6,0.6,7.724397984428171
72471,0.0,0.8749190466752332,0.8,0.8,2.3501778892204235
72471,0.1,0.8749190466752332,0.8,0.8,2.3501778892204235
72471,0.2,0.8721718973368121,0.8,0.8,2.3501778892204235
72471,0.3,0.7514441417789189,0.6,0.6,2.3501778892204235
72471,0.4,0.7514441417789189,0.6,0.6,2.6894502982725763
72471,0.5,0.6855747234862679,0.6,0.6,2.916821089007401
72471,0.6,0.5367729032154759,0.5,0.5,3.4473387397502906
31584,0.0,0.3532608480130639,0.3,0.3,3.8435460789323037
31584,0.1,0.4105508489807405,0.4,0.4,3.8435460789323037
31584,0.2,0.3957516300634204,0.4,0.4,4.030041082915918
31584,0.3,0.4059370958168474,0.4,0.4,4.030041082915918
31584,0.4,0.4093377001009661,0.4,0.4,4.443815347143285
31584,0.5,0.4474485393167046,0.4,0.4,5.585450258839101
31584,0.6,0.4474485393167046,0.4,0.4,6.707403375359554
65676,0.0,0.519879989905432,0.4,0.4,2.571993071607859
65676,0.1,0.39235102577930164,0.3,0.3,2.8686983087219358
65676,0.2,0.39235102577930164,0.3,0.3,2.8686983087219358
65676,0.3,0.36743335705243085,0.3,0.3,3.1814704456498077
65676,0.4,0.3532608480130639,0.3,0.3,3.5477435003799433
65676,0.5,0.3008392064761863,0.4,0.4,3.7124039176264296
65676,0.6,0.19435097590153647,0.3,0.3,4.865127558525697
60889,0.0,0.48256802089593154,0.5,0.5,2.3520429067553357
60889,0.1,0.47673575290937803,0.5,0.5,2.3520429067553357
60889,0.2,0.47673575290937803,0.5,0.5,2.3520429067553357
60889,0.3,0.39176458677748044,0.4,0.4,2.501317995356188
60889,0.4,0.37543136740151367,0.4,0.4,3.440064165113354
60889,0.5,0.32154197071795565,0.3,0.3,5.8899464038705815
60889,0.6,0.24055784787199802,0.3,0.3,6.3889165999686615
87261,0.0,0.0,0.0,0.0,6.29441878546948
87261,0.1,0.0,0.0,0.0,6.634864274520081
87261,0.2,0.0,0.0,0.0,6.634864274520081
87261,0.3,0.0,0.0,0.0,8.345598489392973
87261,0.4,0.0,0.0,0.0,9.140782385895406
87261,0.5,0.0,0.0,0.0,9.91889755199483
87261,0.6,0.0,0.0,0.0,10.101644213768177
29550,0.0,0.4490545877451571,0.5,0.5,2.20018805587749
29550,0.1,0.4490545877451571,0.5,0.5,2.20018805587749
29550,0.2,0.44470138997828357,0.5,0.5,2.20018805587749
29550,0.3,0.38466423967218577,0.4,0.4,2.3744869176290555
29550,0.4,0.3890174374390593,0.4,0.4,2.5639304962464005
29550,0.5,0.25074331362542507,0.3,0.3,3.005071396664376
29550,0.6,0.34006767752419625,0.3,0.3,4.878003203952554
134680,0.0,0.40554419626816934,0.3,0.3,1.733256126758863
134680,0.1,0.39235102577930164,0.3,0.3,1.733256126758863
134680,0.2,0.39235102577930164,0.3,0.3,1.7835033711109733
134680,0.3,0.4089448005522881,0.4,0.4,1.7835033711109733
134680,0.4,0.33231387547320396,0.3,0.3,1.856681632935166
134680,0.5,0.3076404150444236,0.3,0.3,3.3290570667577493
134680,0.6,0.28546989565597386,0.2,0.2,4.231938384043591
185833,0.0,0.7628427564121205,0.7,0.7,3.607484158256779
185833,0.1,0.7655899057505416,0.7,0.7,3.607484158256779
185833,0.2,0.7655899057505416,0.7,0.7,3.7478201402928653
185833,0.3,0.7871233172922227,0.7,0.7,4.337937164422767
185833,0.4,0.7929555852787762,0.7,0.7,4.5888710022458215
185833,0.5,0.7945616337072288,0.7,0.7,4.820215664059049
185833,0.6,0.8114812920850166,0.7,0.7,5.834664812168824
139847,0.0,0.05729000096767664,0.1,0.1,5.49753016298467
139847,0.1,0.05729000096767664,0.1,0.1,6.038042212860618
139847,0.2,0.05729000096767664,0.1,0.1,6.490443854837489
139847,0.3,0.05729000096767664,0.1,0.1,7.256275263773615
139847,0.4,0.05729000096767664,0.1,0.1,8.787644021253332
139847,0.5,0.05729000096767664,0.1,0.1,9.952143996104798
139847,0.6,0.05729000096767664,0.1,0.1,10.296696438185817
30246,0.0,0.650455241907041,0.5,0.5,3.736200855198735
30246,0.1,0.650455241907041,0.5,0.5,3.8659679156527753
30246,0.2,0.6562875098935943,0.5,0.5,3.9515279826402767
30246,0.3,0.669480680382462,0.5,0.5,4.06531652554634
30246,0.4,0.7236855627020065,0.6,0.6,4.131156340018973
30246,0.5,0.7021521511603253,0.6,0.6,4.460184242386523
30246,0.6,0.6889753277703865,0.6,0.6,4.905244212970475
98194,0.0,0.19004688335796716,0.3333333333333333,0.1,5.2597123443451315
98194,0.1,0.23981246656813146,0.3333333333333333,0.1,5.641226143757315
98194,0.2,0.3800937667159343,0.3333333333333333,0.1,6.232504083780947
98194,0.3,0.3800937667159343,0.3333333333333333,0.1,7.4431021385053855
98194,0.4,0.3800937667159343,0.3333333333333333,0.1,7.7256903905969825
98194,0.5,0.3800937667159343,0.3333333333333333,0.1,8.991407940403937
98194,0.6,0.3800937667159343,0.3333333333333333,0.1,9.227084924813905
185468,0.0,0.48476050832620526,0.5,0.5,1.9687207659910613
185468,0.1,0.48256802089593154,0.5,0.5,2.215111547663825
185468,0.2,0.3991358872486101,0.5,0.5,2.215111547663825
185468,0.3,0.3329509833199725,0.4,0.4,2.215111547663825
185468,0.4,0.3359586880554132,0.4,0.4,2.7976968290348188
185468,0.5,0.3788319716856323,0.4,0.4,3.9455550891957687
185468,0.6,0.37107816963464,0.4,0.4,4.86257108910492
167775,0.0,0.5007008281534939,0.3,0.3,2.234025834484684
167775,0.1,0.5007008281534939,0.3,0.3,2.234025834484684
167775,0.2,0.4757831594266231,0.3,0.3,2.234025834484684
167775,0.3,0.4757831594266231,0.3,0.3,2.4846361135856707
167775,0.4,0.46258998893775544,0.3,0.3,2.484636113585671
167775,0.5,0.37817851673993474,0.3,0.3,3.167502885898046
167775,0.6,0.26393648411429266,0.2,0.2,4.821685985419633
49287,0.0,0.6971277764075304,0.75,0.6,3.469817686943499
49287,0.1,0.6971277764075304,0.75,0.6,3.469817686943499
49287,0.2,0.7767030836799981,0.75,0.6,3.469817686943499
49287,0.3,0.8198797139238487,0.75,0.6,3.9250993160879366
49287,0.4,0.8198797139238487,0.75,0.6,4.472346375399825
49287,0.5,0.8198797139238487,0.75,0.6,5.215384111847907
49287,0.6,0.8198797139238487,0.75,0.6,5.799178243690582
187296,0.0,0.7945616337072288,0.7,0.7,5.790496539096525
187296,0.1,0.7985486769931687,0.7,0.7,5.790496539096525
187296,0.2,0.7868078316562364,0.7,0.7,5.790496539096525
187296,0.3,0.7843761679538016,0.7,0.7,5.790496539096525
187296,0.4,0.771182997464934,0.7,0.7,5.790496539096525
187296,0.5,0.7628427564121205,0.7,0.7,6.117675120770113
187296,0.6,0.7628427564121205,0.7,0.7,6.565631102783938
125576,0.0,0.7843761679538016,0.7,0.7,2.8345390782357205
125576,0.1,0.7628427564121205,0.7,0.7,3.1071788471757715
125576,0.2,0.7594421521280019,0.7,0.7,3.3291518054718674
125576,0.3,0.7301712856342574,0.7,0.7,3.329151805471868
125576,0.4,0.7345244834011311,0.7,0.7,3.495188944788474
125576,0.5,0.6103961235591193,0.6,0.6,4.050075615010398
125576,0.6,0.6153357603278141,0.6,0.6,4.891997766093513
139870,0.0,0.3292503152628619,0.2222222222222222,0.2,1.9184618629671693
139870,0.1,0.3292503152628619,0.2222222222222222,0.2,2.00151881591501
139870,0.2,0.3292503152628619,0.2222222222222222,0.2,2.00151881591501
139870,0.3,0.302818359780849,0.2222222222222222,0.2,2.5096859151216466
139870,0.4,0.3002215794307131,0.3333333333333333,0.3,2.9751808385982152
139870,0.5,0.23695265174495234,0.3333333333333333,0.3,4.670251285971469
139870,0.6,0.3345612303032353,0.3333333333333333,0.3,7.358184440849689
1424,0.0,0.8765250951036857,0.8,0.8,4.109145677773684
1424,0.1,0.8012958263315898,0.7,0.7,4.109145677773684
1424,0.2,0.7979622379913474,0.8,0.8,4.109145677773684
1424,0.3,0.714530104344026,0.8,0.8,4.487814225089484
1424,0.4,0.6295752853110574,0.7,0.7,4.487814225089484
1424,0.5,0.5620834714910248,0.7,0.7,4.7295041432806855
1424,0.6,0.5620834714910248,0.7,0.7,5.442268528166819
75776,0.0,0.6765196123325371,0.5555555555555556,0.5,3.0522162203874514
75776,0.1,0.6699982498468837,0.5555555555555556,0.5,3.052216220387451
75776,0.2,0.6092266434923485,0.4444444444444444,0.4,3.325265368858004
75776,0.3,0.5766079837295491,0.4444444444444444,0.4,3.5119381316290204
75776,0.4,0.5719902351416036,0.4444444444444444,0.4,3.7745105501162657
75776,0.5,0.5683829706725629,0.4444444444444444,0.4,4.607083072563524
75776,0.6,0.49096137487768016,0.4444444444444444,0.4,5.844928478184113
183812,0.0,0.9322090476429099,0.9,0.9,3.517225053883132
183812,0.1,0.9322090476429099,0.9,0.9,3.9206883560528625
183812,0.2,0.9322090476429099,0.9,0.9,3.9206883560528625
183812,0.3,0.9322090476429099,0.9,0.9,3.9206883560528625
183812,0.4,0.8721718973368121,0.8,0.8,4.057127526750188
183812,0.5,0.8029018747600423,0.7,0.7,4.356474914748255
183812,0.6,0.7329184349726785,0.6,0.6,4.811759873526616
128174,0.0,0.568491780510584,0.4,0.4,3.4870659192330975
128174,0.1,0.5743240484971374,0.4,0.4,3.5921092877845036
128174,0.2,0.631614049464814,0.5,0.5,3.6726374413079528
128174,0.3,0.6994050018219041,0.6,0.6,4.455481770303995
128174,0.4,0.7329184349726785,0.6,0.6,6.183480279751771
128174,0.5,0.7165852155967116,0.6,0.6,7.137547261177383
128174,0.6,0.603611262089811,0.5,0.5,7.644113834308915
198384,0.0,0.9180365386035428,0.9,0.9,2.8734067534796734
198384,0.1,0.9263767796563563,0.9,0.9,2.8734067534796734
198384,0.2,0.9263767796563563,0.9,0.9,2.8734067534796734
198384,0.3,0.9263767796563563,0.9,0.9,2.958346623108855
198384,0.4,0.9263767796563563,0.9,0.9,3.0955821990160137
198384,0.5,0.9263767796563563,0.9,0.9,3.1758709557621843
198384,0.6,0.8148818963691354,0.7,0.7,4.125605985671045
80037,0.0,0.5729274233322634,0.5,0.4,2.7853711094022136
80037,0.1,0.5729274233322634,0.5,0.4,2.7853711094022136
80037,0.2,0.5729274233322634,0.5,0.4,2.9337640675831205
80037,0.3,0.5798923522200292,0.5,0.4,3.171664321167278
80037,0.4,0.48117868203720165,0.5,0.4,3.6080687958748263
80037,0.5,0.5146297957850003,0.375,0.3,3.79518250302189
80037,0.6,0.3914327334987913,0.375,0.3,5.164133924923883
88962,0.0,0.7345244834011311,0.7,0.7,3.75830183709231
88962,0.1,0.6784580292820441,0.7,0.7,3.758301837092309
88962,0.2,0.6784580292820441,0.7,0.7,3.945125374657226
88962,0.3,0.6784580292820441,0.7,0.7,3.9451253746572257
88962,0.4,0.6760263655796095,0.7,0.7,4.098864205190976
88962,0.5,0.7274790665348032,0.7,0.7,6.279996105365447
88962,0.6,0.6704332738652171,0.7,0.7,6.994150999201693
113996,0.0,0.18351205520241193,0.2,0.2,3.1407432269442976
113996,0.1,0.18786525296928555,0.2,0.2,3.36807348368255
113996,0.2,0.18786525296928555,0.2,0.2,3.9361098227585174
113996,0.3,0.19369752095583892,0.2,0.2,3.9361098227585165
113996,0.4,0.2152309324975201,0.2,0.2,5.101771789188803
113996,0.5,0.2152309324975201,0.2,0.2,5.600091606064649
113996,0.6,0.20203776200865248,0.2,0.2,6.604720525492121
11213,0.0,0.2834147844032882,0.4,0.4,2.2804988973826656
11213,0.1,0.2834147844032882,0.4,0.4,2.2804988973826656
11213,0.2,0.28066763506486714,0.4,0.4,3.0087830384311394
11213,0.3,0.21902443633031685,0.3,0.3,3.7731841694245496
11213,0.4,0.22023758521009126,0.3,0.3,5.16637816523198
11213,0.5,0.2509875219235156,0.3,0.3,5.812871652652101
11213,0.6,0.2830218848546101,0.3,0.3,8.796394343071565
148445,0.0,0.4105508489807405,0.4,0.4,2.037867686778597
148445,0.1,0.3532608480130639,0.3,0.3,2.037867686778597
148445,0.2,0.34006767752419625,0.3,0.3,2.037867686778597
148445,0.3,0.34006767752419625,0.3,0.3,2.037867686778597
148445,0.4,0.3489076502461903,0.3,0.3,2.0378676867785974
148445,0.5,0.27252093346519674,0.3,0.3,5.4464652083704905
148445,0.6,0.2620749123147502,0.3,0.3,7.180857016555303
101396,0.0,0.24661756247359962,0.2857142857142857,0.2,3.219161094535417
101396,0.1,0.3323548113551676,0.2857142857142857,0.2,3.219161094535418
101396,0.2,0.3323548113551676,0.2857142857142857,0.2,4.4524554152042315
101396,0.3,0.3323548113551676,0.2857142857142857,0.2,5.600563507503212
101396,0.4,0.3323548113551676,0.2857142857142857,0.2,7.322223382847405
101396,0.5,0.3323548113551676,0.2857142857142857,0.2,7.45056230873093
101396,0.6,0.3323548113551676,0.2857142857142857,0.2,7.917289230138394
64451,0.0,0.7841156125567822,0.7,0.7,2.6975545144218565
64451,0.1,0.7841156125567822,0.7,0.7,2.7980565976427205
64451,0.2,0.857999388297445,0.8,0.8,2.984017956732077
64451,0.3,0.8114812920850166,0.7,0.7,3.1186957785039886
64451,0.4,0.857999388297445,0.8,0.8,3.162084221968379
64451,0.5,0.8226356984201277,0.8,0.8,4.0349057378489
64451,0.6,0.752396735261674,0.8,0.8,5.662367869622433
187281,0.0,0.06003715030609775,0.1,0.1,2.5719759473278034
187281,0.1,0.05729000096767664,0.1,0.1,2.5719759473278034
187281,0.2,0.07362322034364344,0.1,0.1,2.6318565424380203
187281,0.3,0.149754413753547,0.2,0.2,2.6318565424380207
187281,0.4,0.22606985319664472,0.3,0.3,2.6318565424380207
187281,0.5,0.44406428213151494,0.3,0.3,4.075144463341373
187281,0.6,0.45424974788494193,0.3,0.3,7.777553900367247
63375,0.0,0.5158259306756159,0.5,0.5,4.626824297225365
63375,0.1,0.5940629041831526,0.6,0.6,4.626824297225365
63375,0.2,0.5940629041831526,0.6,0.6,5.091463911874235
63375,0.3,0.5367729032154759,0.5,0.5,5.091463911874235
63375,0.4,0.5333722989313572,0.5,0.5,7.041182225936628
63375,0.5,0.5392045669179105,0.5,0.5,8.092370456704014
63375,0.6,0.5333722989313572,0.5,0.5,10.509426725629732
115729,0.0,0.8687712930526933,0.8,0.8,2.7379529930858326
115729,0.1,0.8663396293502587,0.8,0.8,2.7379529930858326
115729,0.2,0.8690867786886797,0.8,0.8,2.918119249333109
115729,0.3,0.809049628382582,0.7,0.7,3.1647823738916
115729,0.4,0.809049628382582,0.7,0.7,3.2561822775031652
115729,0.5,0.7875162168409008,0.7,0.7,3.724159215164458
115729,0.6,0.6923595849555763,0.7,0.7,4.190355527808844
139975,0.0,0.8746071583782726,1.0,0.3,4.391661622490419
139975,0.1,0.8746071583782726,1.0,0.3,4.391661622490419
139975,0.2,0.8746071583782726,1.0,0.3,4.391661622490419
139975,0.3,0.8746071583782726,1.0,0.3,4.559818585000361
139975,0.4,0.8746071583782726,1.0,0.3,4.808680690657506
139975,0.5,0.8746071583782726,1.0,0.3,5.107076517207155
139975,0.6,0.7343258582304697,1.0,0.3,5.738873944175236
88539,0.0,0.244212503630646,0.3333333333333333,0.2,5.35928647578112
88539,0.1,0.244212503630646,0.3333333333333333,0.2,5.35928647578112
88539,0.2,0.244212503630646,0.3333333333333333,0.2,5.35928647578112
88539,0.3,0.244212503630646,0.3333333333333333,0.2,5.499009744621072
88539,0.4,0.244212503630646,0.3333333333333333,0.2,5.637510615004896
88539,0.5,0.244212503630646,0.3333333333333333,0.2,5.9358857098926245
88539,0.6,0.244212503630646,0.3333333333333333,0.2,6.93643066710938
8828,0.0,0.7514441417789189,0.6,0.6,3.336552331758619
8828,0.1,0.8012958263315898,0.7,0.7,3.426486551259978
8828,0.2,0.7985486769931687,0.7,0.7,3.4772636017117557
8828,0.3,0.7985486769931687,0.7,0.7,3.809228791472009
8828,0.4,0.7985486769931687,0.7,0.7,4.462080291388654
8828,0.5,0.7902084359403552,0.7,0.7,5.265545833297688
8828,0.6,0.7902084359403552,0.7,0.7,5.947882558810731
1918,0.0,0.44105657739607423,0.4,0.4,3.1089305164054504
1918,0.1,0.4268840683567074,0.4,0.4,3.2351680154764066
1918,0.2,0.36743335705243085,0.3,0.3,3.5441229191135264
1918,0.3,0.49866206399973734,0.5,0.5,3.5441229191135264
1918,0.4,0.7111458471588363,0.7,0.7,4.877899427568939
1918,0.5,0.7021521511603253,0.6,0.6,6.075780430240703
1918,0.6,0.8056490240984634,0.7,0.7,7.079111172467302
163574,0.0,0.25035041407674696,0.2,0.2,2.1522036208290056
163574,0.1,0.25375101836086567,0.2,0.2,2.1522036208290056
163574,0.2,0.25375101836086567,0.2,0.2,2.3345588584024055
163574,0.3,0.2152309324975201,0.2,0.2,2.3345588584024055
163574,0.4,0.2752680828036178,0.3,0.3,3.151105393727567
163574,0.5,0.2756609823522959,0.3,0.3,5.708439153364026
163574,0.6,0.28610700350274243,0.4,0.4,7.804604748106032
51441,0.0,0.593818695885062,0.5,0.5,1.6237927359546116
51441,0.1,0.5904180916009433,0.5,0.5,1.8260350257888096
51441,0.2,0.5226271392438532,0.4,0.4,2.0330034910227655
51441,0.3,0.46258998893775544,0.3,0.3,2.7832870845902584
51441,0.4,0.45424974788494193,0.3,0.3,4.352553276249202
51441,0.5,0.45424974788494193,0.3,0.3,4.942165843650149
51441,0.6,0.25074331362542507,0.3,0.3,4.942165843650148
96538,0.0,0.703392045107844,0.6,0.6,2.950055383988049
96538,0.1,0.7634291954139418,0.7,0.7,2.950055383988049
96538,0.2,0.771182997464934,0.7,0.7,2.9500553839880492
96538,0.3,0.8475533671469987,0.8,0.8,2.9500553839880492
96538,0.4,0.8721718973368121,0.8,0.8,3.322195988182559
96538,0.5,0.8029018747600423,0.7,0.7,5.288614843886431
96538,0.6,0.7456118737923656,0.6,0.6,7.444860147050635
178334,0.0,0.37382531897306115,0.3,0.3,3.690477052331586
178334,0.1,0.37382531897306115,0.3,0.3,3.7993470501904
178334,0.2,0.38401078472648814,0.3,0.3,3.7993470501904
178334,0.3,0.39235102577930164,0.3,0.3,3.7993470501904
178334,0.4,0.39235102577930164,0.3,0.3,4.227548778230909
178334,0.5,0.39235102577930164,0.3,0.3,4.442682931662716
178334,0.6,0.4757831594266231,0.3,0.3,5.159422399284283
61502,0.0,0.5854784548322485,0.5,0.5,1.48831609091833
61502,0.1,0.5854784548322485,0.5,0.5,1.6092493095836904
61502,0.2,0.5777246527812562,0.5,0.5,1.6092493095836904
61502,0.3,0.5084546302044863,0.4,0.4,1.743152287197077
61502,0.4,0.44066367784739624,0.3,0.3,1.883233951936226
61502,0.5,0.3590931159996173,0.3,0.3,2.7428577112203794
61502,0.6,0.16877985222896807,0.2,0.2,3.5281974635666415
70759,0.0,0.7138929964972575,0.6,0.6,2.4990137534997703
70759,0.1,0.7197252644838108,0.6,0.6,2.7310959480671673
70759,0.2,0.6562875098935943,0.5,0.5,2.7310959480671673
70759,0.3,0.6171973321273566,0.5,0.5,2.7310959480671673
70759,0.4,0.5435741117837132,0.4,0.4,2.7310959480671677
70759,0.5,0.519879989905432,0.4,0.4,4.496076151012184
70759,0.6,0.42771471565661906,0.4,0.4,4.745430098307939
5911,0.0,0.6855747234862679,0.6,0.6,2.048152300654742
5911,0.1,0.6211843754132965,0.5,0.5,2.201226432780783
5911,0.2,0.6150366217907567,0.5,0.5,2.3372913505693065
5911,0.3,0.5392209140168396,0.4,0.4,3.1671815592666803
5911,0.4,0.519879989905432,0.4,0.4,4.506317480858836
5911,0.5,0.5057074808660652,0.4,0.4,5.694764774485595
5911,0.6,0.36743335705243085,0.3,0.3,6.65186422270515
52730,0.0,0.5938023487861329,0.6,0.6,2.0834762843697083
52730,0.1,0.6599323224758037,0.7,0.7,2.2738060420884256
52730,0.2,0.6642855202426773,0.7,0.7,2.3947972582807497
52730,0.3,0.7360635158857073,0.8,0.8,2.6863582076046746
52730,0.4,0.8096867362293506,0.9,0.9,2.821228253388825
52730,0.5,0.8826728487262255,0.8,0.8,4.630446745591422
52730,0.6,0.9427099990323233,0.9,0.9,5.862865968055653
165639,0.0,0.1280645751947239,0.2222222222222222,0.2,4.098905018189995
165639,0.1,0.1280645751947239,0.2222222222222222,0.2,4.109453743523013
165639,0.2,0.12445731072568322,0.2222222222222222,0.2,4.109453743523014
165639,0.3,0.12445731072568322,0.2222222222222222,0.2,4.109453743523014
165639,0.4,0.12445731072568322,0.2222222222222222,0.2,4.218728025467722
165639,0.5,0.12445731072568322,0.2222222222222222,0.2,4.52943594186469
165639,0.6,0.12445731072568322,0.2222222222222222,0.2,6.031178514040783
78616,0.0,0.18279784987907863,0.2857142857142857,0.2,3.5489609351012654
78616,0.1,0.21620178938815848,0.2857142857142857,0.2,3.5489609351012654
78616,0.2,0.23643704028587592,0.2857142857142857,0.2,3.5489609351012654
78616,0.3,0.24661756247359962,0.2857142857142857,0.2,3.5899094608685536
78616,0.4,0.22400414303045632,0.2857142857142857,0.2,3.787973593812231
78616,0.5,0.21649988245062435,0.2857142857142857,0.2,4.141748839609296
78616,0.6,0.14656879505245024,0.14285714285714285,0.1,5.2553169145300185
94655,0.0,0.9322090476429099,0.9,0.9,2.2642776692419333
94655,0.1,0.9322090476429099,0.9,0.9,2.4118849322429132
94655,0.2,0.9322090476429099,0.9,0.9,2.411884932242913
94655,0.3,0.8792722444421068,0.8,0.8,2.5835125410781026
94655,0.4,0.9365622454097835,0.9,0.9,2.5835125410781026
94655,0.5,0.7677823931808154,0.7,0.7,3.2055361146735164
94655,0.6,0.555952064967414,0.6,0.6,4.399573338608986
26125,0.0,0.7680818735283802,0.6666666666666666,0.6,5.304690207170203
26125,0.1,0.7680818735283802,0.6666666666666666,0.6,5.524983701835709
26125,0.2,0.7820768141807656,0.6666666666666666,0.6,5.524983701835709
26125,0.3,0.7820768141807656,0.6666666666666666,0.6,5.826168480541115
26125,0.4,0.7820768141807656,0.6666666666666666,0.6,6.00869084343155
26125,0.5,0.7820768141807656,0.6666666666666666,0.6,6.00869084343155
26125,0.6,0.7909239050797426,0.6666666666666666,0.6,6.619181875556926
48518,0.0,0.19031326377064925,0.1,0.1,2.5982424126004373
48518,0.1,0.19031326377064925,0.1,0.1,2.598242412600437
48518,0.2,0.19031326377064925,0.1,0.1,2.598242412600437
48518,0.3,0.09515663188532462,0.1,0.1,2.7133053442128454
48518,0.4,0.081963461396457,0.1,0.1,3.5037504992285555
48518,0.5,0.12072775555789306,0.2,0.2,3.9005380574816266
48518,0.6,0.12347490489631419,0.2,0.2,5.469732665010863
63143,0.0,0.5645314822923885,0.6,0.6,2.5446292519835367
63143,0.1,0.5586992143058351,0.6,0.6,2.5446292519835367
63143,0.2,0.5645314822923885,0.6,0.6,2.7116645888400632
63143,0.3,0.6640413119445867,0.6,0.6,3.060914362059487
63143,0.4,0.6772344824334544,0.6,0.6,3.764425566360201
63143,0.5,0.6914069914728213,0.6,0.6,4.930460572459376
63143,0.6,0.713577510861271,0.6,0.6,5.856319909725679
78164,0.0,0.6682725635286172,0.7,0.7,4.765535793805308
78164,0.1,0.646739151986936,0.7,0.7,4.93707507813267
78164,0.2,0.646739151986936,0.7,0.7,6.279580743343301
78164,0.3,0.6218214832600651,0.7,0.7,6.699274091968363
78164,0.4,0.6218214832600651,0.7,0.7,6.699274091968363
78164,0.5,0.6218214832600651,0.7,0.7,7.038196480581648
78164,0.6,0.646739151986936,0.7,0.7,7.349448720525759
4257,0.0,0.8765250951036857,0.8,0.8,3.6783228676663553
4257,0.1,0.819235094136009,0.7,0.7,3.6783228676663553
4257,0.2,0.819235094136009,0.7,0.7,3.6783228676663553
4257,0.3,0.8114812920850166,0.7,0.7,3.678322867666356
4257,0.4,0.8114812920850166,0.7,0.7,3.932071246721783
4257,0.5,0.7456118737923656,0.6,0.6,5.413161074568703
4257,0.6,0.7985486769931687,0.7,0.7,6.772960467561889
125995,0.0,0.4301897685231449,0.3333333333333333,0.3,2.5529488380096272
125995,0.1,0.4301897685231449,0.3333333333333333,0.3,2.5529488380096272
125995,0.2,0.49096137487768016,0.4444444444444444,0.4,2.552948838009627
125995,0.3,0.5082871902320655,0.4444444444444444,0.4,2.7285389585813675
125995,0.4,0.3933527963193971,0.4444444444444444,0.4,2.9615219354607087
125995,0.5,0.346998245132863,0.4444444444444444,0.4,3.109763769063613
125995,0.6,0.27997632822948654,0.2222222222222222,0.2,5.050670689884386
99298,0.0,0.8148818963691354,0.7,0.7,2.0698682035526708
99298,0.1,0.8148818963691354,0.7,0.7,2.149390275335476
99298,0.2,0.8056490240984634,0.7,0.7,2.1493902753354766
99298,0.3,0.6674419162287054,0.6,0.6,2.2045934150864297
99298,0.4,0.6040041616384889,0.5,0.5,3.3372847518810973
99298,0.5,0.43386246927915895,0.4,0.4,5.799988429367209
99298,0.6,0.2587413239745079,0.4,0.4,7.202431339785102
161150,0.0,0.631614049464814,0.5,0.5,3.6317055343948836
161150,0.1,0.6257817814782607,0.5,0.5,3.6317055343948836
161150,0.2,0.6319295351008004,0.5,0.5,3.710320819131927
161150,0.3,0.6070118663739296,0.5,0.5,3.8070680597997346
161150,0.4,0.5854784548322485,0.5,0.5,3.992961298223345
161150,0.5,0.43386246927915895,0.4,0.4,5.132968921697885
161150,0.6,0.19435097590153647,0.3,0.3,5.5510107885768525
160757,0.0,0.752396735261674,0.8,0.8,2.2539960006696114
160757,0.1,0.7496495859232529,0.8,0.8,2.2539960006696114
160757,0.2,0.7462489816391342,0.8,0.8,2.4204052806911496
160757,0.3,0.7418957838722606,0.8,0.8,2.594918370088201
160757,0.4,0.5940629041831526,0.6,0.6,3.0510134427990416
160757,0.5,0.5290191011644836,0.5,0.5,3.3857567294232647
160757,0.6,0.5013379360002626,0.5,0.5,3.9862136198459175
149684,0.0,0.4258944138790334,0.42857142857142855,0.3,4.0368225446553945
149684,0.1,0.4312081483589565,0.42857142857142855,0.3,4.0368225446553945
149684,0.2,0.4258944138790334,0.42857142857142855,0.3,4.435486059897217
149684,0.3,0.4258944138790334,0.42857142857142855,0.3,4.997318533862703
149684,0.4,0.5220903239108676,0.5714285714285714,0.4,5.2632174795231705
149684,0.5,0.6078275727924357,0.5714285714285714,0.4,5.2632174795231705
149684,0.6,0.6078275727924357,0.5714285714285714,0.4,5.640906136926146
38441,0.0,0.7021521511603253,0.6,0.6,2.399730635384169
38441,0.1,0.7021521511603253,0.6,0.6,2.399730635384169
38441,0.2,0.7055527554444438,0.6,0.6,2.399730635384169
38441,0.3,0.7594421521280019,0.7,0.7,2.6140447676458614
38441,0.4,0.7813684632183611,0.7,0.7,2.614044767645862
38441,0.5,0.8312201477710319,0.8,0.8,5.223083058839525
38441,0.6,0.8096867362293506,0.9,0.9,5.4654081730239215
180541,0.0,0.5340257538770548,0.6,0.6,3.369456646381045
180541,0.1,0.4035054321144127,0.4,0.4,3.550597438510118
180541,0.2,0.42253087058983374,0.4,0.4,3.550597438510118
180541,0.3,0.36743335705243085,0.3,0.3,3.550597438510118
180541,0.4,0.40554419626816934,0.3,0.3,4.18531702622426
180541,0.5,0.40554419626816934,0.3,0.3,4.784198282833562
180541,0.6,0.39235102577930164,0.3,0.3,5.3890962016200294
191769,0.0,0.6109825625609405,0.6,0.6,3.521349071500276
191769,0.1,0.6109825625609405,0.6,0.6,3.7116470976831115
191769,0.2,0.583616883032706,0.6,0.6,3.7116470976831115
191769,0.3,0.5752766419798925,0.6,0.6,4.333776336377124
191769,0.4,0.5503589732530216,0.6,0.6,8.430027226688999
191769,0.5,0.4420091708788293,0.6,0.6,9.835760729838615
191769,0.6,0.5503589732530216,0.6,0.6,10.433478359861141
