user_id,lam,ndcg,recall,precision,novelty
144826,0.0,0.40668703729089384,0.6,0.3,2.8282511135220547
144826,0.1,0.40668703729089384,0.6,0.3,2.9313856720327367
144826,0.2,0.41754669397827904,0.6,0.3,3.173412780996057
144826,0.3,0.4261511318203623,0.6,0.3,3.1977270694430184
144826,0.4,0.6701618871885437,0.6,0.3,3.5114369618089496
144826,0.5,0.5515104464192279,0.6,0.3,3.987020624053154
144826,0.6,0.5097320472647343,0.6,0.3,5.324207927183434
42833,0.0,0.8164879447975879,0.8,0.8,2.1355262451595243
42833,0.1,0.8414056135244589,0.8,0.8,2.1355262451595243
42833,0.2,0.8607465376358662,0.8,0.8,2.1355262451595243
42833,0.3,0.8749190466752332,0.8,0.8,2.191247461981446
42833,0.4,0.8826728487262255,0.8,0.8,2.191247461981446
42833,0.5,0.819235094136009,0.7,0.7,3.7935961326524366
42833,0.6,0.7766223659028094,0.7,0.7,6.283765661101545
35708,0.0,0.25035041407674696,0.2,0.2,4.930811492042531
35708,0.1,0.25035041407674696,0.2,0.2,5.180776689864547
35708,0.2,0.25035041407674696,0.2,0.2,5.1807766898645475
35708,0.3,0.25035041407674696,0.2,0.2,5.423818117245515
35708,0.4,0.25035041407674696,0.2,0.2,5.7735226571562155
35708,0.5,0.25035041407674696,0.2,0.2,6.115064110926081
35708,0.6,0.25035041407674696,0.2,0.2,6.489403934412266
74586,0.0,0.20979156405964475,0.3,0.3,2.3459493417089137
74586,0.1,0.20979156405964475,0.3,0.3,2.3459493417089132
74586,0.2,0.20979156405964475,0.3,0.3,2.3459493417089132
74586,0.3,0.21319216834376345,0.3,0.3,2.4485482606354507
74586,0.4,0.20979156405964475,0.3,0.3,2.550681000531944
74586,0.5,0.2229847345485124,0.3,0.3,5.068785751256813
74586,0.6,0.2288170025350658,0.3,0.3,6.662797407501796
186158,0.0,0.5494063797702665,0.4,0.4,1.7408494024295238
186158,0.1,0.5494063797702665,0.4,0.4,1.7408494024295238
186158,0.2,0.6285289308166818,0.5,0.5,1.9525206249672649
186158,0.3,0.6255375731801701,0.5,0.5,2.343637293471128
186158,0.4,0.6211843754132965,0.5,0.5,4.528726912188448
186158,0.5,0.6109825625609405,0.6,0.6,4.8285173416724545
186158,0.6,0.5752766419798925,0.6,0.6,5.346068338291803
57140,0.0,0.39599583836151087,0.5,0.5,1.9729866177546174
57140,0.1,0.41232905773747774,0.5,0.5,1.9729866177546178
57140,0.2,0.5515825201016114,0.7,0.7,2.075679842543684
57140,0.3,0.6193734724587013,0.8,0.8,2.075679842543684
57140,0.4,0.5620834714910248,0.7,0.7,2.653201664595695
57140,0.5,0.6184208789759464,0.6,0.6,4.744827979396304
57140,0.6,0.6778209214352755,0.5,0.5,5.76087425915293
19995,0.0,0.6177837711291778,0.5,0.5,2.195873717751495
19995,0.1,0.6744873330950333,0.6,0.6,2.195873717751495
19995,0.2,0.680635086717573,0.6,0.6,2.195873717751495
19995,0.3,0.6640413119445867,0.6,0.6,2.1958737177514944
19995,0.4,0.7055527554444438,0.6,0.6,3.256687271375121
19995,0.5,0.7138929964972575,0.6,0.6,5.972491532665809
19995,0.6,0.7236855627020065,0.6,0.6,8.26012645149169
109588,0.0,0.05729000096767664,0.1,0.1,7.182988439311049
109588,0.1,0.05729000096767664,0.1,0.1,7.409417204504095
109588,0.2,0.05729000096767664,0.1,0.1,7.70562247166738
109588,0.3,0.05729000096767664,0.1,0.1,8.645687607367057
109588,0.4,0.05729000096767664,0.1,0.1,8.645687607367055
109588,0.5,0.05729000096767664,0.1,0.1,8.787313155110608
109588,0.6,0.05729000096767664,0.1,0.1,9.197716623891269
107932,0.0,0.48814476551139496,0.6,0.6,4.15643132591385
107932,0.1,0.49864571690080833,0.6,0.6,4.15643132591385
107932,0.2,0.48846025114738134,0.6,0.6,4.15643132591385
107932,0.3,0.42008285978847,0.5,0.5,4.15643132591385
107932,0.4,0.4068896892996024,0.5,0.5,4.430399175612514
107932,0.5,0.43586141725628946,0.6,0.6,4.861823724207731
107932,0.6,0.43586141725628946,0.6,0.6,5.981598167801478
196610,0.0,0.9180365386035428,0.9,0.9,4.453025377646297
196610,0.1,0.9263767796563563,0.9,0.9,4.453025377646297
196610,0.2,0.9322090476429099,0.9,0.9,4.571835058826909
196610,0.3,0.8826728487262255,0.8,0.8,4.726073719664179
196610,0.4,0.8826728487262255,0.8,0.8,4.726073719664179
196610,0.5,0.8792722444421068,0.8,0.8,4.917461214407899
196610,0.6,0.8749190466752332,0.8,0.8,5.935129639620671
129704,0.0,0.3461441538088402,0.4,0.4,2.4502111804220554
129704,0.1,0.3590931159996173,0.3,0.3,2.4502111804220554
129704,0.2,0.3458999455107497,0.3,0.3,2.4502111804220554
129704,0.3,0.318141366433837,0.3,0.3,2.5916725179386235
129704,0.4,0.15519378219142235,0.2,0.2,2.5916725179386235
129704,0.5,0.12072775555789306,0.2,0.2,3.5115214215054955
129704,0.6,0.12347490489631419,0.2,0.2,5.58145845468675
44934,0.0,0.23230604393401819,0.14285714285714285,0.1,3.6762154578302444
44934,0.1,0.23230604393401819,0.14285714285714285,0.1,3.833766143920107
44934,0.2,0.23230604393401819,0.14285714285714285,0.1,3.833766143920107
44934,0.3,0.23230604393401819,0.14285714285714285,0.1,4.5233453082566095
44934,0.4,0.23230604393401819,0.14285714285714285,0.1,8.512188953251238
44934,0.5,0.23230604393401819,0.14285714285714285,0.1,9.46305786967362
44934,0.6,0.23230604393401819,0.14285714285714285,0.1,9.960217915836662
173640,0.0,0.8096867362293506,0.9,0.9,2.901182434416657
173640,0.1,0.8096867362293506,0.9,0.9,2.901182434416657
173640,0.2,0.8096867362293506,0.9,0.9,2.901182434416657
173640,0.3,0.8096867362293506,0.9,0.9,3.0262928691460984
173640,0.4,0.8096867362293506,0.9,0.9,3.0262928691460984
173640,0.5,0.9263767796563563,0.9,0.9,3.788132263189003
173640,0.6,0.9365622454097835,0.9,0.9,5.314995758971866
35198,0.0,0.55774662082308,0.4,0.4,2.2894288002183174
35198,0.1,0.4791674166118128,0.4,0.4,2.2894288002183174
35198,0.2,0.4689819508583858,0.4,0.4,2.3479532494078366
35198,0.3,0.5228713475419438,0.5,0.5,2.5725715787974384
35198,0.4,0.4573948287979707,0.5,0.5,2.8079720846350393
35198,0.5,0.44470138997828357,0.5,0.5,5.9314388879567215
35198,0.6,0.4737280481739375,0.5,0.5,7.252814934668829
63211,0.0,0.23981246656813146,0.3333333333333333,0.1,2.8662029108967984
63211,0.1,0.23981246656813146,0.3333333333333333,0.1,2.866202910896799
63211,0.2,0.19004688335796716,0.3333333333333333,0.1,2.866202910896799
63211,0.3,0.14704034066641014,0.3333333333333333,0.1,2.9957897844704933
63211,0.4,0.14704034066641014,0.3333333333333333,0.1,3.037917893748751
63211,0.5,0.14704034066641014,0.3333333333333333,0.1,3.7618447310500898
63211,0.6,0.13539213147917575,0.3333333333333333,0.1,4.3523858102411825
57380,0.0,0.2763144372979935,0.4,0.4,3.8697692653250257
57380,0.1,0.2836753398003077,0.4,0.4,3.869769265325025
57380,0.2,0.2836753398003077,0.4,0.4,4.087441817610654
57380,0.3,0.2836753398003077,0.4,0.4,4.451712549459548
57380,0.4,0.2836753398003077,0.4,0.4,6.082118367165542
57380,0.5,0.2836753398003077,0.4,0.4,6.459571668645134
57380,0.6,0.2836753398003077,0.4,0.4,6.661684815092448
159078,0.0,0.37989503115982964,0.3333333333333333,0.2,2.7248367877397963
159078,0.1,0.37989503115982964,0.3333333333333333,0.2,2.7465171330739464
159078,0.2,0.3623379437392863,0.3333333333333333,0.2,2.8722396943343345
159078,0.3,0.3434775810703913,0.3333333333333333,0.2,2.8722396943343345
159078,0.4,0.4093989132926582,0.5,0.3,4.400310409184949
159078,0.5,0.3434775810703913,0.3333333333333333,0.2,5.471519781061174
159078,0.6,0.23968707839269246,0.3333333333333333,0.2,6.136687188059071
110784,0.0,0.45245519202927575,0.5,0.5,2.250757395810175
110784,0.1,0.4635425824205105,0.5,0.5,2.5570018591268506
110784,0.2,0.3991358872486101,0.5,0.5,2.5570018591268506
110784,0.3,0.3714710691833181,0.5,0.5,3.4245770710266195
110784,0.4,0.35229190743138,0.4,0.4,4.672633375141003
110784,0.5,0.4166986026032803,0.4,0.4,5.522489750385522
110784,0.6,0.37817851673993474,0.3,0.3,6.310439104627624
43483,0.0,0.4996584045665993,0.5714285714285714,0.4,2.9692821355834678
43483,0.1,0.43832731113445295,0.42857142857142855,0.3,3.0166944313853348
43483,0.2,0.43832731113445295,0.42857142857142855,0.3,3.0166944313853348
43483,0.3,0.4151038938130968,0.42857142857142855,0.3,3.2671377332708467
43483,0.4,0.30260227503660464,0.42857142857142855,0.3,3.4233678487602157
43483,0.5,0.17261732769135493,0.2857142857142857,0.2,4.281656409184055
43483,0.6,0.15603347998415437,0.2857142857142857,0.2,4.739572373439058
181576,0.0,0.642768455799925,0.6,0.6,3.0726283801073615
181576,0.1,0.642768455799925,0.6,0.6,3.0726283801073615
181576,0.2,0.6285289308166818,0.5,0.5,3.186762948329925
181576,0.3,0.6241757330498082,0.5,0.5,3.186762948329925
181576,0.4,0.6214285837113871,0.5,0.5,3.629568592904795
181576,0.5,0.6343611988032352,0.5,0.5,5.457635215161876
181576,0.6,0.6461020441401674,0.5,0.5,7.038260025940265
117729,0.0,0.4268840683567074,0.4,0.4,3.241097989644129
117729,0.1,0.484174069324384,0.5,0.5,3.4485040623792598
117729,0.2,0.48692121866280513,0.5,0.5,3.4485040623792598
117729,0.3,0.4035054321144127,0.4,0.4,3.8958237461264695
117729,0.4,0.43386246927915895,0.4,0.4,3.938355554806315
117729,0.5,0.4382156670460325,0.4,0.4,4.366146081191546
117729,0.6,0.4105508489807405,0.4,0.4,4.8172513387682585
134301,0.0,0.06343775459021642,0.1,0.1,2.8650367362978604
134301,0.1,0.06343775459021642,0.1,0.1,2.9644808703119834
134301,0.2,0.1173271512737744,0.2,0.2,3.0936421693643092
134301,0.3,0.1173271512737744,0.2,0.2,3.267072033384479
134301,0.4,0.06343775459021642,0.1,0.1,4.069645016058856
134301,0.5,0.1200743006121955,0.1,0.1,5.02313018786543
134301,0.6,0.19031326377064925,0.1,0.1,5.775585439560207
9506,0.0,0.2554359839370199,0.3333333333333333,0.3,1.8095015903851368
9506,0.1,0.25182871946797925,0.3333333333333333,0.3,1.8095015903851368
9506,0.2,0.29241334305911415,0.3333333333333333,0.3,1.8095015903851368
9506,0.3,0.2600537325249654,0.3333333333333333,0.3,1.8095015903851368
9506,0.4,0.1280645751947239,0.2222222222222222,0.2,2.009202064670087
9506,0.5,0.1280645751947239,0.2222222222222222,0.2,3.309300884683027
9506,0.6,0.1280645751947239,0.2222222222222222,0.2,4.022834526882752
141009,0.0,0.11377041810078811,0.25,0.1,6.552567257848844
141009,0.1,0.11377041810078811,0.25,0.1,6.552567257848844
141009,0.2,0.11377041810078811,0.25,0.1,6.7208441270302455
141009,0.3,0.11377041810078811,0.25,0.1,7.137153423826236
141009,0.4,0.11377041810078811,0.25,0.1,7.653534215035928
141009,0.5,0.11377041810078811,0.25,0.1,7.810589420815627
141009,0.6,0.11377041810078811,0.25,0.1,7.953689400219112
177351,0.0,0.7514441417789189,0.6,0.6,8.740206991457324
177351,0.1,0.7514441417789189,0.6,0.6,8.740206991457324
177351,0.2,0.8114812920850166,0.7,0.7,8.740206991457326
177351,0.3,0.8114812920850166,0.7,0.7,8.954042483701468
177351,0.4,0.8114812920850166,0.7,0.7,9.163996051056559
177351,0.5,0.8148818963691354,0.7,0.7,10.085273833851058
177351,0.6,0.8148818963691354,0.7,0.7,10.387910304250997
196666,0.0,0.5311292217834279,0.3333333333333333,0.3,4.188761766100684
196666,0.1,0.5311292217834279,0.3333333333333333,0.3,4.332123738116378
196666,0.2,0.5311292217834279,0.3333333333333333,0.3,4.550755396392458
196666,0.3,0.5311292217834279,0.3333333333333333,0.3,4.816054116545144
196666,0.4,0.5311292217834279,0.3333333333333333,0.3,4.933787915454859
196666,0.5,0.5046972663014149,0.3333333333333333,0.3,5.630773867984904
196666,0.6,0.4907023256490295,0.3333333333333333,0.3,6.187221072776826
41413,0.0,0.3489076502461903,0.3,0.3,1.958892543211547
41413,0.1,0.3489076502461903,0.3,0.3,1.9588925432115467
41413,0.2,0.4089448005522881,0.4,0.4,2.1235640844810977
41413,0.3,0.4881611126103239,0.5,0.5,2.2422939714059735
41413,0.4,0.5044943319862907,0.5,0.5,2.8298664090766685
41413,0.5,0.6919666854068982,0.6,0.6,4.851240059699004
41413,0.6,0.6744873330950333,0.6,0.6,6.169033374302586
148478,0.0,0.12092199990360374,0.2,0.1,4.635631369000146
148478,0.1,0.12092199990360374,0.2,0.1,4.635631369000146
148478,0.2,0.12092199990360374,0.2,0.1,4.950972495927674
148478,0.3,0.12092199990360374,0.2,0.1,4.950972495927674
148478,0.4,0.12092199990360374,0.2,0.1,4.950972495927674
148478,0.5,0.12092199990360374,0.2,0.1,5.367792195817485
148478,0.6,0.12092199990360374,0.2,0.1,5.637761312784899
132792,0.0,0.25923194858125387,0.375,0.3,4.8504310607707986
132792,0.1,0.25923194858125387,0.375,0.3,5.008595813559872
132792,0.2,0.25923194858125387,0.375,0.3,5.008595813559872
132792,0.3,0.25923194858125387,0.375,0.3,5.251949254045303
132792,0.4,0.25923194858125387,0.375,0.3,5.251949254045302
132792,0.5,0.24428510784869198,0.375,0.3,5.6151838664367375
132792,0.6,0.24428510784869198,0.375,0.3,5.7357355456311145
167029,0.0,0.381263635388067,0.4,0.4,2.640836221965783
167029,0.1,0.381263635388067,0.4,0.4,2.8420184804833415
167029,0.2,0.31104101932854233,0.3,0.3,3.0673088978953897
167029,0.3,0.25375101836086567,0.2,0.2,3.0673088978953897
167029,0.4,0.3137881686669634,0.3,0.3,3.2480850440312152
167029,0.5,0.32956672613478283,0.3,0.3,3.8377664778327114
167029,0.6,0.3076404150444236,0.3,0.3,5.1254850719109
75944,0.0,0.25375101836086567,0.2,0.2,1.8674746420331334
75944,0.1,0.25375101836086567,0.2,0.2,1.8674746420331334
75944,0.2,0.19031326377064925,0.1,0.1,2.0991777042653195
75944,0.3,0.19031326377064925,0.1,0.1,2.346124752718492
75944,0.4,0.19031326377064925,0.1,0.1,3.460810451961815
75944,0.5,0.25035041407674696,0.2,0.2,3.9220360912312295
75944,0.6,0.07362322034364344,0.1,0.1,5.258634754497678
23961,0.0,0.9427099990323233,0.9,0.9,4.14909402314817
23961,0.1,0.9427099990323233,0.9,0.9,4.149094023148169
23961,0.2,1.0,1.0,1.0,4.149094023148169
23961,0.3,0.9427099990323233,0.9,0.9,4.40081988514782
23961,0.4,0.9427099990323233,0.9,0.9,4.40081988514782
23961,0.5,0.8585858272992664,0.8,0.8,4.918292376581212
23961,0.6,0.771182997464934,0.7,0.7,6.029838255988663
159814,0.0,0.4689819508583858,0.4,0.4,1.849140828660802
159814,0.1,0.462834197235846,0.4,0.4,2.002262979692671
159814,0.2,0.462834197235846,0.4,0.4,2.0022629796926705
159814,0.3,0.4413007856941648,0.4,0.4,2.0560478736383154
159814,0.4,0.37382531897306115,0.3,0.3,3.2745126222447682
159814,0.5,0.3788319716856323,0.4,0.4,5.267237587296945
159814,0.6,0.2322176068191845,0.3,0.3,6.3698277397662295
138465,0.0,0.46079543308208937,0.5,0.5,3.281299115303388
138465,0.1,0.33326646895595896,0.4,0.4,3.281299115303388
138465,0.2,0.33569813265839366,0.4,0.4,3.4943775145567693
138465,0.3,0.3488913031472613,0.4,0.4,3.6750926999845257
138465,0.4,0.25130300755950197,0.3,0.3,4.309382855010881
138465,0.5,0.31104101932854233,0.3,0.3,5.333826177306813
138465,0.6,0.3076404150444236,0.3,0.3,5.460956042376403
72443,0.0,0.5290191011644836,0.5,0.5,2.9024114739265974
72443,0.1,0.5262719518260625,0.5,0.5,3.049527914034609
72443,0.2,0.5228713475419438,0.5,0.5,3.049527914034609
72443,0.3,0.46558134657426714,0.4,0.4,3.049527914034609
72443,0.4,0.5358203097327209,0.4,0.4,3.1748511181462753
72443,0.5,0.5992580643229373,0.5,0.5,3.9974778314368207
72443,0.6,0.6538558461911597,0.6,0.6,5.395617550213688
111433,0.0,0.13366037064974118,0.2,0.2,1.6776068726915323
111433,0.1,0.13091322131132005,0.2,0.2,1.7499509874803656
111433,0.2,0.13091322131132005,0.2,0.2,1.749950987480366
111433,0.3,0.13366037064974118,0.2,0.2,1.832397962734462
111433,0.4,0.1392534623641336,0.2,0.2,1.832397962734462
111433,0.5,0.25035041407674696,0.2,0.2,3.132453769361789
111433,0.6,0.3076404150444236,0.3,0.3,4.9898759818637455
35256,0.0,0.49526145971561863,0.5,0.5,3.2979740497503682
35256,0.1,0.4903218229469238,0.5,0.5,3.2979740497503682
35256,0.2,0.4903218229469238,0.5,0.5,3.465415794600907
35256,0.3,0.48692121866280513,0.5,0.5,4.434272142495752
35256,0.4,0.48256802089593154,0.5,0.5,6.655374490567185
35256,0.5,0.5074856896228024,0.5,0.5,10.333965405685094
35256,0.6,0.5777246527812562,0.5,0.5,11.169046911317546
125671,0.0,0.7797624147899086,0.7,0.7,3.0209186847008924
125671,0.1,0.7797624147899086,0.7,0.7,3.169439543122574
125671,0.2,0.7490124780764843,0.7,0.7,3.169439543122574
125671,0.3,0.7490124780764843,0.7,0.7,4.217373770361979
125671,0.4,0.7301712856342574,0.7,0.7,4.217373770361979
125671,0.5,0.6643018673416062,0.6,0.6,7.992829783164288
125671,0.6,0.5084546302044863,0.4,0.4,11.030545314555932
108963,0.0,0.8687712930526933,0.8,0.8,3.4340678186012648
108963,0.1,0.8721718973368121,0.8,0.8,3.4340678186012648
108963,0.2,0.9322090476429099,0.9,0.9,3.695109747374702
108963,0.3,0.9322090476429099,0.9,0.9,3.695109747374702
108963,0.4,0.8629390250661401,0.8,0.8,3.889528595687716
108963,0.5,0.8502455862464527,0.8,0.8,4.609910729124688
108963,0.6,0.7736146611673687,0.7,0.7,5.3682474845954875
121620,0.0,0.4089448005522881,0.4,0.4,4.305567226638883
121620,0.1,0.4089448005522881,0.4,0.4,4.305567226638883
121620,0.2,0.4089448005522881,0.4,0.4,4.468358730243612
121620,0.3,0.4105508489807405,0.4,0.4,4.468358730243612
121620,0.4,0.3973576784918729,0.4,0.4,4.640921103985727
121620,0.5,0.3317274364713827,0.3,0.3,4.640921103985727
121620,0.6,0.33571447975732266,0.3,0.3,5.471116105434394
167325,0.0,0.49171280976793447,0.5555555555555556,0.5,2.3580346754018002
167325,0.1,0.5586711204032561,0.6666666666666666,0.6,2.3580346754018002
167325,0.2,0.5897381650116047,0.6666666666666666,0.6,2.4628535407355274
167325,0.3,0.6438836120313477,0.6666666666666666,0.6,2.4628535407355274
167325,0.4,0.7197063541040364,0.6666666666666666,0.6,2.987402541253496
167325,0.5,0.703979392471845,0.5555555555555556,0.5,4.1853475498359405
167325,0.6,0.6788453407458607,0.5555555555555556,0.5,5.4557588853938705
183514,0.0,0.46258998893775544,0.3,0.3,3.188200480272733
183514,0.1,0.46258998893775544,0.3,0.3,3.4433010770760966
183514,0.2,0.4757831594266231,0.3,0.3,3.5740600711666097
183514,0.3,0.39235102577930164,0.3,0.3,3.680049355167457
183514,0.4,0.2971943938939771,0.3,0.3,3.680049355167457
183514,0.5,0.2698287143657425,0.3,0.3,3.919402176630102
183514,0.6,0.2288170025350658,0.3,0.3,4.335285721522164
62287,0.0,0.2532633541065531,0.16666666666666666,0.1,1.7942452149472377
62287,0.1,0.2532633541065531,0.16666666666666666,0.1,1.7942452149472377
62287,0.2,0.2532633541065531,0.16666666666666666,0.1,1.7942452149472377
62287,0.3,0.2532633541065531,0.16666666666666666,0.1,1.7942452149472377
62287,0.4,0.20287154344181754,0.3333333333333333,0.2,2.0174418563562346
62287,0.5,0.17787133230331997,0.3333333333333333,0.2,2.8677257469072472
62287,0.6,0.12663167705327655,0.16666666666666666,0.1,5.015908002668354
89441,0.0,0.36743335705243085,0.3,0.3,2.180281914775586
89441,0.1,0.36743335705243085,0.3,0.3,2.180281914775586
89441,0.2,0.43087111164264724,0.4,0.4,2.2070160109148373
89441,0.3,0.43087111164264724,0.4,0.4,2.2070160109148373
89441,0.4,0.39235102577930164,0.3,0.3,3.827770159946315
89441,0.5,0.4379165285089751,0.3,0.3,8.974745061796181
89441,0.6,0.3806265275412985,0.2,0.2,10.618349306655706
125146,0.0,0.39300448072499927,0.4,0.4,1.7032637156379125
125146,0.1,0.3896038764408806,0.4,0.4,1.7032637156379125
125146,0.2,0.3788319716856323,0.4,0.4,1.9306868834261632
125146,0.3,0.32154197071795565,0.3,0.3,2.0389844047553596
125146,0.4,0.3890174374390593,0.4,0.4,2.4723905118117067
125146,0.5,0.42253087058983374,0.4,0.4,3.4852387624713375
125146,0.6,0.3325580837712945,0.4,0.4,4.248362178831795
145730,0.0,0.3295032204950941,0.3333333333333333,0.2,1.9911369293262429
145730,0.1,0.3295032204950941,0.3333333333333333,0.2,1.9911369293262429
145730,0.2,0.41758016493963496,0.5,0.3,2.076134030554396
145730,0.3,0.5287920370916656,0.6666666666666666,0.4,2.076134030554396
145730,0.4,0.5954514972429549,0.6666666666666666,0.4,3.2298984758293003
145730,0.5,0.6811620532124621,0.6666666666666666,0.4,5.035666053347205
145730,0.6,0.5876900847010372,0.6666666666666666,0.4,6.272973969833984
193707,0.0,0.37382531897306115,0.3,0.3,2.4018627381319773
193707,0.1,0.37042471468894245,0.3,0.3,2.4018627381319773
193707,0.2,0.37042471468894245,0.3,0.3,2.4018627381319773
193707,0.3,0.37042471468894245,0.3,0.3,2.5156918832473716
193707,0.4,0.3455070459620716,0.3,0.3,2.5156918832473716
193707,0.5,0.3317274364713827,0.3,0.3,2.941343319476039
193707,0.6,0.3239736344203904,0.3,0.3,3.6564902669443287
82924,0.0,0.46417969026727907,0.6,0.6,6.129434562740074
82924,0.1,0.44225337917691976,0.6,0.6,6.380079923648582
82924,0.2,0.45059362022973337,0.6,0.6,6.380079923648582
82924,0.3,0.45642588821628677,0.6,0.6,6.380079923648582
82924,0.4,0.45642588821628677,0.6,0.6,6.644563874678542
82924,0.5,0.5310180491416141,0.6,0.6,6.799947464791866
82924,0.6,0.5152394916737947,0.5,0.5,7.358353526282427
30185,0.0,0.6531474610064952,0.5,0.5,2.175255313657374
30185,0.1,0.6531474610064952,0.5,0.5,2.3257423959149337
30185,0.2,0.6558946103449164,0.5,0.5,2.3257423959149337
30185,0.3,0.6558946103449164,0.5,0.5,2.731499310968764
30185,0.4,0.5935032102490755,0.5,0.5,5.538916422344799
30185,0.5,0.3973576784918729,0.4,0.4,6.293172315728651
30185,0.6,0.28610700350274243,0.4,0.4,6.700723901010123
116248,0.0,0.37382531897306115,0.3,0.3,2.1033607602531967
116248,0.1,0.37817851673993474,0.3,0.3,2.1033607602531967
116248,0.2,0.38401078472648814,0.3,0.3,2.1033607602531967
116248,0.3,0.38401078472648814,0.3,0.3,2.1033607602531967
116248,0.4,0.38401078472648814,0.3,0.3,3.7651271723435054
116248,0.5,0.3590931159996173,0.3,0.3,5.625809848486849
116248,0.6,0.45424974788494193,0.3,0.3,7.476581456868854
196541,0.0,0.8765250951036857,0.8,0.8,2.081806704397669
196541,0.1,0.8765250951036857,0.8,0.8,2.081806704397669
196541,0.2,0.8765250951036857,0.8,0.8,2.272746345228534
196541,0.3,0.9399628496939022,0.9,0.9,2.2727463452285335
196541,0.4,1.0,1.0,1.0,2.272746345228534
196541,0.5,1.0,1.0,1.0,4.053655769016336
196541,0.6,1.0,1.0,1.0,7.067128388114679
195047,0.0,0.26130809433667596,0.4,0.2,2.0690073937285915
195047,0.1,0.26130809433667596,0.4,0.2,2.0690073937285915
195047,0.2,0.24039916604724387,0.4,0.2,2.3395129688985543
195047,0.3,0.2707382575530834,0.4,0.2,2.488202900994625
195047,0.4,0.36934595283166205,0.4,0.2,2.4882029009946254
195047,0.5,0.36934595283166205,0.4,0.2,4.618832764730543
195047,0.6,0.36529303966308646,0.4,0.2,5.681391856887356
193629,0.0,0.4907023256490295,0.3333333333333333,0.3,1.893676640788361
193629,0.1,0.4907023256490295,0.3333333333333333,0.3,1.9641423109596368
193629,0.2,0.4161948278707595,0.3333333333333333,0.3,1.9641423109596363
193629,0.3,0.3897628723887466,0.3333333333333333,0.3,2.730462852358678
193629,0.4,0.43060654520853214,0.4444444444444444,0.4,4.844559269012413
193629,0.5,0.36692084083738413,0.3333333333333333,0.3,5.633332314392128
193629,0.6,0.3002215794307131,0.3333333333333333,0.3,6.202134442633124
106254,0.0,0.3299434817152899,0.3333333333333333,0.3,2.4518097553848763
106254,0.1,0.3299434817152899,0.3333333333333333,0.3,2.4518097553848763
106254,0.2,0.26917187536075465,0.2222222222222222,0.2,3.0298748953459227
106254,0.3,0.26917187536075465,0.2222222222222222,0.2,3.4546069310897396
106254,0.4,0.26556461089171396,0.2222222222222222,0.2,4.813815939444743
106254,0.5,0.27997632822948654,0.2222222222222222,0.2,5.892657847442452
106254,0.6,0.27997632822948654,0.2222222222222222,0.2,6.258221283877593
38317,0.0,0.9263767796563563,0.9,0.9,3.837302370063081
38317,0.1,0.9263767796563563,0.9,0.9,3.911150712243928
38317,0.2,0.9263767796563563,0.9,0.9,4.062951677273834
38317,0.3,0.9263767796563563,0.9,0.9,4.312235191879564
38317,0.4,0.9263767796563563,0.9,0.9,4.5874044117199855
38317,0.5,0.8749190466752332,0.8,0.8,4.967346807336379
38317,0.6,0.8690867786886797,0.8,0.8,5.479302543678735
115926,0.0,0.3008392064761863,0.4,0.4,4.6217328108274724
115926,0.1,0.24354920550850967,0.3,0.3,5.079767582684151
115926,0.2,0.2479024032753833,0.3,0.3,5.576996382181369
115926,0.3,0.16294758424241465,0.2,0.2,7.498107418221077
115926,0.4,0.16294758424241465,0.2,0.2,8.256496931306248
115926,0.5,0.16294758424241465,0.2,0.2,8.469230054385962
115926,0.6,0.16877985222896807,0.2,0.2,9.065691001157882
84353,0.0,0.5142868981910397,0.4,0.4,2.130599708380654
84353,0.1,0.4413007856941648,0.4,0.4,2.4836200034963127
84353,0.2,0.38401078472648814,0.3,0.3,2.6815926867909132
84353,0.3,0.38401078472648814,0.3,0.3,3.0782738255075692
84353,0.4,0.37817851673993474,0.3,0.3,3.4958764394152566
84353,0.5,0.22337763409719047,0.3,0.3,6.658732798677557
84353,0.6,0.21287668270777707,0.3,0.3,6.925990593836701
86188,0.0,0.3623379437392863,0.3333333333333333,0.2,4.647544768472278
86188,0.1,0.3623379437392863,0.3333333333333333,0.2,4.839556543950328
86188,0.2,0.3512389936123089,0.3333333333333333,0.2,5.061171141844024
86188,0.3,0.33315904690411724,0.3333333333333333,0.2,5.061171141844025
86188,0.4,0.33315904690411724,0.3333333333333333,0.2,5.479457956981163
86188,0.5,0.33315904690411724,0.3333333333333333,0.2,5.840653849027006
86188,0.6,0.33315904690411724,0.3333333333333333,0.2,6.617076507327148
80151,0.0,0.6914069914728213,0.6,0.6,2.754975081040742
80151,0.1,0.69480759575694,0.6,0.6,2.7549750810407416
80151,0.2,0.7520975967246166,0.7,0.7,2.7549750810407416
80151,0.3,0.7813684632183611,0.7,0.7,2.7696160623947397
80151,0.4,0.7197252644838108,0.6,0.6,3.090596679211283
80151,0.5,0.6562875098935943,0.5,0.5,3.860074157720004
80151,0.6,0.684605782904584,0.7,0.7,5.483289577369751
60047,0.0,0.8690867786886797,0.8,0.8,2.675893770179095
60047,0.1,0.7973087830456499,0.7,0.7,2.675893770179095
60047,0.2,0.7973087830456499,0.7,0.7,2.675893770179095
60047,0.3,0.7797624147899086,0.7,0.7,3.0220537360525177
60047,0.4,0.7274790665348032,0.7,0.7,3.3275919870481565
60047,0.5,0.5722852843433808,0.6,0.6,5.250945531664437
60047,0.6,0.5044943319862907,0.5,0.5,5.816107278462812
103324,0.0,0.9180365386035428,0.9,0.9,2.8927541570641933
103324,0.1,0.9263767796563563,0.9,0.9,3.35503444194482
103324,0.2,0.9322090476429099,0.9,0.9,3.35503444194482
103324,0.3,0.8687712930526933,0.8,0.8,3.806450900528444
103324,0.4,0.9048433681146754,0.9,0.9,3.806450900528445
103324,0.5,0.8198885490817066,0.8,0.8,3.9179749957395216
103324,0.6,0.7462489816391342,0.8,0.8,5.05626871388756
161210,0.0,0.08986824523342568,0.14285714285714285,0.1,6.01548086483915
161210,0.1,0.08986824523342568,0.14285714285714285,0.1,6.651684925054657
161210,0.2,0.08986824523342568,0.14285714285714285,0.1,7.426672709803943
161210,0.3,0.08986824523342568,0.14285714285714285,0.1,7.426672709803943
161210,0.4,0.08986824523342568,0.14285714285714285,0.1,8.047687657709124
161210,0.5,0.08986824523342568,0.14285714285714285,0.1,8.540518047921562
161210,0.6,0.08986824523342568,0.14285714285714285,0.1,8.540518047921562
114249,0.0,0.8826728487262255,0.8,0.8,2.323917171769165
114249,0.1,0.8826728487262255,0.8,0.8,2.357223718031823
114249,0.2,0.8792722444421068,0.8,0.8,2.357223718031823
114249,0.3,0.8792722444421068,0.8,0.8,2.357223718031823
114249,0.4,0.8721718973368121,0.8,0.8,2.8802495007274795
114249,0.5,0.857999388297445,0.8,0.8,3.447427972088723
114249,0.6,0.7634291954139418,0.7,0.7,4.176569543748997
122253,0.0,0.6153357603278141,0.6,0.6,3.078603834424995
122253,0.1,0.6109825625609405,0.6,0.6,3.180254835270336
122253,0.2,0.6211843754132965,0.5,0.5,3.1802548352703366
122253,0.3,0.6592952146290351,0.5,0.5,3.472334092879475
122253,0.4,0.7267706813501387,0.6,0.6,4.569938681180551
122253,0.5,0.6778209214352755,0.5,0.5,4.8497162149709485
122253,0.6,0.669480680382462,0.5,0.5,5.077522153737492
150269,0.0,0.3212264850819693,0.3,0.3,3.971117005272004
150269,0.1,0.3153942170954159,0.3,0.3,3.971117005272004
150269,0.2,0.2451552539369622,0.3,0.3,4.26708506383841
150269,0.3,0.24354920550850967,0.3,0.3,4.515622871844614
150269,0.4,0.26272836726044774,0.4,0.4,4.9013574601821945
150269,0.5,0.27048216931144015,0.4,0.4,5.536474207526426
150269,0.6,0.27291383301387484,0.4,0.4,5.856977785203866
79348,0.0,0.7847690675024798,0.8,0.8,3.019038184867416
79348,0.1,0.7847690675024798,0.8,0.8,3.068009392849378
79348,0.2,0.7847690675024798,0.8,0.8,3.2086880989899753
79348,0.3,0.7847690675024798,0.8,0.8,3.208688098989976
79348,0.4,0.7979622379913474,0.8,0.8,3.3695934684318063
79348,0.5,0.7496495859232529,0.8,0.8,3.6437129046663683
79348,0.6,0.9048433681146754,0.9,0.9,5.02092943456311
16503,0.0,0.603611262089811,0.5,0.5,2.0062349643102744
16503,0.1,0.5333722989313572,0.5,0.5,2.2355987759651264
16503,0.2,0.5294120007131615,0.5,0.5,2.2355987759651272
16503,0.3,0.6042483699365795,0.6,0.6,2.3263901698798284
16503,0.4,0.7428647244539446,0.7,0.7,2.3263901698798284
16503,0.5,0.7456118737923656,0.6,0.6,2.9527610637532717
16503,0.6,0.7351109224029522,0.6,0.6,5.97041503528016
67622,0.0,0.771182997464934,0.7,0.7,4.095011615998393
67622,0.1,0.7628427564121205,0.7,0.7,4.441801076923911
67622,0.2,0.7766223659028094,0.7,0.7,4.526403866355871
67622,0.3,0.7193323649351328,0.6,0.6,4.746063948867514
67622,0.4,0.6636484123959087,0.5,0.5,5.600917627023468
67622,0.5,0.6999914408237253,0.6,0.6,6.537822291138054
67622,0.6,0.7077452428747176,0.6,0.6,6.5378222911380535
51263,0.0,0.7428647244539446,0.7,0.7,3.065619945179223
51263,0.1,0.7345244834011311,0.7,0.7,3.184047405054705
51263,0.2,0.724339017647704,0.7,0.7,3.318626062468018
51263,0.3,0.7345244834011311,0.7,0.7,3.5972323499426992
51263,0.4,0.7428647244539446,0.7,0.7,3.7444424615249225
51263,0.5,0.6889753277703865,0.6,0.6,3.8798326771158953
51263,0.6,0.6950518040550305,0.6,0.6,4.321258357885901
183112,0.0,0.8278453205901104,1.0,0.5,4.358468524557253
183112,0.1,0.7954970846520244,1.0,0.5,4.358468524557253
183112,0.2,0.7804703048178177,1.0,0.5,4.358468524557253
183112,0.3,0.7804703048178177,1.0,0.5,4.559796563843216
183112,0.4,0.7610062102883491,1.0,0.5,4.559796563843215
183112,0.5,0.7400972819989171,1.0,0.5,4.694158988837321
183112,0.6,0.7400972819989171,1.0,0.5,5.328138239593956
85781,0.0,0.6765847096487311,0.75,0.6,2.053417109743754
85781,0.1,0.6483549201374424,0.75,0.6,2.0534171097437546
85781,0.2,0.6483549201374424,0.75,0.6,2.12388277991503
85781,0.3,0.6445022987624607,0.75,0.6,2.12388277991503
85781,0.4,0.6611927441462784,0.75,0.6,2.23849795626859
85781,0.5,0.49335211605979573,0.5,0.4,3.3842600142497234
85781,0.6,0.38832042598600736,0.375,0.3,4.994413072595145
200130,0.0,0.5400300607544519,0.5555555555555556,0.5,2.8894857328822066
200130,0.1,0.5400300607544519,0.5555555555555556,0.5,3.4178309734354606
200130,0.2,0.5089803566844935,0.5555555555555556,0.5,3.4178309734354606
200130,0.3,0.5178274475834704,0.5555555555555556,0.5,3.5266059963147987
200130,0.4,0.5201194677580924,0.5555555555555556,0.5,4.241687999049122
200130,0.5,0.5553985141390824,0.5555555555555556,0.5,5.476215457382941
200130,0.6,0.557977953950828,0.5555555555555556,0.5,6.643517351190501
143567,0.0,0.3874113890106069,0.4,0.4,1.812652706029721
143567,0.1,0.38466423967218577,0.4,0.4,1.924453615225372
143567,0.2,0.3874113890106069,0.4,0.4,1.924453615225372
143567,0.3,0.33571447975732266,0.3,0.3,2.3040848067248723
143567,0.4,0.39235102577930164,0.3,0.3,2.8825274496352664
143567,0.5,0.44161627133015113,0.4,0.4,5.875309553194902
143567,0.6,0.33571447975732266,0.3,0.3,7.231251134929164
154267,0.0,0.38664329180015655,0.6,0.3,2.6725867726437857
154267,0.1,0.38664329180015655,0.6,0.3,2.7375566767731843
154267,0.2,0.38259037863158085,0.6,0.3,3.1638809624903774
154267,0.3,0.29806952783463897,0.4,0.2,3.1638809624903774
154267,0.4,0.2857650373872901,0.4,0.2,4.129769555567536
154267,0.5,0.3807852604803161,0.4,0.2,5.223266083471536
154267,0.6,0.20949576386912136,0.4,0.2,5.79075883256079
67621,0.0,0.5461784321979002,0.5714285714285714,0.4,3.0651646653462663
67621,0.1,0.5514921666778234,0.5714285714285714,0.4,3.0651646653462663
67621,0.2,0.5514921666778234,0.5714285714285714,0.4,3.2487911717117663
67621,0.3,0.5049721390465225,0.5714285714285714,0.4,3.2487911717117655
67621,0.4,0.5514921666778234,0.5714285714285714,0.4,3.4755116625664186
67621,0.5,0.6045413133063311,0.7142857142857143,0.5,3.676010097229413
67621,0.6,0.6194628297241254,0.7142857142857143,0.5,4.498238175943131
159064,0.0,0.7711068576537606,0.75,0.6,4.955340861030179
159064,0.1,0.767254236278779,0.75,0.6,4.955340861030179
159064,0.2,0.755714892151308,0.75,0.6,5.101924611658787
159064,0.3,0.7404106306184556,0.75,0.6,5.594456357103738
159064,0.4,0.7282068965047429,0.75,0.6,6.107637541429308
159064,0.5,0.7194224390897654,0.75,0.6,7.401686428858477
159064,0.6,0.7128149310022902,0.75,0.6,8.834991711702623
609,0.0,0.47869476352374823,0.5,0.4,5.425892070731708
609,0.1,0.4476915673024917,0.5,0.4,5.425892070731708
609,0.2,0.457140414703711,0.5,0.4,5.579750413145366
609,0.3,0.4601904905085116,0.5,0.4,5.579750413145366
609,0.4,0.3952853548737731,0.375,0.3,6.002211119215885
609,0.5,0.32064188364130103,0.375,0.3,6.477232145930396
609,0.6,0.3918778582686821,0.375,0.3,6.885474469566295
185469,0.0,0.37989503115982964,0.3333333333333333,0.2,3.3502591618205444
185469,0.1,0.3623379437392863,0.3333333333333333,0.2,3.732118863464027
185469,0.2,0.3512389936123089,0.3333333333333333,0.2,3.9483222570566228
185469,0.3,0.3376844721420708,0.3333333333333333,0.2,4.454626016477386
185469,0.4,0.3295032204950941,0.3333333333333333,0.2,4.526360936604837
185469,0.5,0.2532633541065531,0.16666666666666666,0.1,6.412538563895597
185469,0.6,0.10907458963273323,0.16666666666666666,0.1,7.10667017681151
43295,0.0,0.7797624147899086,0.7,0.7,3.675449506412229
43295,0.1,0.8502455862464527,0.8,0.8,3.714729157430206
43295,0.2,0.8545987840133263,0.8,0.8,4.317779939633251
43295,0.3,0.8607465376358662,0.8,0.8,5.073882691939472
43295,0.4,0.8607465376358662,0.8,0.8,5.5367694440564375
43295,0.5,0.8690867786886797,0.8,0.8,6.032637227270695
43295,0.6,0.8749190466752332,0.8,0.8,6.964754344845467
173031,0.0,0.6070118663739296,0.5,0.5,2.478567336873655
173031,0.1,0.612844134360483,0.5,0.5,2.478567336873655
173031,0.2,0.6750737720968545,0.6,0.6,2.478567336873655
173031,0.3,0.6828275741478468,0.6,0.6,2.478567336873655
173031,0.4,0.6828275741478468,0.6,0.6,5.982352874230133
173031,0.5,0.7351109224029522,0.6,0.6,8.296617627218078
173031,0.6,0.7492566863745749,0.7,0.7,9.033504207198295
21034,0.0,0.6524133852638477,0.5555555555555556,0.5,3.225561101000578
21034,0.1,0.6788453407458607,0.5555555555555556,0.5,3.570135587534807
21034,0.2,0.6817594387624735,0.5555555555555556,0.5,3.570135587534806
21034,0.3,0.6957543794148588,0.5555555555555556,0.5,3.879679351636727
21034,0.4,0.6993616438838995,0.5555555555555556,0.5,3.8796793516367267
21034,0.5,0.6853667032315142,0.5555555555555556,0.5,4.652831204731503
21034,0.6,0.6635524963374467,0.5555555555555556,0.5,5.165235248731657
62374,0.0,0.17903687496920354,0.2222222222222222,0.2,2.540002273775893
62374,0.1,0.27997632822948654,0.2222222222222222,0.2,2.886514617743963
62374,0.2,0.2888234191284636,0.2222222222222222,0.2,2.8865146177439627
62374,0.3,0.302818359780849,0.2222222222222222,0.2,3.4229900622924125
62374,0.4,0.302818359780849,0.2222222222222222,0.2,3.5704255460860552
62374,0.5,0.3292503152628619,0.2222222222222222,0.2,3.6881898105321156
62374,0.6,0.3900219216173972,0.3333333333333333,0.3,4.165468556322521
124967,0.0,0.7677823931808154,0.7,0.7,2.135057757827986
124967,0.1,0.7061391944462652,0.6,0.6,2.1350577578279855
124967,0.2,0.7077452428747176,0.6,0.6,2.135057757827986
124967,0.3,0.650455241907041,0.5,0.5,2.135057757827986
124967,0.4,0.669480680382462,0.5,0.5,3.1416200961849077
124967,0.5,0.6070118663739296,0.5,0.5,4.705537309173634
124967,0.6,0.2786686870877365,0.3,0.3,6.302982632246715
12139,0.0,0.43860856659471054,0.5,0.5,2.5092491904065053
12139,0.1,0.5044943319862907,0.5,0.5,2.6071609336694257
12139,0.2,0.6218214832600651,0.7,0.7,2.6708447691651314
12139,0.3,0.5688846800592621,0.6,0.6,2.670844769165131
12139,0.4,0.6544929540379283,0.7,0.7,2.905545008620493
12139,0.5,0.6726257612954908,0.7,0.7,3.482416107992738
12139,0.6,0.7345244834011311,0.7,0.7,6.188125361269946
65764,0.0,0.8228799067182183,0.8,0.8,3.2776904145388412
65764,0.1,0.8228799067182183,0.8,0.8,3.4322646170242272
65764,0.2,0.8312201477710319,0.8,0.8,3.4322646170242272
65764,0.3,0.8444133182598994,0.8,0.8,3.5003255160617774
65764,0.4,0.8663396293502587,0.8,0.8,4.882338938683532
65764,0.5,0.8749190466752332,0.8,0.8,7.376817867227824
65764,0.6,0.9322090476429099,0.9,0.9,8.91610351721238
180558,0.0,0.8397886907875249,0.75,0.6,7.7657661806252545
180558,0.1,0.8397886907875249,0.75,0.6,8.05057510482449
180558,0.2,0.8397886907875249,0.75,0.6,8.05057510482449
180558,0.3,0.8397886907875249,0.75,0.6,8.05057510482449
180558,0.4,0.8303398433863057,0.75,0.6,8.385066246113308
180558,0.5,0.8303398433863057,0.75,0.6,9.702662685518373
180558,0.6,0.8303398433863057,0.75,0.6,10.43854114729065
197466,0.0,0.5968100535215736,0.6,0.6,2.130660600690967
197466,0.1,0.583616883032706,0.6,0.6,2.130660600690967
197466,0.2,0.5808697336942849,0.6,0.6,2.130660600690967
197466,0.3,0.5583837286698486,0.6,0.6,2.130660600690967
197466,0.4,0.4983465783637509,0.5,0.5,2.1495170947871647
197466,0.5,0.4095819083990566,0.5,0.5,2.9589755707839336
197466,0.6,0.39176458677748044,0.4,0.4,5.592348915075974
34198,0.0,0.15519378219142235,0.2,0.2,2.6193568961971727
34198,0.1,0.15519378219142235,0.2,0.2,3.375868853484748
34198,0.2,0.15519378219142235,0.2,0.2,4.177967298597914
34198,0.3,0.14200061170255474,0.2,0.2,5.354555021463243
34198,0.4,0.14200061170255474,0.2,0.2,6.446639420895584
34198,0.5,0.15519378219142235,0.2,0.2,6.907578558189028
34198,0.6,0.16877985222896807,0.2,0.2,6.920550637612306
183079,0.0,0.060771606354535226,0.1111111111111111,0.1,3.2543374135343264
183079,0.1,0.06368570437114798,0.1111111111111111,0.1,3.6157247507827917
183079,0.2,0.06368570437114798,0.1111111111111111,0.1,3.741501407080262
183079,0.3,0.12445731072568322,0.2222222222222222,0.2,4.036001141604838
183079,0.4,0.2780727143317786,0.4444444444444444,0.4,4.036001141604839
183079,0.5,0.4301897685231449,0.3333333333333333,0.3,4.370821534414243
183079,0.6,0.5919008281379632,0.4444444444444444,0.4,4.990656812956571
4928,0.0,0.21319216834376345,0.3,0.3,3.4091595074945245
4928,0.1,0.28066763506486714,0.4,0.4,3.4091595074945245
4928,0.2,0.2834147844032882,0.4,0.4,3.4091595074945245
4928,0.3,0.2868153886874069,0.4,0.4,3.6373905582414494
4928,0.4,0.30494819594496936,0.4,0.4,3.6373905582414494
4928,0.5,0.43386246927915895,0.4,0.4,3.8661757551935856
4928,0.6,0.4166986026032803,0.4,0.4,4.773116947068077
30194,0.0,0.2152309324975201,0.2,0.2,3.7460336469720685
30194,0.1,0.20203776200865248,0.2,0.2,3.859639721815532
30194,0.2,0.19369752095583892,0.2,0.2,3.859639721815532
30194,0.3,0.17736430157987212,0.2,0.2,5.149631653355317
30194,0.4,0.1200743006121955,0.1,0.1,7.595833910276181
30194,0.5,0.081963461396457,0.1,0.1,9.73873199467636
30194,0.6,0.06779095235709003,0.1,0.1,11.024007692158985
47632,0.0,0.14656879505245024,0.14285714285714285,0.1,1.9013509233038317
47632,0.1,0.14656879505245024,0.14285714285714285,0.1,2.0179192212583077
47632,0.2,0.2293178775103795,0.2857142857142857,0.2,2.20906108049853
47632,0.3,0.23643704028587592,0.2857142857142857,0.2,2.375115205906018
47632,0.4,0.2673523606325811,0.42857142857142855,0.3,2.9415763698065645
47632,0.5,0.3360062145456844,0.42857142857142855,0.3,4.313100126766509
47632,0.6,0.2627218170194593,0.2857142857142857,0.2,5.220823679350064
1468,0.0,0.44841747989838854,0.3,0.3,2.3196852721675283
1468,0.1,0.44406428213151494,0.3,0.3,2.3196852721675283
1468,0.2,0.44066367784739624,0.3,0.3,2.5339994044292204
1468,0.3,0.44406428213151494,0.3,0.3,2.7468083537634267
1468,0.4,0.44406428213151494,0.3,0.3,3.0942360883493385
1468,0.5,0.2830218848546101,0.3,0.3,3.586212957715463
1468,0.6,0.2509875219235156,0.3,0.3,4.212010087182031
176622,0.0,0.806302479044161,0.8,0.8,3.1113247697108983
176622,0.1,0.8312201477710319,0.8,0.8,3.2947921136054568
176622,0.2,0.8228799067182183,0.8,0.8,3.2947921136054568
176622,0.3,0.7550889543611283,0.7,0.7,3.2947921136054568
176622,0.4,0.6950518040550305,0.6,0.6,3.5302200764568674
176622,0.5,0.7736146611673687,0.7,0.7,3.884773993764326
176622,0.6,0.6760263655796095,0.7,0.7,4.9109009324404695
68429,0.0,0.6379452528154109,0.5714285714285714,0.4,1.7732469764363272
68429,0.1,0.6545291005226114,0.5714285714285714,0.4,2.1786216925848727
68429,0.2,0.6545291005226114,0.5714285714285714,0.4,2.9134317757376413
68429,0.3,0.647409937747115,0.5714285714285714,0.4,3.7009378813050233
68429,0.4,0.6540495073612707,0.5714285714285714,0.4,4.077743607619252
68429,0.5,0.554480333101462,0.42857142857142855,0.3,4.965843659650475
68429,0.6,0.5420474358460424,0.42857142857142855,0.3,5.585419153133865
139096,0.0,0.3516450798625575,0.25,0.2,2.889007935033912
139096,0.1,0.3516450798625575,0.25,0.2,2.889007935033913
139096,0.2,0.3516450798625575,0.25,0.2,2.889007935033913
139096,0.3,0.3516450798625575,0.25,0.2,3.1740693206371535
139096,0.4,0.416550215497296,0.375,0.3,3.174069320637154
139096,0.5,0.37337358525344533,0.375,0.3,4.224139140903876
139096,0.6,0.2561196410684699,0.375,0.3,4.6543632942207935
160216,0.0,0.7985486769931687,0.7,0.7,2.3135200686342596
160216,0.1,0.7797624147899086,0.7,0.7,2.541616084787859
160216,0.2,0.7770152654514875,0.7,0.7,2.541616084787859
160216,0.3,0.7163246601996921,0.6,0.6,2.7669526880218607
160216,0.4,0.6784743763809732,0.6,0.6,2.7669526880218607
160216,0.5,0.564775690590479,0.6,0.6,4.340296783816116
160216,0.6,0.4490545877451571,0.5,0.5,5.332044773645434
165794,0.0,0.7809755636696831,0.7,0.7,2.9700822537689904
165794,0.1,0.7766223659028094,0.7,0.7,3.149515032703558
165794,0.2,0.7345244834011311,0.7,0.7,3.1863785063386296
165794,0.3,0.6674419162287054,0.6,0.6,3.2789261739632103
165794,0.4,0.6261746810269387,0.7,0.7,3.4816407933901514
165794,0.5,0.5661375307208409,0.6,0.6,3.8268390236035104
165794,0.6,0.5583837286698486,0.6,0.6,4.942553525843743
96675,0.0,0.5607379784595917,0.4,0.4,2.208491671127271
96675,0.1,0.5641385827437104,0.4,0.4,2.208491671127271
96675,0.2,0.5743240484971374,0.4,0.4,2.355056125936421
96675,0.3,0.5826642895499509,0.4,0.4,2.3550561259364216
96675,0.4,0.6531474610064952,0.5,0.5,4.284348334800794
96675,0.5,0.6241757330498082,0.5,0.5,8.969673008027964
96675,0.6,0.522040700242032,0.4,0.4,11.539274916073792
4909,0.0,0.6109825625609405,0.6,0.6,2.211015235413117
4909,0.1,0.602642321508127,0.6,0.6,2.451411481949311
4909,0.2,0.602642321508127,0.6,0.6,2.640807228329333
4909,0.3,0.5894491510192593,0.6,0.6,2.6566417370824276
4909,0.4,0.6433548948017463,0.6,0.6,2.8747482385989005
4909,0.5,0.574977503442835,0.5,0.5,3.011660936369984
4909,0.6,0.47398860357095696,0.5,0.5,5.0305896708235185
166706,0.0,0.7240784622506844,0.6,0.6,3.1795297252973898
166706,0.1,0.7240784622506844,0.6,0.6,3.1795297252973893
166706,0.2,0.7197252644838108,0.6,0.6,3.535754944686201
166706,0.3,0.713577510861271,0.6,0.6,3.9606943157723213
166706,0.4,0.7021521511603253,0.6,0.6,4.174872528630566
166706,0.5,0.6682725635286172,0.7,0.7,4.492396475118665
166706,0.6,0.6572401033763494,0.7,0.7,5.637018134128774
24194,0.0,0.40734773697178245,0.3333333333333333,0.3,2.957707697251851
24194,0.1,0.40734773697178245,0.3333333333333333,0.3,3.180055657931778
24194,0.2,0.4161948278707595,0.3333333333333333,0.3,3.1800556579317787
24194,0.3,0.40734773697178245,0.3333333333333333,0.3,3.1800556579317782
24194,0.4,0.40734773697178245,0.3333333333333333,0.3,3.7686171217797444
24194,0.5,0.3747290772089831,0.3333333333333333,0.3,3.851738095485706
24194,0.6,0.36073413655659775,0.3333333333333333,0.3,5.058710393044365
4881,0.0,0.33870583739383425,0.4,0.4,2.668376986848626
4881,0.1,0.32276551756654553,0.4,0.4,2.6962123600255543
4881,0.2,0.32986586467184026,0.4,0.4,2.799568575418462
4881,0.3,0.3107804639315228,0.4,0.4,2.95093905485201
4881,0.4,0.31418106821564146,0.4,0.4,5.070528061753846
4881,0.5,0.3185342659825151,0.4,0.4,9.111080831787044
4881,0.6,0.34345193470938595,0.4,0.4,10.528557249301608
14745,0.0,0.6889753277703865,0.6,0.6,3.425471245487652
14745,0.1,0.727086166986125,0.6,0.6,3.4907098178991047
14745,0.2,0.7329184349726785,0.6,0.6,3.644869556475867
14745,0.3,0.7378580717413733,0.6,0.6,3.6448695564758666
14745,0.4,0.7378580717413733,0.6,0.6,3.7929580200861204
14745,0.5,0.741258676025492,0.6,0.6,5.609102752334055
14745,0.6,0.7329184349726785,0.6,0.6,6.682467828733579
26186,0.0,0.462834197235846,0.4,0.4,2.433428893865957
26186,0.1,0.462834197235846,0.4,0.4,2.4334288938659574
26186,0.2,0.5330731603942997,0.4,0.4,2.4334288938659574
26186,0.3,0.5330731603942997,0.4,0.4,2.4334288938659574
26186,0.4,0.5931103107003975,0.5,0.5,2.9711927844529704
26186,0.5,0.5876709422625221,0.5,0.5,5.408369545159793
26186,0.6,0.5201791284424895,0.5,0.5,6.448082739749372
86819,0.0,0.0,0.0,0.0,2.3447541153830262
86819,0.1,0.0,0.0,0.0,2.3447541153830262
86819,0.2,0.0,0.0,0.0,2.3447541153830262
86819,0.3,0.0,0.0,0.0,2.682210743138468
86819,0.4,0.0,0.0,0.0,2.8073785414345327
86819,0.5,0.0,0.0,0.0,4.191769936666804
86819,0.6,0.0,0.0,0.0,5.222285188844831
70616,0.0,0.20187890652056598,0.1111111111111111,0.1,1.8694489222214323
70616,0.1,0.20187890652056598,0.1111111111111111,0.1,1.9148559919421373
70616,0.2,0.26556461089171396,0.2222222222222222,0.2,1.9148559919421373
70616,0.3,0.2888234191284636,0.2222222222222222,0.2,1.9148559919421373
70616,0.4,0.2888234191284636,0.2222222222222222,0.2,1.9148559919421377
70616,0.5,0.46452941939566716,0.3333333333333333,0.3,3.364120974588194
70616,0.6,0.302818359780849,0.2222222222222222,0.2,5.578903501978368
162164,0.0,0.6247965183039718,0.5714285714285714,0.4,3.432789182411711
162164,0.1,0.6247965183039718,0.5714285714285714,0.4,3.432789182411711
162164,0.2,0.6247965183039718,0.5714285714285714,0.4,3.432789182411711
162164,0.3,0.6247965183039718,0.5714285714285714,0.4,3.581815661502488
162164,0.4,0.5349083189706227,0.5714285714285714,0.4,3.60681537961952
162164,0.5,0.5295945844906996,0.5714285714285714,0.4,4.347889781773762
162164,0.6,0.4850349812112709,0.5714285714285714,0.4,5.853620341062974
18487,0.0,0.23968707839269246,0.3333333333333333,0.2,3.5335666066959233
18487,0.1,0.3376844721420708,0.3333333333333333,0.2,3.971028257397754
18487,0.2,0.3376844721420708,0.3333333333333333,0.2,4.491093649160275
18487,0.3,0.3376844721420708,0.3333333333333333,0.2,5.098683573597982
18487,0.4,0.3376844721420708,0.3333333333333333,0.2,5.247583029464008
18487,0.5,0.3376844721420708,0.3333333333333333,0.2,6.300026687093316
18487,0.6,0.3434775810703913,0.3333333333333333,0.2,6.4203884583840125
11470,0.0,0.6950518040550305,0.6,0.6,1.6786676433384997
11470,0.1,0.703392045107844,0.6,0.6,1.7863094013689864
11470,0.2,0.7104923922131388,0.6,0.6,1.9526451495632542
11470,0.3,0.7295178306885598,0.6,0.6,1.9526451495632542
11470,0.4,0.8012958263315898,0.7,0.7,2.1258242534589007
11470,0.5,0.8607465376358662,0.8,0.8,2.986578227573825
11470,0.6,0.7496495859232529,0.8,0.8,4.984210107597725
65424,0.0,0.5766079837295491,0.4444444444444444,0.4,4.183763976685466
65424,0.1,0.5766079837295491,0.4444444444444444,0.4,4.202090585690128
65424,0.2,0.6030399392115621,0.4444444444444444,0.4,4.47316502741668
65424,0.3,0.6030399392115621,0.4444444444444444,0.4,4.47316502741668
65424,0.4,0.5766079837295491,0.4444444444444444,0.4,4.992760855142507
65424,0.5,0.5021004859512791,0.4444444444444444,0.4,5.861853688476297
65424,0.6,0.4616735898168807,0.4444444444444444,0.4,6.03949964887351
153657,0.0,0.669480680382462,0.5,0.5,3.5758129305516193
153657,0.1,0.6636484123959087,0.5,0.5,3.5758129305516193
153657,0.2,0.7209384133635853,0.6,0.6,3.659489146257589
153657,0.3,0.727086166986125,0.6,0.6,3.659489146257589
153657,0.4,0.7193323649351328,0.6,0.6,3.8777658825681875
153657,0.5,0.7240784622506844,0.6,0.6,4.447758704052356
153657,0.6,0.6289218303653598,0.6,0.6,6.894643682734338
78845,0.0,0.6477080925686199,0.6,0.6,2.709856779612035
78845,0.1,0.5904180916009433,0.5,0.5,2.7098567796120347
78845,0.2,0.5962503595874966,0.5,0.5,2.8147048433756723
78845,0.3,0.5996509638716153,0.5,0.5,3.068523827751837
78845,0.4,0.5938023487861329,0.6,0.6,3.256002825769388
78845,0.5,0.6477080925686199,0.6,0.6,4.092273340395791
78845,0.6,0.5617843329539673,0.6,0.6,5.3589012172012485
125853,0.0,0.5992580643229373,0.5,0.5,3.434267057897061
125853,0.1,0.5992580643229373,0.5,0.5,3.434267057897061
125853,0.2,0.5715768991587163,0.5,0.5,3.434267057897062
125853,0.3,0.5613914334052894,0.5,0.5,3.434267057897062
125853,0.4,0.49550566801370916,0.5,0.5,3.434267057897062
125853,0.5,0.40010482783029405,0.4,0.4,3.881030876918446
125853,0.6,0.2365708045860581,0.3,0.3,4.462736340955997
18304,0.0,0.6070118663739296,0.5,0.5,4.638969692601402
18304,0.1,0.6285289308166818,0.5,0.5,4.6389696926014015
18304,0.2,0.5743240484971374,0.4,0.4,4.9409915205432675
18304,0.3,0.5826642895499509,0.4,0.4,5.013780651998175
18304,0.4,0.5826642895499509,0.4,0.4,5.702413269581244
18304,0.5,0.5743240484971374,0.4,0.4,6.064067317312675
18304,0.6,0.5362132092813989,0.4,0.4,6.732622743365371
198340,0.0,0.5743240484971374,0.4,0.4,1.8078847810191896
198340,0.1,0.568491780510584,0.4,0.4,1.9264731005788083
198340,0.2,0.5494063797702665,0.4,0.4,2.0294380330696997
198340,0.3,0.5362132092813989,0.4,0.4,2.2590337846718103
198340,0.4,0.5118552344886049,0.4,0.4,2.617292912178745
198340,0.5,0.3103875643828447,0.2,0.2,3.1286497560844166
198340,0.6,0.13091322131132005,0.2,0.2,4.090434649785431
150617,0.0,1.0,1.0,1.0,2.5631534631620623
150617,0.1,1.0,1.0,1.0,2.6958148974886917
150617,0.2,1.0,1.0,1.0,2.6958148974886917
150617,0.3,0.9399628496939022,0.9,0.9,3.258563912191023
150617,0.4,0.8585858272992664,0.8,0.8,4.343399822503942
150617,0.5,0.6218214832600651,0.7,0.7,5.556188676964829
150617,0.6,0.5398580218636082,0.6,0.6,5.634498055314486
126383,0.0,0.5589434226039256,0.6,0.6,3.9912944001095574
126383,0.1,0.5589434226039256,0.6,0.6,3.9912944001095574
126383,0.2,0.564775690590479,0.6,0.6,4.264228274221253
126383,0.3,0.5398580218636082,0.6,0.6,4.363957067690906
126383,0.4,0.4798208715575104,0.5,0.5,4.363957067690906
126383,0.5,0.4268840683567074,0.4,0.4,4.856287338072096
126383,0.6,0.31418106821564146,0.4,0.4,6.051262047701438
110530,0.0,0.3627705844406087,0.42857142857142855,0.3,3.471698725330343
110530,0.1,0.3627705844406087,0.42857142857142855,0.3,3.7196948582507003
110530,0.2,0.3454708994773885,0.42857142857142855,0.3,3.788419637599617
110530,0.3,0.31918612274380515,0.42857142857142855,0.3,3.788419637599617
110530,0.4,0.30260227503660464,0.42857142857142855,0.3,3.9518262253744405
110530,0.5,0.27218650195116345,0.42857142857142855,0.3,4.070120971813485
110530,0.6,0.2668727674712403,0.42857142857142855,0.3,4.382199249321801
171789,0.0,0.6291823857623794,0.6,0.6,3.4923778691497604
171789,0.1,0.6291823857623794,0.6,0.6,3.4923778691497604
171789,0.2,0.6291823857623794,0.6,0.6,3.4923778691497604
171789,0.3,0.5589434226039256,0.6,0.6,3.4923778691497604
171789,0.4,0.5589434226039256,0.6,0.6,3.620479164531214
171789,0.5,0.5774691294101661,0.6,0.6,4.186865322768402
171789,0.6,0.7379250876852497,0.7,0.7,4.62046457687068
148813,0.0,0.5142201831144299,0.5555555555555556,0.5,2.2510815168538185
148813,0.1,0.4446014858609175,0.4444444444444444,0.4,2.3662170133720233
148813,0.2,0.42769244719191934,0.4444444444444444,0.4,2.9031889873193366
148813,0.3,0.3374753283198481,0.3333333333333333,0.3,3.447123870055613
148813,0.4,0.2737896239487001,0.2222222222222222,0.2,3.803827233313664
148813,0.5,0.20187890652056598,0.1111111111111111,0.1,4.517566168495419
148813,0.6,0.20187890652056598,0.1111111111111111,0.1,4.7939038235895275
46245,0.0,0.7520975967246166,0.7,0.7,2.182816864209461
46245,0.1,0.7564507944914902,0.7,0.7,2.182816864209461
46245,0.2,0.6211680283143675,0.6,0.6,2.1828168642094607
46245,0.3,0.6760263655796095,0.7,0.7,2.3917532294242156
46245,0.4,0.6295752853110574,0.7,0.7,2.5753713075823628
46245,0.5,0.5645314822923885,0.6,0.6,3.4542619914482104
46245,0.6,0.5964945678855872,0.6,0.6,6.08427313407997
70503,0.0,0.2834147844032882,0.4,0.4,3.189486679036842
70503,0.1,0.24055784787199802,0.3,0.3,3.3157241781077977
70503,0.2,0.1771200932817816,0.2,0.2,3.3157241781077973
70503,0.3,0.16294758424241465,0.2,0.2,3.3157241781077973
70503,0.4,0.09515663188532462,0.1,0.1,3.3157241781077973
70503,0.5,0.09515663188532462,0.1,0.1,3.8867695637446715
70503,0.6,0.1200743006121955,0.1,0.1,4.2281848830117
114713,0.0,0.4474485393167046,0.4,0.4,3.767756897503913
114713,0.1,0.44161627133015113,0.4,0.4,3.767756897503913
114713,0.2,0.44161627133015113,0.4,0.4,3.767756897503913
114713,0.3,0.44161627133015113,0.4,0.4,3.9308740674636304
114713,0.4,0.44161627133015113,0.4,0.4,3.9308740674636304
114713,0.5,0.5084546302044863,0.4,0.4,5.236894517957362
114713,0.6,0.5084546302044863,0.4,0.4,6.174503187725266
179632,0.0,0.9263767796563563,0.9,0.9,2.8035492142189065
179632,0.1,0.9263767796563563,0.9,0.9,2.81647667588939
179632,0.2,0.8663396293502587,0.8,0.8,2.81647667588939
179632,0.3,0.8056490240984634,0.7,0.7,2.912616036552939
179632,0.4,0.809049628382582,0.7,0.7,3.11099696906611
179632,0.5,0.76259854811403,0.7,0.7,4.5360484869472
179632,0.6,0.714530104344026,0.8,0.8,7.122257679993444
131359,0.0,0.4757831594266231,0.3,0.3,2.2163013464030508
131359,0.1,0.4757831594266231,0.3,0.3,2.274427437185279
131359,0.2,0.5607379784595917,0.4,0.4,2.472058788131128
131359,0.3,0.5641385827437104,0.4,0.4,2.788918204228132
131359,0.4,0.5435741117837132,0.4,0.4,3.6431821129688915
131359,0.5,0.5777246527812562,0.5,0.5,4.433393941028439
131359,0.6,0.3185342659825151,0.4,0.4,5.367257512418097
54439,0.0,0.446759061774804,0.5,0.3,2.7525862225655744
54439,0.1,0.446759061774804,0.5,0.3,2.809266836951047
54439,0.2,0.44223363653685044,0.5,0.3,2.979844716115802
54439,0.3,0.44223363653685044,0.5,0.3,3.0826667264048693
54439,0.4,0.3090284345945501,0.5,0.3,3.5616024765616556
54439,0.5,0.16645409335237923,0.3333333333333333,0.2,4.339837696731992
54439,0.6,0.07989569279756414,0.16666666666666666,0.1,5.097576058454581
170598,0.0,0.9263767796563563,0.9,0.9,3.0631209152262238
170598,0.1,0.9263767796563563,0.9,0.9,3.26905043734049
170598,0.2,0.8690867786886797,0.8,0.8,3.26905043734049
170598,0.3,0.8721718973368121,0.8,0.8,3.26905043734049
170598,0.4,0.8087341427465955,0.7,0.7,3.26905043734049
170598,0.5,0.8687712930526933,0.8,0.8,3.9121714056763026
170598,0.6,0.8687712930526933,0.8,0.8,4.8225473655655025
154061,0.0,0.5938023487861329,0.6,0.6,3.583810416353588
154061,0.1,0.6069955192750006,0.6,0.6,3.810316573933066
154061,0.2,0.5964945678855872,0.6,0.6,4.0895435287438575
154061,0.3,0.4689819508583858,0.4,0.4,4.089543528743857
154061,0.4,0.46558134657426714,0.4,0.4,4.507516460469429
154061,0.5,0.46558134657426714,0.4,0.4,4.711141850502986
154061,0.6,0.5330731603942997,0.4,0.4,4.868918053181398
59225,0.0,0.8096867362293506,0.9,0.9,3.393581483906066
59225,0.1,0.8096867362293506,0.9,0.9,3.393581483906066
59225,0.2,0.8096867362293506,0.9,0.9,3.562391005026953
59225,0.3,0.8096867362293506,0.9,0.9,3.562391005026952
59225,0.4,0.8096867362293506,0.9,0.9,3.994849946132561
59225,0.5,0.8096867362293506,0.9,0.9,6.900727697670348
59225,0.6,0.8096867362293506,0.9,0.9,10.470383118072858
70724,0.0,0.69480759575694,0.6,0.6,2.324218174621631
70724,0.1,0.7486969924404979,0.7,0.7,2.324218174621631
70724,0.2,0.7520975967246166,0.7,0.7,2.518269578256363
70724,0.3,0.76259854811403,0.7,0.7,3.063735882313431
70724,0.4,0.76259854811403,0.7,0.7,3.9508066022254256
70724,0.5,0.7902084359403552,0.7,0.7,5.52669634007974
70724,0.6,0.6991607935238136,0.6,0.6,8.570682131949543
49948,0.0,0.7077452428747176,0.6,0.6,3.634425304308299
49948,0.1,0.713577510861271,0.6,0.6,4.837174195078422
49948,0.2,0.7077452428747176,0.6,0.6,5.992596134979191
49948,0.3,0.703392045107844,0.6,0.6,6.710670773340661
49948,0.4,0.6082354132225194,0.6,0.6,7.250655258369134
49948,0.5,0.6082354132225194,0.6,0.6,7.6535184239889675
49948,0.6,0.5998951721697059,0.6,0.6,8.126724665327389
165078,0.0,0.35238539372475525,0.375,0.3,2.336098982181606
165078,0.1,0.36428215865251656,0.375,0.3,2.374721141055168
165078,0.2,0.37582150277998755,0.375,0.3,2.717454487303631
165078,0.3,0.48117868203720165,0.5,0.4,2.990429032249454
165078,0.4,0.5362520772088136,0.5,0.4,3.04942872570452
165078,0.5,0.5362520772088136,0.5,0.4,4.339553665844713
165078,0.6,0.5523084326975081,0.5,0.4,4.870864829613291
38443,0.0,0.4570558412289352,0.4444444444444444,0.4,1.9122747500273996
38443,0.1,0.4482087503299582,0.4444444444444444,0.4,1.953218607479333
38443,0.2,0.4342138096775728,0.4444444444444444,0.4,2.1320289142846156
38443,0.3,0.4342138096775728,0.4444444444444444,0.4,2.3794531633722418
38443,0.4,0.4945686393467209,0.5555555555555556,0.5,2.8800028624304956
38443,0.5,0.4132807298541468,0.4444444444444444,0.4,3.7471258265994494
38443,0.6,0.3328575797319026,0.3333333333333333,0.3,4.231299879059366
110349,0.0,0.06779095235709003,0.1,0.1,2.37021141266957
110349,0.1,0.06343775459021642,0.1,0.1,2.37021141266957
110349,0.2,0.12347490489631419,0.2,0.2,2.37021141266957
110349,0.3,0.18076490586399083,0.3,0.3,2.37021141266957
110349,0.4,0.14200061170255474,0.2,0.2,3.0234733234572158
110349,0.5,0.18351205520241193,0.2,0.2,5.626396405120266
110349,0.6,0.25810421612773926,0.2,0.2,8.095016180392033
72374,0.0,0.6289218303653598,0.6,0.6,3.1206023797122038
72374,0.1,0.6289218303653598,0.6,0.6,3.3133018877434113
72374,0.2,0.6289218303653598,0.6,0.6,3.3133018877434113
72374,0.3,0.6289218303653598,0.6,0.6,3.494349981736667
72374,0.4,0.6289218303653598,0.6,0.6,3.4943499817366663
72374,0.5,0.6289218303653598,0.6,0.6,3.549232824439309
72374,0.6,0.7372716327395521,0.6,0.6,5.642891310116928
156891,0.0,0.5469583689689028,0.5,0.5,2.170399609939768
156891,0.1,0.6069955192750006,0.6,0.6,2.1703996099397678
156891,0.2,0.6103961235591193,0.6,0.6,2.3105026581440726
156891,0.3,0.6042483699365795,0.6,0.6,2.3105026581440726
156891,0.4,0.5998951721697059,0.6,0.6,2.5286091596605456
156891,0.5,0.46014197813639174,0.4,0.4,2.8681314875228026
156891,0.6,0.43087111164264724,0.4,0.4,3.3118573407237144
22458,0.0,0.4635425824205105,0.5,0.5,2.8110242323417762
22458,0.1,0.4635425824205105,0.5,0.5,2.8110242323417762
22458,0.2,0.46079543308208937,0.5,0.5,2.8110242323417762
22458,0.3,0.39300448072499927,0.4,0.4,2.8110242323417767
22458,0.4,0.2722767251671062,0.2,0.2,3.537783001620311
22458,0.5,0.26393648411429266,0.2,0.2,4.056017801658218
22458,0.6,0.15519378219142235,0.2,0.2,4.7373765538399235
110527,0.0,0.3295032204950941,0.3333333333333333,0.2,1.9754123202693357
110527,0.1,0.2532633541065531,0.16666666666666666,0.1,2.63681822313962
110527,0.2,0.2532633541065531,0.16666666666666666,0.1,2.63681822313962
110527,0.3,0.2532633541065531,0.16666666666666666,0.1,5.449358003740478
110527,0.4,0.2532633541065531,0.16666666666666666,0.1,7.888027271430984
110527,0.5,0.2532633541065531,0.16666666666666666,0.1,8.824687159842721
110527,0.6,0.0844211180355177,0.16666666666666666,0.1,9.443783807207392
133262,0.0,0.6670490166800274,0.6,0.6,2.6099388232738088
133262,0.1,0.5968100535215736,0.6,0.6,2.696753851040334
133262,0.2,0.5808697336942849,0.6,0.6,2.696753851040334
133262,0.3,0.5235797327266082,0.5,0.5,2.6967538510403335
133262,0.4,0.583616883032706,0.6,0.6,2.903217523769345
133262,0.5,0.42008285978847,0.5,0.5,3.539896059470479
133262,0.6,0.35229190743138,0.4,0.4,4.8229353493310025
48951,0.0,1.0,1.0,1.0,3.232308998349647
48951,0.1,1.0,1.0,1.0,3.494229747417105
48951,0.2,1.0,1.0,1.0,3.494229747417105
48951,0.3,0.9399628496939022,0.9,0.9,3.8428171539172298
48951,0.4,0.8826728487262255,0.8,0.8,3.8428171539172298
48951,0.5,0.9263767796563563,0.9,0.9,3.84281715391723
48951,0.6,0.9180365386035428,0.9,0.9,5.55173059064725
160054,0.0,0.46597424612294513,0.4,0.4,2.1885073279217964
160054,0.1,0.46014197813639174,0.4,0.4,2.1885073279217964
160054,0.2,0.46558134657426714,0.4,0.4,2.320497597009319
160054,0.3,0.40554419626816934,0.3,0.3,2.6478907409701096
160054,0.4,0.40554419626816934,0.3,0.3,3.1529699066597865
160054,0.5,0.40554419626816934,0.3,0.3,4.062349547040294
160054,0.6,0.37042471468894245,0.3,0.3,5.313792174901045
117420,0.0,0.6433548948017463,0.6,0.6,2.2999956023259003
117420,0.1,0.6433548948017463,0.6,0.6,2.3583382991779733
117420,0.2,0.6433548948017463,0.6,0.6,2.3583382991779733
117420,0.3,0.5833177444956485,0.5,0.5,2.3583382991779733
117420,0.4,0.656940964839292,0.6,0.6,3.0246535941067383
117420,0.5,0.738511526687071,0.7,0.7,4.5747717074163985
117420,0.6,0.7360635158857073,0.8,0.8,5.384882556314335
117621,0.0,0.8096867362293506,0.9,0.9,2.689761845855173
117621,0.1,0.8096867362293506,0.9,0.9,2.9429400249916626
117621,0.2,0.8096867362293506,0.9,0.9,3.1572541572533543
117621,0.3,0.8096867362293506,0.9,0.9,5.0231089684653085
117621,0.4,0.8799256993878044,0.9,0.9,7.855211327231411
117621,0.5,0.9322090476429099,0.9,0.9,9.275106237452764
117621,0.6,0.9427099990323233,0.9,0.9,9.773412600098485
100032,0.0,0.7929555852787762,0.7,0.7,3.0834195750265248
100032,0.1,0.7929555852787762,0.7,0.7,3.0834195750265248
100032,0.2,0.7902084359403552,0.7,0.7,3.0834195750265248
100032,0.3,0.7329184349726785,0.6,0.6,3.0834195750265243
100032,0.4,0.7267706813501387,0.6,0.6,3.300425547914126
100032,0.5,0.6531474610064952,0.5,0.5,3.300425547914126
100032,0.6,0.6211843754132965,0.5,0.5,5.623519444731621
137364,0.0,0.752396735261674,0.8,0.8,2.200592948946691
137364,0.1,0.752396735261674,0.8,0.8,2.200592948946691
137364,0.2,0.752396735261674,0.8,0.8,2.200592948946691
137364,0.3,0.752396735261674,0.8,0.8,2.200592948946691
137364,0.4,0.752396735261674,0.8,0.8,2.2005929489466913
137364,0.5,0.6726257612954908,0.7,0.7,4.195980061012333
137364,0.6,0.43926202154040817,0.6,0.6,5.649967465958542
158460,0.0,0.7378580717413733,0.6,0.6,2.5823232567237255
158460,0.1,0.6778209214352755,0.5,0.5,3.1599545871389934
158460,0.2,0.6778209214352755,0.5,0.5,3.72104763932862
158460,0.3,0.7985486769931687,0.7,0.7,3.8724767108318625
158460,0.4,0.7902084359403552,0.7,0.7,3.8724767108318625
158460,0.5,0.7902084359403552,0.7,0.7,4.301171152932337
158460,0.6,0.7197252644838108,0.6,0.6,4.753877225490939
22479,0.0,0.3056950429087391,0.375,0.3,2.5075408290368513
22479,0.1,0.3056950429087391,0.375,0.3,2.5075408290368513
22479,0.2,0.32064188364130103,0.375,0.3,2.507540829036852
22479,0.3,0.32064188364130103,0.375,0.3,2.9101704552581267
22479,0.4,0.31571004760130544,0.375,0.3,3.2282085059618266
22479,0.5,0.5030904516575294,0.375,0.3,5.795071661070834
22479,0.6,0.43505448851253264,0.375,0.3,6.555621896400945
96976,0.0,0.5065267082131062,0.3333333333333333,0.2,2.664095002011861
96976,0.1,0.5065267082131062,0.3333333333333333,0.2,2.664095002011861
96976,0.2,0.5065267082131062,0.3333333333333333,0.2,2.9317129255515324
96976,0.3,0.41305473970168133,0.3333333333333333,0.2,3.1351986743760807
96976,0.4,0.37989503115982964,0.3333333333333333,0.2,3.1351986743760802
96976,0.5,0.25000561255896653,0.3333333333333333,0.2,3.5382858247103712
96976,0.6,0.20652736985084066,0.3333333333333333,0.2,5.076742049389629
72035,0.0,0.8444133182598994,0.8,0.8,1.9711757150596951
72035,0.1,0.8629390250661401,0.8,0.8,2.3041264088388416
72035,0.2,0.8545987840133263,0.8,0.8,3.1238613340538244
72035,0.3,0.857999388297445,0.8,0.8,3.789902715419411
72035,0.4,0.8687712930526933,0.8,0.8,5.427241694552601
72035,0.5,0.8007093873297685,0.7,0.7,5.5156693345210615
72035,0.6,0.7240784622506844,0.6,0.6,5.93696284795649
107351,0.0,0.43113468640987307,0.5,0.3,2.5526219556341814
107351,0.1,0.43113468640987307,0.5,0.3,2.5526219556341814
107351,0.2,0.43113468640987307,0.5,0.3,2.5526219556341814
107351,0.3,0.4233732738679554,0.5,0.3,2.796217502162949
107351,0.4,0.32990130535653067,0.5,0.3,3.1274930915279215
107351,0.5,0.2837099346320892,0.5,0.3,3.5779736734313423
107351,0.6,0.2680855592671582,0.5,0.3,4.996282852041601
180004,0.0,0.5065267082131062,0.3333333333333333,0.2,5.018286914477542
180004,0.1,0.604502347718862,0.5,0.3,5.325609428001579
180004,0.2,0.6663180938082345,0.5,0.3,5.836391081714678
180004,0.3,0.6663180938082345,0.5,0.3,6.283285300329171
180004,0.4,0.6663180938082345,0.5,0.3,6.841833999308003
180004,0.5,0.6331583852663827,0.5,0.3,7.008636860222376
180004,0.6,0.6331583852663827,0.5,0.3,7.028200829595451
84078,0.0,0.5912352048230277,1.0,0.4,2.2549342160216512
84078,0.1,0.7091140061623243,1.0,0.4,2.2549342160216512
84078,0.2,0.6942782890406186,1.0,0.4,2.2549342160216512
84078,0.3,0.730416817104492,1.0,0.4,2.326190570414713
84078,0.4,0.730416817104492,1.0,0.4,2.9959440101282184
84078,0.5,0.730416817104492,1.0,0.4,4.84816715658198
84078,0.6,0.5707198454845924,0.75,0.3,6.137986503788591
182498,0.0,0.3273742387045091,0.3,0.3,2.104185969179971
182498,0.1,0.3317274364713827,0.3,0.3,2.383126182958711
182498,0.2,0.34006767752419625,0.3,0.3,2.383126182958711
182498,0.3,0.3458999455107497,0.3,0.3,2.5748322418865666
182498,0.4,0.3458999455107497,0.3,0.3,3.5320146259155307
182498,0.5,0.462834197235846,0.4,0.4,5.379390219795846
182498,0.6,0.35664510519825354,0.4,0.4,5.782442234708869
67450,0.0,0.2554359839370199,0.3333333333333333,0.3,3.5152538231613364
67450,0.1,0.25182871946797925,0.3333333333333333,0.3,3.5152538231613364
67450,0.2,0.19466437758248464,0.2222222222222222,0.2,3.7218261379687347
67450,0.3,0.19928212617043015,0.2222222222222222,0.2,3.849363028467873
67450,0.4,0.26296783054157813,0.3333333333333333,0.3,4.026843892409859
67450,0.5,0.21962683639056702,0.3333333333333333,0.3,4.379049731082166
67450,0.6,0.16504193431681816,0.2222222222222222,0.2,5.750000493080087
12898,0.0,0.5088475297531643,0.5,0.5,2.4912969633669713
12898,0.1,0.5044943319862907,0.5,0.5,2.4912969633669713
12898,0.2,0.5731159316432926,0.6,0.6,2.4912969633669713
12898,0.3,0.5016534216362489,0.5,0.5,2.6976888757409108
12898,0.4,0.45245519202927575,0.5,0.5,3.127588506828727
12898,0.5,0.27592153774931544,0.4,0.4,3.5979425149650943
12898,0.6,0.18351205520241193,0.2,0.2,5.183367099610935
37521,0.0,0.4689819508583858,0.4,0.4,4.671663768723751
37521,0.1,0.4733351486252594,0.4,0.4,4.671663768723751
37521,0.2,0.4875076576646263,0.4,0.4,4.671663768723751
37521,0.3,0.4875076576646263,0.4,0.4,4.942030306434617
37521,0.4,0.4875076576646263,0.4,0.4,5.309105628023081
37521,0.5,0.4875076576646263,0.4,0.4,6.816951692737696
37521,0.6,0.5958574600388186,0.4,0.4,7.18795072990324
183613,0.0,0.21319216834376345,0.3,0.3,2.1880200449831544
183613,0.1,0.21319216834376345,0.3,0.3,2.1880200449831544
183613,0.2,0.20979156405964475,0.3,0.3,2.272045005230154
183613,0.3,0.14141417270073348,0.2,0.2,2.2720450052301544
183613,0.4,0.13091322131132005,0.2,0.2,2.4371708242507233
183613,0.5,0.06779095235709003,0.1,0.1,3.3921391718617726
183613,0.6,0.081963461396457,0.1,0.1,6.357713274019842
57970,0.0,0.6069955192750006,0.6,0.6,3.5736939722108536
57970,0.1,0.6103961235591193,0.6,0.6,3.9246353636397684
57970,0.2,0.6772344824334544,0.6,0.6,4.127318665275362
57970,0.3,0.6886598421344001,0.6,0.6,4.127318665275362
57970,0.4,0.6184208789759464,0.6,0.6,4.535402900332072
57970,0.5,0.5752766419798925,0.6,0.6,4.748832645957002
57970,0.6,0.4420091708788293,0.6,0.6,5.111137632750599
135498,0.0,0.5046972663014149,0.3333333333333333,0.3,4.580905302056837
135498,0.1,0.5311292217834279,0.3333333333333333,0.3,4.580905302056837
135498,0.2,0.5311292217834279,0.3333333333333333,0.3,4.749482902935687
135498,0.3,0.5311292217834279,0.3333333333333333,0.3,4.749482902935687
135498,0.4,0.5311292217834279,0.3333333333333333,0.3,4.950393373399945
135498,0.5,0.4907023256490295,0.3333333333333333,0.3,5.3687099234682085
135498,0.6,0.4161948278707595,0.3333333333333333,0.3,5.673336959495268
45757,0.0,0.16018443043593533,0.2857142857142857,0.2,5.651151052205819
45757,0.1,0.16018443043593533,0.2857142857142857,0.2,5.651151052205819
45757,0.2,0.16018443043593533,0.2857142857142857,0.2,6.102387789204671
45757,0.3,0.16018443043593533,0.2857142857142857,0.2,6.544541679889498
45757,0.4,0.16018443043593533,0.2857142857142857,0.2,6.915683218754687
45757,0.5,0.16018443043593533,0.2857142857142857,0.2,7.057163905857155
45757,0.6,0.16730359321143173,0.2857142857142857,0.2,7.405727862760971
34131,0.0,0.45238817608539944,0.4,0.4,2.5577268101056325
34131,0.1,0.43546851770761136,0.4,0.4,2.5577268101056325
34131,0.2,0.4382156670460325,0.4,0.4,2.983792841285772
34131,0.3,0.40554419626816934,0.3,0.3,3.1195867854363692
34131,0.4,0.40554419626816934,0.3,0.3,3.3927401312353824
34131,0.5,0.42771471565661906,0.4,0.4,3.914921056640208
34131,0.6,0.42771471565661906,0.4,0.4,4.642365408589974
183872,0.0,0.5259431813001827,0.5714285714285714,0.4,1.8425416386035984
183872,0.1,0.5259431813001827,0.5714285714285714,0.4,1.8425416386035984
183872,0.2,0.5383760785556023,0.5714285714285714,0.4,1.9710869125975576
183872,0.3,0.5687918516410434,0.5714285714285714,0.4,1.971086912597558
183872,0.4,0.5420274817461193,0.5714285714285714,0.4,2.417108671510757
183872,0.5,0.22400414303045632,0.2857142857142857,0.2,4.440875730250525
183872,0.6,0.1473664353761802,0.2857142857142857,0.2,5.436686379746357
198019,0.0,0.6082354132225194,0.6,0.6,3.523357669530885
198019,0.1,0.6812215257193943,0.6,0.6,3.523357669530885
198019,0.2,0.6701341353281597,0.6,0.6,3.523357669530885
198019,0.3,0.6994050018219041,0.6,0.6,3.523357669530885
198019,0.4,0.7021521511603253,0.6,0.6,4.054390164399659
198019,0.5,0.6994050018219041,0.6,0.6,7.628108892194598
198019,0.6,0.713184611312593,0.6,0.6,9.756199824230043
135222,0.0,0.44066367784739624,0.3,0.3,1.8357113268922807
135222,0.1,0.37042471468894245,0.3,0.3,1.8357113268922807
135222,0.2,0.3455070459620716,0.3,0.3,1.9382322291406928
135222,0.3,0.3455070459620716,0.3,0.3,1.9537347369704086
135222,0.4,0.3273742387045091,0.3,0.3,2.200246635268123
135222,0.5,0.3239736344203904,0.3,0.3,2.820333976357507
135222,0.6,0.2152309324975201,0.2,0.2,4.069444390693317
83310,0.0,0.7055527554444438,0.6,0.6,2.7346542513246
83310,0.1,0.7055527554444438,0.6,0.6,2.969399755487973
83310,0.2,0.6772344824334544,0.6,0.6,3.0231270054234
83310,0.3,0.6640413119445867,0.6,0.6,3.0641117837398126
83310,0.4,0.574977503442835,0.5,0.5,3.157696690725889
83310,0.5,0.44066367784739624,0.3,0.3,3.5251438110659095
83310,0.6,0.3153942170954159,0.3,0.3,4.211371513393223
85631,0.0,0.08694451260789762,0.1111111111111111,0.1,3.6351179448749713
85631,0.1,0.08694451260789762,0.1111111111111111,0.1,3.6351179448749713
85631,0.2,0.07809742170892055,0.1111111111111111,0.1,4.213568464165894
85631,0.3,0.07809742170892055,0.1111111111111111,0.1,4.818907091870249
85631,0.4,0.07809742170892055,0.1111111111111111,0.1,6.447903844374328
85631,0.5,0.14539039054910918,0.2222222222222222,0.2,7.012913944229808
85631,0.6,0.1500081391370547,0.2222222222222222,0.2,7.417371054687922
192221,0.0,0.2476032647383259,0.2,0.2,4.528324562384113
192221,0.1,0.2476032647383259,0.2,0.2,5.123032338212046
192221,0.2,0.2476032647383259,0.2,0.2,5.123032338212047
192221,0.3,0.2476032647383259,0.2,0.2,5.231112086199056
192221,0.4,0.2476032647383259,0.2,0.2,5.9259703371993915
192221,0.5,0.3076404150444236,0.3,0.3,6.073237033208049
192221,0.6,0.3076404150444236,0.3,0.3,6.554653413065518
46649,0.0,0.8502455862464527,0.8,0.8,2.384869271118294
46649,0.1,0.8502455862464527,0.8,0.8,2.384869271118294
46649,0.2,0.7809755636696831,0.7,0.7,2.7589978599011684
46649,0.3,0.741258676025492,0.6,0.6,2.8332883677559506
46649,0.4,0.7736146611673687,0.7,0.7,3.209257041002993
46649,0.5,0.7462653287380632,0.7,0.7,4.019949725794968
46649,0.6,0.7277232748328937,0.8,0.8,5.1623471976829265
75360,0.0,0.5,0.5,0.1,4.228034260712984
75360,0.1,0.5,0.5,0.1,4.228034260712984
75360,0.2,0.5,0.5,0.1,4.228034260712984
75360,0.3,0.3154648767857287,0.5,0.1,4.228034260712984
75360,0.4,0.3154648767857287,0.5,0.1,5.509261138015981
75360,0.5,0.25,0.5,0.1,6.023246071769669
75360,0.6,0.21533827903669653,0.5,0.1,6.774050389952516
123431,0.0,0.31418106821564146,0.4,0.4,2.5927014579162218
123431,0.1,0.3022010466065483,0.4,0.4,2.8280418138989396
123431,0.2,0.23441009424945825,0.3,0.3,2.9971088992495094
123431,0.3,0.16877985222896807,0.2,0.2,3.284317406946093
123431,0.4,0.15558668174010043,0.2,0.2,3.7925796936654
123431,0.5,0.14540121598667338,0.2,0.2,4.516445310211024
123431,0.6,0.15519378219142235,0.2,0.2,5.189106089331335
52124,0.0,0.43505448851253264,0.375,0.3,2.944035973297706
52124,0.1,0.4445033359137518,0.375,0.3,2.986055447011912
52124,0.2,0.45945017664631377,0.375,0.3,3.2481928705084337
52124,0.3,0.4445033359137518,0.375,0.3,3.491200612857335
52124,0.4,0.4162735464024632,0.375,0.3,3.735225794595153
52124,0.5,0.3918778582686821,0.375,0.3,5.442541731373959
52124,0.6,0.37088966673999196,0.375,0.3,6.394927603532092
188873,0.0,0.3788748389864684,0.2857142857142857,0.2,5.3207699587943695
188873,0.1,0.3788748389864684,0.2857142857142857,0.2,5.671797442148166
188873,0.2,0.3788748389864684,0.2857142857142857,0.2,6.968997747278209
188873,0.3,0.3788748389864684,0.2857142857142857,0.2,7.45788018836753
188873,0.4,0.3788748389864684,0.2857142857142857,0.2,8.426060729368576
188873,0.5,0.3788748389864684,0.2857142857142857,0.2,10.635074206856775
188873,0.6,0.34845906590102727,0.2857142857142857,0.2,11.277217578054625
61353,0.0,0.4757831594266231,0.3,0.3,2.1359472808682787
61353,0.1,0.45424974788494193,0.3,0.3,2.3390107147027543
61353,0.2,0.45424974788494193,0.3,0.3,2.503142460506864
61353,0.3,0.44841747989838854,0.3,0.3,2.766158248788167
61353,0.4,0.5013542830991916,0.4,0.4,3.005880312893444
61353,0.5,0.46014197813639174,0.4,0.4,4.205020471185268
61353,0.6,0.46597424612294513,0.4,0.4,6.297921424905401
26598,0.0,0.1173271512737744,0.2,0.2,3.5334371245374627
26598,0.1,0.1173271512737744,0.2,0.2,3.5334371245374627
26598,0.2,0.1173271512737744,0.2,0.2,3.8523536570403856
26598,0.3,0.1173271512737744,0.2,0.2,4.3655240521452185
26598,0.4,0.1173271512737744,0.2,0.2,4.957058689383522
26598,0.5,0.1173271512737744,0.2,0.2,5.5291009356191525
26598,0.6,0.1173271512737744,0.2,0.2,5.908065986942235
65603,0.0,0.8414056135244589,0.8,0.8,2.665079920264769
65603,0.1,0.8448062178085776,0.8,0.8,2.665079920264769
65603,0.2,0.8448062178085776,0.8,0.8,2.665079920264769
65603,0.3,0.8414056135244589,0.8,0.8,2.88896891443932
65603,0.4,0.9048433681146754,0.9,0.9,3.130204314496387
65603,0.5,0.9048433681146754,0.9,0.9,3.251546033962505
65603,0.6,0.8096867362293506,0.9,0.9,4.460024899097459
112488,0.0,0.42015151419005026,0.5,0.2,2.1616683886655315
112488,0.1,0.42015151419005026,0.5,0.2,2.6302591692818957
112488,0.2,0.5162986715386287,0.75,0.3,2.6302591692818957
112488,0.3,0.5437099577460763,0.75,0.3,2.788307254248156
112488,0.4,0.7354370741913407,1.0,0.4,4.325617522838313
112488,0.5,0.759222140234558,1.0,0.4,5.07324910091763
112488,0.6,0.7943764748609892,1.0,0.4,6.222645999943679
4272,0.0,0.5142868981910397,0.4,0.4,2.257405811837995
4272,0.1,0.5260277435279719,0.4,0.4,2.257405811837995
4272,0.2,0.5392209140168396,0.4,0.4,2.34488833417633
4272,0.3,0.6094435300763643,0.5,0.5,2.3448883341763302
4272,0.4,0.6562875098935943,0.5,0.5,2.5037836237903552
4272,0.5,0.6994050018219041,0.6,0.6,2.948962239592999
4272,0.6,0.6211843754132965,0.5,0.5,5.250931857806835
82922,0.0,0.5393542348404141,0.4444444444444444,0.4,2.0439889034214422
82922,0.1,0.5364401368238014,0.4444444444444444,0.4,2.0439889034214422
82922,0.2,0.4756685304692661,0.3333333333333333,0.3,2.1548151752755977
82922,0.3,0.4818552347500525,0.3333333333333333,0.3,2.1548151752755977
82922,0.4,0.4756685304692661,0.3333333333333333,0.3,2.8232297944598597
82922,0.5,0.4126586520121559,0.4444444444444444,0.4,3.9074830748382587
82922,0.6,0.23695265174495234,0.3333333333333333,0.3,5.699636652445006
89059,0.0,0.7456118737923656,0.6,0.6,2.0837249454121585
89059,0.1,0.7372716327395521,0.6,0.6,2.0837249454121585
89059,0.2,0.7843761679538016,0.7,0.7,2.1575562889134057
89059,0.3,0.8444133182598994,0.8,0.8,2.1575562889134057
89059,0.4,0.713184611312593,0.6,0.6,2.345099389284325
89059,0.5,0.6814657340174848,0.6,0.6,3.9835750244317807
89059,0.6,0.666733531044041,0.6,0.6,5.04611204986522
143943,0.0,0.37107816963464,0.4,0.4,2.578834588579042
143943,0.1,0.37107816963464,0.4,0.4,2.578834588579042
143943,0.2,0.37107816963464,0.4,0.4,2.687352231939279
143943,0.3,0.3137881686669634,0.3,0.3,2.6873522319392786
143943,0.4,0.3212264850819693,0.3,0.3,2.866190005459207
143943,0.5,0.4027970469297482,0.4,0.4,3.313723913437746
143943,0.6,0.381263635388067,0.4,0.4,4.73387127129806
173054,0.0,0.37042471468894245,0.3,0.3,3.2856326467147055
173054,0.1,0.37382531897306115,0.3,0.3,3.2856326467147055
173054,0.2,0.37817851673993474,0.3,0.3,3.2856326467147063
173054,0.3,0.38401078472648814,0.3,0.3,3.460057046561368
173054,0.4,0.39235102577930164,0.3,0.3,4.9832368794096435
173054,0.5,0.2971943938939771,0.3,0.3,9.591662051552825
173054,0.6,0.36743335705243085,0.3,0.3,10.850157620865762
132522,0.0,0.752396735261674,0.8,0.8,3.4270278981514095
132522,0.1,0.752396735261674,0.8,0.8,3.4270278981514095
132522,0.2,0.8096867362293506,0.9,0.9,3.4270278981514095
132522,0.3,0.8096867362293506,0.9,0.9,3.427027898151409
132522,0.4,0.8096867362293506,0.9,0.9,3.904728999320836
132522,0.5,0.8799256993878044,0.9,0.9,4.923167126831386
132522,0.6,0.9365622454097835,0.9,0.9,6.75524216481495
168070,0.0,0.4496410267469783,0.4,0.4,2.799362269445445
168070,0.1,0.4413007856941648,0.4,0.4,2.799362269445445
168070,0.2,0.37817851673993474,0.3,0.3,2.919031584258567
168070,0.3,0.37817851673993474,0.3,0.3,2.9190315842585672
168070,0.4,0.3317274364713827,0.3,0.3,3.2728423496696033
168070,0.5,0.3273742387045091,0.3,0.3,3.70396604016943
168070,0.6,0.3273742387045091,0.3,0.3,4.999965524690646
98246,0.0,0.7564507944914902,0.7,0.7,1.7421490348759339
98246,0.1,0.7564507944914902,0.7,0.7,1.7421490348759334
98246,0.2,0.7564507944914902,0.7,0.7,1.952056289591311
98246,0.3,0.7564507944914902,0.7,0.7,2.2467269727605568
98246,0.4,0.7813684632183611,0.7,0.7,2.824888294504559
98246,0.5,0.7843761679538016,0.7,0.7,5.543830933220233
98246,0.6,0.7677823931808154,0.7,0.7,6.574669131469314
50073,0.0,0.40554419626816934,0.3,0.3,6.11417153469018
50073,0.1,0.39235102577930164,0.3,0.3,6.11417153469018
50073,0.2,0.3590931159996173,0.3,0.3,6.326844466952909
50073,0.3,0.3532608480130639,0.3,0.3,6.6442045329114805
50073,0.4,0.3532608480130639,0.3,0.3,6.6442045329114805
50073,0.5,0.34006767752419625,0.3,0.3,8.010743902914717
50073,0.6,0.34006767752419625,0.3,0.3,8.938638024401536
44150,0.0,0.28642248913872875,0.4,0.4,2.739317753923276
44150,0.1,0.29225475712528226,0.4,0.4,2.739317753923276
44150,0.2,0.2966079548921558,0.4,0.4,2.7393177539232765
44150,0.3,0.24491104563887164,0.3,0.3,2.7393177539232765
44150,0.4,0.22337763409719047,0.3,0.3,2.7393177539232765
44150,0.5,0.2322176068191845,0.3,0.3,6.323190061566889
44150,0.6,0.16877985222896807,0.2,0.2,10.131318117381516
82795,0.0,0.667686124526796,0.7,0.7,2.556821997231949
82795,0.1,0.6889589806714576,0.7,0.7,2.556821997231949
82795,0.2,0.7462489816391342,0.8,0.8,2.556821997231949
82795,0.3,0.8096867362293506,0.9,0.9,2.556821997231949
82795,0.4,0.752396735261674,0.8,0.8,2.556821997231949
82795,0.5,0.7813684632183611,0.7,0.7,2.96711211100704
82795,0.6,0.7165852155967116,0.6,0.6,4.747259991781407
174470,0.0,0.6323224346494786,0.7,0.7,3.3973457112249577
174470,0.1,0.6323224346494786,0.7,0.7,3.3973457112249577
174470,0.2,0.6261746810269387,0.7,0.7,3.3973457112249577
174470,0.3,0.6218214832600651,0.7,0.7,4.90199849196297
174470,0.4,0.6325666429475691,0.7,0.7,7.174885159493566
174470,0.5,0.6076489742206983,0.7,0.7,8.397768687601609
174470,0.6,0.6076489742206983,0.7,0.7,9.436536771558265
169406,0.0,0.2626505128751012,0.2222222222222222,0.2,3.0635532122895954
169406,0.1,0.2626505128751012,0.2222222222222222,0.2,3.0635532122895954
169406,0.2,0.2626505128751012,0.2222222222222222,0.2,3.0635532122895954
169406,0.3,0.26556461089171396,0.2222222222222222,0.2,3.172423210148409
169406,0.4,0.26556461089171396,0.2222222222222222,0.2,3.3729695502020283
169406,0.5,0.26556461089171396,0.2222222222222222,0.2,3.5812411711146965
169406,0.6,0.26556461089171396,0.2222222222222222,0.2,4.21482126730937
18689,0.0,0.37582150277998755,0.375,0.3,3.0125811381826475
18689,0.1,0.37582150277998755,0.375,0.3,3.0663378500903224
18689,0.2,0.37088966673999196,0.375,0.3,3.270902508637852
18689,0.3,0.36428215865251656,0.375,0.3,3.3448994406578594
18689,0.4,0.36428215865251656,0.375,0.3,4.021200900136627
18689,0.5,0.36428215865251656,0.375,0.3,4.767890521259074
18689,0.6,0.36428215865251656,0.375,0.3,4.767890521259073
189773,0.0,0.3874113890106069,0.4,0.4,3.530845801333881
189773,0.1,0.3874113890106069,0.4,0.4,4.302820448806264
189773,0.2,0.3957516300634204,0.4,0.4,4.981783969668144
189773,0.3,0.5084546302044863,0.4,0.4,5.886049959613549
189773,0.4,0.5118552344886049,0.4,0.4,6.443555100496018
189773,0.5,0.4875076576646263,0.4,0.4,7.7855307711409605
189773,0.6,0.5826642895499509,0.4,0.4,8.197511734962557
100185,0.0,0.7902084359403552,0.7,0.7,3.1961580970299215
100185,0.1,0.7295178306885598,0.6,0.6,3.4923316014834818
100185,0.2,0.7209384133635853,0.6,0.6,3.4923316014834818
100185,0.3,0.6461020441401674,0.5,0.5,3.7765476616122795
100185,0.4,0.6399542905176275,0.5,0.5,3.919253724459574
100185,0.5,0.6565480652906139,0.6,0.6,4.343513096228041
100185,0.6,0.4798208715575104,0.5,0.5,4.883863041422051
200772,0.0,0.6699982498468837,0.5555555555555556,0.5,2.226335943966864
200772,0.1,0.6699982498468837,0.5555555555555556,0.5,2.226335943966864
200772,0.2,0.6435662943648707,0.5555555555555556,0.5,2.226335943966864
200772,0.3,0.6327618414961389,0.5555555555555556,0.5,2.2263359439668644
200772,0.4,0.4798805322419075,0.4444444444444444,0.4,2.775270605247022
200772,0.5,0.3332743564172898,0.4444444444444444,0.4,4.746213121533494
200772,0.6,0.2258135406713534,0.3333333333333333,0.3,5.897857186487059
24601,0.0,0.29806952783463897,0.4,0.2,2.1089870387777676
24601,0.1,0.2857650373872901,0.4,0.2,2.5415982704216535
24601,0.2,0.29806952783463897,0.4,0.2,2.6690678980390308
24601,0.3,0.2857650373872901,0.4,0.2,2.926822400954898
24601,0.4,0.24900360388932713,0.4,0.2,3.4503174463121873
24601,0.5,0.24039916604724387,0.4,0.2,5.480983834943363
24601,0.6,0.2209350715177754,0.4,0.2,6.265176987363645
74242,0.0,0.07809742170892055,0.1111111111111111,0.1,2.1137723584206114
74242,0.1,0.07809742170892055,0.1111111111111111,0.1,2.1137723584206114
74242,0.2,0.07809742170892055,0.1111111111111111,0.1,2.1137723584206114
74242,0.3,0.08694451260789762,0.1111111111111111,0.1,2.312708288416196
74242,0.4,0.08694451260789762,0.1111111111111111,0.1,3.663894257043083
74242,0.5,0.13097867321133666,0.2222222222222222,0.2,5.904988503363313
74242,0.6,0.22254093440717976,0.3333333333333333,0.3,5.904988503363313
57789,0.0,0.5016534216362489,0.5,0.5,2.9902386790367865
57789,0.1,0.5074856896228024,0.5,0.5,3.166050345416601
57789,0.2,0.5158259306756159,0.5,0.5,3.166050345416601
57789,0.3,0.5158259306756159,0.5,0.5,3.2276632962816114
57789,0.4,0.5833013973967196,0.6,0.6,3.2276632962816114
57789,0.5,0.5964945678855872,0.6,0.6,4.400139344359808
57789,0.6,0.6094435300763643,0.5,0.5,6.515867747815127
127118,0.0,0.28077218886614447,0.2,0.1,2.1596371336351448
127118,0.1,0.28077218886614447,0.2,0.1,2.159637133635145
127118,0.2,0.28077218886614447,0.2,0.1,2.1596371336351448
127118,0.3,0.28077218886614447,0.2,0.1,2.3241075822565436
127118,0.4,0.28077218886614447,0.2,0.1,2.4860446906584857
127118,0.5,0.14038609443307223,0.2,0.1,3.074533509585384
127118,0.6,0.09359072962204816,0.2,0.1,4.315849488284763
135334,0.0,0.45180173708357824,0.4,0.4,2.2969573210467704
135334,0.1,0.5090917380512548,0.5,0.5,2.29695732104677
135334,0.2,0.48692121866280513,0.5,0.5,2.2969573210467704
135334,0.3,0.48256802089593154,0.5,0.5,2.5250533372003696
135334,0.4,0.5476118239146005,0.6,0.6,2.700756549072021
135334,0.5,0.5476118239146005,0.6,0.6,2.864038141261683
135334,0.6,0.5799171402115298,0.5,0.5,3.6894761144478707
124307,0.0,0.39249047436995343,0.42857142857142855,0.3,2.3405886872905652
124307,0.1,0.395458686693669,0.42857142857142855,0.3,2.340588687290565
124307,0.2,0.392105376565618,0.42857142857142855,0.3,2.402929672162967
124307,0.3,0.3323548113551676,0.2857142857142857,0.2,2.402929672162967
124307,0.4,0.2627218170194593,0.2857142857142857,0.2,2.435985146876816
124307,0.5,0.2060212672004348,0.2857142857142857,0.2,3.160346647692232
124307,0.6,0.1631526427596508,0.2857142857142857,0.2,4.112809868515012
114285,0.0,0.3806265275412985,0.2,0.2,1.962161700459418
114285,0.1,0.3806265275412985,0.2,0.2,2.1434476978720283
114285,0.2,0.3806265275412985,0.2,0.2,3.0215850868164353
114285,0.3,0.3806265275412985,0.2,0.2,4.762515666096299
114285,0.4,0.3103875643828447,0.2,0.2,5.404217569062483
114285,0.5,0.1771200932817816,0.2,0.2,5.906666178238334
114285,0.6,0.1771200932817816,0.2,0.2,6.912044021878664
191934,0.0,0.857999388297445,0.8,0.8,3.152218573764971
191934,0.1,0.8475533671469987,0.8,0.8,3.152218573764971
191934,0.2,0.8475533671469987,0.8,0.8,3.305402951482101
191934,0.3,0.8007093873297685,0.7,0.7,3.6676424871211033
191934,0.4,0.7973087830456499,0.7,0.7,3.8169203284353266
191934,0.5,0.7809755636696831,0.7,0.7,4.012803992048481
191934,0.6,0.7104923922131388,0.6,0.6,4.999709714748326
20669,0.0,0.6538558461911597,0.6,0.6,2.675439354214276
20669,0.1,0.5904180916009433,0.5,0.5,2.760789523059547
20669,0.2,0.5962503595874966,0.5,0.5,3.127612270297184
20669,0.3,0.5904180916009433,0.5,0.5,3.127612270297184
20669,0.4,0.5392209140168396,0.4,0.4,3.127612270297184
20669,0.5,0.43386246927915895,0.4,0.4,4.002556216835692
20669,0.6,0.38401078472648814,0.3,0.3,5.5257122055597865
97966,0.0,0.3788319716856323,0.4,0.4,4.243034906420233
97966,0.1,0.38157912102405345,0.4,0.4,4.243034906420233
97966,0.2,0.39176458677748044,0.4,0.4,4.243034906420233
97966,0.3,0.4059370958168474,0.4,0.4,4.402932034099846
97966,0.4,0.42066929879029125,0.5,0.5,4.402932034099846
97966,0.5,0.4779592997579679,0.6,0.6,4.544175184006529
97966,0.6,0.48846025114738134,0.6,0.6,5.967712032276216
178499,0.0,0.592096086333742,0.5,0.4,3.130167672058426
178499,0.1,0.592096086333742,0.5,0.4,3.130167672058426
178499,0.2,0.6608538433434622,0.625,0.5,3.130167672058426
178499,0.3,0.7442632519934373,0.75,0.6,5.702270798574924
178499,0.4,0.8167674064110647,0.75,0.6,8.858634448675025
178499,0.5,0.8198797139238487,0.75,0.6,10.249561632438537
178499,0.6,0.7993366471650493,0.75,0.6,10.922323429545006
74770,0.0,0.5362132092813989,0.4,0.4,2.086147569150585
74770,0.1,0.5362132092813989,0.4,0.4,2.086147569150585
74770,0.2,0.5362132092813989,0.4,0.4,2.086147569150585
74770,0.3,0.5260277435279719,0.4,0.4,2.086147569150585
74770,0.4,0.44841747989838854,0.3,0.3,2.321265221749593
74770,0.5,0.3489076502461903,0.3,0.3,2.8305788204319415
74770,0.6,0.20485192729094986,0.3,0.3,4.074287228361273
165229,0.0,0.30059499817809576,0.4,0.4,4.632072332324562
165229,0.1,0.30059499817809576,0.4,0.4,4.974109745540643
165229,0.2,0.3255126669049666,0.4,0.4,5.150761625184352
165229,0.3,0.4089448005522881,0.4,0.4,5.241184632399511
165229,0.4,0.5041014324376127,0.4,0.4,5.545703088050365
165229,0.5,0.5041014324376127,0.4,0.4,5.817986612277712
165229,0.6,0.5041014324376127,0.4,0.4,6.115370427004157
46482,0.0,0.4881436109249674,0.5,0.4,2.409234074400931
46482,0.1,0.4881436109249674,0.5,0.4,2.409234074400931
46482,0.2,0.46374792279118626,0.5,0.4,2.409234074400931
46482,0.3,0.44383894592751,0.5,0.4,2.5261034653333194
46482,0.4,0.36428215865251656,0.375,0.3,2.5261034653333194
46482,0.5,0.232745763721221,0.375,0.3,3.0201024059618993
46482,0.6,0.08340940864997513,0.125,0.1,4.269040472367111
196155,0.0,0.7165852155967116,0.6,0.6,2.300316429126872
196155,0.1,0.6592952146290351,0.5,0.5,2.300316429126872
196155,0.2,0.6592952146290351,0.5,0.5,2.300316429126872
196155,0.3,0.6778209214352755,0.5,0.5,2.300316429126872
196155,0.4,0.7267706813501387,0.6,0.6,2.563267507904767
196155,0.5,0.7193323649351328,0.6,0.6,4.888138645945526
196155,0.6,0.6069955192750006,0.6,0.6,5.959578906042326
119927,0.0,0.49429251913393474,0.6,0.6,1.7989795146069973
119927,0.1,0.49429251913393474,0.6,0.6,1.8927303478026805
119927,0.2,0.646739151986936,0.7,0.7,1.9583871337758303
119927,0.3,0.5938023487861329,0.6,0.6,1.9583871337758303
119927,0.4,0.5894491510192593,0.6,0.6,3.1196627696898322
119927,0.5,0.6048348089384007,0.6,0.6,5.056842244151332
119927,0.6,0.6682725635286172,0.7,0.7,6.7090358272242
198360,0.0,0.7456118737923656,0.6,0.6,1.876695608549954
198360,0.1,0.7456118737923656,0.6,0.6,1.876695608549954
198360,0.2,0.741258676025492,0.6,0.6,2.2985288408889035
198360,0.3,0.7951480727090499,0.7,0.7,2.444928546259841
198360,0.4,0.7550889543611283,0.7,0.7,2.444928546259841
198360,0.5,0.5904180916009433,0.5,0.5,2.761674092330931
198360,0.6,0.37543136740151367,0.4,0.4,4.323596692390508
17964,0.0,0.19435097590153647,0.3,0.3,2.3752981248562213
17964,0.1,0.1970981252399576,0.3,0.3,2.5438154210049992
17964,0.2,0.25438812620763424,0.4,0.4,3.05088759105771
17964,0.3,0.2587413239745079,0.4,0.4,3.153161277187158
17964,0.4,0.27291383301387484,0.4,0.4,3.2421674633290367
17964,0.5,0.4035054321144127,0.4,0.4,3.524313011181584
17964,0.6,0.5435741117837132,0.4,0.4,5.075975358795336
105178,0.0,0.36223819691264597,0.5,0.5,3.3018581697602087
105178,0.1,0.30494819594496936,0.4,0.4,3.3018581697602087
105178,0.2,0.24491104563887164,0.3,0.3,3.456940278621654
105178,0.3,0.25074331362542507,0.3,0.3,3.544243485827663
105178,0.4,0.16877985222896807,0.2,0.2,3.544243485827663
105178,0.5,0.081963461396457,0.1,0.1,3.902469097597547
105178,0.6,0.0,0.0,0.0,4.544679296386272
16979,0.0,0.1280645751947239,0.2222222222222222,0.2,2.851632710527373
16979,0.1,0.1280645751947239,0.2222222222222222,0.2,2.8516327105273724
16979,0.2,0.1280645751947239,0.2222222222222222,0.2,3.141603639118071
16979,0.3,0.1280645751947239,0.2222222222222222,0.2,5.1872700813925325
16979,0.4,0.1280645751947239,0.2222222222222222,0.2,5.258112562505394
16979,0.5,0.1280645751947239,0.2222222222222222,0.2,6.130593774217456
16979,0.6,0.1280645751947239,0.2222222222222222,0.2,7.239282279421535
11996,0.0,0.19031326377064925,0.1,0.1,2.7567216051703567
11996,0.1,0.19031326377064925,0.1,0.1,2.8048296575515437
11996,0.2,0.19031326377064925,0.1,0.1,2.850900111285619
11996,0.3,0.19031326377064925,0.1,0.1,3.1376613178105486
11996,0.4,0.19031326377064925,0.1,0.1,3.1376613178105486
11996,0.5,0.3076404150444236,0.3,0.3,5.766117568100649
11996,0.6,0.318141366433837,0.3,0.3,6.73328722259898
63273,0.0,0.5176875024751584,0.4,0.4,2.1838762924614605
63273,0.1,0.5176875024751584,0.4,0.4,2.336695570673349
63273,0.2,0.5084546302044863,0.4,0.4,2.336695570673349
63273,0.3,0.5057074808660652,0.4,0.4,2.4259408735853545
63273,0.4,0.39235102577930164,0.3,0.3,2.83467900788857
63273,0.5,0.2756609823522959,0.3,0.3,4.868714262499653
63273,0.6,0.18011145091829325,0.2,0.2,5.58713872893874
158564,0.0,0.44841747989838854,0.3,0.3,1.9908645235330031
158564,0.1,0.44406428213151494,0.3,0.3,2.0589974473007575
158564,0.2,0.44066367784739624,0.3,0.3,2.4180121391834284
158564,0.3,0.44066367784739624,0.3,0.3,4.273057110588814
158564,0.4,0.4379165285089751,0.3,0.3,5.958153542261561
158564,0.5,0.3806265275412985,0.2,0.2,6.59980469738006
158564,0.6,0.1771200932817816,0.2,0.2,7.739227319550883
155885,0.0,0.5919008281379632,0.4444444444444444,0.4,3.0793989899151217
155885,0.1,0.5311292217834279,0.3333333333333333,0.3,3.2795960870527567
155885,0.2,0.5311292217834279,0.3333333333333333,0.3,3.2795960870527567
155885,0.3,0.5311292217834279,0.3333333333333333,0.3,3.3428942227038
155885,0.4,0.5311292217834279,0.3333333333333333,0.3,4.537163735815057
155885,0.5,0.4161948278707595,0.3333333333333333,0.3,5.682046486185259
155885,0.6,0.3152553746104766,0.3333333333333333,0.3,5.872657751457847
181172,0.0,0.27997632822948654,0.2222222222222222,0.2,2.509577722584267
181172,0.1,0.26917187536075465,0.2222222222222222,0.2,2.509577722584267
181172,0.2,0.26556461089171396,0.2222222222222222,0.2,2.9540856154452935
181172,0.3,0.1881430150968312,0.2222222222222222,0.2,3.438383498624126
181172,0.4,0.12737140874229597,0.1111111111111111,0.1,3.438383498624126
181172,0.5,0.07809742170892055,0.1111111111111111,0.1,5.059365431407342
181172,0.6,0.07191071742813417,0.1111111111111111,0.1,8.171623690440175
159077,0.0,0.3828026678726432,0.5,0.5,2.033575159201102
159077,0.1,0.3828026678726432,0.5,0.5,2.033575159201102
159077,0.2,0.3828026678726432,0.5,0.5,2.033575159201102
159077,0.3,0.44470138997828357,0.5,0.5,2.162548053788041
159077,0.4,0.44470138997828357,0.5,0.5,2.162548053788041
159077,0.5,0.3957516300634204,0.4,0.4,2.7087075813117396
159077,0.6,0.5330731603942997,0.4,0.4,3.9687223400254923
170813,0.0,0.3055904414602433,0.2857142857142857,0.2,1.963066059310562
170813,0.1,0.3323548113551676,0.2857142857142857,0.2,1.963066059310562
170813,0.2,0.3323548113551676,0.2857142857142857,0.2,2.0826059678577487
170813,0.3,0.34845906590102727,0.2857142857142857,0.2,2.0826059678577487
170813,0.4,0.3788748389864684,0.2857142857142857,0.2,3.7020446066743005
170813,0.5,0.3788748389864684,0.2857142857142857,0.2,5.737883573013095
170813,0.6,0.3788748389864684,0.2857142857142857,0.2,7.005899297152643
186557,0.0,0.33644750366255316,0.4444444444444444,0.4,4.469177310908084
186557,0.1,0.3452945945615302,0.4444444444444444,0.4,4.469177310908084
186557,0.2,0.3700939880826475,0.4444444444444444,0.4,4.714147906163122
186557,0.3,0.3809157814897695,0.3333333333333333,0.3,4.879067234951215
186557,0.4,0.45344857675989453,0.4444444444444444,0.4,4.879067234951215
186557,0.5,0.5766079837295491,0.4444444444444444,0.4,5.621216993723334
186557,0.6,0.5827946880103355,0.4444444444444444,0.4,5.621216993723334
195390,0.0,0.9322090476429099,0.9,0.9,4.726006088564032
195390,0.1,0.9365622454097835,0.9,0.9,5.284344061599878
195390,0.2,0.9399628496939022,0.9,0.9,5.687785848542615
195390,0.3,0.9365622454097835,0.9,0.9,6.280541268296479
195390,0.4,0.8721718973368121,0.8,0.8,6.280541268296479
195390,0.5,0.8114812920850166,0.7,0.7,6.389861760160973
195390,0.6,0.8114812920850166,0.7,0.7,6.389861760160973
128609,0.0,0.5691288883573526,0.6,0.6,3.253519404391014
128609,0.1,0.5442112196304818,0.6,0.6,3.253519404391014
128609,0.2,0.49251431037719756,0.5,0.5,3.561434277444151
128609,0.3,0.4557887803695181,0.4,0.4,3.561434277444151
128609,0.4,0.4311153199407378,0.4,0.4,3.7223028545101897
128609,0.5,0.28546989565597386,0.2,0.2,4.114463748084452
128609,0.6,0.3212264850819693,0.3,0.3,4.701141771447418
129273,0.0,0.8663396293502587,0.8,0.8,2.2296933069359093
129273,0.1,0.809049628382582,0.7,0.7,2.2296933069359093
129273,0.2,0.8687712930526933,0.8,0.8,2.6443186326218386
129273,0.3,0.857999388297445,0.8,0.8,3.282249237613074
129273,0.4,0.7548447460630378,0.7,0.7,3.8841856721969763
129273,0.5,0.6261746810269387,0.7,0.7,6.027251171286685
129273,0.6,0.4857131018089602,0.6,0.6,7.224667796260178
131332,0.0,0.48012001009456773,0.6,0.6,2.186940635446045
131332,0.1,0.41393510616593016,0.5,0.5,2.186940635446045
131332,0.2,0.47058799928683825,0.5,0.5,2.186940635446045
131332,0.3,0.4662348015199647,0.5,0.5,2.3558923891124652
131332,0.4,0.44470138997828357,0.5,0.5,3.0858249340226322
131332,0.5,0.4388691219917301,0.5,0.5,5.20419881749162
131332,0.6,0.3113401578655997,0.4,0.4,7.079511862986753
131546,0.0,0.9365622454097835,0.9,0.9,3.035633418748651
131546,0.1,0.9427099990323233,0.9,0.9,3.172601115336548
131546,0.2,0.9427099990323233,0.9,0.9,3.1726011153365485
131546,0.3,0.8826728487262255,0.8,0.8,3.5565334615028688
131546,0.4,0.8792722444421068,0.8,0.8,4.4094167547463865
131546,0.5,0.8414056135244589,0.8,0.8,5.009369326140257
131546,0.6,0.7655899057505416,0.7,0.7,5.5099102567526135
177880,0.0,0.9322090476429099,0.9,0.9,3.4922945108249444
177880,0.1,0.9427099990323233,0.9,0.9,3.4922945108249444
177880,0.2,0.9427099990323233,0.9,0.9,3.4922945108249444
177880,0.3,1.0,1.0,1.0,3.4922945108249452
177880,0.4,1.0,1.0,1.0,3.64835184782678
177880,0.5,1.0,1.0,1.0,3.869094517751215
177880,0.6,0.8799256993878044,0.9,0.9,4.72610222188125
5819,0.0,0.25035041407674696,0.2,0.2,2.724063387819563
5819,0.1,0.25035041407674696,0.2,0.2,2.724063387819563
5819,0.2,0.25035041407674696,0.2,0.2,2.8403573982962533
5819,0.3,0.25035041407674696,0.2,0.2,3.0315522174356753
5819,0.4,0.25035041407674696,0.2,0.2,3.2833116141604046
5819,0.5,0.25375101836086567,0.2,0.2,4.449344574614737
5819,0.6,0.25810421612773926,0.2,0.2,5.125170670126738
53447,0.0,0.2722767251671062,0.2,0.2,2.204040242193845
53447,0.1,0.26393648411429266,0.2,0.2,2.2642170216550124
53447,0.2,0.26393648411429266,0.2,0.2,2.352730174289916
53447,0.3,0.26393648411429266,0.2,0.2,2.5889159721971304
53447,0.4,0.25035041407674696,0.2,0.2,2.906791141518057
53447,0.5,0.2476032647383259,0.2,0.2,4.431473513902832
53447,0.6,0.07362322034364344,0.1,0.1,6.181232232142352
30122,0.0,0.232745763721221,0.375,0.3,2.370725369271086
30122,0.1,0.2931338879947359,0.5,0.4,2.370725369271086
30122,0.2,0.3000988168825016,0.5,0.4,2.370725369271086
30122,0.3,0.31615517237119617,0.5,0.4,2.370725369271086
30122,0.4,0.40471568227751803,0.5,0.4,2.4833208740925197
30122,0.5,0.6008805437487194,0.5,0.4,5.048161588057427
30122,0.6,0.6070429270663039,0.5,0.4,7.363373972810656
75745,0.0,0.288770349658364,0.42857142857142855,0.3,2.403379100599604
75745,0.1,0.2989508718460877,0.42857142857142855,0.3,2.6408762207227894
75745,0.2,0.2989508718460877,0.42857142857142855,0.3,3.048915499556106
75745,0.3,0.37600112201975827,0.5714285714285714,0.4,3.9524518234465553
75745,0.4,0.4192348901649545,0.5714285714285714,0.4,4.385653740423223
75745,0.5,0.5210763935923822,0.5714285714285714,0.4,5.641602196925055
75745,0.6,0.5390592694224037,0.5714285714285714,0.4,6.700131593435732
188751,0.0,0.8096867362293506,0.9,0.9,3.3965496427575013
188751,0.1,0.8799256993878044,0.9,0.9,3.3965496427575017
188751,0.2,0.8799256993878044,0.9,0.9,3.668521936785467
188751,0.3,0.8799256993878044,0.9,0.9,5.1890676019931785
188751,0.4,0.9263767796563563,0.9,0.9,5.189067601993179
188751,0.5,0.8749190466752332,0.8,0.8,6.511834140428398
188751,0.6,0.8826728487262255,0.8,0.8,8.144750727945901
166377,0.0,0.46079543308208937,0.5,0.5,4.093831451560538
166377,0.1,0.47398860357095696,0.5,0.5,4.093831451560538
166377,0.2,0.5047385402843813,0.5,0.5,4.093831451560538
166377,0.3,0.5158259306756159,0.5,0.5,4.093831451560538
166377,0.4,0.5158259306756159,0.5,0.5,4.093831451560538
166377,0.5,0.5860648938340697,0.5,0.5,6.198918667575669
166377,0.6,0.6150366217907567,0.5,0.5,10.353787105311698
26958,0.0,0.7591979438299113,0.7,0.7,2.6765321246806173
26958,0.1,0.7591979438299113,0.7,0.7,2.844038077980568
26958,0.2,0.76259854811403,0.7,0.7,2.8675713819959627
26958,0.3,0.7564507944914902,0.7,0.7,2.8675713819959627
26958,0.4,0.6184208789759464,0.6,0.6,3.0346973006753943
26958,0.5,0.6153357603278141,0.6,0.6,5.361989050674021
26958,0.6,0.49429251913393474,0.6,0.6,7.735229807052489
51241,0.0,0.6939299653784159,0.5714285714285714,0.4,2.0177695148440344
51241,0.1,0.6939299653784159,0.5714285714285714,0.4,2.0177695148440344
51241,0.2,0.6939299653784159,0.5714285714285714,0.4,2.3359219182059836
51241,0.3,0.6886162308984927,0.5714285714285714,0.4,2.3359219182059836
51241,0.4,0.6635141922929747,0.5714285714285714,0.4,2.5966513049851025
51241,0.5,0.43832731113445295,0.42857142857142855,0.3,3.6508124550739276
51241,0.6,0.3055904414602433,0.2857142857142857,0.2,4.262842883689599
40611,0.0,0.9365622454097835,0.9,0.9,3.069405465867271
40611,0.1,0.9365622454097835,0.9,0.9,3.0694054658672707
40611,0.2,0.8826728487262255,0.8,0.8,3.1506192507784094
40611,0.3,0.8792722444421068,0.8,0.8,3.472999589640511
40611,0.4,0.9322090476429099,0.9,0.9,3.7100198402639606
40611,0.5,0.857999388297445,0.8,0.8,3.8303703463865206
40611,0.6,0.7548447460630378,0.7,0.7,4.72857878872529
69882,0.0,0.5013379360002626,0.5,0.5,2.6768439570086473
69882,0.1,0.45238817608539944,0.4,0.4,2.728383745245336
69882,0.2,0.4557887803695181,0.4,0.4,2.728383745245336
69882,0.3,0.5174319791040684,0.5,0.5,2.8003744580221044
69882,0.4,0.5364574175794894,0.5,0.5,2.8003744580221044
69882,0.5,0.6682725635286172,0.7,0.7,3.485172422177474
69882,0.6,0.5867020016808382,0.6,0.6,5.429260804981068
106180,0.0,0.6103961235591193,0.6,0.6,1.8228747535671517
106180,0.1,0.5972029530702516,0.6,0.6,2.105675076292173
106180,0.2,0.5972029530702516,0.6,0.6,2.2558441160627276
106180,0.3,0.6744873330950333,0.6,0.6,2.9523760341383403
106180,0.4,0.7021521511603253,0.6,0.6,3.814500447449847
106180,0.5,0.680635086717573,0.6,0.6,4.447641898976546
106180,0.6,0.6153357603278141,0.6,0.6,5.358240683937955
140306,0.0,0.5938023487861329,0.6,0.6,1.9495634501618468
140306,0.1,0.6541000544892502,0.7,0.7,2.502522061196678
140306,0.2,0.5968100535215736,0.6,0.6,3.043855178929522
140306,0.3,0.5910551994477118,0.6,0.6,3.9877037643728124
140306,0.4,0.5998951721697059,0.6,0.6,6.380277869104834
140306,0.5,0.5998951721697059,0.6,0.6,6.920868517857505
140306,0.6,0.5910551994477118,0.6,0.6,7.724397984428171
72471,0.0,0.8749190466752332,0.8,0.8,2.3501778892204235
72471,0.1,0.8749190466752332,0.8,0.8,2.3501778892204235
72471,0.2,0.8721718973368121,0.8,0.8,2.3501778892204235
72471,0.3,0.7514441417789189,0.6,0.6,2.5068024927328194
72471,0.4,0.7514441417789189,0.6,0.6,2.854295513316959
72471,0.5,0.6999914408237253,0.6,0.6,2.854295513316959
72471,0.6,0.5586992143058351,0.6,0.6,3.3760080037733062
31584,0.0,0.3590931159996173,0.3,0.3,3.8435460789323037
31584,0.1,0.41329799831916164,0.4,0.4,3.8435460789323037
31584,0.2,0.3957516300634204,0.4,0.4,4.030041082915918
31584,0.3,0.4093377001009661,0.4,0.4,4.030041082915918
31584,0.4,0.42253087058983374,0.4,0.4,4.443815347143285
31584,0.5,0.4474485393167046,0.4,0.4,5.924377699160477
31584,0.6,0.4474485393167046,0.4,0.4,6.707403375359554
65676,0.0,0.519879989905432,0.4,0.4,2.571993071607859
65676,0.1,0.39235102577930164,0.3,0.3,2.8686983087219353
65676,0.2,0.39235102577930164,0.3,0.3,2.8686983087219353
65676,0.3,0.36743335705243085,0.3,0.3,3.1814704456498077
65676,0.4,0.3532608480130639,0.3,0.3,3.5477435003799433
65676,0.5,0.3051924042430599,0.4,0.4,3.7042383714924716
65676,0.6,0.13706097493385985,0.2,0.2,4.865127558525697
60889,0.0,0.511838887389676,0.5,0.5,2.3520429067553357
60889,0.1,0.48256802089593154,0.5,0.5,2.3520429067553357
60889,0.2,0.47673575290937803,0.5,0.5,2.3520429067553357
60889,0.3,0.4035054321144127,0.4,0.4,2.5230080791316873
60889,0.4,0.39300448072499927,0.4,0.4,3.440064165113354
60889,0.5,0.3317274364713827,0.3,0.3,5.649436950633059
60889,0.6,0.29225475712528226,0.4,0.4,6.173401045757465
87261,0.0,0.0,0.0,0.0,6.29441878546948
87261,0.1,0.0,0.0,0.0,6.634864274520081
87261,0.2,0.0,0.0,0.0,7.297357727986197
87261,0.3,0.0,0.0,0.0,8.67663250145419
87261,0.4,0.0,0.0,0.0,9.796826240859183
87261,0.5,0.0,0.0,0.0,9.91889755199483
87261,0.6,0.0,0.0,0.0,10.101644213768177
29550,0.0,0.4490545877451571,0.5,0.5,2.20018805587749
29550,0.1,0.4490545877451571,0.5,0.5,2.20018805587749
29550,0.2,0.44470138997828357,0.5,0.5,2.20018805587749
29550,0.3,0.38466423967218577,0.4,0.4,2.5639304962464
29550,0.4,0.3973576784918729,0.4,0.4,2.5639304962464005
29550,0.5,0.25074331362542507,0.3,0.3,3.005071396664376
29550,0.6,0.34006767752419625,0.3,0.3,4.878003203952554
134680,0.0,0.40554419626816934,0.3,0.3,1.733256126758863
134680,0.1,0.39235102577930164,0.3,0.3,1.7835033711109733
134680,0.2,0.39235102577930164,0.3,0.3,1.7835033711109733
134680,0.3,0.3489076502461903,0.3,0.3,1.7835033711109733
134680,0.4,0.3212264850819693,0.3,0.3,1.7835033711109733
134680,0.5,0.3076404150444236,0.3,0.3,2.942230345386906
134680,0.6,0.28546989565597386,0.2,0.2,4.463828388958293
185833,0.0,0.7520975967246166,0.7,0.7,3.902711569724277
185833,0.1,0.7770152654514875,0.7,0.7,4.079628766405026
185833,0.2,0.7841156125567822,0.7,0.7,4.079628766405025
185833,0.3,0.8007093873297685,0.7,0.7,4.4518466767306455
185833,0.4,0.8007093873297685,0.7,0.7,5.029004971612119
185833,0.5,0.7973087830456499,0.7,0.7,5.327431957162846
185833,0.6,0.8629390250661401,0.8,0.8,5.834664812168823
139847,0.0,0.05729000096767664,0.1,0.1,5.49753016298467
139847,0.1,0.05729000096767664,0.1,0.1,6.038042212860618
139847,0.2,0.05729000096767664,0.1,0.1,6.490443854837489
139847,0.3,0.05729000096767664,0.1,0.1,7.256275263773615
139847,0.4,0.05729000096767664,0.1,0.1,8.787644021253332
139847,0.5,0.05729000096767664,0.1,0.1,9.779170593611283
139847,0.6,0.05729000096767664,0.1,0.1,10.296696438185817
30246,0.0,0.6255375731801701,0.5,0.5,3.8339294229125387
30246,0.1,0.6313698411667235,0.5,0.5,4.045596273031472
30246,0.2,0.6255375731801701,0.5,0.5,4.045596273031472
30246,0.3,0.6255375731801701,0.5,0.5,4.045596273031472
30246,0.4,0.7077452428747176,0.6,0.6,4.211123522676476
30246,0.5,0.6977989533934517,0.6,0.6,4.512082053984606
30246,0.6,0.6772344824334544,0.6,0.6,4.957142024568556
98194,0.0,0.3800937667159343,0.3333333333333333,0.1,5.354194291099346
98194,0.1,0.3800937667159343,0.3333333333333333,0.1,5.955392068307189
98194,0.2,0.3800937667159343,0.3333333333333333,0.1,6.232504083780947
98194,0.3,0.3800937667159343,0.3333333333333333,0.1,7.4431021385053855
98194,0.4,0.3800937667159343,0.3333333333333333,0.1,8.139438540905228
98194,0.5,0.3800937667159343,0.3333333333333333,0.1,8.991407940403937
98194,0.6,0.3800937667159343,0.3333333333333333,0.1,9.227084924813905
185468,0.0,0.48476050832620526,0.5,0.5,2.215111547663825
185468,0.1,0.48476050832620526,0.5,0.5,2.215111547663825
185468,0.2,0.4779592997579679,0.6,0.6,2.215111547663825
185468,0.3,0.35229190743138,0.4,0.4,2.215111547663825
185468,0.4,0.3461441538088402,0.4,0.4,2.4183582762794744
185468,0.5,0.3788319716856323,0.4,0.4,3.3312742646929565
185468,0.6,0.3890174374390593,0.4,0.4,4.650228888958052
167775,0.0,0.5007008281534939,0.3,0.3,2.09688732060843
167775,0.1,0.5007008281534939,0.3,0.3,2.234025834484684
167775,0.2,0.4757831594266231,0.3,0.3,2.4846361135856707
167775,0.3,0.4757831594266231,0.3,0.3,2.4846361135856707
167775,0.4,0.46258998893775544,0.3,0.3,2.688605438744935
167775,0.5,0.3489076502461903,0.3,0.3,3.4426909917472814
167775,0.6,0.26393648411429266,0.2,0.2,4.821685985419632
49287,0.0,0.6971277764075304,0.75,0.6,3.469817686943499
49287,0.1,0.6971277764075304,0.75,0.6,3.5375877089619414
49287,0.2,0.6971277764075304,0.75,0.6,3.6603909201002542
49287,0.3,0.7767030836799981,0.75,0.6,3.889216916005914
49287,0.4,0.8049328731912867,0.75,0.6,4.597489373687104
49287,0.5,0.8198797139238487,0.75,0.6,5.215384111847907
49287,0.6,0.8198797139238487,0.75,0.6,5.799178243690582
187296,0.0,0.7945616337072288,0.7,0.7,5.718677700382967
187296,0.1,0.8087341427465955,0.7,0.7,5.718677700382967
187296,0.2,0.7902084359403552,0.7,0.7,5.718677700382967
187296,0.3,0.7843761679538016,0.7,0.7,5.790496539096525
187296,0.4,0.771182997464934,0.7,0.7,5.8427556031398895
187296,0.5,0.771182997464934,0.7,0.7,5.84275560313989
187296,0.6,0.7628427564121205,0.7,0.7,6.49066094457457
125576,0.0,0.7770152654514875,0.7,0.7,2.109130505945559
125576,0.1,0.7739301468033551,0.7,0.7,2.331911357932903
125576,0.2,0.7655899057505416,0.7,0.7,2.8345390782357205
125576,0.3,0.7301712856342574,0.7,0.7,3.3433515510715885
125576,0.4,0.738511526687071,0.7,0.7,3.495188944788474
125576,0.5,0.667686124526796,0.7,0.7,4.144411127990977
125576,0.6,0.6187363646119328,0.6,0.6,4.824804354601026
139870,0.0,0.3292503152628619,0.2222222222222222,0.2,2.0087029089766277
139870,0.1,0.3292503152628619,0.2222222222222222,0.2,2.0087029089766277
139870,0.2,0.3292503152628619,0.2222222222222222,0.2,2.0087029089766277
139870,0.3,0.302818359780849,0.2222222222222222,0.2,2.5096859151216466
139870,0.4,0.3002215794307131,0.3333333333333333,0.3,3.443364441713757
139870,0.5,0.23695265174495234,0.3333333333333333,0.3,4.670251285971469
139870,0.6,0.3345612303032353,0.3333333333333333,0.3,7.358184440849689
1424,0.0,0.8765250951036857,0.8,0.8,4.109145677773684
1424,0.1,0.8029018747600423,0.7,0.7,4.109145677773684
1424,0.2,0.8444133182598994,0.8,0.8,4.109145677773684
1424,0.3,0.7847690675024798,0.8,0.8,4.109145677773684
1424,0.4,0.6896124356171551,0.8,0.8,4.487814225089483
1424,0.5,0.5593363221526036,0.7,0.7,4.6945542339277395
1424,0.6,0.5620834714910248,0.7,0.7,5.404615135380456
75776,0.0,0.6765196123325371,0.5555555555555556,0.5,3.052216220387451
75776,0.1,0.6699982498468837,0.5555555555555556,0.5,3.325265368858003
75776,0.2,0.5827946880103355,0.4444444444444444,0.4,3.325265368858004
75776,0.3,0.5766079837295491,0.4444444444444444,0.4,3.7314271912976933
75776,0.4,0.5719902351416036,0.4444444444444444,0.4,3.9949318222134402
75776,0.5,0.5654688726559501,0.4444444444444444,0.4,4.607083072563524
75776,0.6,0.49096137487768016,0.4444444444444444,0.4,5.844928478184113
183812,0.0,0.9322090476429099,0.9,0.9,3.715256189372923
183812,0.1,0.9322090476429099,0.9,0.9,3.9206883560528625
183812,0.2,0.9322090476429099,0.9,0.9,3.9206883560528625
183812,0.3,0.9322090476429099,0.9,0.9,3.920688356052863
183812,0.4,0.8663396293502587,0.8,0.8,4.057127526750188
183812,0.5,0.8029018747600423,0.7,0.7,4.4836693542044666
183812,0.6,0.7329184349726785,0.6,0.6,4.811759873526616
128174,0.0,0.5743240484971374,0.4,0.4,3.4215148721860063
128174,0.1,0.5743240484971374,0.4,0.4,3.4215148721860063
128174,0.2,0.631614049464814,0.5,0.5,3.9929306520410157
128174,0.3,0.6461020441401674,0.5,0.5,4.663537248998997
128174,0.4,0.7456118737923656,0.6,0.6,6.442165302509099
128174,0.5,0.7236855627020065,0.6,0.6,7.137547261177383
128174,0.6,0.5876709422625221,0.5,0.5,7.644113834308915
198384,0.0,0.9263767796563563,0.9,0.9,2.915145300727205
198384,0.1,0.9263767796563563,0.9,0.9,2.915145300727205
198384,0.2,0.9263767796563563,0.9,0.9,2.915145300727205
198384,0.3,0.9263767796563563,0.9,0.9,3.1758709557621843
198384,0.4,0.9180365386035428,0.9,0.9,3.1758709557621843
198384,0.5,0.8690867786886797,0.8,0.8,3.2515372055211174
198384,0.6,0.819235094136009,0.7,0.7,3.659745088099588
80037,0.0,0.5729274233322634,0.5,0.4,2.7839873371717614
80037,0.1,0.5729274233322634,0.5,0.4,2.9337640675831205
80037,0.2,0.5760397308450476,0.5,0.4,3.1716643211672775
80037,0.3,0.5003170449475615,0.5,0.4,3.4079085016477215
80037,0.4,0.48117868203720165,0.5,0.4,3.6530017924049574
80037,0.5,0.4284469804250573,0.375,0.3,3.79518250302189
80037,0.6,0.38832042598600736,0.375,0.3,5.376762711145409
88962,0.0,0.7594421521280019,0.7,0.7,3.397207270515987
88962,0.1,0.7486969924404979,0.7,0.7,3.8773721169299677
88962,0.2,0.6784580292820441,0.7,0.7,3.8773721169299677
88962,0.3,0.6784580292820441,0.7,0.7,4.042788397866376
88962,0.4,0.7462653287380632,0.7,0.7,4.156935231436532
88962,0.5,0.7274790665348032,0.7,0.7,6.279996105365447
88962,0.6,0.6704332738652171,0.7,0.7,6.994150999201693
113996,0.0,0.18351205520241193,0.2,0.2,2.8205941738961524
113996,0.1,0.18786525296928555,0.2,0.2,3.151265063857957
113996,0.2,0.18786525296928555,0.2,0.2,3.6421703215659904
113996,0.3,0.20203776200865248,0.2,0.2,3.9361098227585165
113996,0.4,0.2152309324975201,0.2,0.2,5.101771789188803
113996,0.5,0.2152309324975201,0.2,0.2,5.945019680505991
113996,0.6,0.20203776200865248,0.2,0.2,6.604720525492121
11213,0.0,0.2966079548921558,0.4,0.4,2.281974927506239
11213,0.1,0.2834147844032882,0.4,0.4,3.019879049820825
11213,0.2,0.22337763409719047,0.3,0.3,3.0873921277167566
11213,0.3,0.21902443633031685,0.3,0.3,3.8336786313540983
11213,0.4,0.16294758424241465,0.2,0.2,5.298833568719684
11213,0.5,0.19369752095583892,0.2,0.2,6.987849912695902
11213,0.6,0.37382531897306115,0.3,0.3,8.796394343071565
148445,0.0,0.4105508489807405,0.4,0.4,1.8344216417983792
148445,0.1,0.3532608480130639,0.3,0.3,2.037867686778597
148445,0.2,0.3532608480130639,0.3,0.3,2.037867686778597
148445,0.3,0.3458999455107497,0.3,0.3,2.0378676867785974
148445,0.4,0.33571447975732266,0.3,0.3,2.0378676867785974
148445,0.5,0.27252093346519674,0.3,0.3,5.4464652083704905
148445,0.6,0.2620749123147502,0.3,0.3,7.610717771481063
101396,0.0,0.24661756247359962,0.2857142857142857,0.2,3.219161094535417
101396,0.1,0.3323548113551676,0.2857142857142857,0.2,3.219161094535418
101396,0.2,0.3323548113551676,0.2857142857142857,0.2,4.45245541520423
101396,0.3,0.3323548113551676,0.2857142857142857,0.2,5.600563507503212
101396,0.4,0.3323548113551676,0.2857142857142857,0.2,7.322223382847405
101396,0.5,0.3323548113551676,0.2857142857142857,0.2,7.45056230873093
101396,0.6,0.3323548113551676,0.2857142857142857,0.2,7.917289230138394
64451,0.0,0.7841156125567822,0.7,0.7,2.8361135016748737
64451,0.1,0.8414056135244589,0.8,0.8,2.8361135016748733
64451,0.2,0.8607465376358662,0.8,0.8,3.118695778503988
64451,0.3,0.8629390250661401,0.8,0.8,3.30529219855402
64451,0.4,0.8148818963691354,0.7,0.7,3.3906490686764825
64451,0.5,0.8475533671469987,0.8,0.8,3.5753088642288473
64451,0.6,0.752396735261674,0.8,0.8,5.734550880201213
187281,0.0,0.06003715030609775,0.1,0.1,2.461339275036587
187281,0.1,0.05729000096767664,0.1,0.1,2.4613392750365874
187281,0.2,0.07362322034364344,0.1,0.1,2.4613392750365874
187281,0.3,0.14540121598667338,0.2,0.2,2.6446429677806003
187281,0.4,0.22606985319664472,0.3,0.3,2.6446429677806003
187281,0.5,0.44406428213151494,0.3,0.3,3.9833345357331944
187281,0.6,0.45424974788494193,0.3,0.3,8.302850473170395
63375,0.0,0.4382156670460325,0.4,0.4,4.626824297225364
63375,0.1,0.4689819508583858,0.4,0.4,4.773766969392465
63375,0.2,0.5333722989313572,0.5,0.5,5.091463911874234
63375,0.3,0.5333722989313572,0.5,0.5,5.710647028134813
63375,0.4,0.5333722989313572,0.5,0.5,7.041182225936628
63375,0.5,0.5392045669179105,0.5,0.5,8.092370456704012
63375,0.6,0.5333722989313572,0.5,0.5,10.509426725629732
115729,0.0,0.8687712930526933,0.8,0.8,2.4958716266395236
115729,0.1,0.8721718973368121,0.8,0.8,2.599251332114271
115729,0.2,0.9322090476429099,0.9,0.9,2.8117082785237466
115729,0.3,0.8663396293502587,0.8,0.8,3.026968452925667
115729,0.4,0.8114812920850166,0.7,0.7,3.241247540229039
115729,0.5,0.8114812920850166,0.7,0.7,3.8784799992225807
115729,0.6,0.7548447460630378,0.7,0.7,4.070800901374372
139975,0.0,0.8746071583782726,1.0,0.3,4.391661622490419
139975,0.1,0.8746071583782726,1.0,0.3,4.391661622490419
139975,0.2,0.8746071583782726,1.0,0.3,4.391661622490419
139975,0.3,0.8746071583782726,1.0,0.3,4.55981858500036
139975,0.4,0.8746071583782726,1.0,0.3,4.808680690657506
139975,0.5,0.8746071583782726,1.0,0.3,5.107076517207155
139975,0.6,0.7343258582304697,1.0,0.3,5.738873944175236
88539,0.0,0.244212503630646,0.3333333333333333,0.2,5.35928647578112
88539,0.1,0.244212503630646,0.3333333333333333,0.2,5.35928647578112
88539,0.2,0.244212503630646,0.3333333333333333,0.2,5.499009744621072
88539,0.3,0.244212503630646,0.3333333333333333,0.2,5.499009744621072
88539,0.4,0.244212503630646,0.3333333333333333,0.2,5.725151744809851
88539,0.5,0.244212503630646,0.3333333333333333,0.2,5.9358857098926245
88539,0.6,0.244212503630646,0.3333333333333333,0.2,6.82626352531989
8828,0.0,0.8029018747600423,0.7,0.7,3.5170371932441924
8828,0.1,0.8012958263315898,0.7,0.7,3.606971412745551
8828,0.2,0.7985486769931687,0.7,0.7,3.606971412745551
8828,0.3,0.7985486769931687,0.7,0.7,3.8092287914720098
8828,0.4,0.7985486769931687,0.7,0.7,4.121452486945204
8828,0.5,0.7985486769931687,0.7,0.7,5.019552620280716
8828,0.6,0.7902084359403552,0.7,0.7,5.504120603120137
1918,0.0,0.49251431037719756,0.5,0.5,3.297372539912458
1918,0.1,0.43087111164264724,0.4,0.4,3.297372539912458
1918,0.2,0.4352243094095209,0.4,0.4,3.5441229191135264
1918,0.3,0.49526145971561863,0.5,0.5,3.5441229191135264
1918,0.4,0.7169781151453898,0.7,0.7,4.550821920703785
1918,0.5,0.7594421521280019,0.7,0.7,5.4951344732059395
1918,0.6,0.8087341427465955,0.7,0.7,6.425739846150387
163574,0.0,0.25035041407674696,0.2,0.2,2.152203620829006
163574,0.1,0.25375101836086567,0.2,0.2,2.152203620829006
163574,0.2,0.26393648411429266,0.2,0.2,2.1522036208290056
163574,0.3,0.20203776200865248,0.2,0.2,3.151105393727567
163574,0.4,0.2786686870877365,0.3,0.3,3.996161061723427
163574,0.5,0.26547551659886887,0.3,0.3,6.538303930129933
163574,0.6,0.29225475712528226,0.4,0.4,8.420019906432515
51441,0.0,0.593818695885062,0.5,0.5,1.6237927359546116
51441,0.1,0.5876709422625221,0.5,0.5,1.8260350257888096
51441,0.2,0.5260277435279719,0.4,0.4,2.033003491022765
51441,0.3,0.46258998893775544,0.3,0.3,2.7832870845902584
51441,0.4,0.45424974788494193,0.3,0.3,3.574211425577817
51441,0.5,0.46258998893775544,0.3,0.3,4.942165843650149
51441,0.6,0.25074331362542507,0.3,0.3,4.942165843650149
96538,0.0,0.703392045107844,0.6,0.6,2.6459694681487482
96538,0.1,0.7634291954139418,0.7,0.7,2.950055383988049
96538,0.2,0.771182997464934,0.7,0.7,2.9500553839880492
96538,0.3,0.8475533671469987,0.8,0.8,2.9500553839880492
96538,0.4,0.8749190466752332,0.8,0.8,3.982735176394338
96538,0.5,0.8056490240984634,0.7,0.7,5.192401741863634
96538,0.6,0.7456118737923656,0.6,0.6,8.528984408199156
178334,0.0,0.37042471468894245,0.3,0.3,3.8183124839404066
178334,0.1,0.37042471468894245,0.3,0.3,3.8183124839404066
178334,0.2,0.37817851673993474,0.3,0.3,3.8183124839404066
178334,0.3,0.39235102577930164,0.3,0.3,4.021069080910709
178334,0.4,0.39235102577930164,0.3,0.3,4.22754877823091
178334,0.5,0.39235102577930164,0.3,0.3,4.442682931662716
178334,0.6,0.46258998893775544,0.3,0.3,5.159422399284283
61502,0.0,0.5854784548322485,0.5,0.5,1.48831609091833
61502,0.1,0.5854784548322485,0.5,0.5,1.5707954172218024
61502,0.2,0.5820778505481298,0.5,0.5,1.5707954172218026
61502,0.3,0.5691452354562816,0.5,0.5,1.653976704986594
61502,0.4,0.37042471468894245,0.3,0.3,1.9580137304628926
61502,0.5,0.3317274364713827,0.3,0.3,2.8220027458401526
61502,0.6,0.16294758424241465,0.2,0.2,3.4128460283882043
70759,0.0,0.7138929964972575,0.6,0.6,2.4990137534997703
70759,0.1,0.7197252644838108,0.6,0.6,2.4990137534997703
70759,0.2,0.713577510861271,0.6,0.6,2.7310959480671673
70759,0.3,0.6255375731801701,0.5,0.5,2.7310959480671673
70759,0.4,0.6066963807379432,0.5,0.5,2.7310959480671677
70759,0.5,0.5226271392438532,0.4,0.4,4.127071963908607
70759,0.6,0.42771471565661906,0.4,0.4,4.815285475257289
5911,0.0,0.6855747234862679,0.6,0.6,2.3037161658304584
5911,0.1,0.6812215257193943,0.6,0.6,2.3037161658304584
5911,0.2,0.6150366217907567,0.5,0.5,2.4224206751447683
5911,0.3,0.5392209140168396,0.4,0.4,3.2144282416670675
5911,0.4,0.46258998893775544,0.3,0.3,4.261496158902531
5911,0.5,0.3806265275412985,0.2,0.2,5.6245871579152045
5911,0.6,0.28546989565597386,0.2,0.2,6.65186422270515
52730,0.0,0.5972029530702516,0.6,0.6,2.1907703755976415
52730,0.1,0.6544929540379283,0.7,0.7,2.1907703755976415
52730,0.2,0.667686124526796,0.7,0.7,2.1907703755976415
52730,0.3,0.7360635158857073,0.8,0.8,2.318389417186771
52730,0.4,0.8799256993878044,0.9,0.9,2.3982907114134533
52730,0.5,0.8826728487262255,0.8,0.8,4.34185159578829
52730,0.6,0.9399628496939022,0.9,0.9,7.413996812227156
165639,0.0,0.1280645751947239,0.2222222222222222,0.2,4.109453743523013
165639,0.1,0.12445731072568322,0.2222222222222222,0.2,4.109453743523014
165639,0.2,0.12445731072568322,0.2222222222222222,0.2,4.109453743523014
165639,0.3,0.12445731072568322,0.2222222222222222,0.2,4.109453743523013
165639,0.4,0.12445731072568322,0.2222222222222222,0.2,4.361179605522666
165639,0.5,0.12445731072568322,0.2222222222222222,0.2,4.803285206857293
165639,0.6,0.12445731072568322,0.2222222222222222,0.2,6.168817281032853
78616,0.0,0.18279784987907863,0.2857142857142857,0.2,3.5489609351012654
78616,0.1,0.21620178938815848,0.2857142857142857,0.2,3.5489609351012654
78616,0.2,0.24661756247359962,0.2857142857142857,0.2,3.5489609351012654
78616,0.3,0.24661756247359962,0.2857142857142857,0.2,3.5899094608685536
78616,0.4,0.2293178775103795,0.2857142857142857,0.2,3.5899094608685536
78616,0.5,0.21649988245062435,0.2857142857142857,0.2,4.21474686350261
78616,0.6,0.14656879505245024,0.14285714285714285,0.1,5.129267675119953
94655,0.0,0.9322090476429099,0.9,0.9,2.346942606651141
94655,0.1,0.9322090476429099,0.9,0.9,2.411884932242913
94655,0.2,0.8687712930526933,0.8,0.8,2.411884932242913
94655,0.3,0.8749190466752332,0.8,0.8,2.5835125410781026
94655,0.4,0.8765250951036857,0.8,0.8,2.6780337295272174
94655,0.5,0.7766223659028094,0.7,0.7,3.0277953069564134
94655,0.6,0.5617843329539673,0.6,0.6,4.212511220135969
26125,0.0,0.7680818735283802,0.6666666666666666,0.6,5.463956397197648
26125,0.1,0.7680818735283802,0.6666666666666666,0.6,5.463956397197648
26125,0.2,0.7820768141807656,0.6666666666666666,0.6,5.826168480541115
26125,0.3,0.7820768141807656,0.6666666666666666,0.6,5.826168480541115
26125,0.4,0.7820768141807656,0.6666666666666666,0.6,6.00869084343155
26125,0.5,0.7820768141807656,0.6666666666666666,0.6,6.00869084343155
26125,0.6,0.7820768141807656,0.6666666666666666,0.6,6.868630239005414
48518,0.0,0.12508095332476668,0.2,0.2,3.047880801529822
48518,0.1,0.06779095235709003,0.1,0.1,3.047880801529822
48518,0.2,0.06779095235709003,0.1,0.1,3.402094377969187
48518,0.3,0.06343775459021642,0.1,0.1,3.4972364614327214
48518,0.4,0.05729000096767664,0.1,0.1,4.485594903192671
48518,0.5,0.05729000096767664,0.1,0.1,5.42388879890441
48518,0.6,0.06343775459021642,0.1,0.1,6.8911760270238265
63143,0.0,0.5645314822923885,0.6,0.6,2.5446292519835367
63143,0.1,0.5688846800592621,0.6,0.6,2.5446292519835367
63143,0.2,0.5645314822923885,0.6,0.6,2.7116645888400637
63143,0.3,0.5938023487861329,0.6,0.6,3.0609143620594876
63143,0.4,0.6640413119445867,0.6,0.6,3.764425566360201
63143,0.5,0.6211680283143675,0.6,0.6,5.1924420993817275
63143,0.6,0.6914069914728213,0.6,0.6,5.856319909725679
78164,0.0,0.6682725635286172,0.7,0.7,4.765535793805308
78164,0.1,0.646739151986936,0.7,0.7,4.93707507813267
78164,0.2,0.646739151986936,0.7,0.7,6.279580743343301
78164,0.3,0.6218214832600651,0.7,0.7,6.699274091968363
78164,0.4,0.6218214832600651,0.7,0.7,6.929515997827922
78164,0.5,0.6218214832600651,0.7,0.7,7.038196480581648
78164,0.6,0.646739151986936,0.7,0.7,7.349448720525759
4257,0.0,0.8721718973368121,0.8,0.8,3.5703121937469717
4257,0.1,0.8148818963691354,0.7,0.7,3.5703121937469717
4257,0.2,0.819235094136009,0.7,0.7,3.6783228676663553
4257,0.3,0.8114812920850166,0.7,0.7,3.6783228676663553
4257,0.4,0.8114812920850166,0.7,0.7,3.861643562660929
4257,0.5,0.8029018747600423,0.7,0.7,5.2440176524204585
4257,0.6,0.7985486769931687,0.7,0.7,6.772960467561889
125995,0.0,0.4301897685231449,0.3333333333333333,0.3,2.5529488380096272
125995,0.1,0.4301897685231449,0.3333333333333333,0.3,2.552948838009627
125995,0.2,0.49096137487768016,0.4444444444444444,0.4,2.60563181825549
125995,0.3,0.5021004859512791,0.4444444444444444,0.4,2.7285389585813675
125995,0.4,0.3933527963193971,0.4444444444444444,0.4,3.109763769063613
125995,0.5,0.36390728380186105,0.4444444444444444,0.4,3.109763769063613
125995,0.6,0.27997632822948654,0.2222222222222222,0.2,5.125820385295144
99298,0.0,0.8029018747600423,0.7,0.7,2.182852127059427
99298,0.1,0.7372716327395521,0.6,0.6,2.182852127059427
99298,0.2,0.7736146611673687,0.7,0.7,2.182852127059427
99298,0.3,0.6612941626061656,0.6,0.6,2.380801940828476
99298,0.4,0.5996509638716153,0.5,0.5,3.3372847518810973
99298,0.5,0.4662348015199647,0.5,0.5,5.269839224817462
99298,0.6,0.2587413239745079,0.4,0.4,7.4038617268587315
161150,0.0,0.522040700242032,0.4,0.4,3.9422170157342578
161150,0.1,0.5142868981910397,0.4,0.4,3.9422170157342578
161150,0.2,0.5142868981910397,0.4,0.4,4.166560081791634
161150,0.3,0.45180173708357824,0.4,0.4,4.444766240206583
161150,0.4,0.4798208715575104,0.5,0.5,4.444766240206585
161150,0.5,0.3890174374390593,0.4,0.4,5.921994415399107
161150,0.6,0.18786525296928555,0.2,0.2,6.159102082538614
160757,0.0,0.752396735261674,0.8,0.8,2.2539960006696114
160757,0.1,0.7496495859232529,0.8,0.8,2.365734313232907
160757,0.2,0.7496495859232529,0.8,0.8,2.5091451299066097
160757,0.3,0.7418957838722606,0.8,0.8,2.594918370088201
160757,0.4,0.667686124526796,0.7,0.7,3.0223410494562204
160757,0.5,0.6565480652906139,0.6,0.6,3.0510134427990416
160757,0.6,0.5158259306756159,0.5,0.5,3.806821263787284
149684,0.0,0.4258944138790334,0.42857142857142855,0.3,4.200915968081168
149684,0.1,0.4312081483589565,0.42857142857142855,0.3,4.49011346774278
149684,0.2,0.4258944138790334,0.42857142857142855,0.3,5.051945941708265
149684,0.3,0.4258944138790334,0.42857142857142855,0.3,5.051945941708265
149684,0.4,0.5220903239108676,0.5714285714285714,0.4,5.2632174795231705
149684,0.5,0.6078275727924357,0.5714285714285714,0.4,5.428377076415314
149684,0.6,0.6078275727924357,0.5714285714285714,0.4,5.794921185674154
38441,0.0,0.6994050018219041,0.6,0.6,2.399730635384169
38441,0.1,0.6950518040550305,0.6,0.6,2.5599654079270158
38441,0.2,0.6950518040550305,0.6,0.6,2.5599654079270158
38441,0.3,0.6950518040550305,0.6,0.6,2.7623481128551926
38441,0.4,0.7406722370236708,0.7,0.7,2.762348112855193
38441,0.5,0.7490124780764843,0.7,0.7,3.351776235459277
38441,0.6,0.7418957838722606,0.8,0.8,5.223083058839525
180541,0.0,0.5340257538770548,0.6,0.6,3.178491160975458
180541,0.1,0.46662770106864276,0.5,0.5,3.3687558414243193
180541,0.2,0.42253087058983374,0.4,0.4,3.6648981164415035
180541,0.3,0.36743335705243085,0.3,0.3,3.6648981164415035
180541,0.4,0.36743335705243085,0.3,0.3,3.6648981164415035
180541,0.5,0.40554419626816934,0.3,0.3,4.784198282833561
180541,0.6,0.37817851673993474,0.3,0.3,5.303973958181004
191769,0.0,0.6109825625609405,0.6,0.6,3.598737392611936
191769,0.1,0.602642321508127,0.6,0.6,3.7116470976831115
191769,0.2,0.583616883032706,0.6,0.6,3.7116470976831115
191769,0.3,0.5752766419798925,0.6,0.6,5.06484721405762
191769,0.4,0.48012001009456773,0.6,0.6,8.47392519553323
191769,0.5,0.4420091708788293,0.6,0.6,9.835760729838615
191769,0.6,0.5503589732530216,0.6,0.6,10.433478359861141
