user_id,lam,ndcg,recall,precision,novelty
129015,0.0,0.3239736344203904,0.3,0.3,1.7477069121099251
129015,0.1,0.3239736344203904,0.3,0.3,1.7768428838963684
129015,0.2,0.3239736344203904,0.3,0.3,1.7768428838963684
129015,0.3,0.3239736344203904,0.3,0.3,1.7768428838963684
129015,0.4,0.2722767251671062,0.2,0.2,2.4303373254051377
129015,0.5,0.06003715030609775,0.1,0.1,4.561482619158872
129015,0.6,0.0,0.0,0.0,6.086591126585014
1799,0.0,0.09515663188532462,0.1,0.1,2.1265692572583546
1799,0.1,0.09515663188532462,0.1,0.1,2.1265692572583546
1799,0.2,0.09515663188532462,0.1,0.1,2.126569257258354
1799,0.3,0.09515663188532462,0.1,0.1,2.126569257258354
1799,0.4,0.081963461396457,0.1,0.1,3.8401903389670418
1799,0.5,0.06003715030609775,0.1,0.1,5.672769254935693
1799,0.6,0.0,0.0,0.0,7.867914837213841
1748,0.0,0.19031326377064925,0.1,0.1,2.2617161087229407
1748,0.1,0.19031326377064925,0.1,0.1,2.2617161087229407
1748,0.2,0.19031326377064925,0.1,0.1,2.2617161087229407
1748,0.3,0.19031326377064925,0.1,0.1,2.2617161087229407
1748,0.4,0.19031326377064925,0.1,0.1,3.4989383559240155
1748,0.5,0.09515663188532462,0.1,0.1,5.779445813818887
1748,0.6,0.0,0.0,0.0,7.64080187504003
21567,0.0,0.3806265275412985,0.2,0.2,3.432709464382129
21567,0.1,0.3806265275412985,0.2,0.2,3.432709464382129
21567,0.2,0.3806265275412985,0.2,0.2,3.432709464382129
21567,0.3,0.3806265275412985,0.2,0.2,3.6899197772920154
21567,0.4,0.3806265275412985,0.2,0.2,3.889303898004138
21567,0.5,0.3806265275412985,0.2,0.2,4.7789364487143065
21567,0.6,0.28546989565597386,0.2,0.2,5.221780213427683
12823,0.0,0.40554419626816934,0.3,0.3,2.8710342138574063
12823,0.1,0.40554419626816934,0.3,0.3,2.871034213857406
12823,0.2,0.40554419626816934,0.3,0.3,3.1057344533127678
12823,0.3,0.4757831594266231,0.3,0.3,3.105734453312768
12823,0.4,0.38401078472648814,0.3,0.3,3.1057344533127687
12823,0.5,0.381263635388067,0.4,0.4,3.8777017753727008
12823,0.6,0.25810421612773926,0.2,0.2,7.007199832117093
18333,0.0,0.0,0.0,0.0,2.3780111772106456
18333,0.1,0.0,0.0,0.0,2.3780111772106456
18333,0.2,0.0,0.0,0.0,2.521585328469865
18333,0.3,0.0,0.0,0.0,2.6241261165053764
18333,0.4,0.0,0.0,0.0,2.821120107920716
18333,0.5,0.0,0.0,0.0,3.0514048432528815
18333,0.6,0.0,0.0,0.0,5.064519302419905
34601,0.0,0.0,0.0,0.0,3.3550511283348015
34601,0.1,0.0,0.0,0.0,3.3550511283348015
34601,0.2,0.0,0.0,0.0,3.466106066481445
34601,0.3,0.0,0.0,0.0,3.466106066481445
34601,0.4,0.0,0.0,0.0,3.5620521692692924
34601,0.5,0.0,0.0,0.0,3.723310109772958
34601,0.6,0.0,0.0,0.0,5.233780215719387
199352,0.0,0.19031326377064925,0.1,0.1,3.7347171034156643
199352,0.1,0.19031326377064925,0.1,0.1,3.7347171034156643
199352,0.2,0.19031326377064925,0.1,0.1,3.8743612686100546
199352,0.3,0.19031326377064925,0.1,0.1,3.8743612686100546
199352,0.4,0.1200743006121955,0.1,0.1,4.175722980246347
199352,0.5,0.1200743006121955,0.1,0.1,4.991490284145387
199352,0.6,0.0,0.0,0.0,5.857617532008358
162788,0.0,0.2532633541065531,0.16666666666666666,0.1,2.986604359989118
162788,0.1,0.2532633541065531,0.16666666666666666,0.1,3.069793806739514
162788,0.2,0.2532633541065531,0.16666666666666666,0.1,3.3610695909303887
162788,0.3,0.2532633541065531,0.16666666666666666,0.1,3.881810087894948
162788,0.4,0.2532633541065531,0.16666666666666666,0.1,4.251834187876506
162788,0.5,0.2532633541065531,0.16666666666666666,0.1,4.931044184982303
162788,0.6,0.2532633541065531,0.16666666666666666,0.1,5.061688915056132
124025,0.0,0.17736430157987212,0.2,0.2,2.4792534480071495
124025,0.1,0.17736430157987212,0.2,0.2,2.4792534480071495
124025,0.2,0.17736430157987212,0.2,0.2,2.4792534480071495
124025,0.3,0.1200743006121955,0.1,0.1,2.990371339029564
124025,0.4,0.081963461396457,0.1,0.1,3.1514033712413974
124025,0.5,0.1392534623641336,0.2,0.2,3.2849524353176065
124025,0.6,0.0,0.0,0.0,6.017948542527701
138214,0.0,0.0,0.0,0.0,3.096391270323543
138214,0.1,0.0,0.0,0.0,3.3396659092480925
138214,0.2,0.0,0.0,0.0,3.4113569708567377
138214,0.3,0.0,0.0,0.0,3.7841490006116816
138214,0.4,0.0,0.0,0.0,3.920008776830355
138214,0.5,0.0,0.0,0.0,3.9930594611518138
138214,0.6,0.0,0.0,0.0,5.109851861962205
5353,0.0,0.319393943239799,0.25,0.1,2.300026889764802
5353,0.1,0.319393943239799,0.25,0.1,2.631024100839661
5353,0.2,0.319393943239799,0.25,0.1,2.631024100839661
5353,0.3,0.319393943239799,0.25,0.1,3.094024644818643
5353,0.4,0.319393943239799,0.25,0.1,3.7500743684028968
5353,0.5,0.0,0.0,0.0,4.3701041111139185
5353,0.6,0.0,0.0,0.0,4.847043300509305
85404,0.0,0.4382156670460325,0.4,0.4,3.9090520878325057
85404,0.1,0.4382156670460325,0.4,0.4,4.011417837516687
85404,0.2,0.44841747989838854,0.3,0.3,4.13356848289837
85404,0.3,0.44841747989838854,0.3,0.3,4.13356848289837
85404,0.4,0.46258998893775544,0.3,0.3,4.216252863010226
85404,0.5,0.4757831594266231,0.3,0.3,4.358154855075805
85404,0.6,0.5579908291211706,0.4,0.4,4.799904749976932
190397,0.0,0.06729296884018866,0.1111111111111111,0.1,3.1572913976205683
190397,0.1,0.06729296884018866,0.1111111111111111,0.1,3.194984027616696
190397,0.2,0.07191071742813417,0.1111111111111111,0.1,3.2280701266787473
190397,0.3,0.07809742170892055,0.1111111111111111,0.1,3.2280701266787473
190397,0.4,0.07191071742813417,0.1111111111111111,0.1,3.5126048173764124
190397,0.5,0.07191071742813417,0.1111111111111111,0.1,4.152689720391196
190397,0.6,0.0,0.0,0.0,4.401253028387641
148390,0.0,0.44841747989838854,0.3,0.3,2.2428363444614545
148390,0.1,0.46258998893775544,0.3,0.3,2.2428363444614545
148390,0.2,0.46258998893775544,0.3,0.3,2.2428363444614545
148390,0.3,0.46258998893775544,0.3,0.3,2.3132353939152233
148390,0.4,0.4757831594266231,0.3,0.3,2.492600918384042
148390,0.5,0.37042471468894245,0.3,0.3,2.9984182374517347
148390,0.6,0.1392534623641336,0.2,0.2,4.226612401771608
186647,0.0,0.5607379784595917,0.4,0.4,1.7577150408096045
186647,0.1,0.5358203097327209,0.4,0.4,1.7577150408096045
186647,0.2,0.5392209140168396,0.4,0.4,1.7577150408096045
186647,0.3,0.5435741117837132,0.4,0.4,1.9662871660550052
186647,0.4,0.44841747989838854,0.3,0.3,4.281324295543982
186647,0.5,0.2722767251671062,0.2,0.2,5.551457897624855
186647,0.6,0.0,0.0,0.0,6.38247502415383
199194,0.0,0.19031326377064925,0.1,0.1,2.273664184660519
199194,0.1,0.19031326377064925,0.1,0.1,2.273664184660519
199194,0.2,0.19031326377064925,0.1,0.1,2.447170378765354
199194,0.3,0.19031326377064925,0.1,0.1,2.447170378765354
199194,0.4,0.19031326377064925,0.1,0.1,2.447170378765354
199194,0.5,0.19031326377064925,0.1,0.1,3.5978969796802986
199194,0.6,0.0,0.0,0.0,5.367841968036236
129104,0.0,0.30059499817809576,0.4,0.4,5.726751818161139
129104,0.1,0.29225475712528226,0.4,0.4,5.8427807886241405
129104,0.2,0.29225475712528226,0.4,0.4,5.8427807886241405
129104,0.3,0.28642248913872875,0.4,0.4,5.8427807886241405
129104,0.4,0.22023758521009126,0.3,0.3,6.351939923483161
129104,0.5,0.25810421612773926,0.2,0.2,6.882703299439946
129104,0.6,0.14200061170255474,0.2,0.2,7.544962136341415
51503,0.0,0.0,0.0,0.0,3.1794276243965305
51503,0.1,0.0,0.0,0.0,3.2942055085865243
51503,0.2,0.0,0.0,0.0,3.2942055085865243
51503,0.3,0.0,0.0,0.0,3.2942055085865243
51503,0.4,0.0,0.0,0.0,3.4748111993336415
51503,0.5,0.0,0.0,0.0,4.184277585389908
51503,0.6,0.0,0.0,0.0,5.939606561176043
19831,0.0,0.06003715030609775,0.1,0.1,2.8788931798972355
19831,0.1,0.06343775459021642,0.1,0.1,2.878893179897236
19831,0.2,0.06343775459021642,0.1,0.1,3.2173021945309133
19831,0.3,0.06003715030609775,0.1,0.1,3.2173021945309133
19831,0.4,0.0,0.0,0.0,3.333344914474169
19831,0.5,0.0,0.0,0.0,3.4153592171651326
19831,0.6,0.0,0.0,0.0,5.234060155570018
19217,0.0,0.37042471468894245,0.3,0.3,4.539421322007885
19217,0.1,0.3676775653505214,0.3,0.3,5.059367378528319
19217,0.2,0.37042471468894245,0.3,0.3,5.221055937025371
19217,0.3,0.37042471468894245,0.3,0.3,5.5619468345941945
19217,0.4,0.2722767251671062,0.2,0.2,6.016658780910175
19217,0.5,0.07362322034364344,0.1,0.1,6.9609847454896485
19217,0.6,0.0,0.0,0.0,7.501630959719433
2966,0.0,0.0,0.0,0.0,8.190229351473864
2966,0.1,0.0,0.0,0.0,9.862248468719164
2966,0.2,0.0,0.0,0.0,10.796805495453311
2966,0.3,0.0,0.0,0.0,10.79680549545331
2966,0.4,0.0,0.0,0.0,11.186601242537161
2966,0.5,0.0,0.0,0.0,11.186601242537161
2966,0.6,0.0,0.0,0.0,11.406559000880096
114727,0.0,0.0,0.0,0.0,4.711477554992539
114727,0.1,0.0,0.0,0.0,4.7114775549925385
114727,0.2,0.0,0.0,0.0,4.7114775549925385
114727,0.3,0.0,0.0,0.0,4.9729544873129505
114727,0.4,0.0,0.0,0.0,5.155309702271491
114727,0.5,0.0,0.0,0.0,5.317083651461227
114727,0.6,0.0,0.0,0.0,6.016357805779842
148795,0.0,0.1200743006121955,0.1,0.1,2.7274524331287244
148795,0.1,0.1200743006121955,0.1,0.1,2.7274524331287244
148795,0.2,0.1200743006121955,0.1,0.1,2.953843462410945
148795,0.3,0.13091322131132005,0.2,0.2,3.0488957464384034
148795,0.4,0.13091322131132005,0.2,0.2,3.0488957464384034
148795,0.5,0.06779095235709003,0.1,0.1,3.1547101506738016
148795,0.6,0.0,0.0,0.0,3.9719487588579434
73506,0.0,0.0,0.0,0.0,3.887991152377159
73506,0.1,0.0,0.0,0.0,3.887991152377159
73506,0.2,0.0,0.0,0.0,3.887991152377159
73506,0.3,0.0,0.0,0.0,4.012195399868509
73506,0.4,0.0,0.0,0.0,4.970958301635086
73506,0.5,0.0,0.0,0.0,5.369197525930701
73506,0.6,0.0,0.0,0.0,5.997651861646885
134227,0.0,0.0,0.0,0.0,3.23609728271742
134227,0.1,0.0,0.0,0.0,3.277408954991997
134227,0.2,0.0,0.0,0.0,3.277408954991997
134227,0.3,0.0,0.0,0.0,3.277408954991997
134227,0.4,0.0,0.0,0.0,3.6430166860230804
134227,0.5,0.0,0.0,0.0,4.455772795430932
134227,0.6,0.0,0.0,0.0,5.47122345349434
36368,0.0,0.25810421612773926,0.2,0.2,4.359823610122862
36368,0.1,0.25810421612773926,0.2,0.2,4.506398280985733
36368,0.2,0.26393648411429266,0.2,0.2,4.506398280985733
36368,0.3,0.25810421612773926,0.2,0.2,4.603792119265947
36368,0.4,0.25810421612773926,0.2,0.2,4.603792119265947
36368,0.5,0.14141417270073348,0.2,0.2,4.944656140846661
36368,0.6,0.06779095235709003,0.1,0.1,5.735953749986306
184793,0.0,0.32154197071795565,0.3,0.3,1.886118292662387
184793,0.1,0.32154197071795565,0.3,0.3,1.886118292662387
184793,0.2,0.32154197071795565,0.3,0.3,1.886118292662387
184793,0.3,0.318141366433837,0.3,0.3,1.8861182926623872
184793,0.4,0.25375101836086567,0.2,0.2,4.387957914472743
184793,0.5,0.19031326377064925,0.1,0.1,9.04819677894684
184793,0.6,0.0,0.0,0.0,9.791358220559879
168311,0.0,0.0,0.0,0.0,2.187670879609524
168311,0.1,0.0,0.0,0.0,2.214955434350248
168311,0.2,0.0,0.0,0.0,2.214955434350248
168311,0.3,0.0,0.0,0.0,2.2971254120713995
168311,0.4,0.0,0.0,0.0,2.2971254120713995
168311,0.5,0.0,0.0,0.0,2.390509687304715
168311,0.6,0.0,0.0,0.0,3.8099284582799
132870,0.0,0.0,0.0,0.0,2.892054289672567
132870,0.1,0.0,0.0,0.0,3.13991581639809
132870,0.2,0.0,0.0,0.0,3.13991581639809
132870,0.3,0.0,0.0,0.0,3.5021314050870416
132870,0.4,0.0,0.0,0.0,3.8171718844250853
132870,0.5,0.0,0.0,0.0,3.8628925797773634
132870,0.6,0.0,0.0,0.0,4.562537821879294
153534,0.0,0.0,0.0,0.0,2.187464486891707
153534,0.1,0.0,0.0,0.0,2.187464486891707
153534,0.2,0.0,0.0,0.0,2.233901801627744
153534,0.3,0.0,0.0,0.0,2.3029349505671086
153534,0.4,0.0,0.0,0.0,3.5206496899328314
153534,0.5,0.0,0.0,0.0,4.342475206607384
153534,0.6,0.0,0.0,0.0,4.869449063957451
39159,0.0,0.06779095235709003,0.1,0.1,4.820679094129448
39159,0.1,0.06343775459021642,0.1,0.1,4.820679094129448
39159,0.2,0.06003715030609775,0.1,0.1,4.820679094129448
39159,0.3,0.05729000096767664,0.1,0.1,4.820679094129448
39159,0.4,0.0,0.0,0.0,5.313244989319042
39159,0.5,0.0,0.0,0.0,5.586503438760085
39159,0.6,0.0,0.0,0.0,6.4016561539105385
132622,0.0,0.0,0.0,0.0,6.529965210942552
132622,0.1,0.0,0.0,0.0,6.697653709958772
132622,0.2,0.0,0.0,0.0,7.100707179152596
132622,0.3,0.0,0.0,0.0,7.829796625274608
132622,0.4,0.0,0.0,0.0,7.97686878846026
132622,0.5,0.0,0.0,0.0,8.59541361919526
132622,0.6,0.0,0.0,0.0,9.067779713636257
138851,0.0,0.6461020441401674,0.5,0.5,2.352678679118248
138851,0.1,0.650455241907041,0.5,0.5,2.5498244761137157
138851,0.2,0.6562875098935943,0.5,0.5,2.5498244761137157
138851,0.3,0.6562875098935943,0.5,0.5,2.7756896219828535
138851,0.4,0.650455241907041,0.5,0.5,2.7756896219828535
138851,0.5,0.5958574600388186,0.4,0.4,3.643801283099753
138851,0.6,0.2152309324975201,0.2,0.2,4.812273637029728
44427,0.0,0.5146297957850003,0.375,0.3,2.626190373178912
44427,0.1,0.5146297957850003,0.375,0.3,2.8305345239619832
44427,0.2,0.5146297957850003,0.375,0.3,2.8305345239619832
44427,0.3,0.5146297957850003,0.375,0.3,2.8305345239619832
44427,0.4,0.4961255227697636,0.375,0.3,3.5778181109779132
44427,0.5,0.30846844961870695,0.25,0.2,7.9614783431035905
44427,0.6,0.09285825605119434,0.125,0.1,9.24500005255953
128796,0.0,0.3806265275412985,0.2,0.2,1.8149415072779163
128796,0.1,0.3806265275412985,0.2,0.2,1.8149415072779163
128796,0.2,0.3806265275412985,0.2,0.2,1.8149415072779163
128796,0.3,0.3806265275412985,0.2,0.2,1.8149415072779163
128796,0.4,0.3103875643828447,0.2,0.2,2.277611011928385
128796,0.5,0.26393648411429266,0.2,0.2,3.541469223585529
128796,0.6,0.05729000096767664,0.1,0.1,7.072619610118826
63197,0.0,0.3221742891674439,0.2857142857142857,0.2,3.6937074963987477
63197,0.1,0.3055904414602433,0.2857142857142857,0.2,3.6937074963987477
63197,0.2,0.1894374194932342,0.2857142857142857,0.2,4.03989618761318
63197,0.3,0.10004876742114938,0.14285714285714285,0.1,4.3016483772908884
63197,0.4,0.08986824523342568,0.14285714285714285,0.1,4.3016483772908884
63197,0.5,0.0,0.0,0.0,5.10981202890375
63197,0.6,0.0,0.0,0.0,5.627072303667104
138977,0.0,0.30846844961870695,0.25,0.2,1.8680422186541992
138977,0.1,0.32341529035126887,0.25,0.2,1.8680422186541996
138977,0.2,0.32341529035126887,0.25,0.2,1.988666088737239
138977,0.3,0.32341529035126887,0.25,0.2,2.0945910314324663
138977,0.4,0.32341529035126887,0.25,0.2,2.2429318165432472
138977,0.5,0.30846844961870695,0.25,0.2,3.9602011787359728
138977,0.6,0.06801744314752248,0.125,0.1,5.094031163225815
119053,0.0,0.3518870456576207,0.3333333333333333,0.3,1.9225306202126053
119053,0.1,0.3518870456576207,0.3333333333333333,0.3,1.9225306202126053
119053,0.2,0.35250912349961155,0.3333333333333333,0.3,1.9727494157817234
119053,0.3,0.3328575797319026,0.3333333333333333,0.3,2.240441327896402
119053,0.4,0.20187890652056598,0.1111111111111111,0.1,2.7707832179422223
119053,0.5,0.20187890652056598,0.1111111111111111,0.1,3.3811931229203345
119053,0.6,0.20187890652056598,0.1111111111111111,0.1,4.348955701536268
127027,0.0,0.36743335705243085,0.3,0.3,2.5452876551460504
127027,0.1,0.36743335705243085,0.3,0.3,2.5452876551460504
127027,0.2,0.3590931159996173,0.3,0.3,2.8014402196935815
127027,0.3,0.3590931159996173,0.3,0.3,2.9030944079214063
127027,0.4,0.3489076502461903,0.3,0.3,2.9030944079214063
127027,0.5,0.26393648411429266,0.2,0.2,3.3883216779462932
127027,0.6,0.12072775555789306,0.2,0.2,4.9337272348704655
179331,0.0,0.0,0.0,0.0,3.9519878304117206
179331,0.1,0.0,0.0,0.0,3.9519878304117206
179331,0.2,0.0,0.0,0.0,3.9519878304117206
179331,0.3,0.0,0.0,0.0,4.0693810102495815
179331,0.4,0.0,0.0,0.0,4.069381010249582
179331,0.5,0.0,0.0,0.0,6.283382587761089
179331,0.6,0.0,0.0,0.0,8.493082834851469
14058,0.0,0.0,0.0,0.0,4.385653944652455
14058,0.1,0.0,0.0,0.0,4.385653944652455
14058,0.2,0.0,0.0,0.0,4.385653944652455
14058,0.3,0.0,0.0,0.0,4.385653944652455
14058,0.4,0.0,0.0,0.0,4.767563041041798
14058,0.5,0.0,0.0,0.0,4.767563041041799
14058,0.6,0.0,0.0,0.0,6.041392478664674
200470,0.0,0.06343775459021642,0.1,0.1,3.8410476429588614
200470,0.1,0.06779095235709003,0.1,0.1,4.207756225356999
200470,0.2,0.081963461396457,0.1,0.1,4.207756225356999
200470,0.3,0.081963461396457,0.1,0.1,4.982136900595119
200470,0.4,0.081963461396457,0.1,0.1,4.98213690059512
200470,0.5,0.07362322034364344,0.1,0.1,5.7053427693412395
200470,0.6,0.06343775459021642,0.1,0.1,6.582934616929594
92742,0.0,0.4268840683567074,0.4,0.4,2.6822598644554994
92742,0.1,0.4268840683567074,0.4,0.4,2.7349380628945186
92742,0.2,0.44105657739607423,0.4,0.4,2.7349380628945186
92742,0.3,0.44105657739607423,0.4,0.4,2.9071766431153323
92742,0.4,0.4983465783637509,0.5,0.5,3.044860223866142
92742,0.5,0.5235797327266082,0.5,0.5,3.9131642522910517
92742,0.6,0.26148847331292896,0.3,0.3,4.860980380861963
162838,0.0,0.0,0.0,0.0,2.3726772950158823
162838,0.1,0.0,0.0,0.0,2.777638291021722
162838,0.2,0.0,0.0,0.0,2.777638291021722
162838,0.3,0.06003715030609775,0.1,0.1,3.2289793830841007
162838,0.4,0.06343775459021642,0.1,0.1,3.5635455789417962
162838,0.5,0.05729000096767664,0.1,0.1,3.9527365467460207
162838,0.6,0.0,0.0,0.0,4.371212814037856
150141,0.0,0.19031326377064925,0.1,0.1,2.757221046403617
150141,0.1,0.19031326377064925,0.1,0.1,2.862724439506367
150141,0.2,0.19031326377064925,0.1,0.1,2.986540254835091
150141,0.3,0.19031326377064925,0.1,0.1,3.5522230070189176
150141,0.4,0.19031326377064925,0.1,0.1,5.928865259240656
150141,0.5,0.19031326377064925,0.1,0.1,6.571283995123248
150141,0.6,0.0,0.0,0.0,8.711895118103651
145941,0.0,0.0,0.0,0.0,4.391471457922254
145941,0.1,0.0,0.0,0.0,4.391471457922254
145941,0.2,0.0,0.0,0.0,4.442215124839401
145941,0.3,0.0,0.0,0.0,4.442215124839401
145941,0.4,0.0,0.0,0.0,4.939899395590485
145941,0.5,0.0,0.0,0.0,5.900753265966032
145941,0.6,0.0,0.0,0.0,6.100979500141433
5061,0.0,0.06003715030609775,0.1,0.1,2.507216309281751
5061,0.1,0.05729000096767664,0.1,0.1,2.731105303456302
5061,0.2,0.0,0.0,0.0,3.5458228044593847
5061,0.3,0.0,0.0,0.0,3.846792634551303
5061,0.4,0.0,0.0,0.0,4.698402712375687
5061,0.5,0.0,0.0,0.0,6.982517654922196
5061,0.6,0.0,0.0,0.0,7.25525477792898
152177,0.0,0.1200743006121955,0.1,0.1,2.877395822727091
152177,0.1,0.1200743006121955,0.1,0.1,2.877395822727091
152177,0.2,0.1200743006121955,0.1,0.1,3.124583972627559
152177,0.3,0.1200743006121955,0.1,0.1,3.124583972627559
152177,0.4,0.1200743006121955,0.1,0.1,3.321754651038181
152177,0.5,0.06779095235709003,0.1,0.1,3.7601785116290025
152177,0.6,0.0,0.0,0.0,4.413088093233964
106755,0.0,0.11615302196700909,0.14285714285714285,0.1,1.9905537504792217
106755,0.1,0.10004876742114938,0.14285714285714285,0.1,1.9905537504792221
106755,0.2,0.10004876742114938,0.14285714285714285,0.1,1.9905537504792221
106755,0.3,0.08986824523342568,0.14285714285714285,0.1,1.9905537504792221
106755,0.4,0.08986824523342568,0.14285714285714285,0.1,2.1972651700650756
106755,0.5,0.0,0.0,0.0,5.489436115965155
106755,0.6,0.0,0.0,0.0,7.212546715462852
187338,0.0,0.19031326377064925,0.1,0.1,2.4880633452934062
187338,0.1,0.19031326377064925,0.1,0.1,2.4880633452934062
187338,0.2,0.2476032647383259,0.2,0.2,2.610815126229442
187338,0.3,0.25375101836086567,0.2,0.2,2.610815126229442
187338,0.4,0.26393648411429266,0.2,0.2,2.691716225579026
187338,0.5,0.17736430157987212,0.2,0.2,5.124284900419946
187338,0.6,0.0,0.0,0.0,7.944803073430869
143302,0.0,0.0,0.0,0.0,2.0932409012465585
143302,0.1,0.0,0.0,0.0,2.0932409012465585
143302,0.2,0.0,0.0,0.0,2.0932409012465585
143302,0.3,0.0,0.0,0.0,2.2803635123917605
143302,0.4,0.0,0.0,0.0,2.335476930966826
143302,0.5,0.0,0.0,0.0,3.0574718936589242
143302,0.6,0.0,0.0,0.0,3.9091235273357183
165401,0.0,0.07809742170892055,0.1111111111111111,0.1,1.9635560379202388
165401,0.1,0.07809742170892055,0.1111111111111111,0.1,1.9635560379202388
165401,0.2,0.07809742170892055,0.1111111111111111,0.1,2.2121194034068616
165401,0.3,0.07809742170892055,0.1111111111111111,0.1,2.2121194034068616
165401,0.4,0.06729296884018866,0.1111111111111111,0.1,2.212119403406862
165401,0.5,0.0,0.0,0.0,4.780346678638201
165401,0.6,0.0,0.0,0.0,7.520685495240727
81242,0.0,0.37817851673993474,0.3,0.3,3.2829450486201126
81242,0.1,0.41638311696729396,0.4,0.4,3.461821612337721
81242,0.2,0.42253087058983374,0.4,0.4,3.461821612337721
81242,0.3,0.4268840683567074,0.4,0.4,3.461821612337721
81242,0.4,0.38401078472648814,0.3,0.3,3.7843744793766576
81242,0.5,0.46258998893775544,0.3,0.3,4.3116061767221385
81242,0.6,0.3590931159996173,0.3,0.3,4.780305527027815
37210,0.0,0.319393943239799,0.25,0.1,3.0754763059642682
37210,0.1,0.319393943239799,0.25,0.1,3.2710848267507493
37210,0.2,0.319393943239799,0.25,0.1,3.2710848267507493
37210,0.3,0.1375554841440053,0.25,0.1,3.2710848267507493
37210,0.4,0.10075757095025123,0.25,0.1,3.27108482675075
37210,0.5,0.0,0.0,0.0,3.567931851758611
37210,0.6,0.10075757095025123,0.25,0.1,4.3069043482279685
17441,0.0,0.650455241907041,0.5,0.5,1.9796932175414264
17441,0.1,0.6255375731801701,0.5,0.5,2.1138061576664913
17441,0.2,0.6171973321273566,0.5,0.5,2.1138061576664913
17441,0.3,0.6171973321273566,0.5,0.5,2.222068489357022
17441,0.4,0.5007008281534939,0.3,0.3,2.760329638898763
17441,0.5,0.44841747989838854,0.3,0.3,3.4667981073366163
17441,0.6,0.06003715030609775,0.1,0.1,4.856394486694694
161894,0.0,0.5084546302044863,0.4,0.4,2.0910224352283686
161894,0.1,0.5358203097327209,0.4,0.4,2.0910224352283686
161894,0.2,0.5358203097327209,0.4,0.4,2.231978032062748
161894,0.3,0.5641385827437104,0.4,0.4,2.2319780320627483
161894,0.4,0.5607379784595917,0.4,0.4,2.4168961237617195
161894,0.5,0.5607379784595917,0.4,0.4,2.4168961237617195
161894,0.6,0.26547551659886887,0.3,0.3,3.9918631916997755
135896,0.0,0.3212264850819693,0.3,0.3,5.162222678809372
135896,0.1,0.25810421612773926,0.2,0.2,5.333996190400835
135896,0.2,0.25035041407674696,0.2,0.2,5.3339961904008355
135896,0.3,0.19031326377064925,0.1,0.1,5.849331214500264
135896,0.4,0.25035041407674696,0.2,0.2,7.0120674979751785
135896,0.5,0.2722767251671062,0.2,0.2,7.594682652176504
135896,0.6,0.1200743006121955,0.1,0.1,8.285130665686925
30587,0.0,0.34006767752419625,0.3,0.3,2.0804182449962987
30587,0.1,0.34006767752419625,0.3,0.3,2.1158852819261864
30587,0.2,0.34006767752419625,0.3,0.3,2.1158852819261864
30587,0.3,0.34006767752419625,0.3,0.3,2.21934711273171
30587,0.4,0.2476032647383259,0.2,0.2,5.13569394246187
30587,0.5,0.09515663188532462,0.1,0.1,7.376888590633202
30587,0.6,0.0,0.0,0.0,8.616348094935478
10125,0.0,0.6255375731801701,0.5,0.5,2.5976937588602804
10125,0.1,0.5854784548322485,0.5,0.5,2.7399338136104525
10125,0.2,0.5084546302044863,0.4,0.4,3.131071399631421
10125,0.3,0.3806265275412985,0.2,0.2,3.3951185372493784
10125,0.4,0.3806265275412985,0.2,0.2,3.6320138310188836
10125,0.5,0.3806265275412985,0.2,0.2,3.8264839361033354
10125,0.6,0.3806265275412985,0.2,0.2,4.187455123837421
17916,0.0,0.3150551263919474,0.2857142857142857,0.2,1.7605993373724136
17916,0.1,0.3150551263919474,0.2857142857142857,0.2,1.8886228425014315
17916,0.2,0.3150551263919474,0.2857142857142857,0.2,1.8886228425014315
17916,0.3,0.3150551263919474,0.2857142857142857,0.2,1.8886228425014315
17916,0.4,0.23230604393401819,0.14285714285714285,0.1,4.028463930137996
17916,0.5,0.07743534797800607,0.14285714285714285,0.1,6.382884675203419
17916,0.6,0.0,0.0,0.0,7.45721424358953
146811,0.0,0.09515663188532462,0.1,0.1,3.9244109237327676
146811,0.1,0.09515663188532462,0.1,0.1,3.9244109237327676
146811,0.2,0.09515663188532462,0.1,0.1,4.2699157537702765
146811,0.3,0.06003715030609775,0.1,0.1,4.96868732337226
146811,0.4,0.0,0.0,0.0,6.377608426300868
146811,0.5,0.0,0.0,0.0,7.34214020021418
146811,0.6,0.0,0.0,0.0,7.677624471950189
192103,0.0,0.568491780510584,0.4,0.4,3.5721956715740943
192103,0.1,0.568491780510584,0.4,0.4,3.5721956715740943
192103,0.2,0.568491780510584,0.4,0.4,3.9573104074723298
192103,0.3,0.568491780510584,0.4,0.4,3.9573104074723298
192103,0.4,0.568491780510584,0.4,0.4,3.957310407472329
192103,0.5,0.4352243094095209,0.4,0.4,4.105970621360081
192103,0.6,0.06003715030609775,0.1,0.1,5.178990377800138
194207,0.0,0.0,0.0,0.0,1.7136295924914127
194207,0.1,0.0,0.0,0.0,1.7136295924914127
194207,0.2,0.0,0.0,0.0,1.8436046384184166
194207,0.3,0.0,0.0,0.0,1.905404162338921
194207,0.4,0.0,0.0,0.0,2.5392786660778732
194207,0.5,0.0,0.0,0.0,4.131648067039768
194207,0.6,0.0,0.0,0.0,5.938022753277958
197514,0.0,0.0,0.0,0.0,4.992887914425195
197514,0.1,0.0,0.0,0.0,4.992887914425195
197514,0.2,0.0,0.0,0.0,5.791656114706792
197514,0.3,0.0,0.0,0.0,5.791656114706792
197514,0.4,0.0,0.0,0.0,5.791656114706792
197514,0.5,0.0,0.0,0.0,6.316189776779323
197514,0.6,0.0,0.0,0.0,6.675815070720087
106766,0.0,0.40375781304113195,0.2222222222222222,0.2,2.0966552957815403
106766,0.1,0.40375781304113195,0.2222222222222222,0.2,2.3018776710633886
106766,0.2,0.3292503152628619,0.2222222222222222,0.2,2.3018776710633886
106766,0.3,0.302818359780849,0.2222222222222222,0.2,2.3260096422234833
106766,0.4,0.2888234191284636,0.2222222222222222,0.2,2.423750209049422
106766,0.5,0.26917187536075465,0.2222222222222222,0.2,2.8441711580916995
106766,0.6,0.20187890652056598,0.1111111111111111,0.1,3.606939283643264
144798,0.0,0.23230604393401819,0.14285714285714285,0.1,2.2224596042944134
144798,0.1,0.23230604393401819,0.14285714285714285,0.1,2.3563625819078005
144798,0.2,0.23230604393401819,0.14285714285714285,0.1,2.471022969781036
144798,0.3,0.23230604393401819,0.14285714285714285,0.1,2.471022969781036
144798,0.4,0.23230604393401819,0.14285714285714285,0.1,3.4004956065139083
144798,0.5,0.23230604393401819,0.14285714285714285,0.1,7.610362513678129
144798,0.6,0.06993108739817411,0.14285714285714285,0.1,8.285503529684567
8026,0.0,0.319393943239799,0.25,0.1,2.246875416184619
8026,0.1,0.319393943239799,0.25,0.1,2.246875416184619
8026,0.2,0.319393943239799,0.25,0.1,2.932940332510437
8026,0.3,0.319393943239799,0.25,0.1,3.0573416482253513
8026,0.4,0.20151514190050246,0.25,0.1,5.343988163185097
8026,0.5,0.0,0.0,0.0,5.967484912919747
8026,0.6,0.0,0.0,0.0,7.460258042308655
153657,0.0,0.0,0.0,0.0,2.817856175667828
153657,0.1,0.0,0.0,0.0,3.0089644295959874
153657,0.2,0.0,0.0,0.0,3.179759924304009
153657,0.3,0.0,0.0,0.0,3.179759924304009
153657,0.4,0.0,0.0,0.0,3.3092581251132045
153657,0.5,0.0,0.0,0.0,3.4276695431768944
153657,0.6,0.0,0.0,0.0,4.368306796112561
18251,0.0,0.0,0.0,0.0,2.7163085347020304
18251,0.1,0.0,0.0,0.0,2.9633785761193656
18251,0.2,0.0,0.0,0.0,2.963378576119366
18251,0.3,0.0,0.0,0.0,3.201003914723105
18251,0.4,0.0,0.0,0.0,3.3747712349540704
18251,0.5,0.0,0.0,0.0,3.835627565179012
18251,0.6,0.0,0.0,0.0,4.178643031569651
51009,0.0,0.5435741117837132,0.4,0.4,2.902642905691162
51009,0.1,0.5435741117837132,0.4,0.4,2.902642905691162
51009,0.2,0.5494063797702665,0.4,0.4,2.9026429056911613
51009,0.3,0.4791674166118128,0.4,0.4,2.9026429056911613
51009,0.4,0.4791674166118128,0.4,0.4,3.1103944876242613
51009,0.5,0.4496410267469783,0.4,0.4,3.2747943823226158
51009,0.6,0.26393648411429266,0.2,0.2,4.378881862362823
183132,0.0,0.19031326377064925,0.1,0.1,2.3256854907520976
183132,0.1,0.19031326377064925,0.1,0.1,2.5261703598567076
183132,0.2,0.19031326377064925,0.1,0.1,2.7047059169577436
183132,0.3,0.19031326377064925,0.1,0.1,2.7047059169577436
183132,0.4,0.25035041407674696,0.2,0.2,2.986385191958122
183132,0.5,0.2476032647383259,0.2,0.2,3.604001964471454
183132,0.6,0.19031326377064925,0.1,0.1,4.273426759604517
20842,0.0,0.0,0.0,0.0,2.089173345005748
20842,0.1,0.0,0.0,0.0,2.2252325420409123
20842,0.2,0.0,0.0,0.0,2.2252325420409123
20842,0.3,0.0,0.0,0.0,2.437192628507635
20842,0.4,0.0,0.0,0.0,3.8643688977675184
20842,0.5,0.0,0.0,0.0,8.775872312113155
20842,0.6,0.0,0.0,0.0,9.355749626968507
17939,0.0,0.34006767752419625,0.3,0.3,2.2725529983703083
17939,0.1,0.34006767752419625,0.3,0.3,2.3655650826315084
17939,0.2,0.3317274364713827,0.3,0.3,2.3655650826315084
17939,0.3,0.3317274364713827,0.3,0.3,2.365565082631508
17939,0.4,0.25810421612773926,0.2,0.2,2.7486210281823
17939,0.5,0.19031326377064925,0.1,0.1,3.346900827625357
17939,0.6,0.19031326377064925,0.1,0.1,4.296092035655976
193208,0.0,0.5007008281534939,0.3,0.3,2.9251708049942
193208,0.1,0.5007008281534939,0.3,0.3,2.9251708049941993
193208,0.2,0.5007008281534939,0.3,0.3,2.9251708049942
193208,0.3,0.5007008281534939,0.3,0.3,3.0852412919102568
193208,0.4,0.5007008281534939,0.3,0.3,4.682308141951627
193208,0.5,0.4757831594266231,0.3,0.3,6.865181198177481
193208,0.6,0.12347490489631419,0.2,0.2,7.512575771333071
186912,0.0,0.1200743006121955,0.1,0.1,2.266111290206127
186912,0.1,0.1200743006121955,0.1,0.1,2.528294510909881
186912,0.2,0.1200743006121955,0.1,0.1,2.528294510909881
186912,0.3,0.09515663188532462,0.1,0.1,2.6407832662975173
186912,0.4,0.081963461396457,0.1,0.1,2.6407832662975173
186912,0.5,0.07362322034364344,0.1,0.1,3.3393527806418533
186912,0.6,0.0,0.0,0.0,5.017408564767898
46991,0.0,0.0,0.0,0.0,3.7363655143240124
46991,0.1,0.0,0.0,0.0,3.7363655143240124
46991,0.2,0.0,0.0,0.0,3.7363655143240124
46991,0.3,0.0,0.0,0.0,4.072326885718345
46991,0.4,0.0,0.0,0.0,4.072326885718345
46991,0.5,0.0,0.0,0.0,5.162966384743128
46991,0.6,0.0,0.0,0.0,5.537387998216589
41251,0.0,0.25035041407674696,0.2,0.2,2.6510138903843385
41251,0.1,0.25375101836086567,0.2,0.2,2.6510138903843385
41251,0.2,0.18351205520241193,0.2,0.2,2.912786466999756
41251,0.3,0.18351205520241193,0.2,0.2,2.912786466999756
41251,0.4,0.15859438647554103,0.2,0.2,2.912786466999756
41251,0.5,0.15244663285300125,0.2,0.2,3.0130954254639795
41251,0.6,0.0,0.0,0.0,4.541029609966873
153879,0.0,0.1200743006121955,0.1,0.1,3.145437686605672
153879,0.1,0.07362322034364344,0.1,0.1,3.145437686605672
153879,0.2,0.06779095235709003,0.1,0.1,3.2318876807482098
153879,0.3,0.06343775459021642,0.1,0.1,3.3337883568596722
153879,0.4,0.0,0.0,0.0,3.572910806488685
153879,0.5,0.0,0.0,0.0,3.6893299713988945
153879,0.6,0.0,0.0,0.0,4.096667161771323
18117,0.0,0.3103875643828447,0.2,0.2,3.5325783874862964
18117,0.1,0.3103875643828447,0.2,0.2,3.5325783874862964
18117,0.2,0.2722767251671062,0.2,0.2,3.5325783874862964
18117,0.3,0.2722767251671062,0.2,0.2,3.710876672192567
18117,0.4,0.26393648411429266,0.2,0.2,3.8375129881799888
18117,0.5,0.19031326377064925,0.1,0.1,4.406525509952428
18117,0.6,0.06343775459021642,0.1,0.1,5.148563110056157
175463,0.0,0.19031326377064925,0.1,0.1,3.200809630429331
175463,0.1,0.19031326377064925,0.1,0.1,3.7029493121730916
175463,0.2,0.19031326377064925,0.1,0.1,3.9898313554098097
175463,0.3,0.19031326377064925,0.1,0.1,4.361344933123887
175463,0.4,0.09515663188532462,0.1,0.1,4.735597130491986
175463,0.5,0.0,0.0,0.0,5.5035162613776265
175463,0.6,0.0,0.0,0.0,6.144387568409878
149245,0.0,0.0,0.0,0.0,3.6042145080895134
149245,0.1,0.0,0.0,0.0,3.784255804559964
149245,0.2,0.0,0.0,0.0,3.784255804559964
149245,0.3,0.0,0.0,0.0,3.784255804559964
149245,0.4,0.0,0.0,0.0,4.35103056165976
149245,0.5,0.0,0.0,0.0,4.657739967194476
149245,0.6,0.0,0.0,0.0,5.548260627635166
53998,0.0,0.36743335705243085,0.3,0.3,3.9359702790037248
53998,0.1,0.36743335705243085,0.3,0.3,3.9359702790037248
53998,0.2,0.3590931159996173,0.3,0.3,4.062876049420806
53998,0.3,0.3532608480130639,0.3,0.3,4.062876049420806
53998,0.4,0.28546989565597386,0.2,0.2,4.39448309947162
53998,0.5,0.19031326377064925,0.1,0.1,5.312132330684795
53998,0.6,0.19031326377064925,0.1,0.1,5.936518213497101
102701,0.0,0.20187890652056598,0.1111111111111111,0.1,4.256760575637201
102701,0.1,0.20187890652056598,0.1111111111111111,0.1,4.256760575637201
102701,0.2,0.20187890652056598,0.1111111111111111,0.1,4.316073557796456
102701,0.3,0.20187890652056598,0.1111111111111111,0.1,4.316073557796456
102701,0.4,0.20187890652056598,0.1111111111111111,0.1,4.477580417808
102701,0.5,0.2737896239487001,0.2222222222222222,0.2,4.728198304574865
102701,0.6,0.302818359780849,0.2222222222222222,0.2,5.599137481907698
65582,0.0,0.0,0.0,0.0,4.238229866913525
65582,0.1,0.0,0.0,0.0,4.35123399102614
65582,0.2,0.0,0.0,0.0,4.666383759225205
65582,0.3,0.0,0.0,0.0,4.8392013788748045
65582,0.4,0.0,0.0,0.0,4.8392013788748045
65582,0.5,0.0,0.0,0.0,4.839201378874804
65582,0.6,0.0,0.0,0.0,6.448612889886735
153324,0.0,0.07328439752622512,0.14285714285714285,0.1,3.1449647270046905
153324,0.1,0.07328439752622512,0.14285714285714285,0.1,3.144964727004691
153324,0.2,0.07328439752622512,0.14285714285714285,0.1,3.305432255699741
153324,0.3,0.07328439752622512,0.14285714285714285,0.1,3.323944644712133
153324,0.4,0.0,0.0,0.0,3.7440912963615647
153324,0.5,0.0,0.0,0.0,4.823315687077956
153324,0.6,0.0,0.0,0.0,5.831912148058483
48895,0.0,0.1200743006121955,0.1,0.1,1.941669315787884
48895,0.1,0.1200743006121955,0.1,0.1,1.941669315787884
48895,0.2,0.1200743006121955,0.1,0.1,1.9416693157878844
48895,0.3,0.1200743006121955,0.1,0.1,2.2195464087062873
48895,0.4,0.1200743006121955,0.1,0.1,3.2133604562257103
48895,0.5,0.07362322034364344,0.1,0.1,3.6015691766865054
48895,0.6,0.0,0.0,0.0,5.027072857147926
111367,0.0,0.05729000096767664,0.1,0.1,2.4371113482336533
111367,0.1,0.06003715030609775,0.1,0.1,2.4371113482336533
111367,0.2,0.05729000096767664,0.1,0.1,3.432106380993454
111367,0.3,0.0,0.0,0.0,4.41340996055388
111367,0.4,0.0,0.0,0.0,7.416495518618854
111367,0.5,0.0,0.0,0.0,8.805659273779122
111367,0.6,0.0,0.0,0.0,10.071638614755482
95942,0.0,0.12508095332476668,0.2,0.2,2.558493203195135
95942,0.1,0.12508095332476668,0.2,0.2,2.558493203195135
95942,0.2,0.12508095332476668,0.2,0.2,2.558493203195135
95942,0.3,0.07362322034364344,0.1,0.1,2.5623527654530585
95942,0.4,0.13706097493385985,0.2,0.2,2.6968127037447216
95942,0.5,0.12508095332476668,0.2,0.2,2.846592037529887
95942,0.6,0.05729000096767664,0.1,0.1,4.244321088097794
151387,0.0,0.0,0.0,0.0,3.9677856804745337
151387,0.1,0.0,0.0,0.0,4.3343729145638585
151387,0.2,0.0,0.0,0.0,4.7800892186541075
151387,0.3,0.0,0.0,0.0,5.1758843673782735
151387,0.4,0.0,0.0,0.0,5.1758843673782735
151387,0.5,0.0,0.0,0.0,5.929268162586165
151387,0.6,0.0,0.0,0.0,6.537746894181177
58803,0.0,0.25035041407674696,0.2,0.2,2.211007656894874
58803,0.1,0.2476032647383259,0.2,0.2,2.211007656894874
58803,0.2,0.2476032647383259,0.2,0.2,2.211007656894874
58803,0.3,0.19031326377064925,0.1,0.1,2.54021284691853
58803,0.4,0.19031326377064925,0.1,0.1,2.6219583470385848
58803,0.5,0.19031326377064925,0.1,0.1,3.6303423393355567
58803,0.6,0.0,0.0,0.0,4.546436728637521
53121,0.0,0.0,0.0,0.0,2.4051527114251847
53121,0.1,0.0,0.0,0.0,2.4051527114251847
53121,0.2,0.0,0.0,0.0,2.6372349059925817
53121,0.3,0.0,0.0,0.0,2.637234905992582
53121,0.4,0.05729000096767664,0.1,0.1,2.703868402893767
53121,0.5,0.06343775459021642,0.1,0.1,2.8514105694361875
53121,0.6,0.05729000096767664,0.1,0.1,4.223713720578475
23968,0.0,0.10093945326028299,0.1111111111111111,0.1,2.5727334615115165
23968,0.1,0.10093945326028299,0.1111111111111111,0.1,2.658846481036124
23968,0.2,0.12737140874229597,0.1111111111111111,0.1,2.729890982440503
23968,0.3,0.10093945326028299,0.1111111111111111,0.1,3.1932164278930015
23968,0.4,0.10093945326028299,0.1111111111111111,0.1,3.8519689266617823
23968,0.5,0.07191071742813417,0.1111111111111111,0.1,4.111262377387283
23968,0.6,0.0,0.0,0.0,6.315353594606262
113336,0.0,0.07362322034364344,0.1,0.1,2.1046533275187
113336,0.1,0.06779095235709003,0.1,0.1,2.1046533275187
113336,0.2,0.06779095235709003,0.1,0.1,2.248740128892292
113336,0.3,0.07362322034364344,0.1,0.1,2.248740128892292
113336,0.4,0.07362322034364344,0.1,0.1,2.3816268663777587
113336,0.5,0.081963461396457,0.1,0.1,3.9045659070118246
113336,0.6,0.0,0.0,0.0,5.362197292835283
99549,0.0,0.19031326377064925,0.1,0.1,3.3721307517025125
99549,0.1,0.19031326377064925,0.1,0.1,3.5650331272401026
99549,0.2,0.19031326377064925,0.1,0.1,3.783970513997821
99549,0.3,0.19031326377064925,0.1,0.1,3.913406874499414
99549,0.4,0.081963461396457,0.1,0.1,4.043688386678028
99549,0.5,0.06003715030609775,0.1,0.1,4.163222294007278
99549,0.6,0.0,0.0,0.0,4.544785298377965
164516,0.0,0.3103875643828447,0.2,0.2,2.0880544488017714
164516,0.1,0.3103875643828447,0.2,0.2,2.0880544488017714
164516,0.2,0.3103875643828447,0.2,0.2,2.1676660606219738
164516,0.3,0.3103875643828447,0.2,0.2,2.167666060621974
164516,0.4,0.2722767251671062,0.2,0.2,2.634910116496847
164516,0.5,0.25810421612773926,0.2,0.2,3.6368269733334353
164516,0.6,0.0,0.0,0.0,4.774192796479628
7769,0.0,0.06003715030609775,0.1,0.1,4.252992612234555
7769,0.1,0.05729000096767664,0.1,0.1,4.252992612234555
7769,0.2,0.05729000096767664,0.1,0.1,4.252992612234555
7769,0.3,0.05729000096767664,0.1,0.1,4.252992612234555
7769,0.4,0.05729000096767664,0.1,0.1,4.411816120129767
7769,0.5,0.0,0.0,0.0,4.451002812256427
7769,0.6,0.0,0.0,0.0,5.065908634115238
80779,0.0,0.06003715030609775,0.1,0.1,2.620490995105998
80779,0.1,0.06003715030609775,0.1,0.1,2.7229631796661993
80779,0.2,0.06003715030609775,0.1,0.1,2.7229631796661993
80779,0.3,0.06343775459021642,0.1,0.1,2.8695276344753493
80779,0.4,0.06779095235709003,0.1,0.1,3.2109314733865615
80779,0.5,0.09515663188532462,0.1,0.1,3.751559402980658
80779,0.6,0.07362322034364344,0.1,0.1,5.38871341439574
152304,0.0,0.0,0.0,0.0,2.2270580592212976
152304,0.1,0.0,0.0,0.0,2.2270580592212976
152304,0.2,0.0,0.0,0.0,2.2270580592212976
152304,0.3,0.0,0.0,0.0,2.2270580592212976
152304,0.4,0.0,0.0,0.0,2.2270580592212976
152304,0.5,0.0,0.0,0.0,4.033011504595995
152304,0.6,0.0,0.0,0.0,5.982223043031352
178543,0.0,0.26547551659886887,0.3,0.3,3.340138476028076
178543,0.1,0.2698287143657425,0.3,0.3,3.4281725238330942
178543,0.2,0.2698287143657425,0.3,0.3,3.4281725238330942
178543,0.3,0.2698287143657425,0.3,0.3,3.4281725238330942
178543,0.4,0.2365708045860581,0.3,0.3,3.5682093152184593
178543,0.5,0.3212264850819693,0.3,0.3,3.636666646486666
178543,0.6,0.19031326377064925,0.1,0.1,5.1713411567530265
92928,0.0,0.44066367784739624,0.3,0.3,3.548756764917387
92928,0.1,0.44066367784739624,0.3,0.3,3.548756764917387
92928,0.2,0.44066367784739624,0.3,0.3,3.548756764917387
92928,0.3,0.4379165285089751,0.3,0.3,3.652987748265378
92928,0.4,0.3806265275412985,0.2,0.2,3.8993599838189232
92928,0.5,0.3806265275412985,0.2,0.2,4.15213881127154
92928,0.6,0.25035041407674696,0.2,0.2,5.069604643518117
175706,0.0,0.19031326377064925,0.1,0.1,2.892242035724159
175706,0.1,0.19031326377064925,0.1,0.1,2.892242035724159
175706,0.2,0.19031326377064925,0.1,0.1,3.103255898182035
175706,0.3,0.19031326377064925,0.1,0.1,3.3416328226910883
175706,0.4,0.19031326377064925,0.1,0.1,3.3416328226910883
175706,0.5,0.1200743006121955,0.1,0.1,4.178042597173937
175706,0.6,0.0,0.0,0.0,4.881755942935776
106764,0.0,0.0,0.0,0.0,1.9466698505702311
106764,0.1,0.05729000096767664,0.1,0.1,1.9785407745535892
106764,0.2,0.0,0.0,0.0,2.067127115296003
106764,0.3,0.0,0.0,0.0,2.0671271152960036
106764,0.4,0.0,0.0,0.0,2.067127115296003
106764,0.5,0.0,0.0,0.0,3.36313838261866
106764,0.6,0.0,0.0,0.0,5.598242904413454
18212,0.0,0.44841747989838854,0.3,0.3,2.921609776004931
18212,0.1,0.44406428213151494,0.3,0.3,2.921609776004931
18212,0.2,0.44406428213151494,0.3,0.3,3.150263554307745
18212,0.3,0.44066367784739624,0.3,0.3,3.1502635543077444
18212,0.4,0.3455070459620716,0.3,0.3,3.150263554307745
18212,0.5,0.2722767251671062,0.2,0.2,3.3158338332019768
18212,0.6,0.0,0.0,0.0,7.458034847838701
39012,0.0,0.0,0.0,0.0,5.13370913290183
39012,0.1,0.0,0.0,0.0,5.13370913290183
39012,0.2,0.0,0.0,0.0,5.13370913290183
39012,0.3,0.0,0.0,0.0,5.13370913290183
39012,0.4,0.0,0.0,0.0,5.13370913290183
39012,0.5,0.0,0.0,0.0,5.13370913290183
39012,0.6,0.0,0.0,0.0,6.16900694752142
94896,0.0,0.0,0.0,0.0,4.166432250872509
94896,0.1,0.0,0.0,0.0,4.166432250872509
94896,0.2,0.0,0.0,0.0,4.166432250872509
94896,0.3,0.0,0.0,0.0,4.181746024244954
94896,0.4,0.0,0.0,0.0,4.181746024244954
94896,0.5,0.0,0.0,0.0,4.264507657061193
94896,0.6,0.0,0.0,0.0,5.58047791625461
89283,0.0,0.19369752095583892,0.2,0.2,2.7555623693537816
89283,0.1,0.19369752095583892,0.2,0.2,2.9026284300465326
89283,0.2,0.1200743006121955,0.1,0.1,3.236014870792051
89283,0.3,0.1200743006121955,0.1,0.1,3.236014870792051
89283,0.4,0.07362322034364344,0.1,0.1,3.3286138882312963
89283,0.5,0.06003715030609775,0.1,0.1,3.7583346437701137
89283,0.6,0.0,0.0,0.0,4.337122501586324
13587,0.0,0.0,0.0,0.0,2.473792518084251
13587,0.1,0.0,0.0,0.0,2.473792518084251
13587,0.2,0.0,0.0,0.0,2.8154079682978237
13587,0.3,0.0,0.0,0.0,3.9027253571439515
13587,0.4,0.0,0.0,0.0,6.0120876136059875
13587,0.5,0.0,0.0,0.0,7.576425982267293
13587,0.6,0.0,0.0,0.0,7.704528490339743
107915,0.0,0.1771200932817816,0.2,0.2,3.2066699586029004
107915,0.1,0.1771200932817816,0.2,0.2,3.534359310803076
107915,0.2,0.22606985319664472,0.3,0.3,3.915865750794977
107915,0.3,0.1909503716174178,0.3,0.3,4.200589220198251
107915,0.4,0.06003715030609775,0.1,0.1,5.926125769503274
107915,0.5,0.06343775459021642,0.1,0.1,7.057126553479746
107915,0.6,0.0,0.0,0.0,7.650325724505004
166679,0.0,0.36529303966308646,0.4,0.2,4.739484784839514
166679,0.1,0.36529303966308646,0.4,0.2,4.739484784839515
166679,0.2,0.17714752793103522,0.2,0.1,5.089521648393399
166679,0.3,0.12092199990360374,0.2,0.1,5.089521648393398
166679,0.4,0.12092199990360374,0.2,0.1,5.089521648393398
166679,0.5,0.12092199990360374,0.2,0.1,5.552403327424456
166679,0.6,0.09359072962204816,0.2,0.1,6.025983981405147
162261,0.0,0.0,0.0,0.0,3.737074293361456
162261,0.1,0.0,0.0,0.0,3.737074293361456
162261,0.2,0.0,0.0,0.0,3.737074293361456
162261,0.3,0.0,0.0,0.0,3.737074293361456
162261,0.4,0.0,0.0,0.0,3.737074293361456
162261,0.5,0.0,0.0,0.0,3.737074293361456
162261,0.6,0.0,0.0,0.0,4.509808956801011
159880,0.0,0.0,0.0,0.0,4.5677293542507105
159880,0.1,0.0,0.0,0.0,4.690447669406606
159880,0.2,0.0,0.0,0.0,4.690447669406606
159880,0.3,0.0,0.0,0.0,5.116343194642737
159880,0.4,0.0,0.0,0.0,5.580192933549524
159880,0.5,0.0,0.0,0.0,6.055587248427665
159880,0.6,0.0,0.0,0.0,6.402696961670029
175949,0.0,0.5579908291211706,0.4,0.4,2.7963754533015424
175949,0.1,0.5579908291211706,0.4,0.4,2.7963754533015424
175949,0.2,0.5607379784595917,0.4,0.4,2.7963754533015424
175949,0.3,0.5607379784595917,0.4,0.4,3.022641016274564
175949,0.4,0.5118552344886049,0.4,0.4,3.0226410162745636
175949,0.5,0.3317274364713827,0.3,0.3,3.27985132918445
175949,0.6,0.06343775459021642,0.1,0.1,4.689268891386617
23132,0.0,0.3103875643828447,0.2,0.2,5.481837172017431
23132,0.1,0.3103875643828447,0.2,0.2,6.356045813157315
23132,0.2,0.28546989565597386,0.2,0.2,6.8871406081611894
23132,0.3,0.2722767251671062,0.2,0.2,7.747152804041805
23132,0.4,0.2476032647383259,0.2,0.2,8.058607238031382
23132,0.5,0.19031326377064925,0.1,0.1,8.314071795752849
23132,0.6,0.19031326377064925,0.1,0.1,8.314071795752847
79876,0.0,0.19031326377064925,0.1,0.1,2.846977515073215
79876,0.1,0.19031326377064925,0.1,0.1,3.008613650180795
79876,0.2,0.19031326377064925,0.1,0.1,3.008613650180795
79876,0.3,0.19031326377064925,0.1,0.1,3.30217783585717
79876,0.4,0.19031326377064925,0.1,0.1,3.5063521490710685
79876,0.5,0.07362322034364344,0.1,0.1,3.8310402320636223
79876,0.6,0.0,0.0,0.0,4.418158102464089
113138,0.0,0.0,0.0,0.0,2.864187091724444
113138,0.1,0.0,0.0,0.0,2.894814224001717
113138,0.2,0.0,0.0,0.0,2.99915074849043
113138,0.3,0.0,0.0,0.0,2.9991507484904303
113138,0.4,0.0,0.0,0.0,3.0812120101279925
113138,0.5,0.0,0.0,0.0,3.504667588328849
113138,0.6,0.0,0.0,0.0,4.423065957815325
164404,0.0,0.19031326377064925,0.1,0.1,5.229140257065367
164404,0.1,0.19031326377064925,0.1,0.1,5.372395690531526
164404,0.2,0.19031326377064925,0.1,0.1,5.372395690531525
164404,0.3,0.19031326377064925,0.1,0.1,5.435562155744387
164404,0.4,0.19031326377064925,0.1,0.1,5.5759692161648315
164404,0.5,0.19031326377064925,0.1,0.1,7.076718791443153
164404,0.6,0.19031326377064925,0.1,0.1,7.804961007475664
123270,0.0,0.10907458963273323,0.16666666666666666,0.1,2.1992526815759783
123270,0.1,0.10907458963273323,0.16666666666666666,0.1,2.1992526815759783
123270,0.2,0.19928881659657147,0.3333333333333333,0.2,2.4124353922904502
123270,0.3,0.19928881659657147,0.3333333333333333,0.2,2.4124353922904502
123270,0.4,0.2577670251008841,0.3333333333333333,0.2,2.988626113547867
123270,0.5,0.2577670251008841,0.3333333333333333,0.2,3.79015444814491
123270,0.6,0.07989569279756414,0.16666666666666666,0.1,5.256556971644858
189116,0.0,0.0,0.0,0.0,3.8865622214103537
189116,0.1,0.0,0.0,0.0,3.8865622214103532
189116,0.2,0.05729000096767664,0.1,0.1,4.04923210865945
189116,0.3,0.05729000096767664,0.1,0.1,4.04923210865945
189116,0.4,0.05729000096767664,0.1,0.1,4.193116883735772
189116,0.5,0.06003715030609775,0.1,0.1,4.1931168837357715
189116,0.6,0.06779095235709003,0.1,0.1,4.343628862585931
93754,0.0,0.6778209214352755,0.5,0.5,1.952168009350435
93754,0.1,0.6778209214352755,0.5,0.5,1.952168009350435
93754,0.2,0.6778209214352755,0.5,0.5,2.368571659362053
93754,0.3,0.6636484123959087,0.5,0.5,2.4623573647084
93754,0.4,0.5826642895499509,0.4,0.4,3.341233270779867
93754,0.5,0.34006767752419625,0.3,0.3,3.7518230990622166
93754,0.6,0.05729000096767664,0.1,0.1,4.40375895444908
158848,0.0,0.09515663188532462,0.1,0.1,3.2710082304272774
158848,0.1,0.1200743006121955,0.1,0.1,3.2710082304272765
158848,0.2,0.19031326377064925,0.1,0.1,3.2710082304272774
158848,0.3,0.19031326377064925,0.1,0.1,3.40325779584046
158848,0.4,0.19031326377064925,0.1,0.1,3.6926856180081984
158848,0.5,0.1200743006121955,0.1,0.1,4.098945398618794
158848,0.6,0.07362322034364344,0.1,0.1,4.851732707841175
192386,0.0,0.0,0.0,0.0,3.4296992749290043
192386,0.1,0.0,0.0,0.0,3.4296992749290043
192386,0.2,0.0,0.0,0.0,3.7666094686942415
192386,0.3,0.0,0.0,0.0,3.9559306978014446
192386,0.4,0.0,0.0,0.0,4.257864377956579
192386,0.5,0.0,0.0,0.0,4.920225693396638
192386,0.6,0.0,0.0,0.0,5.89736921280065
11792,0.0,0.3103875643828447,0.2,0.2,2.1023379484291063
11792,0.1,0.3103875643828447,0.2,0.2,2.102337948429107
11792,0.2,0.28546989565597386,0.2,0.2,2.3374556010281147
11792,0.3,0.20203776200865248,0.2,0.2,2.5098568722654435
11792,0.4,0.18786525296928555,0.2,0.2,2.8047781367047024
11792,0.5,0.07362322034364344,0.1,0.1,3.243319302782505
11792,0.6,0.0,0.0,0.0,4.217628092466272
27983,0.0,0.3458999455107497,0.3,0.3,2.443274700067689
27983,0.1,0.34006767752419625,0.3,0.3,2.6810773064811024
27983,0.2,0.318141366433837,0.3,0.3,2.681077306481103
27983,0.3,0.19031326377064925,0.1,0.1,2.9329309702514768
27983,0.4,0.1200743006121955,0.1,0.1,3.1371201363558283
27983,0.5,0.09515663188532462,0.1,0.1,3.268159113326245
27983,0.6,0.0,0.0,0.0,4.1437478596525805
52088,0.0,0.0,0.0,0.0,2.9366880082189875
52088,0.1,0.0,0.0,0.0,2.9366880082189875
52088,0.2,0.0,0.0,0.0,2.9366880082189875
52088,0.3,0.0,0.0,0.0,3.369074945798135
52088,0.4,0.0,0.0,0.0,4.15153836577165
52088,0.5,0.0,0.0,0.0,6.201742116043125
52088,0.6,0.0,0.0,0.0,7.128751730127374
123246,0.0,0.15527947317247934,0.25,0.2,1.5977830419212222
123246,0.1,0.15527947317247934,0.25,0.2,1.5977830419212222
123246,0.2,0.16021130921247498,0.25,0.2,1.5977830419212222
123246,0.3,0.16966015661369419,0.25,0.2,1.5977830419212222
123246,0.4,0.17626766470116947,0.25,0.2,1.6966926629070964
123246,0.5,0.14867196508500405,0.25,0.2,2.2631538268076428
123246,0.6,0.0,0.0,0.0,4.711612863103971
174665,0.0,0.28546989565597386,0.2,0.2,2.1562135939534293
174665,0.1,0.28546989565597386,0.2,0.2,2.1562135939534293
174665,0.2,0.2722767251671062,0.2,0.2,2.1562135939534293
174665,0.3,0.19369752095583892,0.2,0.2,2.1562135939534293
174665,0.4,0.15558668174010043,0.2,0.2,2.6896235487608897
174665,0.5,0.0,0.0,0.0,4.466379969040956
174665,0.6,0.0,0.0,0.0,5.636986177668884
179932,0.0,0.0,0.0,0.0,3.0589222172744996
179932,0.1,0.0,0.0,0.0,3.0589222172744996
179932,0.2,0.0,0.0,0.0,3.0589222172744996
179932,0.3,0.0,0.0,0.0,3.382663783366799
179932,0.4,0.0,0.0,0.0,6.367432947434111
179932,0.5,0.0,0.0,0.0,9.164058016626997
179932,0.6,0.0,0.0,0.0,10.60594699386811
126453,0.0,0.0,0.0,0.0,2.0031367063920213
126453,0.1,0.0,0.0,0.0,2.121877711068538
126453,0.2,0.0,0.0,0.0,2.121877711068538
126453,0.3,0.0,0.0,0.0,2.2437502490545707
126453,0.4,0.0,0.0,0.0,2.521839125586893
126453,0.5,0.0,0.0,0.0,3.7023122221928078
126453,0.6,0.0,0.0,0.0,5.674194163757764
50289,0.0,0.19031326377064925,0.1,0.1,3.9119055783024272
50289,0.1,0.19031326377064925,0.1,0.1,3.911905578302428
50289,0.2,0.09515663188532462,0.1,0.1,3.911905578302428
50289,0.3,0.14200061170255474,0.2,0.2,4.630685732040336
50289,0.4,0.14540121598667338,0.2,0.2,5.030761062041569
50289,0.5,0.1200743006121955,0.1,0.1,6.07482056190001
50289,0.6,0.19031326377064925,0.1,0.1,6.9542173332591
196308,0.0,0.34845906590102727,0.2857142857142857,0.2,3.8842909314714675
196308,0.1,0.3221742891674439,0.2857142857142857,0.2,3.8842909314714675
196308,0.2,0.3150551263919474,0.2857142857142857,0.2,4.044451644731186
196308,0.3,0.30974139191202427,0.2857142857142857,0.2,4.044451644731187
196308,0.4,0.23230604393401819,0.14285714285714285,0.1,4.484892397593532
196308,0.5,0.14656879505245024,0.14285714285714285,0.1,5.134750996466044
196308,0.6,0.0,0.0,0.0,6.32905264224312
196911,0.0,0.3806265275412985,0.2,0.2,1.7393161156136174
196911,0.1,0.4379165285089751,0.3,0.3,1.9332964902295966
196911,0.2,0.3103875643828447,0.2,0.2,1.96063644895406
196911,0.3,0.3103875643828447,0.2,0.2,2.4461197597214737
196911,0.4,0.28546989565597386,0.2,0.2,2.884285111241746
196911,0.5,0.19031326377064925,0.1,0.1,3.570350299141702
196911,0.6,0.19031326377064925,0.1,0.1,4.400613892635857
175958,0.0,0.37382531897306115,0.3,0.3,3.3106086314467182
175958,0.1,0.3455070459620716,0.3,0.3,3.3106086314467182
175958,0.2,0.32956672613478283,0.3,0.3,3.3106086314467182
175958,0.3,0.2722767251671062,0.2,0.2,3.560951324835849
175958,0.4,0.26393648411429266,0.2,0.2,3.7638161352528217
175958,0.5,0.25035041407674696,0.2,0.2,4.228619994348241
175958,0.6,0.06343775459021642,0.1,0.1,5.553583024180538
36451,0.0,0.3516450798625575,0.25,0.2,2.4613262039376287
36451,0.1,0.3516450798625575,0.25,0.2,2.6425629800726615
36451,0.2,0.32341529035126887,0.25,0.2,2.6425629800726615
36451,0.3,0.30846844961870695,0.25,0.2,2.6425629800726615
36451,0.4,0.2924120941300124,0.25,0.2,2.8181131480768604
36451,0.5,0.21561019356751257,0.125,0.1,3.3041945077511143
36451,0.6,0.21561019356751257,0.125,0.1,4.015051702363982
194391,0.0,0.15859438647554103,0.2,0.2,2.9943753812391973
194391,0.1,0.15859438647554103,0.2,0.2,2.9943753812391973
194391,0.2,0.13366037064974118,0.2,0.2,2.9943753812391973
194391,0.3,0.13091322131132005,0.2,0.2,2.9943753812391973
194391,0.4,0.06343775459021642,0.1,0.1,3.281271010845881
194391,0.5,0.0,0.0,0.0,4.703928813376129
194391,0.6,0.0,0.0,0.0,7.569764258962631
60093,0.0,0.4379165285089751,0.3,0.3,2.3462061611517564
60093,0.1,0.44066367784739624,0.3,0.3,2.3462061611517564
60093,0.2,0.44066367784739624,0.3,0.3,2.5782883557191534
60093,0.3,0.44066367784739624,0.3,0.3,2.757098662524436
60093,0.4,0.4379165285089751,0.3,0.3,2.757098662524436
60093,0.5,0.3103875643828447,0.2,0.2,3.5001524348410036
60093,0.6,0.0,0.0,0.0,5.27721504262718
197225,0.0,0.20287154344181754,0.3333333333333333,0.2,2.0587644763032165
197225,0.1,0.1597913855951283,0.16666666666666666,0.1,2.36630872896688
197225,0.2,0.1597913855951283,0.16666666666666666,0.1,2.49355053054434
197225,0.3,0.1597913855951283,0.16666666666666666,0.1,2.49355053054434
197225,0.4,0.1597913855951283,0.16666666666666666,0.1,3.5556185207906914
197225,0.5,0.09797563950575583,0.16666666666666666,0.1,3.859136195208632
197225,0.6,0.0,0.0,0.0,4.920891629360506
75327,0.0,0.13091322131132005,0.2,0.2,1.6531911549775729
75327,0.1,0.07362322034364344,0.1,0.1,1.7419561708634579
75327,0.2,0.081963461396457,0.1,0.1,1.7419561708634579
75327,0.3,0.081963461396457,0.1,0.1,1.7419561708634579
75327,0.4,0.081963461396457,0.1,0.1,1.7419561708634579
75327,0.5,0.09515663188532462,0.1,0.1,2.2888284418681244
75327,0.6,0.0,0.0,0.0,4.528306555647682
106851,0.0,0.5890449985591767,0.5555555555555556,0.5,3.4148289914757965
106851,0.1,0.5890449985591767,0.5555555555555556,0.5,3.4901130677736676
106851,0.2,0.5801979076601996,0.5555555555555556,0.5,3.4901130677736667
106851,0.3,0.5755801590722541,0.5555555555555556,0.5,3.4901130677736676
106851,0.4,0.4570558412289352,0.4444444444444444,0.4,3.8329466979824725
106851,0.5,0.2737896239487001,0.2222222222222222,0.2,5.024494497190585
106851,0.6,0.3292503152628619,0.2222222222222222,0.2,6.10879553062284
166917,0.0,0.46461208786803637,0.2857142857142857,0.2,2.0558428659308077
166917,0.1,0.46461208786803637,0.2857142857142857,0.2,2.191340695558894
166917,0.2,0.3788748389864684,0.2857142857142857,0.2,2.1913406955588934
166917,0.3,0.34845906590102727,0.2857142857142857,0.2,2.3075904735750634
166917,0.4,0.3323548113551676,0.2857142857142857,0.2,2.5235316510510275
166917,0.5,0.22400414303045632,0.2857142857142857,0.2,3.121435474027943
166917,0.6,0.0,0.0,0.0,4.073925455025294
189878,0.0,0.0,0.0,0.0,2.2962160891700014
189878,0.1,0.0,0.0,0.0,2.2962160891700014
189878,0.2,0.0,0.0,0.0,2.447259037080259
189878,0.3,0.0,0.0,0.0,2.4472590370802596
189878,0.4,0.0,0.0,0.0,2.8340127128320765
189878,0.5,0.0,0.0,0.0,5.247505234746972
189878,0.6,0.0,0.0,0.0,7.097051317708738
154466,0.0,0.0,0.0,0.0,4.205122895025776
154466,0.1,0.0,0.0,0.0,4.205122895025776
154466,0.2,0.0,0.0,0.0,4.205122895025776
154466,0.3,0.0,0.0,0.0,4.531487739953173
154466,0.4,0.0,0.0,0.0,5.061957696083469
154466,0.5,0.0,0.0,0.0,5.948180757357861
154466,0.6,0.0,0.0,0.0,6.147246106676895
133774,0.0,0.13886902806345577,0.2222222222222222,0.2,3.0189193362674773
133774,0.1,0.12445731072568322,0.2222222222222222,0.2,3.018919336267477
133774,0.2,0.060771606354535226,0.1111111111111111,0.1,3.237755570878433
133774,0.3,0.0,0.0,0.0,3.373423626261098
133774,0.4,0.0,0.0,0.0,3.373423626261097
133774,0.5,0.0,0.0,0.0,3.5800461443049607
133774,0.6,0.0,0.0,0.0,4.402826361632103
179807,0.0,0.6319295351008004,0.5,0.5,1.9260075748491663
179807,0.1,0.6241757330498082,0.5,0.5,1.9260075748491663
179807,0.2,0.5607379784595917,0.4,0.4,2.0246101693957437
179807,0.3,0.5007008281534939,0.3,0.3,2.2256883683612827
179807,0.4,0.34006767752419625,0.3,0.3,2.861782098458078
179807,0.5,0.19031326377064925,0.1,0.1,3.7747300406031052
179807,0.6,0.081963461396457,0.1,0.1,4.340692239184375
64277,0.0,0.0,0.0,0.0,2.959455080422372
64277,0.1,0.0,0.0,0.0,3.252494317452398
64277,0.2,0.0,0.0,0.0,3.252494317452398
64277,0.3,0.0,0.0,0.0,3.252494317452398
64277,0.4,0.0,0.0,0.0,3.3695126783714473
64277,0.5,0.06003715030609775,0.1,0.1,3.8829572283031624
64277,0.6,0.07362322034364344,0.1,0.1,4.607003659529187
184617,0.0,0.3434775810703913,0.3333333333333333,0.2,3.5136287660169705
184617,0.1,0.3434775810703913,0.3333333333333333,0.2,3.584716235526474
184617,0.2,0.3434775810703913,0.3333333333333333,0.2,3.6097694239557816
184617,0.3,0.3376844721420708,0.3333333333333333,0.2,3.643321643916701
184617,0.4,0.33315904690411724,0.3333333333333333,0.2,3.7601693172764485
184617,0.5,0.3295032204950941,0.3333333333333333,0.2,4.097197082929095
184617,0.6,0.2532633541065531,0.16666666666666666,0.1,4.885502742086412
138673,0.0,0.19031326377064925,0.1,0.1,2.5339686269202715
138673,0.1,0.19031326377064925,0.1,0.1,2.5785520020186175
138673,0.2,0.19031326377064925,0.1,0.1,2.72199102745099
138673,0.3,0.19031326377064925,0.1,0.1,2.72199102745099
138673,0.4,0.1200743006121955,0.1,0.1,2.72199102745099
138673,0.5,0.09515663188532462,0.1,0.1,2.9930604165582784
138673,0.6,0.0,0.0,0.0,4.1107342786298835
112542,0.0,0.0,0.0,0.0,1.9359405563291538
112542,0.1,0.0,0.0,0.0,1.9359405563291538
112542,0.2,0.0,0.0,0.0,1.9359405563291538
112542,0.3,0.0,0.0,0.0,1.9359405563291538
112542,0.4,0.0,0.0,0.0,1.9359405563291538
112542,0.5,0.0,0.0,0.0,2.6682846437952046
112542,0.6,0.0,0.0,0.0,6.049172641268429
54539,0.0,0.568491780510584,0.4,0.4,2.677418357488713
54539,0.1,0.5641385827437104,0.4,0.4,2.804571579803258
54539,0.2,0.5007008281534939,0.3,0.3,3.022072594896381
54539,0.3,0.44406428213151494,0.3,0.3,3.2045354239623434
54539,0.4,0.3806265275412985,0.2,0.2,3.6259244873982817
54539,0.5,0.3806265275412985,0.2,0.2,4.8416748852046
54539,0.6,0.3103875643828447,0.2,0.2,5.347377927310896
109964,0.0,0.3806265275412985,0.2,0.2,1.8939318975338129
109964,0.1,0.3806265275412985,0.2,0.2,2.0125202170934315
109964,0.2,0.3806265275412985,0.2,0.2,2.0125202170934315
109964,0.3,0.3806265275412985,0.2,0.2,2.0125202170934315
109964,0.4,0.3806265275412985,0.2,0.2,2.519253857769233
109964,0.5,0.3806265275412985,0.2,0.2,4.196201565644449
109964,0.6,0.0,0.0,0.0,5.1765861578349055
98535,0.0,0.07743534797800607,0.14285714285714285,0.1,2.3100503417557032
98535,0.1,0.07743534797800607,0.14285714285714285,0.1,2.360106921627883
98535,0.2,0.07743534797800607,0.14285714285714285,0.1,2.6294149151855586
98535,0.3,0.08274908245792924,0.14285714285714285,0.1,2.6783708222601805
98535,0.4,0.07743534797800607,0.14285714285714285,0.1,3.356375404601329
98535,0.5,0.0,0.0,0.0,4.408722179731241
98535,0.6,0.0,0.0,0.0,5.834507319733255
59117,0.0,0.3806265275412985,0.2,0.2,3.3667633560455696
59117,0.1,0.3806265275412985,0.2,0.2,3.519835901482555
59117,0.2,0.3806265275412985,0.2,0.2,3.6317177065529385
59117,0.3,0.3806265275412985,0.2,0.2,3.6513852508572286
59117,0.4,0.3806265275412985,0.2,0.2,3.9133011097337684
59117,0.5,0.2722767251671062,0.2,0.2,3.9922881965607253
59117,0.6,0.0,0.0,0.0,4.7056916715180135
89786,0.0,0.39235102577930164,0.3,0.3,2.825000119050479
89786,0.1,0.39235102577930164,0.3,0.3,2.825000119050479
89786,0.2,0.39235102577930164,0.3,0.3,3.1305843815629846
89786,0.3,0.2971943938939771,0.3,0.3,3.1305843815629846
89786,0.4,0.2830218848546101,0.3,0.3,3.3836883927495904
89786,0.5,0.27252093346519674,0.3,0.3,3.6418946144696465
89786,0.6,0.081963461396457,0.1,0.1,4.371300041778229
97923,0.0,0.819235094136009,0.7,0.7,2.2957173097934676
97923,0.1,0.8114812920850166,0.7,0.7,2.406097909274523
97923,0.2,0.8087341427465955,0.7,0.7,2.406097909274523
97923,0.3,0.7514441417789189,0.6,0.6,2.818107843196683
97923,0.4,0.5641385827437104,0.4,0.4,4.300098948736444
97923,0.5,0.44066367784739624,0.3,0.3,4.831284319634796
97923,0.6,0.0,0.0,0.0,5.928107468685495
15278,0.0,0.28546989565597386,0.2,0.2,3.2001834075816107
15278,0.1,0.3103875643828447,0.2,0.2,3.2001834075816107
15278,0.2,0.3103875643828447,0.2,0.2,3.200183407581611
15278,0.3,0.3103875643828447,0.2,0.2,3.7289562375988465
15278,0.4,0.3806265275412985,0.2,0.2,3.94032861294101
15278,0.5,0.3806265275412985,0.2,0.2,4.174487389490453
15278,0.6,0.2722767251671062,0.2,0.2,5.259137604209379
76079,0.0,0.0,0.0,0.0,2.3894399419796324
76079,0.1,0.0,0.0,0.0,2.3894399419796324
76079,0.2,0.0,0.0,0.0,2.6983615068379483
76079,0.3,0.0,0.0,0.0,2.9597917206193474
76079,0.4,0.0,0.0,0.0,3.1908784815352496
76079,0.5,0.0,0.0,0.0,4.286536267756517
76079,0.6,0.0,0.0,0.0,5.31219245910078
189999,0.0,0.3489076502461903,0.3,0.3,2.000102131522213
189999,0.1,0.3489076502461903,0.3,0.3,2.000102131522213
189999,0.2,0.3489076502461903,0.3,0.3,2.000102131522213
189999,0.3,0.37382531897306115,0.3,0.3,2.1439246429427326
189999,0.4,0.3676775653505214,0.3,0.3,2.1439246429427326
189999,0.5,0.28546989565597386,0.2,0.2,5.119494533126979
189999,0.6,0.06003715030609775,0.1,0.1,7.516157243939347
116513,0.0,0.0,0.0,0.0,4.221915184574136
116513,0.1,0.0,0.0,0.0,4.221915184574136
116513,0.2,0.0,0.0,0.0,4.307500300834941
116513,0.3,0.0,0.0,0.0,4.30750030083494
116513,0.4,0.0,0.0,0.0,4.416821892793463
116513,0.5,0.0,0.0,0.0,4.416821892793463
116513,0.6,0.0,0.0,0.0,4.876572477165682
60274,0.0,0.06779095235709003,0.1,0.1,3.966505215846765
60274,0.1,0.06343775459021642,0.1,0.1,4.191662560521604
60274,0.2,0.05729000096767664,0.1,0.1,4.191662560521605
60274,0.3,0.0,0.0,0.0,4.980754724394602
60274,0.4,0.0,0.0,0.0,5.719182438744348
60274,0.5,0.0,0.0,0.0,6.239611385284392
60274,0.6,0.0,0.0,0.0,6.380818808640347
197009,0.0,0.2476032647383259,0.2,0.2,2.885655412836914
197009,0.1,0.19031326377064925,0.1,0.1,2.9992644803392237
197009,0.2,0.19031326377064925,0.1,0.1,3.271033877267027
197009,0.3,0.19031326377064925,0.1,0.1,3.9527646442432895
197009,0.4,0.19031326377064925,0.1,0.1,4.288801493085331
197009,0.5,0.17736430157987212,0.2,0.2,4.453505340396472
197009,0.6,0.06003715030609775,0.1,0.1,5.549725073517311
197612,0.0,0.2722767251671062,0.2,0.2,2.2188219625542294
197612,0.1,0.25810421612773926,0.2,0.2,2.2188219625542294
197612,0.2,0.25375101836086567,0.2,0.2,2.2188219625542294
197612,0.3,0.25375101836086567,0.2,0.2,2.467847905213587
197612,0.4,0.17736430157987212,0.2,0.2,2.467847905213587
197612,0.5,0.1200743006121955,0.1,0.1,3.28432690413553
197612,0.6,0.081963461396457,0.1,0.1,3.8102204827315456
18578,0.0,0.3103875643828447,0.2,0.2,2.241363846882043
18578,0.1,0.3103875643828447,0.2,0.2,2.241363846882043
18578,0.2,0.3103875643828447,0.2,0.2,2.241363846882043
18578,0.3,0.3103875643828447,0.2,0.2,2.241363846882043
18578,0.4,0.19031326377064925,0.1,0.1,8.880322602015774
18578,0.5,0.0,0.0,0.0,9.943827307157658
18578,0.6,0.0,0.0,0.0,10.765016136612259
17187,0.0,0.0,0.0,0.0,1.8687751932634122
17187,0.1,0.0,0.0,0.0,1.9704495788558198
17187,0.2,0.0,0.0,0.0,1.9704495788558198
17187,0.3,0.0,0.0,0.0,2.0500611906760224
17187,0.4,0.0,0.0,0.0,2.2190129443424427
17187,0.5,0.0,0.0,0.0,2.912470962327228
17187,0.6,0.0,0.0,0.0,3.745437009865065
49893,0.0,0.0,0.0,0.0,3.3987974508527588
49893,0.1,0.0,0.0,0.0,3.5153270128083927
49893,0.2,0.0,0.0,0.0,3.5153270128083927
49893,0.3,0.0,0.0,0.0,3.7321742447982933
49893,0.4,0.0,0.0,0.0,4.09753905829238
49893,0.5,0.0,0.0,0.0,5.2431876947042335
49893,0.6,0.0,0.0,0.0,7.930827748895545
83307,0.0,0.0,0.0,0.0,5.084629498894108
83307,0.1,0.0,0.0,0.0,5.497687132290757
83307,0.2,0.0,0.0,0.0,5.497687132290757
83307,0.3,0.0,0.0,0.0,5.76655236092721
83307,0.4,0.0,0.0,0.0,5.766552360927209
83307,0.5,0.0,0.0,0.0,6.159307723118362
83307,0.6,0.0,0.0,0.0,7.3204829752900435
97712,0.0,0.0,0.0,0.0,4.501839352972808
97712,0.1,0.0,0.0,0.0,4.741450986932553
97712,0.2,0.0,0.0,0.0,4.741450986932553
97712,0.3,0.0,0.0,0.0,5.2875135381552685
97712,0.4,0.0,0.0,0.0,5.6616927056040804
97712,0.5,0.0,0.0,0.0,5.864623183927632
97712,0.6,0.0,0.0,0.0,7.110531001748548
29984,0.0,0.2532633541065531,0.16666666666666666,0.1,3.3239776038389133
29984,0.1,0.2532633541065531,0.16666666666666666,0.1,3.3239776038389133
29984,0.2,0.2532633541065531,0.16666666666666666,0.1,3.514837539892914
29984,0.3,0.2532633541065531,0.16666666666666666,0.1,3.6740433477585777
29984,0.4,0.1597913855951283,0.16666666666666666,0.1,3.6740433477585777
29984,0.5,0.09021422696383824,0.16666666666666666,0.1,3.6740433477585777
29984,0.6,0.0,0.0,0.0,5.235721137129514
46227,0.0,0.19031326377064925,0.1,0.1,3.3087226193561676
46227,0.1,0.19031326377064925,0.1,0.1,3.5340870535173132
46227,0.2,0.19031326377064925,0.1,0.1,3.5340870535173123
46227,0.3,0.19031326377064925,0.1,0.1,3.5340870535173123
46227,0.4,0.19031326377064925,0.1,0.1,3.8744837148493616
46227,0.5,0.06779095235709003,0.1,0.1,3.8744837148493616
46227,0.6,0.19031326377064925,0.1,0.1,5.00079857963294
126074,0.0,0.0,0.0,0.0,6.352042742529679
126074,0.1,0.0,0.0,0.0,6.352042742529679
126074,0.2,0.0,0.0,0.0,6.352042742529679
126074,0.3,0.0,0.0,0.0,6.503918434694806
126074,0.4,0.0,0.0,0.0,7.831182204695471
126074,0.5,0.0,0.0,0.0,8.443713983657961
126074,0.6,0.0,0.0,0.0,9.499202809489736
279,0.0,0.09797563950575583,0.16666666666666666,0.1,2.0619914923959617
279,0.1,0.09797563950575583,0.16666666666666666,0.1,2.0619914923959612
279,0.2,0.09797563950575583,0.16666666666666666,0.1,2.191175549251255
279,0.3,0.09797563950575583,0.16666666666666666,0.1,2.297089374194842
279,0.4,0.09021422696383824,0.16666666666666666,0.1,2.9884923599480775
279,0.5,0.0,0.0,0.0,4.995365522118329
279,0.6,0.0,0.0,0.0,6.25520421473828
22832,0.0,0.4757831594266231,0.3,0.3,1.9818186128478512
22832,0.1,0.4757831594266231,0.3,0.3,2.148639587616206
22832,0.2,0.4757831594266231,0.3,0.3,2.1735931826953596
22832,0.3,0.4757831594266231,0.3,0.3,2.313404044027602
22832,0.4,0.45424974788494193,0.3,0.3,2.560351092480775
22832,0.5,0.44066367784739624,0.3,0.3,3.60127822167883
22832,0.6,0.2152309324975201,0.2,0.2,4.182820644387113
48694,0.0,0.5007008281534939,0.3,0.3,4.852569360546981
48694,0.1,0.5007008281534939,0.3,0.3,4.852569360546981
48694,0.2,0.5007008281534939,0.3,0.3,4.852569360546981
48694,0.3,0.46258998893775544,0.3,0.3,4.852569360546981
48694,0.4,0.38401078472648814,0.3,0.3,5.030626735064339
48694,0.5,0.3103875643828447,0.2,0.2,5.367004713453435
48694,0.6,0.28546989565597386,0.2,0.2,6.211134313767391
127634,0.0,0.3590931159996173,0.3,0.3,1.5627793510274348
127634,0.1,0.38401078472648814,0.3,0.3,1.5627793510274348
127634,0.2,0.37382531897306115,0.3,0.3,1.562779351027435
127634,0.3,0.37042471468894245,0.3,0.3,1.6650215512084934
127634,0.4,0.3103875643828447,0.2,0.2,4.824398658006912
127634,0.5,0.0,0.0,0.0,7.251996190429
127634,0.6,0.0,0.0,0.0,7.814695925149569
28029,0.0,0.0,0.0,0.0,6.158054929191299
28029,0.1,0.0,0.0,0.0,6.852036354940853
28029,0.2,0.0,0.0,0.0,7.514951197336383
28029,0.3,0.0,0.0,0.0,7.514951197336383
28029,0.4,0.0,0.0,0.0,7.514951197336383
28029,0.5,0.0,0.0,0.0,7.514951197336383
28029,0.6,0.0,0.0,0.0,7.90282056771417
16759,0.0,0.6892195360684771,0.6,0.6,1.698691235947009
16759,0.1,0.6919666854068982,0.6,0.6,1.698691235947009
16759,0.2,0.7021521511603253,0.6,0.6,1.698691235947009
16759,0.3,0.6421150008542275,0.5,0.5,2.338228745499307
16759,0.4,0.6592952146290351,0.5,0.5,2.57863603959618
16759,0.5,0.3758242669501917,0.5,0.5,2.8339948390800713
16759,0.6,0.0,0.0,0.0,4.594597390007535
150378,0.0,0.3103875643828447,0.2,0.2,2.0888742142150507
150378,0.1,0.3103875643828447,0.2,0.2,2.0888742142150507
150378,0.2,0.3103875643828447,0.2,0.2,2.0888742142150507
150378,0.3,0.3806265275412985,0.2,0.2,2.219195818510641
150378,0.4,0.3806265275412985,0.2,0.2,2.219195818510641
150378,0.5,0.3806265275412985,0.2,0.2,3.043860873973588
150378,0.6,0.14141417270073348,0.2,0.2,4.797927617789915
95897,0.0,0.3806265275412985,0.2,0.2,2.342164548581914
95897,0.1,0.3806265275412985,0.2,0.2,2.342164548581914
95897,0.2,0.3806265275412985,0.2,0.2,2.3421645485819136
95897,0.3,0.3806265275412985,0.2,0.2,2.616332735595513
95897,0.4,0.3806265275412985,0.2,0.2,2.8690483232125765
95897,0.5,0.2722767251671062,0.2,0.2,3.224040038279419
95897,0.6,0.0,0.0,0.0,4.853443721074679
23716,0.0,0.1200743006121955,0.1,0.1,1.9644486355659232
23716,0.1,0.19031326377064925,0.1,0.1,1.9644486355659232
23716,0.2,0.19031326377064925,0.1,0.1,1.9644486355659232
23716,0.3,0.19031326377064925,0.1,0.1,1.9644486355659232
23716,0.4,0.19031326377064925,0.1,0.1,1.9644486355659232
23716,0.5,0.19031326377064925,0.1,0.1,2.4622264005587122
23716,0.6,0.07362322034364344,0.1,0.1,3.653950196184387
142689,0.0,0.19031326377064925,0.1,0.1,2.7176815181361285
142689,0.1,0.19031326377064925,0.1,0.1,2.7176815181361285
142689,0.2,0.19031326377064925,0.1,0.1,2.7176815181361285
142689,0.3,0.19031326377064925,0.1,0.1,2.883418725720094
142689,0.4,0.19031326377064925,0.1,0.1,3.024723629324923
142689,0.5,0.19031326377064925,0.1,0.1,5.668042306342979
142689,0.6,0.07362322034364344,0.1,0.1,6.188749476839211
112540,0.0,0.3806265275412985,0.2,0.2,6.107661167856048
112540,0.1,0.3806265275412985,0.2,0.2,6.107661167856048
112540,0.2,0.3806265275412985,0.2,0.2,6.107661167856048
112540,0.3,0.3806265275412985,0.2,0.2,6.107661167856048
112540,0.4,0.3806265275412985,0.2,0.2,7.0335534056497675
112540,0.5,0.3806265275412985,0.2,0.2,7.226549828700551
112540,0.6,0.3806265275412985,0.2,0.2,8.038242461625483
120650,0.0,0.0,0.0,0.0,2.7166485791367174
120650,0.1,0.0,0.0,0.0,2.7166485791367174
120650,0.2,0.06003715030609775,0.1,0.1,2.754985310336754
120650,0.3,0.0,0.0,0.0,3.026607999972148
120650,0.4,0.0,0.0,0.0,3.2065087978198
120650,0.5,0.0,0.0,0.0,3.5634436886660596
120650,0.6,0.0,0.0,0.0,5.659483894975763
168530,0.0,0.0,0.0,0.0,3.6109840635811095
168530,0.1,0.0,0.0,0.0,3.901676839464629
168530,0.2,0.0,0.0,0.0,3.901676839464629
168530,0.3,0.0,0.0,0.0,4.073607840957251
168530,0.4,0.0,0.0,0.0,4.0736078409572505
168530,0.5,0.0,0.0,0.0,4.872268658414016
168530,0.6,0.0,0.0,0.0,5.9012004378715215
23246,0.0,0.43386246927915895,0.4,0.4,2.344295110883043
23246,0.1,0.4311153199407378,0.4,0.4,2.5719821752398886
23246,0.2,0.3676775653505214,0.3,0.3,2.7992208194042565
23246,0.3,0.3806265275412985,0.2,0.2,2.8375229425228756
23246,0.4,0.3103875643828447,0.2,0.2,2.837522942522876
23246,0.5,0.28546989565597386,0.2,0.2,3.311571426639497
23246,0.6,0.09515663188532462,0.1,0.1,4.545251795047108
148731,0.0,0.19031326377064925,0.1,0.1,1.770108828684559
148731,0.1,0.25375101836086567,0.2,0.2,1.9149713701180098
148731,0.2,0.2722767251671062,0.2,0.2,2.2316405357263926
148731,0.3,0.26393648411429266,0.2,0.2,3.4696996778939093
148731,0.4,0.2722767251671062,0.2,0.2,5.577785618760363
148731,0.5,0.2722767251671062,0.2,0.2,5.894731915700328
148731,0.6,0.17736430157987212,0.2,0.2,5.894731915700327
119229,0.0,0.0,0.0,0.0,3.6890005409200106
119229,0.1,0.0,0.0,0.0,3.6890005409200106
119229,0.2,0.0,0.0,0.0,3.892418423190113
119229,0.3,0.0,0.0,0.0,3.9666281870207145
119229,0.4,0.0,0.0,0.0,3.9666281870207145
119229,0.5,0.0,0.0,0.0,4.4468470466096015
119229,0.6,0.0,0.0,0.0,4.9720659318841
17639,0.0,0.07743534797800607,0.14285714285714285,0.1,4.919194991931091
17639,0.1,0.07743534797800607,0.14285714285714285,0.1,4.919194991931092
17639,0.2,0.07743534797800607,0.14285714285714285,0.1,5.2639197031234275
17639,0.3,0.07328439752622512,0.14285714285714285,0.1,5.2639197031234275
17639,0.4,0.0,0.0,0.0,5.617257041662115
17639,0.5,0.0,0.0,0.0,6.725530126468239
17639,0.6,0.0,0.0,0.0,7.772173387648747
184642,0.0,0.0,0.0,0.0,2.7572591901840076
184642,0.1,0.0,0.0,0.0,2.757259190184007
184642,0.2,0.0,0.0,0.0,2.9458334877066634
184642,0.3,0.0,0.0,0.0,3.598368490736449
184642,0.4,0.0,0.0,0.0,4.635575316541841
184642,0.5,0.0,0.0,0.0,5.698030811207082
184642,0.6,0.0,0.0,0.0,6.117023524358069
64484,0.0,0.08986824523342568,0.14285714285714285,0.1,2.8485881223976266
64484,0.1,0.08274908245792924,0.14285714285714285,0.1,3.0582799932496
64484,0.2,0.08274908245792924,0.14285714285714285,0.1,3.0582799932496
64484,0.3,0.0,0.0,0.0,3.911835807581556
64484,0.4,0.0,0.0,0.0,4.945156987063438
64484,0.5,0.0,0.0,0.0,5.868661243729676
64484,0.6,0.0,0.0,0.0,6.29273074515259
133446,0.0,0.2722767251671062,0.2,0.2,1.8223730769554738
133446,0.1,0.2722767251671062,0.2,0.2,1.8223730769554738
133446,0.2,0.26393648411429266,0.2,0.2,2.0447483521991794
133446,0.3,0.25035041407674696,0.2,0.2,4.823448858491367
133446,0.4,0.19031326377064925,0.1,0.1,8.177227354360005
133446,0.5,0.0,0.0,0.0,9.924209512347185
133446,0.6,0.0,0.0,0.0,10.808600381365952
180403,0.0,0.19031326377064925,0.1,0.1,2.705867930966902
180403,0.1,0.19031326377064925,0.1,0.1,2.705867930966902
180403,0.2,0.19031326377064925,0.1,0.1,2.9030386093775244
180403,0.3,0.19031326377064925,0.1,0.1,2.9030386093775244
180403,0.4,0.19031326377064925,0.1,0.1,2.9030386093775244
180403,0.5,0.19031326377064925,0.1,0.1,3.4895853999328956
180403,0.6,0.1200743006121955,0.1,0.1,6.595865132124757
43767,0.0,0.3103875643828447,0.2,0.2,1.9157796739886936
43767,0.1,0.3103875643828447,0.2,0.2,1.9157796739886936
43767,0.2,0.3103875643828447,0.2,0.2,2.005042416350393
43767,0.3,0.28546989565597386,0.2,0.2,2.005042416350393
43767,0.4,0.28546989565597386,0.2,0.2,2.792290667161066
43767,0.5,0.15859438647554103,0.2,0.2,4.942689894005563
43767,0.6,0.0,0.0,0.0,6.4082512570116394
180663,0.0,0.081963461396457,0.1,0.1,6.754594732236166
180663,0.1,0.07362322034364344,0.1,0.1,6.886767148834333
180663,0.2,0.06779095235709003,0.1,0.1,6.962001230839645
180663,0.3,0.06343775459021642,0.1,0.1,6.962001230839645
180663,0.4,0.0,0.0,0.0,7.466123497112297
180663,0.5,0.0,0.0,0.0,8.633949087112637
180663,0.6,0.0,0.0,0.0,9.897765825890316
155233,0.0,0.1200743006121955,0.1,0.1,5.5838197165377705
155233,0.1,0.1200743006121955,0.1,0.1,5.58381971653777
155233,0.2,0.1200743006121955,0.1,0.1,5.58381971653777
155233,0.3,0.149754413753547,0.2,0.2,6.283480272241631
155233,0.4,0.18351205520241193,0.2,0.2,6.769687481418299
155233,0.5,0.19031326377064925,0.1,0.1,7.695297248941694
155233,0.6,0.1200743006121955,0.1,0.1,8.397882058146635
47060,0.0,0.09515663188532462,0.1,0.1,4.717672899341293
47060,0.1,0.09515663188532462,0.1,0.1,4.816480702761961
47060,0.2,0.07362322034364344,0.1,0.1,4.816480702761961
47060,0.3,0.07362322034364344,0.1,0.1,4.989808891915116
47060,0.4,0.05729000096767664,0.1,0.1,7.197612091468024
47060,0.5,0.0,0.0,0.0,9.799447195322708
47060,0.6,0.0,0.0,0.0,11.381729119459965
187651,0.0,0.43122038713502514,0.25,0.2,2.134088565209151
187651,0.1,0.43122038713502514,0.25,0.2,2.134088565209151
187651,0.2,0.43122038713502514,0.25,0.2,2.1340885652091512
187651,0.3,0.3516450798625575,0.25,0.2,2.2700579257507885
187651,0.4,0.22889314234623928,0.25,0.2,2.3762026837628576
187651,0.5,0.14831454428471358,0.25,0.2,2.461832495598297
187651,0.6,0.0,0.0,0.0,3.946613477793529
35703,0.0,0.3806265275412985,0.2,0.2,4.923835570286463
35703,0.1,0.3806265275412985,0.2,0.2,5.005271582851309
35703,0.2,0.3806265275412985,0.2,0.2,5.169809098741156
35703,0.3,0.3806265275412985,0.2,0.2,5.302232772078235
35703,0.4,0.3806265275412985,0.2,0.2,5.302232772078236
35703,0.5,0.3676775653505214,0.3,0.3,5.856377851241906
35703,0.6,0.16877985222896807,0.2,0.2,6.203516788190337
95303,0.0,0.09515663188532462,0.1,0.1,4.4198348336302224
95303,0.1,0.09515663188532462,0.1,0.1,4.4198348336302224
95303,0.2,0.09515663188532462,0.1,0.1,4.4198348336302224
95303,0.3,0.09515663188532462,0.1,0.1,5.088737246203776
95303,0.4,0.06343775459021642,0.1,0.1,6.356895735484983
95303,0.5,0.0,0.0,0.0,8.0469384597653
95303,0.6,0.0,0.0,0.0,10.064563569366506
19727,0.0,0.0,0.0,0.0,5.391137183390173
19727,0.1,0.0,0.0,0.0,5.604423475691276
19727,0.2,0.0,0.0,0.0,5.705319165068165
19727,0.3,0.0,0.0,0.0,5.705319165068166
19727,0.4,0.0,0.0,0.0,5.957168107254364
19727,0.5,0.0,0.0,0.0,6.357915357028856
19727,0.6,0.0,0.0,0.0,6.857115885435945
37937,0.0,0.15244663285300125,0.2,0.2,3.1346122080441665
37937,0.1,0.1392534623641336,0.2,0.2,3.4900224362862025
37937,0.2,0.13366037064974118,0.2,0.2,3.4900224362862025
37937,0.3,0.13706097493385985,0.2,0.2,3.4900224362862025
37937,0.4,0.13122870694730646,0.2,0.2,3.4900224362862033
37937,0.5,0.14200061170255474,0.2,0.2,3.787645274126036
37937,0.6,0.07362322034364344,0.1,0.1,5.1170082269179815
8834,0.0,0.0,0.0,0.0,4.509851788480537
8834,0.1,0.0,0.0,0.0,4.6732339383865185
8834,0.2,0.0,0.0,0.0,4.82204648177497
8834,0.3,0.0,0.0,0.0,5.043010414162174
8834,0.4,0.0,0.0,0.0,5.39977609559796
8834,0.5,0.0,0.0,0.0,5.39977609559796
8834,0.6,0.0,0.0,0.0,6.035672982547057
71122,0.0,0.4757831594266231,0.3,0.3,3.315556877128747
71122,0.1,0.4496410267469783,0.4,0.4,3.5000270638742075
71122,0.2,0.43546851770761136,0.4,0.4,3.5000270638742075
71122,0.3,0.3212264850819693,0.3,0.3,4.040135773803425
71122,0.4,0.2476032647383259,0.2,0.2,4.661239619092761
71122,0.5,0.17736430157987212,0.2,0.2,4.661239619092761
71122,0.6,0.05729000096767664,0.1,0.1,5.235569968098472
167604,0.0,0.23715724358787935,0.3,0.3,2.101641304714951
167604,0.1,0.22606985319664472,0.3,0.3,2.101641304714951
167604,0.2,0.16877985222896807,0.2,0.2,2.1701196426882166
167604,0.3,0.149754413753547,0.2,0.2,2.261387670304089
167604,0.4,0.081963461396457,0.1,0.1,3.7034756233611943
167604,0.5,0.05729000096767664,0.1,0.1,5.397510388981088
167604,0.6,0.0,0.0,0.0,7.187869574199157
65842,0.0,0.0,0.0,0.0,4.1980444136788435
65842,0.1,0.0,0.0,0.0,4.1980444136788435
65842,0.2,0.0,0.0,0.0,4.1980444136788435
65842,0.3,0.0,0.0,0.0,4.419440153831927
65842,0.4,0.0,0.0,0.0,4.518770843867418
65842,0.5,0.0,0.0,0.0,4.761379718763718
65842,0.6,0.0,0.0,0.0,6.10079280343277
162375,0.0,0.26393648411429266,0.2,0.2,5.9597444898814365
162375,0.1,0.2722767251671062,0.2,0.2,5.9597444898814365
162375,0.2,0.2722767251671062,0.2,0.2,5.9597444898814365
162375,0.3,0.28546989565597386,0.2,0.2,6.290084032206707
162375,0.4,0.28546989565597386,0.2,0.2,6.3401500322431215
162375,0.5,0.28546989565597386,0.2,0.2,6.589852872772615
162375,0.6,0.25035041407674696,0.2,0.2,6.7855324229160985
85978,0.0,0.5473611703259657,0.42857142857142855,0.3,2.449722047517045
85978,0.1,0.554480333101462,0.42857142857142855,0.3,2.449722047517045
85978,0.2,0.4687430842198941,0.42857142857142855,0.3,2.711494624132462
85978,0.3,0.42222305658859327,0.42857142857142855,0.3,2.7114946241324622
85978,0.4,0.42222305658859327,0.42857142857142855,0.3,2.9418256223175883
85978,0.5,0.3323548113551676,0.2857142857142857,0.2,3.3814883807102234
85978,0.6,0.14656879505245024,0.14285714285714285,0.1,4.861262783571112
199266,0.0,0.0,0.0,0.0,2.6489355989549206
199266,0.1,0.0,0.0,0.0,2.6489355989549206
199266,0.2,0.0,0.0,0.0,2.834440490223319
199266,0.3,0.0,0.0,0.0,2.9506482959816442
199266,0.4,0.0,0.0,0.0,3.4210898794874405
199266,0.5,0.0,0.0,0.0,5.474704015175697
199266,0.6,0.0,0.0,0.0,5.978895506419505
185952,0.0,0.5158259306756159,0.5,0.5,5.275651703557581
185952,0.1,0.5731159316432926,0.6,0.6,5.412353511092833
185952,0.2,0.5863091021321603,0.6,0.6,5.4123535110928325
185952,0.3,0.530625149592936,0.5,0.5,5.564124931763209
185952,0.4,0.6066963807379432,0.5,0.5,5.5716609672612085
185952,0.5,0.5935032102490755,0.5,0.5,5.571660967261208
185952,0.6,0.519879989905432,0.4,0.4,6.746053694050373
115840,0.0,0.36743335705243085,0.3,0.3,2.2306870410679256
115840,0.1,0.36743335705243085,0.3,0.3,2.2306870410679256
115840,0.2,0.5007008281534939,0.3,0.3,2.479723680437277
115840,0.3,0.5007008281534939,0.3,0.3,2.7742463232754266
115840,0.4,0.5007008281534939,0.3,0.3,2.9739467975603775
115840,0.5,0.5007008281534939,0.3,0.3,3.6986184406934
115840,0.6,0.081963461396457,0.1,0.1,5.09661765402179
31018,0.0,0.19031326377064925,0.1,0.1,2.684991872246541
31018,0.1,0.19031326377064925,0.1,0.1,2.753340398319122
31018,0.2,0.19031326377064925,0.1,0.1,2.829553474834451
31018,0.3,0.19031326377064925,0.1,0.1,2.976184917798726
31018,0.4,0.19031326377064925,0.1,0.1,3.311618019284628
31018,0.5,0.07362322034364344,0.1,0.1,4.243403567797798
31018,0.6,0.0,0.0,0.0,5.797198273327887
175794,0.0,0.3623379437392863,0.3333333333333333,0.2,1.996199899050221
175794,0.1,0.3623379437392863,0.3333333333333333,0.2,1.996199899050221
175794,0.2,0.3623379437392863,0.3333333333333333,0.2,1.996199899050221
175794,0.3,0.3623379437392863,0.3333333333333333,0.2,1.996199899050221
175794,0.4,0.3512389936123089,0.3333333333333333,0.2,3.153908073753792
175794,0.5,0.2532633541065531,0.16666666666666666,0.1,4.47561103809404
175794,0.6,0.09797563950575583,0.16666666666666666,0.1,5.231233303774925
148028,0.0,0.3806265275412985,0.2,0.2,3.320953055824391
148028,0.1,0.3806265275412985,0.2,0.2,3.320953055824391
148028,0.2,0.3806265275412985,0.2,0.2,3.3628563007477945
148028,0.3,0.3806265275412985,0.2,0.2,3.3628563007477945
148028,0.4,0.28546989565597386,0.2,0.2,3.3628563007477945
148028,0.5,0.18011145091829325,0.2,0.2,3.3628563007477945
148028,0.6,0.06003715030609775,0.1,0.1,4.919934425126273
114537,0.0,0.0,0.0,0.0,3.6892854714672048
114537,0.1,0.0,0.0,0.0,3.847456648139405
114537,0.2,0.0,0.0,0.0,3.847456648139405
114537,0.3,0.0,0.0,0.0,4.043759150507974
114537,0.4,0.0,0.0,0.0,4.043759150507974
114537,0.5,0.0,0.0,0.0,4.285270872668286
114537,0.6,0.0,0.0,0.0,4.993676162452371
44432,0.0,0.1200743006121955,0.1,0.1,2.33707665948681
44432,0.1,0.081963461396457,0.1,0.1,2.33707665948681
44432,0.2,0.06779095235709003,0.1,0.1,2.33707665948681
44432,0.3,0.0,0.0,0.0,2.5612655976665755
44432,0.4,0.0,0.0,0.0,2.7637664110778846
44432,0.5,0.0,0.0,0.0,3.095944613164307
44432,0.6,0.0,0.0,0.0,3.541517690936918
5312,0.0,0.7875162168409008,0.7,0.7,2.5133070239187485
5312,0.1,0.7548447460630378,0.7,0.7,2.584411279471901
5312,0.2,0.7274790665348032,0.7,0.7,2.584411279471901
5312,0.3,0.593818695885062,0.5,0.5,2.80380113913978
5312,0.4,0.3590931159996173,0.3,0.3,3.390456578335857
5312,0.5,0.19031326377064925,0.1,0.1,5.138967561384489
5312,0.6,0.09515663188532462,0.1,0.1,5.527611245299063
72636,0.0,0.3806265275412985,0.2,0.2,2.1476679227537554
72636,0.1,0.3806265275412985,0.2,0.2,2.1476679227537554
72636,0.2,0.3103875643828447,0.2,0.2,2.1476679227537554
72636,0.3,0.3103875643828447,0.2,0.2,2.147667922753756
72636,0.4,0.25810421612773926,0.2,0.2,2.2684749546660865
72636,0.5,0.19031326377064925,0.1,0.1,2.838317028873952
72636,0.6,0.0,0.0,0.0,3.9630874412881445
123094,0.0,0.28546989565597386,0.2,0.2,4.319836666717483
123094,0.1,0.28546989565597386,0.2,0.2,4.424426811149304
123094,0.2,0.28546989565597386,0.2,0.2,4.424426811149305
123094,0.3,0.28546989565597386,0.2,0.2,4.673288916806451
123094,0.4,0.2152309324975201,0.2,0.2,4.841445879316392
123094,0.5,0.2152309324975201,0.2,0.2,5.088890389781435
123094,0.6,0.15558668174010043,0.2,0.2,5.940026285545984
64448,0.0,0.0,0.0,0.0,1.8421920539858725
64448,0.1,0.0,0.0,0.0,1.842192053985873
64448,0.2,0.0,0.0,0.0,1.842192053985873
64448,0.3,0.0,0.0,0.0,2.018589730006501
64448,0.4,0.0,0.0,0.0,2.146392192119646
64448,0.5,0.0,0.0,0.0,3.025057705283168
64448,0.6,0.0,0.0,0.0,3.8615444718374
47540,0.0,0.7514441417789189,0.6,0.6,3.779177885643635
47540,0.1,0.7514441417789189,0.6,0.6,3.779177885643636
47540,0.2,0.7514441417789189,0.6,0.6,3.856310817898097
47540,0.3,0.7514441417789189,0.6,0.6,3.989415637169798
47540,0.4,0.6778209214352755,0.5,0.5,4.448413973125355
47540,0.5,0.6592952146290351,0.5,0.5,4.5317728092754
47540,0.6,0.4268840683567074,0.4,0.4,5.0946550760860445
174662,0.0,0.46258998893775544,0.3,0.3,4.4834818055641925
174662,0.1,0.46258998893775544,0.3,0.3,4.621787280909087
174662,0.2,0.44406428213151494,0.3,0.3,4.621787280909087
174662,0.3,0.3806265275412985,0.2,0.2,5.071055426256594
174662,0.4,0.3806265275412985,0.2,0.2,5.133114509412977
174662,0.5,0.3103875643828447,0.2,0.2,5.216488495114419
174662,0.6,0.28546989565597386,0.2,0.2,5.626888259776234
35873,0.0,0.081963461396457,0.1,0.1,4.384456304797317
35873,0.1,0.081963461396457,0.1,0.1,4.384456304797317
35873,0.2,0.081963461396457,0.1,0.1,4.384456304797317
35873,0.3,0.081963461396457,0.1,0.1,4.384456304797317
35873,0.4,0.081963461396457,0.1,0.1,4.384456304797316
35873,0.5,0.081963461396457,0.1,0.1,4.384456304797316
35873,0.6,0.05729000096767664,0.1,0.1,5.369815119755882
186035,0.0,0.5958574600388186,0.4,0.4,2.5749789920089574
186035,0.1,0.5958574600388186,0.4,0.4,2.5749789920089574
186035,0.2,0.6531474610064952,0.5,0.5,2.854117232553176
186035,0.3,0.6778209214352755,0.5,0.5,2.934405989299347
186035,0.4,0.669480680382462,0.5,0.5,4.997559203706127
186035,0.5,0.19031326377064925,0.1,0.1,8.010701968070268
186035,0.6,0.06003715030609775,0.1,0.1,8.0534929397696
103360,0.0,0.2532633541065531,0.16666666666666666,0.1,2.0795130975620433
103360,0.1,0.2532633541065531,0.16666666666666666,0.1,2.0795130975620433
103360,0.2,0.2532633541065531,0.16666666666666666,0.1,2.0795130975620433
103360,0.3,0.2532633541065531,0.16666666666666666,0.1,2.371030088074199
103360,0.4,0.2532633541065531,0.16666666666666666,0.1,4.065882156625148
103360,0.5,0.1597913855951283,0.16666666666666666,0.1,5.315923759580838
103360,0.6,0.0,0.0,0.0,5.794537739451641
88217,0.0,0.0,0.0,0.0,3.417983166184647
88217,0.1,0.0,0.0,0.0,3.417983166184647
88217,0.2,0.0,0.0,0.0,3.8767015308467814
88217,0.3,0.0,0.0,0.0,4.262823828104633
88217,0.4,0.0,0.0,0.0,4.262823828104633
88217,0.5,0.0,0.0,0.0,5.567937145100843
88217,0.6,0.0,0.0,0.0,5.745341321604908
40727,0.0,0.0,0.0,0.0,5.239988389597817
40727,0.1,0.0,0.0,0.0,6.495237422520501
40727,0.2,0.0,0.0,0.0,7.712402540786792
40727,0.3,0.0,0.0,0.0,8.185950292037472
40727,0.4,0.0,0.0,0.0,8.185950292037472
40727,0.5,0.0,0.0,0.0,8.185950292037472
40727,0.6,0.0,0.0,0.0,8.507109620837813
167063,0.0,0.07362322034364344,0.1,0.1,1.5997750818616268
167063,0.1,0.07362322034364344,0.1,0.1,1.735272911489713
167063,0.2,0.081963461396457,0.1,0.1,1.7352729114897127
167063,0.3,0.09515663188532462,0.1,0.1,1.7943926983589908
167063,0.4,0.081963461396457,0.1,0.1,2.0337842086117184
167063,0.5,0.06779095235709003,0.1,0.1,2.6025663399844077
167063,0.6,0.0,0.0,0.0,3.638784426607659
148590,0.0,0.081963461396457,0.1,0.1,2.252537489636944
148590,0.1,0.081963461396457,0.1,0.1,2.252537489636944
148590,0.2,0.081963461396457,0.1,0.1,2.252537489636944
148590,0.3,0.081963461396457,0.1,0.1,2.387895411777989
148590,0.4,0.14141417270073348,0.2,0.2,2.7907926232310474
148590,0.5,0.07362322034364344,0.1,0.1,2.990293365627735
148590,0.6,0.07362322034364344,0.1,0.1,4.63997107517921
128695,0.0,0.23230604393401819,0.14285714285714285,0.1,4.046344573551112
128695,0.1,0.23230604393401819,0.14285714285714285,0.1,4.046344573551112
128695,0.2,0.23230604393401819,0.14285714285714285,0.1,4.357207248569458
128695,0.3,0.23230604393401819,0.14285714285714285,0.1,4.357207248569457
128695,0.4,0.14656879505245024,0.14285714285714285,0.1,5.355950427069742
128695,0.5,0.0,0.0,0.0,7.125270339275699
128695,0.6,0.0,0.0,0.0,7.830499460385409
104369,0.0,0.44066367784739624,0.3,0.3,4.523915093272376
104369,0.1,0.44066367784739624,0.3,0.3,4.523915093272376
104369,0.2,0.4379165285089751,0.3,0.3,4.523915093272376
104369,0.3,0.3806265275412985,0.2,0.2,4.602615232286509
104369,0.4,0.3103875643828447,0.2,0.2,4.784331957148391
104369,0.5,0.19031326377064925,0.1,0.1,7.739644799786426
104369,0.6,0.0,0.0,0.0,8.580711342786461
158556,0.0,0.06779095235709003,0.1,0.1,2.2888979697518503
158556,0.1,0.06779095235709003,0.1,0.1,2.5337518491195135
158556,0.2,0.06343775459021642,0.1,0.1,2.6688346333933577
158556,0.3,0.06343775459021642,0.1,0.1,2.6688346333933572
158556,0.4,0.0,0.0,0.0,3.9277243666119914
158556,0.5,0.0,0.0,0.0,6.35411688440651
158556,0.6,0.0,0.0,0.0,6.648338312852788
66822,0.0,0.0,0.0,0.0,5.152849163193208
66822,0.1,0.0,0.0,0.0,5.378634019313065
66822,0.2,0.0,0.0,0.0,5.378634019313065
66822,0.3,0.0,0.0,0.0,5.534670791067233
66822,0.4,0.0,0.0,0.0,5.534670791067233
66822,0.5,0.0,0.0,0.0,5.757031831016544
66822,0.6,0.0,0.0,0.0,6.279920878555858
90521,0.0,0.3455070459620716,0.3,0.3,2.0058542476146597
90521,0.1,0.3455070459620716,0.3,0.3,2.0058542476146597
90521,0.2,0.3455070459620716,0.3,0.3,2.0058542476146597
90521,0.3,0.318141366433837,0.3,0.3,2.0058542476146597
90521,0.4,0.2476032647383259,0.2,0.2,3.9595420523836764
90521,0.5,0.1200743006121955,0.1,0.1,9.761492947353135
90521,0.6,0.0,0.0,0.0,10.67083803846213
5214,0.0,0.19031326377064925,0.1,0.1,2.058761956985518
5214,0.1,0.19031326377064925,0.1,0.1,2.058761956985518
5214,0.2,0.19031326377064925,0.1,0.1,2.058761956985518
5214,0.3,0.19031326377064925,0.1,0.1,2.058761956985518
5214,0.4,0.19031326377064925,0.1,0.1,2.1438956049755253
5214,0.5,0.1200743006121955,0.1,0.1,2.7757746990827465
5214,0.6,0.081963461396457,0.1,0.1,3.7235853533546193
94527,0.0,0.19031326377064925,0.1,0.1,1.9887079486261439
94527,0.1,0.19031326377064925,0.1,0.1,1.9887079486261439
94527,0.2,0.19031326377064925,0.1,0.1,1.9887079486261439
94527,0.3,0.19031326377064925,0.1,0.1,1.9887079486261439
94527,0.4,0.19031326377064925,0.1,0.1,2.0944731413867617
94527,0.5,0.19031326377064925,0.1,0.1,2.6829619603136594
94527,0.6,0.06779095235709003,0.1,0.1,3.8947492313450214
190194,0.0,0.1200743006121955,0.1,0.1,2.4555524541094016
190194,0.1,0.1200743006121955,0.1,0.1,2.5312479623934
190194,0.2,0.081963461396457,0.1,0.1,2.5312479623933997
190194,0.3,0.06779095235709003,0.1,0.1,2.7284027643283544
190194,0.4,0.0,0.0,0.0,3.1653570704692924
190194,0.5,0.0,0.0,0.0,3.1653570704692924
190194,0.6,0.0,0.0,0.0,4.263734763854278
92995,0.0,0.07362322034364344,0.1,0.1,4.313025845405258
92995,0.1,0.081963461396457,0.1,0.1,4.313025845405258
92995,0.2,0.081963461396457,0.1,0.1,4.313025845405258
92995,0.3,0.13091322131132005,0.2,0.2,4.566458330434626
92995,0.4,0.13122870694730646,0.2,0.2,4.9524257237677345
92995,0.5,0.12782810266318778,0.2,0.2,5.070249323034668
92995,0.6,0.081963461396457,0.1,0.1,5.267265394757447
119882,0.0,0.25810421612773926,0.2,0.2,2.5057166798828225
119882,0.1,0.25810421612773926,0.2,0.2,2.775249328221199
119882,0.2,0.19369752095583892,0.2,0.2,2.775249328221199
119882,0.3,0.20203776200865248,0.2,0.2,2.912490831375231
119882,0.4,0.23441009424945825,0.3,0.3,3.1241113690833244
119882,0.5,0.20979156405964475,0.3,0.3,3.2287142012670054
119882,0.6,0.12508095332476668,0.2,0.2,4.3938026683409666
127934,0.0,0.33571447975732266,0.3,0.3,1.6627765145751077
127934,0.1,0.33571447975732266,0.3,0.3,1.6627765145751077
127934,0.2,0.33231387547320396,0.3,0.3,1.780264550649256
127934,0.3,0.3455070459620716,0.3,0.3,2.1035049059943787
127934,0.4,0.44066367784739624,0.3,0.3,2.1035049059943787
127934,0.5,0.39235102577930164,0.3,0.3,2.780465693315108
127934,0.6,0.1987041736684101,0.3,0.3,4.024153577694335
100329,0.0,0.3317274364713827,0.3,0.3,4.103202175827335
100329,0.1,0.25810421612773926,0.2,0.2,4.540096228151532
100329,0.2,0.2476032647383259,0.2,0.2,4.970893320491173
100329,0.3,0.19031326377064925,0.1,0.1,5.779998462910311
100329,0.4,0.19031326377064925,0.1,0.1,7.474023943632245
100329,0.5,0.081963461396457,0.1,0.1,8.688043954013082
100329,0.6,0.0,0.0,0.0,9.584215017484407
96742,0.0,0.15859438647554103,0.2,0.2,2.9697833058729066
96742,0.1,0.13122870694730646,0.2,0.2,2.9697833058729066
96742,0.2,0.13122870694730646,0.2,0.2,2.9697833058729066
96742,0.3,0.12782810266318778,0.2,0.2,3.269470064068482
96742,0.4,0.12508095332476668,0.2,0.2,3.269470064068483
96742,0.5,0.06343775459021642,0.1,0.1,3.7954682645414346
96742,0.6,0.0,0.0,0.0,4.9535834727679795
176955,0.0,0.19031326377064925,0.1,0.1,2.700011227372034
176955,0.1,0.19031326377064925,0.1,0.1,2.844216137228759
176955,0.2,0.19031326377064925,0.1,0.1,2.8442161372287593
176955,0.3,0.19031326377064925,0.1,0.1,2.844216137228759
176955,0.4,0.19031326377064925,0.1,0.1,3.0429958358427216
176955,0.5,0.19031326377064925,0.1,0.1,3.536770469884601
176955,0.6,0.19031326377064925,0.1,0.1,4.40013283299642
177954,0.0,0.25810421612773926,0.2,0.2,1.8072584064913308
177954,0.1,0.25810421612773926,0.2,0.2,1.8072584064913308
177954,0.2,0.18351205520241193,0.2,0.2,1.8072584064913308
177954,0.3,0.18011145091829325,0.2,0.2,1.8072584064913308
177954,0.4,0.18011145091829325,0.2,0.2,1.857505650843441
177954,0.5,0.081963461396457,0.1,0.1,3.8214660734682235
177954,0.6,0.0,0.0,0.0,6.0822015501596765
160602,0.0,0.05729000096767664,0.1,0.1,2.4615793681995473
160602,0.1,0.05729000096767664,0.1,0.1,2.4615793681995473
160602,0.2,0.0,0.0,0.0,2.5500113513073686
160602,0.3,0.0,0.0,0.0,3.2276300815277663
160602,0.4,0.0,0.0,0.0,3.416816115791762
160602,0.5,0.0,0.0,0.0,5.447957776236391
160602,0.6,0.0,0.0,0.0,5.980906009693557
120358,0.0,0.06003715030609775,0.1,0.1,4.294888132578925
120358,0.1,0.06779095235709003,0.1,0.1,4.294888132578926
120358,0.2,0.06343775459021642,0.1,0.1,4.294888132578926
120358,0.3,0.06779095235709003,0.1,0.1,4.452876954419494
120358,0.4,0.07362322034364344,0.1,0.1,4.452876954419494
120358,0.5,0.07362322034364344,0.1,0.1,4.452876954419494
120358,0.6,0.05729000096767664,0.1,0.1,5.379643176346663
141079,0.0,0.0,0.0,0.0,5.0503684691601824
141079,0.1,0.0,0.0,0.0,5.0503684691601824
141079,0.2,0.0,0.0,0.0,5.050368469160183
141079,0.3,0.0,0.0,0.0,5.050368469160183
141079,0.4,0.0,0.0,0.0,5.643361552860842
141079,0.5,0.0,0.0,0.0,6.996002570338563
141079,0.6,0.0,0.0,0.0,7.842983386016661
23260,0.0,0.3516450798625575,0.25,0.2,2.6397563612677253
23260,0.1,0.3516450798625575,0.25,0.2,2.890366640368712
23260,0.2,0.32341529035126887,0.25,0.2,3.1565330129121505
23260,0.3,0.32341529035126887,0.25,0.2,3.3952720156962384
23260,0.4,0.32341529035126887,0.25,0.2,4.07933848102838
23260,0.5,0.2874802580900168,0.25,0.2,4.367647783729199
23260,0.6,0.21561019356751257,0.125,0.1,5.220432419462545
170534,0.0,0.5057074808660652,0.4,0.4,1.6968999277953736
170534,0.1,0.4979536788150729,0.4,0.4,1.6968999277953736
170534,0.2,0.44066367784739624,0.3,0.3,1.7913640496175571
170534,0.3,0.45424974788494193,0.3,0.3,2.0590559617322355
170534,0.4,0.37817851673993474,0.3,0.3,2.8266784958418367
170534,0.5,0.2476032647383259,0.2,0.2,3.9011376166430836
170534,0.6,0.081963461396457,0.1,0.1,4.158992535773499
37803,0.0,0.1200743006121955,0.1,0.1,2.1111194899374417
37803,0.1,0.09515663188532462,0.1,0.1,2.1111194899374417
37803,0.2,0.081963461396457,0.1,0.1,2.1111194899374417
37803,0.3,0.07362322034364344,0.1,0.1,2.5439075124944086
37803,0.4,0.05729000096767664,0.1,0.1,2.79332438895937
37803,0.5,0.0,0.0,0.0,4.114585931861085
37803,0.6,0.0,0.0,0.0,4.526217242180025
58980,0.0,0.25810421612773926,0.2,0.2,2.1720088982326446
58980,0.1,0.25375101836086567,0.2,0.2,2.1720088982326446
58980,0.2,0.25375101836086567,0.2,0.2,2.309767472622897
58980,0.3,0.2476032647383259,0.2,0.2,2.509488629305392
58980,0.4,0.19031326377064925,0.1,0.1,2.8504518238895806
58980,0.5,0.1200743006121955,0.1,0.1,3.6242744662718342
58980,0.6,0.0,0.0,0.0,5.5942790549732075
113216,0.0,0.0,0.0,0.0,4.731812648335864
113216,0.1,0.0,0.0,0.0,4.731812648335863
113216,0.2,0.0,0.0,0.0,5.015188136280632
113216,0.3,0.0,0.0,0.0,5.015188136280632
113216,0.4,0.0,0.0,0.0,5.329406137376573
113216,0.5,0.0,0.0,0.0,5.573246802698801
113216,0.6,0.0,0.0,0.0,6.903405419575115
114565,0.0,0.0,0.0,0.0,10.1928160274728
114565,0.1,0.0,0.0,0.0,10.6228283999297
114565,0.2,0.0,0.0,0.0,10.870373301527167
114565,0.3,0.0,0.0,0.0,11.133760511647377
114565,0.4,0.0,0.0,0.0,11.202210329074584
114565,0.5,0.0,0.0,0.0,11.277817770785976
114565,0.6,0.0,0.0,0.0,11.322563668483097
193486,0.0,0.0,0.0,0.0,7.700868989096517
193486,0.1,0.0,0.0,0.0,7.700868989096517
193486,0.2,0.0,0.0,0.0,7.700868989096517
193486,0.3,0.0,0.0,0.0,8.04166154180984
193486,0.4,0.0,0.0,0.0,8.68948767741406
193486,0.5,0.0,0.0,0.0,9.182693960158645
193486,0.6,0.0,0.0,0.0,9.410865542848631
78450,0.0,0.05729000096767664,0.1,0.1,4.036917292136579
78450,0.1,0.06003715030609775,0.1,0.1,4.036917292136579
78450,0.2,0.06003715030609775,0.1,0.1,4.234991836428585
78450,0.3,0.06343775459021642,0.1,0.1,4.234991836428585
78450,0.4,0.06003715030609775,0.1,0.1,4.234991836428585
78450,0.5,0.05729000096767664,0.1,0.1,4.44374100412705
78450,0.6,0.0,0.0,0.0,5.815031330368855
182227,0.0,0.1200743006121955,0.1,0.1,2.8923003845744946
182227,0.1,0.19031326377064925,0.1,0.1,2.8923003845744946
182227,0.2,0.19031326377064925,0.1,0.1,3.05026806044122
182227,0.3,0.19031326377064925,0.1,0.1,3.05026806044122
182227,0.4,0.19031326377064925,0.1,0.1,3.1649218055620514
182227,0.5,0.19031326377064925,0.1,0.1,4.033146990437602
182227,0.6,0.1200743006121955,0.1,0.1,6.8476339160182915
94881,0.0,0.12508095332476668,0.2,0.2,3.7811284422478857
94881,0.1,0.06779095235709003,0.1,0.1,3.9689541493016995
94881,0.2,0.06779095235709003,0.1,0.1,3.9689541493016995
94881,0.3,0.06779095235709003,0.1,0.1,3.968954149301699
94881,0.4,0.06003715030609775,0.1,0.1,4.130135283871089
94881,0.5,0.0,0.0,0.0,6.18812515357797
94881,0.6,0.0,0.0,0.0,8.302222687964399
94400,0.0,0.0,0.0,0.0,4.277747524749615
94400,0.1,0.0,0.0,0.0,4.277747524749615
94400,0.2,0.0,0.0,0.0,4.792852180922461
94400,0.3,0.0,0.0,0.0,5.53770758456699
94400,0.4,0.0,0.0,0.0,5.752276589867674
94400,0.5,0.0,0.0,0.0,6.172972009177965
94400,0.6,0.0,0.0,0.0,7.2863101557263
22610,0.0,0.0,0.0,0.0,1.913155364475659
22610,0.1,0.0,0.0,0.0,2.004470506335601
22610,0.2,0.0,0.0,0.0,2.1102035696008534
22610,0.3,0.0,0.0,0.0,2.3195894220705577
22610,0.4,0.0,0.0,0.0,2.3195894220705577
22610,0.5,0.0,0.0,0.0,3.3890834936296224
22610,0.6,0.0,0.0,0.0,4.840368380501747
139872,0.0,0.19031326377064925,0.1,0.1,2.262120072157687
139872,0.1,0.19031326377064925,0.1,0.1,2.262120072157687
139872,0.2,0.19031326377064925,0.1,0.1,2.7711905440609645
139872,0.3,0.19031326377064925,0.1,0.1,3.749772374214307
139872,0.4,0.19031326377064925,0.1,0.1,5.443254483213952
139872,0.5,0.19031326377064925,0.1,0.1,7.08563939579435
139872,0.6,0.09515663188532462,0.1,0.1,7.544129820914246
92346,0.0,0.0,0.0,0.0,2.804943227970616
92346,0.1,0.0,0.0,0.0,2.804943227970616
92346,0.2,0.0,0.0,0.0,3.306024632354633
92346,0.3,0.0,0.0,0.0,3.4582819533194007
92346,0.4,0.0,0.0,0.0,3.4582819533194
92346,0.5,0.0,0.0,0.0,4.00422511518313
92346,0.6,0.0,0.0,0.0,6.372117353221684
2732,0.0,0.46014197813639174,0.4,0.4,2.168098125314065
2732,0.1,0.46014197813639174,0.4,0.4,2.4595957798430264
2732,0.2,0.4557887803695181,0.4,0.4,2.459595779843027
2732,0.3,0.4382156670460325,0.4,0.4,2.4595957798430264
2732,0.4,0.34275989662365053,0.3,0.3,3.125045380249282
2732,0.5,0.18786525296928555,0.2,0.2,4.81103451348983
2732,0.6,0.0,0.0,0.0,5.790284248951093
161427,0.0,0.0,0.0,0.0,5.995963081147418
161427,0.1,0.0,0.0,0.0,5.995963081147418
161427,0.2,0.0,0.0,0.0,6.135065142963448
161427,0.3,0.0,0.0,0.0,6.135065142963449
161427,0.4,0.0,0.0,0.0,6.57328617626694
161427,0.5,0.0,0.0,0.0,6.870188731360881
161427,0.6,0.0,0.0,0.0,7.061001726197027
33160,0.0,0.2476032647383259,0.2,0.2,2.379246413221123
33160,0.1,0.19031326377064925,0.1,0.1,2.527667866913587
33160,0.2,0.19031326377064925,0.1,0.1,2.527667866913587
33160,0.3,0.19031326377064925,0.1,0.1,2.527667866913587
33160,0.4,0.19031326377064925,0.1,0.1,2.6637467899884966
33160,0.5,0.19031326377064925,0.1,0.1,3.5297264689601335
33160,0.6,0.1200743006121955,0.1,0.1,4.735883632239938
110,0.0,0.0718700645225042,0.125,0.1,2.3028948417473396
110,0.1,0.06801744314752248,0.125,0.1,2.3028948417473396
110,0.2,0.0,0.0,0.0,2.9406439217674794
110,0.3,0.0,0.0,0.0,2.9406439217674794
110,0.4,0.0,0.0,0.0,3.9329660949031178
110,0.5,0.0,0.0,0.0,6.073355131658935
110,0.6,0.0,0.0,0.0,7.084347650449774
54625,0.0,0.19031326377064925,0.1,0.1,3.8177825072159877
54625,0.1,0.19031326377064925,0.1,0.1,4.023352987829619
54625,0.2,0.19031326377064925,0.1,0.1,4.28835947907036
54625,0.3,0.19031326377064925,0.1,0.1,4.430402226860155
54625,0.4,0.19031326377064925,0.1,0.1,4.636401935735775
54625,0.5,0.19031326377064925,0.1,0.1,4.831770684880119
54625,0.6,0.19031326377064925,0.1,0.1,5.410573235313253
108852,0.0,0.0,0.0,0.0,4.525860658597212
108852,0.1,0.0,0.0,0.0,4.63509332749246
108852,0.2,0.0,0.0,0.0,4.635093327492459
108852,0.3,0.0,0.0,0.0,4.635093327492459
108852,0.4,0.0,0.0,0.0,4.802093789876912
108852,0.5,0.0,0.0,0.0,5.204884180283058
108852,0.6,0.0,0.0,0.0,6.351116251066022
4439,0.0,0.32154197071795565,0.3,0.3,2.808803949290968
4439,0.1,0.32154197071795565,0.3,0.3,2.911708355432484
4439,0.2,0.32154197071795565,0.3,0.3,2.911708355432484
4439,0.3,0.318141366433837,0.3,0.3,3.0053252262167796
4439,0.4,0.318141366433837,0.3,0.3,3.0053252262167796
4439,0.5,0.318141366433837,0.3,0.3,3.0053252262167796
4439,0.6,0.14200061170255474,0.2,0.2,4.691326079209706
114162,0.0,0.0,0.0,0.0,2.2190135995345477
114162,0.1,0.0,0.0,0.0,2.271226660477722
114162,0.2,0.0,0.0,0.0,2.271226660477722
114162,0.3,0.0,0.0,0.0,2.271226660477722
114162,0.4,0.0,0.0,0.0,2.62110232850279
114162,0.5,0.0,0.0,0.0,3.834408033873989
114162,0.6,0.0,0.0,0.0,5.540734099460847
22712,0.0,0.07362322034364344,0.1,0.1,2.0717595555084585
22712,0.1,0.07362322034364344,0.1,0.1,2.0717595555084585
22712,0.2,0.09515663188532462,0.1,0.1,2.0717595555084585
22712,0.3,0.081963461396457,0.1,0.1,2.0717595555084585
22712,0.4,0.081963461396457,0.1,0.1,2.3890144363145485
22712,0.5,0.07362322034364344,0.1,0.1,3.4660177635310467
22712,0.6,0.0,0.0,0.0,4.962174855077665
200904,0.0,0.0,0.0,0.0,4.017614395037734
200904,0.1,0.0,0.0,0.0,4.1259225257923635
200904,0.2,0.0,0.0,0.0,4.1259225257923635
200904,0.3,0.0,0.0,0.0,4.4482885838397745
200904,0.4,0.0,0.0,0.0,4.448288583839774
200904,0.5,0.0,0.0,0.0,4.825170150008406
200904,0.6,0.0,0.0,0.0,5.06666499307962
114647,0.0,0.0,0.0,0.0,5.854329140149535
114647,0.1,0.0,0.0,0.0,5.854329140149535
114647,0.2,0.0,0.0,0.0,6.096158712615851
114647,0.3,0.0,0.0,0.0,6.096158712615851
114647,0.4,0.0,0.0,0.0,6.478910284055902
114647,0.5,0.0,0.0,0.0,7.482448700155776
114647,0.6,0.0,0.0,0.0,7.755183040957218
195983,0.0,0.19031326377064925,0.1,0.1,5.456499027067301
195983,0.1,0.19031326377064925,0.1,0.1,5.658026336548586
195983,0.2,0.19031326377064925,0.1,0.1,5.658026336548586
195983,0.3,0.2476032647383259,0.2,0.2,5.715383058527266
195983,0.4,0.25375101836086567,0.2,0.2,6.010514935951715
195983,0.5,0.26393648411429266,0.2,0.2,6.010514935951714
195983,0.6,0.26393648411429266,0.2,0.2,6.843818195425603
32978,0.0,0.46258998893775544,0.3,0.3,2.6776746947091024
32978,0.1,0.46258998893775544,0.3,0.3,2.734471719592266
32978,0.2,0.36743335705243085,0.3,0.3,2.734471719592266
32978,0.3,0.3590931159996173,0.3,0.3,2.811326204508711
32978,0.4,0.28546989565597386,0.2,0.2,2.975352567390188
32978,0.5,0.19031326377064925,0.1,0.1,4.851976452880408
32978,0.6,0.081963461396457,0.1,0.1,6.025244853647792
153871,0.0,0.2786686870877365,0.3,0.3,2.459031531408709
153871,0.1,0.2786686870877365,0.3,0.3,2.459031531408709
153871,0.2,0.2752680828036178,0.3,0.3,2.939462761212596
153871,0.3,0.24080205617008857,0.3,0.3,2.939462761212596
153871,0.4,0.09515663188532462,0.1,0.1,3.468105138284237
153871,0.5,0.06003715030609775,0.1,0.1,4.059731288312921
153871,0.6,0.0,0.0,0.0,4.923548962128855
155678,0.0,0.07328439752622512,0.14285714285714285,0.1,3.5309987299458343
155678,0.1,0.07328439752622512,0.14285714285714285,0.1,3.7994485473730406
155678,0.2,0.0,0.0,0.0,4.295614489381173
155678,0.3,0.0,0.0,0.0,5.186373695323977
155678,0.4,0.0,0.0,0.0,6.842596105300648
155678,0.5,0.0,0.0,0.0,7.269407687118743
155678,0.6,0.0,0.0,0.0,7.644113834308915
36764,0.0,0.0,0.0,0.0,3.836370465331638
36764,0.1,0.0,0.0,0.0,3.836370465331639
36764,0.2,0.0,0.0,0.0,3.8924278023334735
36764,0.3,0.0,0.0,0.0,3.8924278023334735
36764,0.4,0.0,0.0,0.0,3.8924278023334735
36764,0.5,0.0,0.0,0.0,3.945393117235136
36764,0.6,0.0,0.0,0.0,4.844094060853093
56827,0.0,0.0,0.0,0.0,5.225660037649073
56827,0.1,0.0,0.0,0.0,5.225660037649072
56827,0.2,0.0,0.0,0.0,5.507373631934091
56827,0.3,0.0,0.0,0.0,5.900578382562909
56827,0.4,0.0,0.0,0.0,6.160090774822047
56827,0.5,0.0,0.0,0.0,6.676339490819428
56827,0.6,0.0,0.0,0.0,6.978683905123037
102061,0.0,0.25810421612773926,0.2,0.2,2.3741075857897247
102061,0.1,0.2476032647383259,0.2,0.2,2.3741075857897247
102061,0.2,0.19031326377064925,0.1,0.1,2.609225238388732
102061,0.3,0.19031326377064925,0.1,0.1,2.6092252383887327
102061,0.4,0.19031326377064925,0.1,0.1,2.7827314324935677
102061,0.5,0.19031326377064925,0.1,0.1,3.3058924966694314
102061,0.6,0.1200743006121955,0.1,0.1,4.296284307870254
80813,0.0,0.6111808829204866,0.42857142857142855,0.3,1.7839587467019762
80813,0.1,0.6111808829204866,0.42857142857142855,0.3,1.9072446105876595
80813,0.2,0.6111808829204866,0.42857142857142855,0.3,1.9072446105876597
80813,0.3,0.6111808829204866,0.42857142857142855,0.3,2.0682016029640558
80813,0.4,0.6111808829204866,0.42857142857142855,0.3,2.527092386726854
80813,0.5,0.6111808829204866,0.42857142857142855,0.3,3.0530995421569305
80813,0.6,0.06993108739817411,0.14285714285714285,0.1,3.487509655964957
143088,0.0,0.081963461396457,0.1,0.1,2.702931099137122
143088,0.1,0.1200743006121955,0.1,0.1,2.7029310991371216
143088,0.2,0.1200743006121955,0.1,0.1,2.7029310991371216
143088,0.3,0.19031326377064925,0.1,0.1,2.702931099137122
143088,0.4,0.19031326377064925,0.1,0.1,2.702931099137122
143088,0.5,0.19031326377064925,0.1,0.1,2.9609169270584044
143088,0.6,0.19031326377064925,0.1,0.1,4.264353457480359
142831,0.0,0.45424974788494193,0.3,0.3,2.2060877816961644
142831,0.1,0.4757831594266231,0.3,0.3,2.349498598369867
142831,0.2,0.4757831594266231,0.3,0.3,2.349498598369867
142831,0.3,0.4757831594266231,0.3,0.3,2.349498598369867
142831,0.4,0.5007008281534939,0.3,0.3,4.287614337696974
142831,0.5,0.19031326377064925,0.1,0.1,7.239004195687154
142831,0.6,0.0,0.0,0.0,7.79022218543056
122464,0.0,0.6601135294812643,0.5,0.4,2.666544138675499
122464,0.1,0.6750603702138264,0.5,0.4,2.666544138675499
122464,0.2,0.6750603702138264,0.5,0.4,2.955214309895001
122464,0.3,0.6750603702138264,0.5,0.4,3.467498788582275
122464,0.4,0.6750603702138264,0.5,0.4,4.400856608719101
122464,0.5,0.6601135294812643,0.5,0.4,4.830849146032065
122464,0.6,0.5390254839187815,0.375,0.3,5.741811879173695
90511,0.0,0.0,0.0,0.0,2.583327765873359
90511,0.1,0.0,0.0,0.0,2.583327765873359
90511,0.2,0.0,0.0,0.0,2.717787704165022
90511,0.3,0.0,0.0,0.0,2.9609408180366197
90511,0.4,0.0,0.0,0.0,2.9609408180366197
90511,0.5,0.0,0.0,0.0,5.9503237404625775
90511,0.6,0.0,0.0,0.0,8.86779171848927
148212,0.0,0.37543136740151367,0.4,0.4,3.397520881481614
148212,0.1,0.32154197071795565,0.3,0.3,3.626551398952278
148212,0.2,0.3317274364713827,0.3,0.3,3.626551398952278
148212,0.3,0.3317274364713827,0.3,0.3,3.9301161166214165
148212,0.4,0.3273742387045091,0.3,0.3,3.9301161166214156
148212,0.5,0.25810421612773926,0.2,0.2,4.846691858835532
148212,0.6,0.18351205520241193,0.2,0.2,5.5988381604973
23367,0.0,0.2476032647383259,0.2,0.2,2.7709718415872624
23367,0.1,0.2476032647383259,0.2,0.2,2.7709718415872624
23367,0.2,0.2476032647383259,0.2,0.2,3.130032210914598
23367,0.3,0.19031326377064925,0.1,0.1,3.689507909667108
23367,0.4,0.19031326377064925,0.1,0.1,4.147950743075576
23367,0.5,0.19031326377064925,0.1,0.1,5.4312920701852345
23367,0.6,0.19031326377064925,0.1,0.1,5.815756447476354
107758,0.0,0.6111808829204866,0.42857142857142855,0.3,2.3916323689605448
107758,0.1,0.6111808829204866,0.42857142857142855,0.3,2.5175390956458688
107758,0.2,0.6111808829204866,0.42857142857142855,0.3,2.5175390956458688
107758,0.3,0.5807651098350455,0.42857142857142855,0.3,2.869322777448137
107758,0.4,0.4789236064076178,0.42857142857142855,0.3,2.869322777448137
107758,0.5,0.4056392088813927,0.42857142857142855,0.3,3.2066778945334447
107758,0.6,0.23230604393401819,0.14285714285714285,0.1,4.612034548141664
45523,0.0,0.15519378219142235,0.2,0.2,2.007805001612774
45523,0.1,0.15519378219142235,0.2,0.2,2.176969866582313
45523,0.2,0.15244663285300125,0.2,0.2,2.176969866582313
45523,0.3,0.06779095235709003,0.1,0.1,2.4332843231850534
45523,0.4,0.05729000096767664,0.1,0.1,2.794430865885056
45523,0.5,0.0,0.0,0.0,3.8075003409700114
45523,0.6,0.0,0.0,0.0,5.0123059919865645
114725,0.0,0.6421150008542275,0.5,0.5,2.754200138064853
114725,0.1,0.669480680382462,0.5,0.5,2.9948461067638688
114725,0.2,0.6636484123959087,0.5,0.5,3.3026070099468177
114725,0.3,0.6399542905176275,0.5,0.5,3.6105218829999552
114725,0.4,0.568491780510584,0.4,0.4,3.795675227363956
114725,0.5,0.522040700242032,0.4,0.4,4.137784706625636
114725,0.6,0.21562383204619817,0.3,0.3,4.391889979713188
198689,0.0,0.11615302196700909,0.14285714285714285,0.1,2.2811731614873
198689,0.1,0.10004876742114938,0.14285714285714285,0.1,2.2811731614873
198689,0.2,0.08274908245792924,0.14285714285714285,0.1,2.63703424090443
198689,0.3,0.07328439752622512,0.14285714285714285,0.1,3.305009420253189
198689,0.4,0.0,0.0,0.0,4.482948353837181
198689,0.5,0.0,0.0,0.0,8.22517168343454
198689,0.6,0.0,0.0,0.0,8.952178335908956
62354,0.0,0.14038609443307223,0.2,0.1,2.1777346120948677
62354,0.1,0.14038609443307223,0.2,0.1,2.1777346120948677
62354,0.2,0.10861750945625488,0.2,0.1,2.1777346120948677
62354,0.3,0.09359072962204816,0.2,0.1,2.846643027548109
62354,0.4,0.0,0.0,0.0,3.0803230430001425
62354,0.5,0.0,0.0,0.0,3.7947841219502534
62354,0.6,0.0,0.0,0.0,4.703245054524023
198228,0.0,0.40116103269099607,0.3333333333333333,0.3,5.272777338855646
198228,0.1,0.3965432841030506,0.3333333333333333,0.3,5.272777338855646
198228,0.2,0.2888234191284636,0.2222222222222222,0.2,5.549091322788245
198228,0.3,0.20187890652056598,0.1111111111111111,0.1,7.3185889176101595
198228,0.4,0.20187890652056598,0.1111111111111111,0.1,7.625599537278987
198228,0.5,0.20187890652056598,0.1111111111111111,0.1,8.462264135061474
198228,0.6,0.20187890652056598,0.1111111111111111,0.1,8.903782947625185
197297,0.0,0.19031326377064925,0.1,0.1,5.136263104960329
197297,0.1,0.19031326377064925,0.1,0.1,5.136263104960329
197297,0.2,0.19031326377064925,0.1,0.1,5.433209668145517
197297,0.3,0.1200743006121955,0.1,0.1,6.255331370695693
197297,0.4,0.07362322034364344,0.1,0.1,7.361281780803533
197297,0.5,0.0,0.0,0.0,8.17390477503733
197297,0.6,0.0,0.0,0.0,8.626200951973775
183514,0.0,0.25810421612773926,0.2,0.2,2.0846962781068887
183514,0.1,0.26393648411429266,0.2,0.2,2.184729023572525
183514,0.2,0.26393648411429266,0.2,0.2,2.184729023572525
183514,0.3,0.26393648411429266,0.2,0.2,2.184729023572525
183514,0.4,0.26393648411429266,0.2,0.2,2.383728626130506
183514,0.5,0.25035041407674696,0.2,0.2,4.1997907607427605
183514,0.6,0.1200743006121955,0.1,0.1,5.786380906222715
8337,0.0,0.0,0.0,0.0,3.7574191254628984
8337,0.1,0.0,0.0,0.0,3.7574191254628984
8337,0.2,0.0,0.0,0.0,3.7574191254628992
8337,0.3,0.0,0.0,0.0,3.7574191254628992
8337,0.4,0.0,0.0,0.0,4.735091500688135
8337,0.5,0.0,0.0,0.0,6.0859873966784885
8337,0.6,0.0,0.0,0.0,6.641727282789901
29550,0.0,0.05729000096767664,0.1,0.1,2.8488456588039077
29550,0.1,0.05729000096767664,0.1,0.1,2.8488456588039077
29550,0.2,0.05729000096767664,0.1,0.1,2.8488456588039077
29550,0.3,0.0,0.0,0.0,3.1285449412140256
29550,0.4,0.0,0.0,0.0,3.600754432285618
29550,0.5,0.0,0.0,0.0,4.716968238603707
29550,0.6,0.0,0.0,0.0,6.484866255090871
183463,0.0,0.4379165285089751,0.3,0.3,3.4929603585340088
183463,0.1,0.44066367784739624,0.3,0.3,3.4929603585340088
183463,0.2,0.4379165285089751,0.3,0.3,3.72072074019474
183463,0.3,0.3103875643828447,0.2,0.2,3.976525870960163
183463,0.4,0.3103875643828447,0.2,0.2,3.976525870960163
183463,0.5,0.3103875643828447,0.2,0.2,3.976525870960163
183463,0.6,0.37042471468894245,0.3,0.3,4.434898143784325
33540,0.0,0.19031326377064925,0.1,0.1,4.529222499172969
33540,0.1,0.19031326377064925,0.1,0.1,4.83558245212434
33540,0.2,0.19031326377064925,0.1,0.1,5.020886637243311
33540,0.3,0.19031326377064925,0.1,0.1,5.141673932496974
33540,0.4,0.19031326377064925,0.1,0.1,5.141673932496974
33540,0.5,0.19031326377064925,0.1,0.1,5.141673932496974
33540,0.6,0.0,0.0,0.0,10.2159466200755
54542,0.0,0.29225475712528226,0.4,0.4,3.853606922355547
54542,0.1,0.22606985319664472,0.3,0.3,4.118416081150141
54542,0.2,0.13706097493385985,0.2,0.2,4.257914697218904
54542,0.3,0.13122870694730646,0.2,0.2,4.473140428078779
54542,0.4,0.06003715030609775,0.1,0.1,4.66086359523962
54542,0.5,0.0,0.0,0.0,4.838651736517671
54542,0.6,0.0,0.0,0.0,5.500353304907377
200007,0.0,0.33569813265839366,0.4,0.4,1.9366116300372949
200007,0.1,0.33569813265839366,0.4,0.4,1.9366116300372949
200007,0.2,0.3390987369425123,0.4,0.4,2.0137258120115673
200007,0.3,0.33569813265839366,0.4,0.4,2.127175372650295
200007,0.4,0.3080333145931017,0.4,0.4,2.127175372650295
200007,0.5,0.25074331362542507,0.3,0.3,2.9752278748744505
200007,0.6,0.14141417270073348,0.2,0.2,4.11587673314416
191565,0.0,0.4616239214443976,0.42857142857142855,0.3,2.072163358494534
191565,0.1,0.4616239214443976,0.42857142857142855,0.3,2.3017253879558215
191565,0.2,0.4616239214443976,0.42857142857142855,0.3,2.3017253879558215
191565,0.3,0.4616239214443976,0.42857142857142855,0.3,2.4634857736058846
191565,0.4,0.4312081483589565,0.42857142857142855,0.3,2.4634857736058846
191565,0.5,0.34845906590102727,0.2857142857142857,0.2,3.5359090146691314
191565,0.6,0.0,0.0,0.0,5.811718102012332
64119,0.0,0.081963461396457,0.1,0.1,3.6884883083198288
64119,0.1,0.081963461396457,0.1,0.1,3.818357668010003
64119,0.2,0.07362322034364344,0.1,0.1,3.818357668010004
64119,0.3,0.06003715030609775,0.1,0.1,3.818357668010004
64119,0.4,0.0,0.0,0.0,4.147196105200497
64119,0.5,0.0,0.0,0.0,4.5157661178561055
64119,0.6,0.0,0.0,0.0,6.266673781895824
171545,0.0,0.25035041407674696,0.2,0.2,2.383206929100918
171545,0.1,0.18011145091829325,0.2,0.2,2.383206929100918
171545,0.2,0.15244663285300125,0.2,0.2,2.383206929100918
171545,0.3,0.13091322131132005,0.2,0.2,2.3832069291009175
171545,0.4,0.07362322034364344,0.1,0.1,2.9983870328346294
171545,0.5,0.06779095235709003,0.1,0.1,4.6341731567446525
171545,0.6,0.0,0.0,0.0,6.25980897379181
30888,0.0,0.3103875643828447,0.2,0.2,1.9246223390822734
30888,0.1,0.3103875643828447,0.2,0.2,2.0107353586068806
30888,0.2,0.3103875643828447,0.2,0.2,2.1922000408580913
30888,0.3,0.3103875643828447,0.2,0.2,2.192200040858091
30888,0.4,0.3103875643828447,0.2,0.2,2.6861989814866716
30888,0.5,0.2722767251671062,0.2,0.2,3.3754797611591902
30888,0.6,0.09515663188532462,0.1,0.1,5.557505763163445
82416,0.0,0.13603488629504495,0.125,0.1,4.227857081184446
82416,0.1,0.17271023241849473,0.25,0.2,4.279647510564823
82416,0.2,0.1796751613062605,0.25,0.2,4.279647510564823
82416,0.3,0.1796751613062605,0.25,0.2,4.346454659230487
82416,0.4,0.21283678685754479,0.25,0.2,4.4709632333679625
82416,0.5,0.21944429494502007,0.25,0.2,4.559598233830664
82416,0.6,0.15527947317247934,0.25,0.2,5.567688971063814
178706,0.0,0.081963461396457,0.1,0.1,3.4571938889350604
178706,0.1,0.081963461396457,0.1,0.1,3.4571938889350613
178706,0.2,0.06779095235709003,0.1,0.1,3.6805783723354764
178706,0.3,0.06003715030609775,0.1,0.1,3.9200988364867237
178706,0.4,0.06003715030609775,0.1,0.1,4.148274827895293
178706,0.5,0.06343775459021642,0.1,0.1,4.398784294730456
178706,0.6,0.07362322034364344,0.1,0.1,4.6122002883143445
32289,0.0,0.28546989565597386,0.2,0.2,2.5102783240570927
32289,0.1,0.2722767251671062,0.2,0.2,2.5102783240570927
32289,0.2,0.26393648411429266,0.2,0.2,2.5102783240570927
32289,0.3,0.25375101836086567,0.2,0.2,2.5102783240570927
32289,0.4,0.19031326377064925,0.1,0.1,2.9407184200101164
32289,0.5,0.19031326377064925,0.1,0.1,3.9076069184367412
32289,0.6,0.1200743006121955,0.1,0.1,4.616250743618837
194937,0.0,0.4757831594266231,0.3,0.3,8.029597313449752
194937,0.1,0.46258998893775544,0.3,0.3,8.197446632594428
194937,0.2,0.46258998893775544,0.3,0.3,8.197446632594428
194937,0.3,0.45424974788494193,0.3,0.3,8.300113427640634
194937,0.4,0.4379165285089751,0.3,0.3,8.300113427640635
194937,0.5,0.3806265275412985,0.2,0.2,8.515073087214429
194937,0.6,0.3806265275412985,0.2,0.2,9.667573826574747
9489,0.0,0.0,0.0,0.0,2.010116782102861
9489,0.1,0.0,0.0,0.0,2.010116782102861
9489,0.2,0.0,0.0,0.0,2.010116782102861
9489,0.3,0.0,0.0,0.0,2.2397125337049713
9489,0.4,0.0,0.0,0.0,4.304429817409786
9489,0.5,0.0,0.0,0.0,5.989415221454069
9489,0.6,0.0,0.0,0.0,7.4134206417197905
134876,0.0,0.0,0.0,0.0,2.376049863851429
134876,0.1,0.0,0.0,0.0,2.376049863851429
134876,0.2,0.0,0.0,0.0,2.3760498638514296
134876,0.3,0.0,0.0,0.0,3.1213572124211177
134876,0.4,0.0,0.0,0.0,5.146396398252898
134876,0.5,0.0,0.0,0.0,6.1783970733410625
134876,0.6,0.0,0.0,0.0,6.6477786242289785
116098,0.0,0.3788748389864684,0.2857142857142857,0.2,2.3992609541296606
116098,0.1,0.3788748389864684,0.2857142857142857,0.2,2.3992609541296606
116098,0.2,0.3788748389864684,0.2857142857142857,0.2,2.6615712155073226
116098,0.3,0.3788748389864684,0.2857142857142857,0.2,2.9117122619435145
116098,0.4,0.34845906590102727,0.2857142857142857,0.2,3.035827953988372
116098,0.5,0.3221742891674439,0.2857142857142857,0.2,4.102528557292836
116098,0.6,0.07743534797800607,0.14285714285714285,0.1,5.076499116578069
152894,0.0,0.05729000096767664,0.1,0.1,3.568586334289845
152894,0.1,0.05729000096767664,0.1,0.1,3.568586334289845
152894,0.2,0.05729000096767664,0.1,0.1,3.568586334289845
152894,0.3,0.0,0.0,0.0,4.148170786701418
152894,0.4,0.0,0.0,0.0,4.148170786701417
152894,0.5,0.0,0.0,0.0,5.06791832467021
152894,0.6,0.0,0.0,0.0,7.145057130617969
181636,0.0,0.4379165285089751,0.3,0.3,2.352608703815241
181636,0.1,0.4379165285089751,0.3,0.3,2.352608703815241
181636,0.2,0.3806265275412985,0.2,0.2,4.987425022040471
181636,0.3,0.3806265275412985,0.2,0.2,6.524695680505699
181636,0.4,0.3806265275412985,0.2,0.2,9.018583867790262
181636,0.5,0.06003715030609775,0.1,0.1,9.953121108891834
181636,0.6,0.0,0.0,0.0,10.879827313711736
142493,0.0,0.081963461396457,0.1,0.1,2.6367741918150696
142493,0.1,0.06779095235709003,0.1,0.1,2.8091754630523984
142493,0.2,0.05729000096767664,0.1,0.1,2.8091754630523984
142493,0.3,0.0,0.0,0.0,2.9864339971669853
142493,0.4,0.0,0.0,0.0,2.9864339971669858
142493,0.5,0.0,0.0,0.0,4.728359546740488
142493,0.6,0.0,0.0,0.0,6.451021999674916
155562,0.0,0.28546989565597386,0.2,0.2,2.091479938280163
155562,0.1,0.28546989565597386,0.2,0.2,2.3036451347672413
155562,0.2,0.28546989565597386,0.2,0.2,2.5319913361982826
155562,0.3,0.26393648411429266,0.2,0.2,2.7460326670031137
155562,0.4,0.25035041407674696,0.2,0.2,3.109031705192593
155562,0.5,0.25035041407674696,0.2,0.2,5.6602650889984
155562,0.6,0.26393648411429266,0.2,0.2,6.073825102273466
29324,0.0,0.23230604393401819,0.14285714285714285,0.1,1.984637737353225
29324,0.1,0.23230604393401819,0.14285714285714285,0.1,1.984637737353225
29324,0.2,0.23230604393401819,0.14285714285714285,0.1,2.3151156848693217
29324,0.3,0.23230604393401819,0.14285714285714285,0.1,3.060753363470834
29324,0.4,0.23230604393401819,0.14285714285714285,0.1,3.46363918662703
29324,0.5,0.23230604393401819,0.14285714285714285,0.1,5.3348656767726474
29324,0.6,0.06993108739817411,0.14285714285714285,0.1,5.586714773423607
361,0.0,0.0,0.0,0.0,2.2288341272037213
361,0.1,0.0,0.0,0.0,2.2288341272037213
361,0.2,0.0,0.0,0.0,2.2288341272037213
361,0.3,0.0,0.0,0.0,3.1500266651128626
361,0.4,0.0,0.0,0.0,4.8775655366479995
361,0.5,0.0,0.0,0.0,6.436463703872166
361,0.6,0.0,0.0,0.0,7.427160215357871
130778,0.0,0.19031326377064925,0.1,0.1,5.089975393563789
130778,0.1,0.19031326377064925,0.1,0.1,5.089975393563789
130778,0.2,0.19031326377064925,0.1,0.1,5.322967482127877
130778,0.3,0.19031326377064925,0.1,0.1,5.322967482127877
130778,0.4,0.19031326377064925,0.1,0.1,6.748416966898998
130778,0.5,0.09515663188532462,0.1,0.1,8.169562454450574
130778,0.6,0.0,0.0,0.0,9.827167368845938
157334,0.0,0.0,0.0,0.0,3.0070057141601385
157334,0.1,0.0,0.0,0.0,3.1775518149895126
157334,0.2,0.0,0.0,0.0,3.1775518149895126
157334,0.3,0.0,0.0,0.0,3.541370171010454
157334,0.4,0.0,0.0,0.0,3.9456148609514416
157334,0.5,0.0,0.0,0.0,4.697907575278885
157334,0.6,0.0,0.0,0.0,5.679427009911388
149910,0.0,0.0,0.0,0.0,4.00587246832753
149910,0.1,0.0,0.0,0.0,4.231583009908981
149910,0.2,0.0,0.0,0.0,4.4560805805793375
149910,0.3,0.0,0.0,0.0,4.68680066149342
149910,0.4,0.0,0.0,0.0,4.68680066149342
149910,0.5,0.0,0.0,0.0,6.042012553301756
149910,0.6,0.0,0.0,0.0,6.768804110416989
37357,0.0,0.0,0.0,0.0,2.879917076540352
37357,0.1,0.0,0.0,0.0,2.8799170765403517
37357,0.2,0.0,0.0,0.0,3.029279870192875
37357,0.3,0.0,0.0,0.0,3.029279870192875
37357,0.4,0.0,0.0,0.0,3.0292798701928745
37357,0.5,0.0,0.0,0.0,3.7636611066658405
37357,0.6,0.0,0.0,0.0,4.212956925307727
106097,0.0,0.45424974788494193,0.3,0.3,1.5383535004292916
106097,0.1,0.45424974788494193,0.3,0.3,1.5383535004292916
106097,0.2,0.45424974788494193,0.3,0.3,1.5383535004292916
106097,0.3,0.45424974788494193,0.3,0.3,1.625210243102384
106097,0.4,0.45424974788494193,0.3,0.3,1.625210243102384
106097,0.5,0.37042471468894245,0.3,0.3,2.6092218911336635
106097,0.6,0.28546989565597386,0.2,0.2,4.254804765377023
130788,0.0,0.28546989565597386,0.2,0.2,3.755933881226196
130788,0.1,0.3103875643828447,0.2,0.2,3.755933881226196
130788,0.2,0.3103875643828447,0.2,0.2,3.968835706892289
130788,0.3,0.3103875643828447,0.2,0.2,3.968835706892288
130788,0.4,0.26393648411429266,0.2,0.2,4.200276969191889
130788,0.5,0.21588438744321767,0.3,0.3,4.723377452853004
130788,0.6,0.4496410267469783,0.4,0.4,5.685761999111703
197342,0.0,0.0,0.0,0.0,3.741046910424027
197342,0.1,0.0,0.0,0.0,3.741046910424027
197342,0.2,0.0,0.0,0.0,3.8770703288809294
197342,0.3,0.0,0.0,0.0,3.8770703288809294
197342,0.4,0.0,0.0,0.0,3.8770703288809294
197342,0.5,0.0,0.0,0.0,4.756137730561241
197342,0.6,0.0,0.0,0.0,5.594516120902773
50517,0.0,0.06003715030609775,0.1,0.1,4.0571370865248975
50517,0.1,0.05729000096767664,0.1,0.1,4.057137086524898
50517,0.2,0.06003715030609775,0.1,0.1,4.057137086524898
50517,0.3,0.05729000096767664,0.1,0.1,4.212165087771853
50517,0.4,0.0,0.0,0.0,4.348575706343622
50517,0.5,0.0,0.0,0.0,4.4452735670963195
50517,0.6,0.0,0.0,0.0,4.68490412459676
183706,0.0,0.19031326377064925,0.1,0.1,3.548337857267229
183706,0.1,0.19031326377064925,0.1,0.1,3.6662086570588848
183706,0.2,0.19031326377064925,0.1,0.1,3.6662086570588848
183706,0.3,0.19031326377064925,0.1,0.1,3.7196705338284266
183706,0.4,0.19031326377064925,0.1,0.1,3.786677904879531
183706,0.5,0.1200743006121955,0.1,0.1,4.229909453950597
183706,0.6,0.09515663188532462,0.1,0.1,4.939911932719976
63143,0.0,0.0,0.0,0.0,2.0543405919752438
63143,0.1,0.0,0.0,0.0,2.0543405919752438
63143,0.2,0.0,0.0,0.0,2.0543405919752438
63143,0.3,0.0,0.0,0.0,2.054340591975244
63143,0.4,0.0,0.0,0.0,3.8414711565568247
63143,0.5,0.0,0.0,0.0,5.340763348240985
63143,0.6,0.0,0.0,0.0,9.306679864314761
105674,0.0,0.25375101836086567,0.2,0.2,4.373345410308217
105674,0.1,0.19031326377064925,0.1,0.1,4.596357895293094
105674,0.2,0.19031326377064925,0.1,0.1,4.854081920105373
105674,0.3,0.19031326377064925,0.1,0.1,5.07609208001563
105674,0.4,0.19031326377064925,0.1,0.1,5.277232403569847
105674,0.5,0.19031326377064925,0.1,0.1,5.513746376680645
105674,0.6,0.19031326377064925,0.1,0.1,5.513746376680645
2795,0.0,0.0,0.0,0.0,7.621905286810661
2795,0.1,0.0,0.0,0.0,8.179379069781731
2795,0.2,0.0,0.0,0.0,8.4942450348188
2795,0.3,0.0,0.0,0.0,9.08696796109746
2795,0.4,0.0,0.0,0.0,9.334967255209422
2795,0.5,0.0,0.0,0.0,9.552552238749364
2795,0.6,0.0,0.0,0.0,10.147895332492496
156578,0.0,0.5146297957850003,0.375,0.3,5.047780957086449
156578,0.1,0.5146297957850003,0.375,0.3,5.047780957086449
156578,0.2,0.5146297957850003,0.375,0.3,5.047780957086449
156578,0.3,0.508022287697525,0.375,0.3,5.047780957086449
156578,0.4,0.5030904516575294,0.375,0.3,5.378120499411719
156578,0.5,0.43122038713502514,0.25,0.2,5.63308262941643
156578,0.6,0.29901960221748775,0.25,0.2,6.2470380603256
938,0.0,0.19031326377064925,0.1,0.1,4.782114617426662
938,0.1,0.19031326377064925,0.1,0.1,4.920419655373646
938,0.2,0.19031326377064925,0.1,0.1,4.920419655373646
938,0.3,0.19031326377064925,0.1,0.1,5.005957233233569
938,0.4,0.19031326377064925,0.1,0.1,5.005957233233569
938,0.5,0.1200743006121955,0.1,0.1,5.305907315868183
938,0.6,0.0,0.0,0.0,6.317533989295765
8056,0.0,0.28077218886614447,0.2,0.1,2.7024027701130167
8056,0.1,0.28077218886614447,0.2,0.1,2.7024027701130167
8056,0.2,0.28077218886614447,0.2,0.1,2.7024027701130167
8056,0.3,0.28077218886614447,0.2,0.1,2.702402770113017
8056,0.4,0.28077218886614447,0.2,0.1,2.8939730319465005
8056,0.5,0.28077218886614447,0.2,0.1,3.785996113288456
8056,0.6,0.10001307161417165,0.2,0.1,5.645358608403184
156052,0.0,0.0,0.0,0.0,7.0699965189754295
156052,0.1,0.0,0.0,0.0,7.420721062579354
156052,0.2,0.060771606354535226,0.1111111111111111,0.1,7.504545955579692
156052,0.3,0.060771606354535226,0.1111111111111111,0.1,7.504545955579692
156052,0.4,0.060771606354535226,0.1111111111111111,0.1,7.504545955579692
156052,0.5,0.060771606354535226,0.1111111111111111,0.1,7.504545955579691
156052,0.6,0.0,0.0,0.0,7.977065537302359
30021,0.0,0.26393648411429266,0.2,0.2,2.908858212639122
30021,0.1,0.26393648411429266,0.2,0.2,3.213667361914086
30021,0.2,0.26393648411429266,0.2,0.2,3.2925151843064446
30021,0.3,0.26393648411429266,0.2,0.2,3.4703959008580485
30021,0.4,0.16877985222896807,0.2,0.2,3.53741351971282
30021,0.5,0.20485192729094986,0.3,0.3,3.7868896715422773
30021,0.6,0.06343775459021642,0.1,0.1,5.005466257094606
48396,0.0,0.23230604393401819,0.14285714285714285,0.1,5.877627360868102
48396,0.1,0.23230604393401819,0.14285714285714285,0.1,5.877627360868102
48396,0.2,0.23230604393401819,0.14285714285714285,0.1,6.311470433448032
48396,0.3,0.11615302196700909,0.14285714285714285,0.1,6.5520662963078875
48396,0.4,0.08986824523342568,0.14285714285714285,0.1,6.823811292592251
48396,0.5,0.07743534797800607,0.14285714285714285,0.1,6.823811292592251
48396,0.6,0.0,0.0,0.0,7.889025048878383
29110,0.0,0.4733351486252594,0.4,0.4,4.606105011431653
29110,0.1,0.4689819508583858,0.4,0.4,4.606105011431653
29110,0.2,0.40554419626816934,0.3,0.3,4.973967493251769
29110,0.3,0.39235102577930164,0.3,0.3,5.571128028932755
29110,0.4,0.3532608480130639,0.3,0.3,5.8683353852875815
29110,0.5,0.28546989565597386,0.2,0.2,6.362974755887018
29110,0.6,0.2722767251671062,0.2,0.2,7.021292088269301
10440,0.0,0.0,0.0,0.0,4.912660349163913
10440,0.1,0.0,0.0,0.0,4.912660349163913
10440,0.2,0.0,0.0,0.0,4.912660349163913
10440,0.3,0.0,0.0,0.0,5.055281124377532
10440,0.4,0.0,0.0,0.0,5.89114822450629
10440,0.5,0.0,0.0,0.0,7.3326707492613625
10440,0.6,0.0,0.0,0.0,7.382891816442568
119507,0.0,0.05729000096767664,0.1,0.1,4.478290334332369
119507,0.1,0.05729000096767664,0.1,0.1,4.478290334332369
119507,0.2,0.05729000096767664,0.1,0.1,4.478290334332369
119507,0.3,0.0,0.0,0.0,4.962902853404507
119507,0.4,0.0,0.0,0.0,4.996512893708628
119507,0.5,0.0,0.0,0.0,5.174418046115656
119507,0.6,0.0,0.0,0.0,6.08986014275287
104555,0.0,0.08857376396551761,0.2,0.1,2.652267594448869
104555,0.1,0.08857376396551761,0.2,0.1,2.786250766701471
104555,0.2,0.08452085079694195,0.2,0.1,2.7862507667014715
104555,0.3,0.08857376396551761,0.2,0.1,2.8896262077312826
104555,0.4,0.09359072962204816,0.2,0.1,3.120318772632264
104555,0.5,0.0,0.0,0.0,4.43124584163753
104555,0.6,0.0,0.0,0.0,5.311869851215347
108665,0.0,0.5007008281534939,0.3,0.3,2.1265642896782055
108665,0.1,0.5007008281534939,0.3,0.3,2.194481735834185
108665,0.2,0.5007008281534939,0.3,0.3,2.3980502953151883
108665,0.3,0.5007008281534939,0.3,0.3,2.7766770444697295
108665,0.4,0.4757831594266231,0.3,0.3,2.9410769391680835
108665,0.5,0.28546989565597386,0.2,0.2,3.965640759872054
108665,0.6,0.1200743006121955,0.1,0.1,4.225560953681464
111115,0.0,0.0,0.0,0.0,3.609727738589932
111115,0.1,0.0,0.0,0.0,3.609727738589932
111115,0.2,0.0,0.0,0.0,3.726382370888666
111115,0.3,0.0,0.0,0.0,3.9057794733759104
111115,0.4,0.0,0.0,0.0,4.023067354822226
111115,0.5,0.0,0.0,0.0,4.522737149532989
111115,0.6,0.0,0.0,0.0,4.522737149532989
173028,0.0,0.0,0.0,0.0,4.054904211503049
173028,0.1,0.0,0.0,0.0,4.35463507410511
173028,0.2,0.0,0.0,0.0,4.632674132537757
173028,0.3,0.0,0.0,0.0,4.736727878316717
173028,0.4,0.0,0.0,0.0,5.177416334759679
173028,0.5,0.0,0.0,0.0,5.616263974118281
173028,0.6,0.0,0.0,0.0,6.1669305033717015
138653,0.0,0.23230604393401819,0.14285714285714285,0.1,1.9496689462321473
138653,0.1,0.23230604393401819,0.14285714285714285,0.1,1.9496689462321473
138653,0.2,0.23230604393401819,0.14285714285714285,0.1,1.9496689462321473
138653,0.3,0.23230604393401819,0.14285714285714285,0.1,1.9496689462321473
138653,0.4,0.23230604393401819,0.14285714285714285,0.1,2.0864077675176658
138653,0.5,0.23230604393401819,0.14285714285714285,0.1,2.7969248748507787
138653,0.6,0.14656879505245024,0.14285714285714285,0.1,4.103170580882489
32205,0.0,0.5007008281534939,0.3,0.3,1.9135901076105992
32205,0.1,0.5007008281534939,0.3,0.3,2.0729598129463693
32205,0.2,0.5007008281534939,0.3,0.3,2.0729598129463693
32205,0.3,0.5007008281534939,0.3,0.3,2.4996076166960104
32205,0.4,0.5007008281534939,0.3,0.3,3.303744569976564
32205,0.5,0.40554419626816934,0.3,0.3,3.9409403987538476
32205,0.6,0.06779095235709003,0.1,0.1,4.760570791760428
34600,0.0,0.44406428213151494,0.3,0.3,2.4390287328697102
34600,0.1,0.37382531897306115,0.3,0.3,2.5949618632076143
34600,0.2,0.37382531897306115,0.3,0.3,2.7776096687473717
34600,0.3,0.34275989662365053,0.3,0.3,2.7776096687473713
34600,0.4,0.28546989565597386,0.2,0.2,3.1673086813978792
34600,0.5,0.25810421612773926,0.2,0.2,3.6105673539685847
34600,0.6,0.0,0.0,0.0,4.601951938012808
98789,0.0,0.0,0.0,0.0,2.1583336676972245
98789,0.1,0.0,0.0,0.0,2.158333667697225
98789,0.2,0.0,0.0,0.0,2.158333667697225
98789,0.3,0.0,0.0,0.0,2.7103057889665396
98789,0.4,0.0,0.0,0.0,3.444913038446635
98789,0.5,0.0,0.0,0.0,5.985036299521035
98789,0.6,0.0,0.0,0.0,6.298725189866692
36574,0.0,0.0,0.0,0.0,6.019945225652348
36574,0.1,0.0,0.0,0.0,6.1862260377827045
36574,0.2,0.0,0.0,0.0,6.289357591829324
36574,0.3,0.0,0.0,0.0,6.349618513660312
36574,0.4,0.0,0.0,0.0,6.558873529411623
36574,0.5,0.0,0.0,0.0,6.558873529411623
36574,0.6,0.0,0.0,0.0,6.8429529319742315
130884,0.0,0.0,0.0,0.0,4.726470003901429
130884,0.1,0.0,0.0,0.0,4.726470003901429
130884,0.2,0.0,0.0,0.0,4.726470003901429
130884,0.3,0.0,0.0,0.0,4.72647000390143
130884,0.4,0.0,0.0,0.0,4.963012223472999
130884,0.5,0.0,0.0,0.0,5.25606064332195
130884,0.6,0.0,0.0,0.0,5.402056680210676
61425,0.0,0.2532633541065531,0.16666666666666666,0.1,2.509390010167667
61425,0.1,0.2532633541065531,0.16666666666666666,0.1,3.0264322000046002
61425,0.2,0.2532633541065531,0.16666666666666666,0.1,3.934039542499054
61425,0.3,0.2532633541065531,0.16666666666666666,0.1,4.793629320528892
61425,0.4,0.2532633541065531,0.16666666666666666,0.1,6.633672248753046
61425,0.5,0.2532633541065531,0.16666666666666666,0.1,6.79278768219659
61425,0.6,0.12663167705327655,0.16666666666666666,0.1,7.233029048993501
48516,0.0,0.5007008281534939,0.3,0.3,2.197406662146478
48516,0.1,0.5007008281534939,0.3,0.3,2.288671318282023
48516,0.2,0.4757831594266231,0.3,0.3,2.288671318282023
48516,0.3,0.4757831594266231,0.3,0.3,2.288671318282023
48516,0.4,0.3806265275412985,0.2,0.2,8.21168387220767
48516,0.5,0.19031326377064925,0.1,0.1,9.659144400227065
48516,0.6,0.0,0.0,0.0,10.349640636526855
71504,0.0,0.06003715030609775,0.1,0.1,3.465288948066527
71504,0.1,0.0,0.0,0.0,3.7270922949230636
71504,0.2,0.0,0.0,0.0,3.7270922949230636
71504,0.3,0.0,0.0,0.0,4.10369159513944
71504,0.4,0.0,0.0,0.0,4.3581676403564185
71504,0.5,0.0,0.0,0.0,4.796812947517622
71504,0.6,0.0,0.0,0.0,7.211387361873015
181439,0.0,0.0,0.0,0.0,4.3824087363744635
181439,0.1,0.0,0.0,0.0,4.4959419425362395
181439,0.2,0.0,0.0,0.0,4.4959419425362395
181439,0.3,0.0,0.0,0.0,4.764277622691601
181439,0.4,0.0,0.0,0.0,4.764277622691601
181439,0.5,0.0,0.0,0.0,5.5694397787576
181439,0.6,0.0,0.0,0.0,7.0554825859316805
107037,0.0,0.0,0.0,0.0,2.3252661289459273
107037,0.1,0.0,0.0,0.0,2.556805718032987
107037,0.2,0.0,0.0,0.0,2.5568057180329875
107037,0.3,0.0,0.0,0.0,2.8151799725422775
107037,0.4,0.0,0.0,0.0,2.815179972542278
107037,0.5,0.0,0.0,0.0,3.7389704775718022
107037,0.6,0.0,0.0,0.0,5.0791941375445795
108233,0.0,0.6461020441401674,0.5,0.5,2.288353318157809
108233,0.1,0.6562875098935943,0.5,0.5,2.4355896728788458
108233,0.2,0.6562875098935943,0.5,0.5,2.50234950495186
108233,0.3,0.669480680382462,0.5,0.5,2.50234950495186
108233,0.4,0.6636484123959087,0.5,0.5,2.647093937902178
108233,0.5,0.6531474610064952,0.5,0.5,3.4255497690971
108233,0.6,0.4903218229469238,0.5,0.5,4.421980689006324
158316,0.0,0.07362322034364344,0.1,0.1,1.930421085326935
158316,0.1,0.07362322034364344,0.1,0.1,2.0633468163325377
158316,0.2,0.06779095235709003,0.1,0.1,2.2160577602371934
158316,0.3,0.0,0.0,0.0,2.405788243932536
158316,0.4,0.0,0.0,0.0,2.405788243932536
158316,0.5,0.0,0.0,0.0,3.5612014885046195
158316,0.6,0.0,0.0,0.0,3.8484229841818447
112974,0.0,0.568491780510584,0.4,0.4,2.786456728886896
112974,0.1,0.568491780510584,0.4,0.4,3.039152302452179
112974,0.2,0.5607379784595917,0.4,0.4,3.039152302452178
112974,0.3,0.5607379784595917,0.4,0.4,3.2808611913424115
112974,0.4,0.5057074808660652,0.4,0.4,3.6007074917290636
112974,0.5,0.3806265275412985,0.2,0.2,4.917396614394697
112974,0.6,0.28546989565597386,0.2,0.2,5.296790559726821
51988,0.0,0.4757831594266231,0.3,0.3,3.7951883731151796
51988,0.1,0.5007008281534939,0.3,0.3,3.7951883731151796
51988,0.2,0.5007008281534939,0.3,0.3,3.8849263133530827
51988,0.3,0.5007008281534939,0.3,0.3,3.9599391157378916
51988,0.4,0.5007008281534939,0.3,0.3,4.412361831989355
51988,0.5,0.5007008281534939,0.3,0.3,4.562694636844365
51988,0.6,0.45424974788494193,0.3,0.3,5.66873967966802
137936,0.0,0.0,0.0,0.0,4.114256621652118
137936,0.1,0.0,0.0,0.0,4.114256621652118
137936,0.2,0.0,0.0,0.0,4.495811323217185
137936,0.3,0.0,0.0,0.0,5.441350616018079
137936,0.4,0.0,0.0,0.0,6.013238090762995
137936,0.5,0.0,0.0,0.0,6.764867534442845
137936,0.6,0.0,0.0,0.0,7.123046592366474
200908,0.0,0.0,0.0,0.0,3.240249577149789
200908,0.1,0.0,0.0,0.0,3.528601000323067
200908,0.2,0.0,0.0,0.0,4.331826041699383
200908,0.3,0.0,0.0,0.0,4.331826041699383
200908,0.4,0.0,0.0,0.0,4.991679500414416
200908,0.5,0.0,0.0,0.0,5.697919988618129
200908,0.6,0.0,0.0,0.0,6.080142310267181
118913,0.0,0.45424974788494193,0.3,0.3,1.9581582638798274
118913,0.1,0.5118552344886049,0.4,0.4,2.131378268506336
118913,0.2,0.46258998893775544,0.3,0.3,2.202033451368229
118913,0.3,0.46258998893775544,0.3,0.3,2.2948900163567894
118913,0.4,0.4757831594266231,0.3,0.3,2.544886702064693
118913,0.5,0.5007008281534939,0.3,0.3,5.662131700125943
118913,0.6,0.06003715030609775,0.1,0.1,6.953210199439731
73862,0.0,0.3103875643828447,0.2,0.2,3.9694742010888318
73862,0.1,0.3103875643828447,0.2,0.2,4.228128444184666
73862,0.2,0.3103875643828447,0.2,0.2,4.228128444184666
73862,0.3,0.3103875643828447,0.2,0.2,4.228128444184667
73862,0.4,0.26393648411429266,0.2,0.2,4.45491123272579
73862,0.5,0.19031326377064925,0.1,0.1,5.024045717274114
73862,0.6,0.19031326377064925,0.1,0.1,6.727793875288048
188859,0.0,0.1200743006121955,0.1,0.1,5.63185025670399
188859,0.1,0.081963461396457,0.1,0.1,6.211500625066268
188859,0.2,0.07362322034364344,0.1,0.1,7.281878619941361
188859,0.3,0.0,0.0,0.0,8.524094168685043
188859,0.4,0.0,0.0,0.0,9.328293262599924
188859,0.5,0.0,0.0,0.0,10.352514310373472
188859,0.6,0.0,0.0,0.0,10.352514310373472
29511,0.0,0.1200743006121955,0.1,0.1,3.2438307675673874
29511,0.1,0.1200743006121955,0.1,0.1,3.2438307675673874
29511,0.2,0.081963461396457,0.1,0.1,3.2438307675673874
29511,0.3,0.081963461396457,0.1,0.1,3.399680638586706
29511,0.4,0.07362322034364344,0.1,0.1,3.399680638586706
29511,0.5,0.06343775459021642,0.1,0.1,3.605300652463753
29511,0.6,0.0,0.0,0.0,4.47531641296082
5316,0.0,0.37382531897306115,0.3,0.3,1.7398377017645636
5316,0.1,0.37382531897306115,0.3,0.3,1.7398377017645636
5316,0.2,0.3103875643828447,0.2,0.2,1.9030820508936999
5316,0.3,0.3103875643828447,0.2,0.2,1.9030820508936999
5316,0.4,0.28546989565597386,0.2,0.2,2.7062002294623104
5316,0.5,0.19031326377064925,0.1,0.1,4.35216563211541
5316,0.6,0.0,0.0,0.0,4.9513257397798744
116790,0.0,0.0,0.0,0.0,2.1829835719123443
116790,0.1,0.0,0.0,0.0,2.3180973767602397
116790,0.2,0.0,0.0,0.0,2.4443384709709592
116790,0.3,0.0,0.0,0.0,3.7127831237259294
116790,0.4,0.0,0.0,0.0,4.464145915345373
116790,0.5,0.0,0.0,0.0,4.843484468100717
116790,0.6,0.0,0.0,0.0,6.84889525169911
123643,0.0,0.06801744314752248,0.125,0.1,6.202203280759282
123643,0.1,0.0718700645225042,0.125,0.1,6.202203280759281
123643,0.2,0.07680190056249983,0.125,0.1,6.30457618793835
123643,0.3,0.08340940864997513,0.125,0.1,6.304576187938351
123643,0.4,0.08340940864997513,0.125,0.1,6.304576187938351
123643,0.5,0.08340940864997513,0.125,0.1,6.5040762353619375
123643,0.6,0.06801744314752248,0.125,0.1,7.881995974245029
45226,0.0,0.3806265275412985,0.2,0.2,2.00016876912217
45226,0.1,0.3806265275412985,0.2,0.2,2.00016876912217
45226,0.2,0.3806265275412985,0.2,0.2,2.5086065669761455
45226,0.3,0.3806265275412985,0.2,0.2,2.915828276796833
45226,0.4,0.3806265275412985,0.2,0.2,3.3697825647063873
45226,0.5,0.3103875643828447,0.2,0.2,4.178404895881301
45226,0.6,0.05729000096767664,0.1,0.1,4.535951899990448
131930,0.0,0.19031326377064925,0.1,0.1,5.080256740571328
131930,0.1,0.19031326377064925,0.1,0.1,5.080256740571328
131930,0.2,0.19031326377064925,0.1,0.1,5.378738808099486
131930,0.3,0.19031326377064925,0.1,0.1,5.985303092755832
131930,0.4,0.19031326377064925,0.1,0.1,6.5769206642049785
131930,0.5,0.19031326377064925,0.1,0.1,6.5769206642049785
131930,0.6,0.081963461396457,0.1,0.1,6.710987129951873
135218,0.0,0.5958574600388186,0.4,0.4,2.213712583767836
135218,0.1,0.5958574600388186,0.4,0.4,2.213712583767836
135218,0.2,0.5958574600388186,0.4,0.4,2.2137125837678355
135218,0.3,0.5958574600388186,0.4,0.4,2.2993993740436856
135218,0.4,0.5743240484971374,0.4,0.4,2.479954506183168
135218,0.5,0.5579908291211706,0.4,0.4,4.699309026558687
135218,0.6,0.20485192729094986,0.3,0.3,6.028091474370955
36902,0.0,0.19031326377064925,0.1,0.1,2.308691391403243
36902,0.1,0.19031326377064925,0.1,0.1,2.308691391403243
36902,0.2,0.19031326377064925,0.1,0.1,2.347747609838501
36902,0.3,0.19031326377064925,0.1,0.1,2.8474758152755397
36902,0.4,0.19031326377064925,0.1,0.1,2.9950854936433786
36902,0.5,0.19031326377064925,0.1,0.1,4.820504365587401
36902,0.6,0.06343775459021642,0.1,0.1,5.749055531146856
56519,0.0,0.0,0.0,0.0,2.0137654200995145
56519,0.1,0.0,0.0,0.0,2.152259091467474
56519,0.2,0.0,0.0,0.0,2.152259091467474
56519,0.3,0.0,0.0,0.0,2.268660885483051
56519,0.4,0.0,0.0,0.0,2.484097705768852
56519,0.5,0.0,0.0,0.0,3.086668647107056
56519,0.6,0.0,0.0,0.0,3.652675187880874
104518,0.0,0.08986824523342568,0.14285714285714285,0.1,3.7252812426619095
104518,0.1,0.08986824523342568,0.14285714285714285,0.1,3.7252812426619095
104518,0.2,0.08986824523342568,0.14285714285714285,0.1,5.036565449149944
104518,0.3,0.07328439752622512,0.14285714285714285,0.1,6.462749983966569
104518,0.4,0.0,0.0,0.0,7.507550930911191
104518,0.5,0.0,0.0,0.0,9.557004004608004
104518,0.6,0.0,0.0,0.0,10.764922870694337
87925,0.0,0.081963461396457,0.1,0.1,1.8898841386269774
87925,0.1,0.09515663188532462,0.1,0.1,2.033764744993592
87925,0.2,0.09515663188532462,0.1,0.1,2.033764744993592
87925,0.3,0.19031326377064925,0.1,0.1,2.033764744993592
87925,0.4,0.19031326377064925,0.1,0.1,2.408557457715145
87925,0.5,0.19031326377064925,0.1,0.1,3.4266609450887815
87925,0.6,0.0,0.0,0.0,5.302684793217731
182633,0.0,0.3800937667159343,0.3333333333333333,0.1,2.1770127925613436
182633,0.1,0.3800937667159343,0.3333333333333333,0.1,2.210501444631243
182633,0.2,0.3800937667159343,0.3333333333333333,0.1,4.714514622176933
182633,0.3,0.3800937667159343,0.3333333333333333,0.1,7.686632031058998
182633,0.4,0.3800937667159343,0.3333333333333333,0.1,7.686632031058998
182633,0.5,0.3800937667159343,0.3333333333333333,0.1,7.686632031058998
182633,0.6,0.11990623328406573,0.3333333333333333,0.1,7.710221858648626
139975,0.0,0.3800937667159343,0.3333333333333333,0.1,3.931859947098966
139975,0.1,0.3800937667159343,0.3333333333333333,0.1,4.192066308298926
139975,0.2,0.3800937667159343,0.3333333333333333,0.1,4.192066308298926
139975,0.3,0.3800937667159343,0.3333333333333333,0.1,4.1920663082989265
139975,0.4,0.3800937667159343,0.3333333333333333,0.1,4.562380354636725
139975,0.5,0.3800937667159343,0.3333333333333333,0.1,5.197372935502786
139975,0.6,0.23981246656813146,0.3333333333333333,0.1,5.802566342317931
109034,0.0,0.19031326377064925,0.1,0.1,3.3587414705503598
109034,0.1,0.19031326377064925,0.1,0.1,3.3587414705503598
109034,0.2,0.19031326377064925,0.1,0.1,3.3587414705503598
109034,0.3,0.19031326377064925,0.1,0.1,3.7960361730528662
109034,0.4,0.19031326377064925,0.1,0.1,4.539336688986497
109034,0.5,0.1200743006121955,0.1,0.1,4.91963939790127
109034,0.6,0.0,0.0,0.0,5.375311812850078
49742,0.0,0.0,0.0,0.0,3.242783104596564
49742,0.1,0.0,0.0,0.0,3.242783104596564
49742,0.2,0.0,0.0,0.0,3.3840398395198337
49742,0.3,0.0,0.0,0.0,3.4827157747583875
49742,0.4,0.0,0.0,0.0,3.8023187081601173
49742,0.5,0.0,0.0,0.0,4.087017373860123
49742,0.6,0.0,0.0,0.0,4.380838616245086
33896,0.0,0.0,0.0,0.0,4.527179980498227
33896,0.1,0.0,0.0,0.0,4.696032504409071
33896,0.2,0.0,0.0,0.0,4.696032504409071
33896,0.3,0.0,0.0,0.0,4.696032504409071
33896,0.4,0.0,0.0,0.0,4.84654448325923
33896,0.5,0.0,0.0,0.0,4.84654448325923
33896,0.6,0.0,0.0,0.0,5.321271458241588
9437,0.0,0.25035041407674696,0.2,0.2,2.6316895544946766
9437,0.1,0.19031326377064925,0.1,0.1,2.82056627406205
9437,0.2,0.19031326377064925,0.1,0.1,2.8205662740620503
9437,0.3,0.1200743006121955,0.1,0.1,3.2081677783518203
9437,0.4,0.07362322034364344,0.1,0.1,3.400576303743759
9437,0.5,0.0,0.0,0.0,4.152346505672211
9437,0.6,0.0,0.0,0.0,4.731079443974918
111739,0.0,0.5958574600388186,0.4,0.4,2.483588524938728
111739,0.1,0.5826642895499509,0.4,0.4,2.4835885249387277
111739,0.2,0.5826642895499509,0.4,0.4,2.4835885249387277
111739,0.3,0.6461020441401674,0.5,0.5,2.96291058074149
111739,0.4,0.6319295351008004,0.5,0.5,3.19394272201945
111739,0.5,0.41329799831916164,0.4,0.4,4.204296014005444
111739,0.6,0.1200743006121955,0.1,0.1,5.681930878976662
144002,0.0,0.2626505128751012,0.2222222222222222,0.2,2.936399339919324
144002,0.1,0.2626505128751012,0.2222222222222222,0.2,2.936399339919324
144002,0.2,0.2626505128751012,0.2222222222222222,0.2,2.936399339919324
144002,0.3,0.20187890652056598,0.1111111111111111,0.1,3.0964103463107087
144002,0.4,0.20187890652056598,0.1111111111111111,0.1,3.3907280856128414
144002,0.5,0.20187890652056598,0.1111111111111111,0.1,3.716458754869584
144002,0.6,0.20187890652056598,0.1111111111111111,0.1,4.204254168564839
73360,0.0,0.06343775459021642,0.1,0.1,3.1163586605195532
73360,0.1,0.06343775459021642,0.1,0.1,3.1163586605195532
73360,0.2,0.06343775459021642,0.1,0.1,3.1163586605195532
73360,0.3,0.06343775459021642,0.1,0.1,3.6889746475519916
73360,0.4,0.06779095235709003,0.1,0.1,3.6889746475519916
73360,0.5,0.0,0.0,0.0,7.921748675774782
73360,0.6,0.0,0.0,0.0,9.149221671380003
132695,0.0,0.0,0.0,0.0,2.4093064585565256
132695,0.1,0.0,0.0,0.0,2.4093064585565256
132695,0.2,0.0,0.0,0.0,2.4093064585565256
132695,0.3,0.0,0.0,0.0,2.4093064585565256
132695,0.4,0.0,0.0,0.0,2.4093064585565256
132695,0.5,0.0,0.0,0.0,3.5300506768680906
132695,0.6,0.0,0.0,0.0,7.216020235224709
39356,0.0,0.06779095235709003,0.1,0.1,1.9360681384540914
39356,0.1,0.06779095235709003,0.1,0.1,1.936068138454091
39356,0.2,0.07362322034364344,0.1,0.1,2.3196149536584083
39356,0.3,0.06779095235709003,0.1,0.1,2.4958997244661365
39356,0.4,0.05729000096767664,0.1,0.1,2.9066837823194236
39356,0.5,0.0,0.0,0.0,3.8932218512090673
39356,0.6,0.0,0.0,0.0,4.5702514086100265
62396,0.0,0.19031326377064925,0.1,0.1,2.157384548843015
62396,0.1,0.19031326377064925,0.1,0.1,2.157384548843015
62396,0.2,0.19031326377064925,0.1,0.1,2.157384548843015
62396,0.3,0.19031326377064925,0.1,0.1,2.2938958004543095
62396,0.4,0.1200743006121955,0.1,0.1,2.2938958004543095
62396,0.5,0.09515663188532462,0.1,0.1,6.144881597996369
62396,0.6,0.0,0.0,0.0,8.510931218746407
191157,0.0,0.28546989565597386,0.2,0.2,3.0167869964275296
191157,0.1,0.28546989565597386,0.2,0.2,3.310002054297867
191157,0.2,0.26393648411429266,0.2,0.2,3.310002054297867
191157,0.3,0.25375101836086567,0.2,0.2,3.6024670391424953
191157,0.4,0.25035041407674696,0.2,0.2,3.9846250851101233
191157,0.5,0.2722767251671062,0.2,0.2,3.9846250851101246
191157,0.6,0.15859438647554103,0.2,0.2,5.253553543540006
190082,0.0,0.19031326377064925,0.1,0.1,2.720327858124415
190082,0.1,0.19031326377064925,0.1,0.1,2.720327858124415
190082,0.2,0.19031326377064925,0.1,0.1,2.7203278581244144
190082,0.3,0.19031326377064925,0.1,0.1,2.963388997606734
190082,0.4,0.19031326377064925,0.1,0.1,3.358165436808168
190082,0.5,0.25810421612773926,0.2,0.2,4.495874994602626
190082,0.6,0.2786686870877365,0.3,0.3,5.879712694355491
21959,0.0,0.07362322034364344,0.1,0.1,4.814459443490875
21959,0.1,0.07362322034364344,0.1,0.1,4.8144594434908745
21959,0.2,0.07362322034364344,0.1,0.1,4.888817514923089
21959,0.3,0.081963461396457,0.1,0.1,4.888817514923089
21959,0.4,0.081963461396457,0.1,0.1,4.94366833529059
21959,0.5,0.081963461396457,0.1,0.1,5.14380806363477
21959,0.6,0.09515663188532462,0.1,0.1,5.411788366030921
11470,0.0,0.19031326377064925,0.1,0.1,1.88283938529767
11470,0.1,0.19031326377064925,0.1,0.1,1.88283938529767
11470,0.2,0.2476032647383259,0.2,0.2,1.9022723486370559
11470,0.3,0.19031326377064925,0.1,0.1,2.0178960262554715
11470,0.4,0.17736430157987212,0.2,0.2,2.7508315393256733
11470,0.5,0.25375101836086567,0.2,0.2,3.8355171178986884
11470,0.6,0.19031326377064925,0.1,0.1,5.268100711587907
137463,0.0,0.19031326377064925,0.1,0.1,2.4004782915129783
137463,0.1,0.2476032647383259,0.2,0.2,2.525658257146833
137463,0.2,0.25035041407674696,0.2,0.2,2.525658257146833
137463,0.3,0.19031326377064925,0.1,0.1,3.281447944815954
137463,0.4,0.19031326377064925,0.1,0.1,3.7931079670490746
137463,0.5,0.19031326377064925,0.1,0.1,6.33235768230436
137463,0.6,0.0,0.0,0.0,7.319957444965676
181194,0.0,0.4757831594266231,0.3,0.3,2.804158595278981
181194,0.1,0.519879989905432,0.4,0.4,2.9323153988175092
181194,0.2,0.45424974788494193,0.3,0.3,3.0255232183672995
181194,0.3,0.37382531897306115,0.3,0.3,3.0255232183672995
181194,0.4,0.3103875643828447,0.2,0.2,3.529063595845783
181194,0.5,0.2722767251671062,0.2,0.2,3.841108927564926
181194,0.6,0.06779095235709003,0.1,0.1,4.43526471629174
13974,0.0,0.1200743006121955,0.1,0.1,2.819174069915545
13974,0.1,0.1200743006121955,0.1,0.1,2.819174069915545
13974,0.2,0.1200743006121955,0.1,0.1,3.6996571858260467
13974,0.3,0.1200743006121955,0.1,0.1,4.9778934169979046
13974,0.4,0.07362322034364344,0.1,0.1,5.530180666602728
13974,0.5,0.05729000096767664,0.1,0.1,6.552768907062206
13974,0.6,0.0,0.0,0.0,6.970501230121023
58222,0.0,0.0,0.0,0.0,2.5901738746540373
58222,0.1,0.0,0.0,0.0,2.924344345150691
58222,0.2,0.0,0.0,0.0,3.1646287923729313
58222,0.3,0.0,0.0,0.0,3.3980241952307244
58222,0.4,0.05729000096767664,0.1,0.1,3.816711438915015
58222,0.5,0.05729000096767664,0.1,0.1,4.766468350417441
58222,0.6,0.0,0.0,0.0,5.471385164779891
77112,0.0,0.3806265275412985,0.2,0.2,4.935449153858775
77112,0.1,0.3103875643828447,0.2,0.2,5.101656569992431
77112,0.2,0.26393648411429266,0.2,0.2,5.101656569992431
77112,0.3,0.25035041407674696,0.2,0.2,5.777844395358246
77112,0.4,0.19031326377064925,0.1,0.1,6.425257180529384
77112,0.5,0.19031326377064925,0.1,0.1,6.913046206623837
77112,0.6,0.19031326377064925,0.1,0.1,7.059226403285313
85221,0.0,0.0,0.0,0.0,3.910158572895358
85221,0.1,0.0,0.0,0.0,3.910158572895358
85221,0.2,0.0,0.0,0.0,3.910158572895358
85221,0.3,0.0,0.0,0.0,4.367182413347682
85221,0.4,0.0,0.0,0.0,5.02805669399643
85221,0.5,0.0,0.0,0.0,5.495171036834668
85221,0.6,0.0,0.0,0.0,6.482142017166689
103564,0.0,0.09515663188532462,0.1,0.1,2.982035757210638
103564,0.1,0.09515663188532462,0.1,0.1,2.982035757210638
103564,0.2,0.09515663188532462,0.1,0.1,3.190915434900912
103564,0.3,0.081963461396457,0.1,0.1,3.190915434900912
103564,0.4,0.07362322034364344,0.1,0.1,3.246817712822023
103564,0.5,0.0,0.0,0.0,3.9922576818966924
103564,0.6,0.0,0.0,0.0,5.372627525819186
18959,0.0,0.0,0.0,0.0,3.3747216437643672
18959,0.1,0.0,0.0,0.0,3.3747216437643672
18959,0.2,0.0,0.0,0.0,3.5605036426684267
18959,0.3,0.0,0.0,0.0,3.6872521480635436
18959,0.4,0.0,0.0,0.0,3.6872521480635436
18959,0.5,0.0,0.0,0.0,4.324542890938782
18959,0.6,0.0,0.0,0.0,5.360381113275371
147999,0.0,0.0,0.0,0.0,6.1752109351038555
147999,0.1,0.0,0.0,0.0,6.1752109351038555
147999,0.2,0.0,0.0,0.0,6.1752109351038555
147999,0.3,0.0,0.0,0.0,6.1752109351038555
147999,0.4,0.0,0.0,0.0,6.369148648240088
147999,0.5,0.0,0.0,0.0,7.08362410312281
147999,0.6,0.05729000096767664,0.1,0.1,7.414696401346603
144240,0.0,0.36743335705243085,0.3,0.3,2.6263416505401294
144240,0.1,0.34006767752419625,0.3,0.3,2.6263416505401294
144240,0.2,0.33231387547320396,0.3,0.3,2.6263416505401294
144240,0.3,0.33231387547320396,0.3,0.3,2.6263416505401294
144240,0.4,0.2722767251671062,0.2,0.2,2.9413567329108234
144240,0.5,0.25035041407674696,0.2,0.2,4.196531295560107
144240,0.6,0.19031326377064925,0.1,0.1,4.827414300514279
30965,0.0,0.45424974788494193,0.3,0.3,2.091571700586761
30965,0.1,0.46258998893775544,0.3,0.3,2.091571700586761
30965,0.2,0.39235102577930164,0.3,0.3,2.243487894406558
30965,0.3,0.36743335705243085,0.3,0.3,2.6885576503538826
30965,0.4,0.36743335705243085,0.3,0.3,2.688557650353883
30965,0.5,0.3239736344203904,0.3,0.3,3.173719113046074
30965,0.6,0.19031326377064925,0.1,0.1,4.008425364178798
116384,0.0,0.0,0.0,0.0,2.052891025627193
116384,0.1,0.0,0.0,0.0,2.4621828001982884
116384,0.2,0.0,0.0,0.0,2.5418411620256145
116384,0.3,0.0,0.0,0.0,2.5418411620256145
116384,0.4,0.0,0.0,0.0,3.0058748324550786
116384,0.5,0.0,0.0,0.0,4.628561265869589
116384,0.6,0.0,0.0,0.0,6.251666888764896
198618,0.0,0.40554419626816934,0.3,0.3,2.5287604079158705
198618,0.1,0.40554419626816934,0.3,0.3,2.599885933530196
198618,0.2,0.40554419626816934,0.3,0.3,2.599885933530196
198618,0.3,0.40554419626816934,0.3,0.3,2.599885933530196
198618,0.4,0.39235102577930164,0.3,0.3,2.783444969698901
198618,0.5,0.37817851673993474,0.3,0.3,3.212543653048596
198618,0.6,0.2786686870877365,0.3,0.3,3.907403718026349
67087,0.0,0.25810421612773926,0.2,0.2,4.381831883880941
67087,0.1,0.25810421612773926,0.2,0.2,4.381831883880941
67087,0.2,0.32956672613478283,0.3,0.3,4.460784145847463
67087,0.3,0.2722767251671062,0.2,0.2,4.729720076029884
67087,0.4,0.2722767251671062,0.2,0.2,4.893605409004506
67087,0.5,0.2722767251671062,0.2,0.2,5.552420060665116
67087,0.6,0.19031326377064925,0.1,0.1,6.404361226114418
170953,0.0,0.32154197071795565,0.3,0.3,3.336325442621265
170953,0.1,0.3273742387045091,0.3,0.3,3.535745280680915
170953,0.2,0.3239736344203904,0.3,0.3,3.77767939118901
170953,0.3,0.28546989565597386,0.2,0.2,4.066160362626817
170953,0.4,0.3103875643828447,0.2,0.2,4.066160362626816
170953,0.5,0.3103875643828447,0.2,0.2,4.343362014239234
170953,0.6,0.2152309324975201,0.2,0.2,5.477942388178302
30578,0.0,0.2722767251671062,0.2,0.2,2.0428888047186087
30578,0.1,0.3103875643828447,0.2,0.2,2.0428888047186087
30578,0.2,0.28546989565597386,0.2,0.2,2.042888804718609
30578,0.3,0.2722767251671062,0.2,0.2,2.2703119725068595
30578,0.4,0.25375101836086567,0.2,0.2,4.023806737163666
30578,0.5,0.19031326377064925,0.1,0.1,5.939022139237265
30578,0.6,0.0,0.0,0.0,6.629516408457688
190532,0.0,0.13706097493385985,0.2,0.2,3.2051525764791435
190532,0.1,0.12782810266318778,0.2,0.2,3.2051525764791435
190532,0.2,0.12347490489631419,0.2,0.2,3.223944960622486
190532,0.3,0.12347490489631419,0.2,0.2,3.223944960622486
190532,0.4,0.12347490489631419,0.2,0.2,3.223944960622487
190532,0.5,0.05729000096767664,0.1,0.1,4.004919545803297
190532,0.6,0.0,0.0,0.0,4.978580891648233
25373,0.0,0.19031326377064925,0.1,0.1,3.3868266035372963
25373,0.1,0.19031326377064925,0.1,0.1,3.3868266035372963
25373,0.2,0.19031326377064925,0.1,0.1,3.6772340830481802
25373,0.3,0.19031326377064925,0.1,0.1,3.6772340830481802
25373,0.4,0.19031326377064925,0.1,0.1,4.40467095712029
25373,0.5,0.19031326377064925,0.1,0.1,5.05167153771538
25373,0.6,0.0,0.0,0.0,6.901348659098643
62301,0.0,0.0,0.0,0.0,2.661175699945349
62301,0.1,0.0,0.0,0.0,2.661175699945349
62301,0.2,0.06003715030609775,0.1,0.1,2.7962323409031504
62301,0.3,0.06003715030609775,0.1,0.1,2.8556478008647153
62301,0.4,0.06003715030609775,0.1,0.1,3.1834271884666174
62301,0.5,0.0,0.0,0.0,3.6501240134380666
62301,0.6,0.0,0.0,0.0,6.2159004120558
130003,0.0,0.15519378219142235,0.2,0.2,1.9965936546699474
130003,0.1,0.17736430157987212,0.2,0.2,1.9965936546699474
130003,0.2,0.1200743006121955,0.1,0.1,2.127870941465363
130003,0.3,0.1200743006121955,0.1,0.1,2.280247278847814
130003,0.4,0.07362322034364344,0.1,0.1,2.6111735137524628
130003,0.5,0.06003715030609775,0.1,0.1,2.6111735137524628
130003,0.6,0.0,0.0,0.0,3.803091699083857
69844,0.0,0.14038609443307223,0.2,0.1,2.669426127804019
69844,0.1,0.14038609443307223,0.2,0.1,2.669426127804019
69844,0.2,0.14038609443307223,0.2,0.1,2.669426127804019
69844,0.3,0.14038609443307223,0.2,0.1,2.669426127804019
69844,0.4,0.14038609443307223,0.2,0.1,2.981390070213648
69844,0.5,0.10861750945625488,0.2,0.1,3.4784116414030235
69844,0.6,0.0,0.0,0.0,5.269717759719416
96707,0.0,0.26393648411429266,0.2,0.2,2.5191358522516714
96707,0.1,0.25810421612773926,0.2,0.2,2.5191358522516722
96707,0.2,0.25810421612773926,0.2,0.2,2.5191358522516714
96707,0.3,0.19031326377064925,0.1,0.1,2.6623459083834113
96707,0.4,0.19031326377064925,0.1,0.1,2.8148297954353056
96707,0.5,0.19031326377064925,0.1,0.1,3.003173419444786
96707,0.6,0.0,0.0,0.0,4.717471911783581
84410,0.0,0.0,0.0,0.0,2.0000640720630742
84410,0.1,0.0,0.0,0.0,2.0000640720630742
84410,0.2,0.0,0.0,0.0,2.422221349524812
84410,0.3,0.0,0.0,0.0,2.422221349524812
84410,0.4,0.0,0.0,0.0,2.640771767158104
84410,0.5,0.0,0.0,0.0,3.5204852220502985
84410,0.6,0.0,0.0,0.0,4.869108608460006
130028,0.0,0.0,0.0,0.0,4.373700275319832
130028,0.1,0.0,0.0,0.0,4.533927253460307
130028,0.2,0.0,0.0,0.0,4.533927253460307
130028,0.3,0.0,0.0,0.0,4.533927253460308
130028,0.4,0.0,0.0,0.0,4.880300948095275
130028,0.5,0.0,0.0,0.0,4.939266367699863
130028,0.6,0.0,0.0,0.0,5.447279626864275
37735,0.0,0.5007008281534939,0.3,0.3,3.095746434975138
37735,0.1,0.5007008281534939,0.3,0.3,3.2740573989467423
37735,0.2,0.5579908291211706,0.4,0.4,3.3826284782118554
37735,0.3,0.5641385827437104,0.4,0.4,3.3826284782118554
37735,0.4,0.568491780510584,0.4,0.4,3.5055179501970253
37735,0.5,0.5743240484971374,0.4,0.4,4.629709166764829
37735,0.6,0.2752680828036178,0.3,0.3,6.378775861458243
159455,0.0,0.0,0.0,0.0,2.5311089699401492
159455,0.1,0.0,0.0,0.0,2.5311089699401492
159455,0.2,0.0,0.0,0.0,2.9375459224846425
159455,0.3,0.0,0.0,0.0,3.1721733181648823
159455,0.4,0.0,0.0,0.0,3.3169846028268957
159455,0.5,0.0,0.0,0.0,3.4802062997011527
159455,0.6,0.0,0.0,0.0,4.188267401077752
172766,0.0,0.0,0.0,0.0,2.9185830562867774
172766,0.1,0.0,0.0,0.0,3.7914951429405006
172766,0.2,0.0,0.0,0.0,5.544420536917632
172766,0.3,0.0,0.0,0.0,6.381283726170339
172766,0.4,0.0,0.0,0.0,9.544567253500304
172766,0.5,0.0,0.0,0.0,10.530825580941283
172766,0.6,0.0,0.0,0.0,11.26794714340899
36753,0.0,0.26393648411429266,0.2,0.2,2.347615733730805
36753,0.1,0.26393648411429266,0.2,0.2,2.430349802428781
36753,0.2,0.18786525296928555,0.2,0.2,3.123382438042852
36753,0.3,0.19369752095583892,0.2,0.2,3.1233824380428525
36753,0.4,0.12508095332476668,0.2,0.2,3.640346997932501
36753,0.5,0.0,0.0,0.0,4.779355180337339
36753,0.6,0.0,0.0,0.0,5.43278352574108
137438,0.0,0.06801744314752248,0.125,0.1,4.779372323236118
137438,0.1,0.0718700645225042,0.125,0.1,5.018228541273345
137438,0.2,0.07680190056249983,0.125,0.1,5.765633050940683
137438,0.3,0.06801744314752248,0.125,0.1,6.572851747775594
137438,0.4,0.0,0.0,0.0,7.0458273442770265
137438,0.5,0.0,0.0,0.0,7.0959497061941
137438,0.6,0.0,0.0,0.0,7.205762703579704
200135,0.0,0.2152309324975201,0.2,0.2,2.6683103160142974
200135,0.1,0.2152309324975201,0.2,0.2,2.6683103160142974
200135,0.2,0.28546989565597386,0.2,0.2,2.818465321298324
200135,0.3,0.28546989565597386,0.2,0.2,2.897508345874216
200135,0.4,0.2722767251671062,0.2,0.2,3.166819950215967
200135,0.5,0.25035041407674696,0.2,0.2,3.316329680845196
200135,0.6,0.19031326377064925,0.1,0.1,4.665145385043628
130463,0.0,0.0,0.0,0.0,3.1380050030567124
130463,0.1,0.0,0.0,0.0,3.1380050030567124
130463,0.2,0.0,0.0,0.0,3.352550524323326
130463,0.3,0.0,0.0,0.0,3.6837422306918812
130463,0.4,0.0,0.0,0.0,5.163299628422825
130463,0.5,0.0,0.0,0.0,5.83855449313971
130463,0.6,0.0,0.0,0.0,6.573934674614984
174854,0.0,0.19031326377064925,0.1,0.1,4.956717551133922
174854,0.1,0.19031326377064925,0.1,0.1,4.956717551133922
174854,0.2,0.19031326377064925,0.1,0.1,4.956717551133922
174854,0.3,0.19031326377064925,0.1,0.1,5.0792117990857735
174854,0.4,0.19031326377064925,0.1,0.1,5.0792117990857735
174854,0.5,0.19031326377064925,0.1,0.1,5.256952658167597
174854,0.6,0.19031326377064925,0.1,0.1,6.376119162394215
58536,0.0,0.25035041407674696,0.2,0.2,2.363964788725427
58536,0.1,0.25035041407674696,0.2,0.2,2.363964788725427
58536,0.2,0.19031326377064925,0.1,0.1,2.9018205132388335
58536,0.3,0.19031326377064925,0.1,0.1,3.907860604302872
58536,0.4,0.19031326377064925,0.1,0.1,4.772564007991521
58536,0.5,0.0,0.0,0.0,6.226009828323848
58536,0.6,0.0,0.0,0.0,6.791829919026232
72794,0.0,0.0,0.0,0.0,3.3603180259131307
72794,0.1,0.0,0.0,0.0,3.3603180259131307
72794,0.2,0.0,0.0,0.0,3.612082094235828
72794,0.3,0.0,0.0,0.0,4.053942360781848
72794,0.4,0.0,0.0,0.0,5.709362577926365
72794,0.5,0.0,0.0,0.0,6.960477549481885
72794,0.6,0.0,0.0,0.0,7.996184270887136
148269,0.0,0.0,0.0,0.0,1.8585348835423148
148269,0.1,0.0,0.0,0.0,2.048231672328959
148269,0.2,0.0,0.0,0.0,2.048231672328959
148269,0.3,0.0,0.0,0.0,2.2598786932579453
148269,0.4,0.0,0.0,0.0,3.1984775155788823
148269,0.5,0.0,0.0,0.0,3.9391054397301035
148269,0.6,0.0,0.0,0.0,5.72414416313399
33548,0.0,0.1173271512737744,0.2,0.2,1.7594617012462925
33548,0.1,0.13091322131132005,0.2,0.2,1.7594617012462925
33548,0.2,0.081963461396457,0.1,0.1,1.8956381569484175
33548,0.3,0.1200743006121955,0.1,0.1,2.1384180074462154
33548,0.4,0.19031326377064925,0.1,0.1,2.4607724990334843
33548,0.5,0.2476032647383259,0.2,0.2,3.0733234025804386
33548,0.6,0.1200743006121955,0.1,0.1,4.295721573759342
13971,0.0,0.0,0.0,0.0,1.7692746825217451
13971,0.1,0.0,0.0,0.0,1.7692746825217451
13971,0.2,0.0,0.0,0.0,1.7692746825217451
13971,0.3,0.0,0.0,0.0,1.9209547886546994
13971,0.4,0.0,0.0,0.0,1.9209547886546994
13971,0.5,0.0,0.0,0.0,3.535957941309429
13971,0.6,0.0,0.0,0.0,5.642053359723876
55808,0.0,0.15519378219142235,0.2,0.2,2.875331246624631
55808,0.1,0.09515663188532462,0.1,0.1,3.0788376654723018
55808,0.2,0.09515663188532462,0.1,0.1,3.4481030090148628
55808,0.3,0.09515663188532462,0.1,0.1,3.508981616834986
55808,0.4,0.09515663188532462,0.1,0.1,3.603641544685549
55808,0.5,0.09515663188532462,0.1,0.1,4.287908416885468
55808,0.6,0.06343775459021642,0.1,0.1,4.659280433339039
191298,0.0,0.09515663188532462,0.1,0.1,5.224238106608681
191298,0.1,0.09515663188532462,0.1,0.1,5.224238106608681
191298,0.2,0.081963461396457,0.1,0.1,5.22423810660868
191298,0.3,0.081963461396457,0.1,0.1,5.3366495612592715
191298,0.4,0.07362322034364344,0.1,0.1,5.797747370335747
191298,0.5,0.0,0.0,0.0,6.615995235761441
191298,0.6,0.0,0.0,0.0,7.003433498156589
62081,0.0,0.06993108739817411,0.14285714285714285,0.1,2.9569397106928372
62081,0.1,0.07328439752622512,0.14285714285714285,0.1,3.050296477157482
62081,0.2,0.07328439752622512,0.14285714285714285,0.1,3.050296477157482
62081,0.3,0.07743534797800607,0.14285714285714285,0.1,3.1964864739647583
62081,0.4,0.08986824523342568,0.14285714285714285,0.1,3.282191301737001
62081,0.5,0.08274908245792924,0.14285714285714285,0.1,3.828275986800313
62081,0.6,0.07328439752622512,0.14285714285714285,0.1,4.650350093461378
15690,0.0,0.40375781304113195,0.2222222222222222,0.2,1.6697944685242274
15690,0.1,0.40375781304113195,0.2222222222222222,0.2,1.7371024776506077
15690,0.2,0.40375781304113195,0.2222222222222222,0.2,1.8317311270363814
15690,0.3,0.40375781304113195,0.2222222222222222,0.2,2.614700311395674
15690,0.4,0.40375781304113195,0.2222222222222222,0.2,2.745775640808149
15690,0.5,0.3292503152628619,0.2222222222222222,0.2,3.8843804302744855
15690,0.6,0.3292503152628619,0.2222222222222222,0.2,4.4857631992982645
37018,0.0,0.20187890652056598,0.1111111111111111,0.1,4.739322697370644
37018,0.1,0.20187890652056598,0.1111111111111111,0.1,4.905613162640791
37018,0.2,0.20187890652056598,0.1111111111111111,0.1,5.305131217461131
37018,0.3,0.20187890652056598,0.1111111111111111,0.1,5.59336597722375
37018,0.4,0.20187890652056598,0.1111111111111111,0.1,5.992894392152175
37018,0.5,0.20187890652056598,0.1111111111111111,0.1,6.212772378563626
37018,0.6,0.0,0.0,0.0,7.1902579753689455
188870,0.0,0.3806265275412985,0.2,0.2,1.9972924287731477
188870,0.1,0.3806265275412985,0.2,0.2,1.9972924287731473
188870,0.2,0.3806265275412985,0.2,0.2,2.126587605416756
188870,0.3,0.44066367784739624,0.3,0.3,2.4180789835519385
188870,0.4,0.31104101932854233,0.3,0.3,3.2598147058630316
188870,0.5,0.19031326377064925,0.1,0.1,4.903507710661158
188870,0.6,0.0,0.0,0.0,5.600416343158829
101372,0.0,0.1200743006121955,0.1,0.1,2.8705328037912095
101372,0.1,0.1200743006121955,0.1,0.1,2.8705328037912095
101372,0.2,0.081963461396457,0.1,0.1,2.8705328037912095
101372,0.3,0.081963461396457,0.1,0.1,3.021718631946801
101372,0.4,0.07362322034364344,0.1,0.1,3.092771630728516
101372,0.5,0.06343775459021642,0.1,0.1,4.061715606773042
101372,0.6,0.0,0.0,0.0,6.597567040011853
22197,0.0,0.1200743006121955,0.1,0.1,3.830594316153989
22197,0.1,0.09515663188532462,0.1,0.1,3.830594316153989
22197,0.2,0.081963461396457,0.1,0.1,3.830594316153989
22197,0.3,0.06779095235709003,0.1,0.1,3.9641012941754794
22197,0.4,0.06003715030609775,0.1,0.1,4.060492962433727
22197,0.5,0.05729000096767664,0.1,0.1,4.060492962433727
22197,0.6,0.0,0.0,0.0,5.103740934400401
5976,0.0,0.40375781304113195,0.2222222222222222,0.2,2.471997273920029
5976,0.1,0.40375781304113195,0.2222222222222222,0.2,2.649785319144845
5976,0.2,0.40375781304113195,0.2222222222222222,0.2,2.7168630966855
5976,0.3,0.3292503152628619,0.2222222222222222,0.2,2.7972208029384875
5976,0.4,0.3292503152628619,0.2222222222222222,0.2,3.333225537515561
5976,0.5,0.27997632822948654,0.2222222222222222,0.2,4.006337438385262
5976,0.6,0.08694451260789762,0.1111111111111111,0.1,4.741079910621248
103902,0.0,0.43122038713502514,0.25,0.2,1.782803850623362
103902,0.1,0.43122038713502514,0.25,0.2,1.782803850623362
103902,0.2,0.43122038713502514,0.25,0.2,2.362820357878589
103902,0.3,0.43122038713502514,0.25,0.2,2.5791210755708383
103902,0.4,0.43122038713502514,0.25,0.2,3.3700078327794087
103902,0.5,0.30846844961870695,0.25,0.2,3.782895530202368
103902,0.6,0.0,0.0,0.0,4.519798333169926
28418,0.0,0.19031326377064925,0.1,0.1,4.020091754084007
28418,0.1,0.19031326377064925,0.1,0.1,4.020091754084007
28418,0.2,0.19031326377064925,0.1,0.1,4.112927733512118
28418,0.3,0.19031326377064925,0.1,0.1,4.421635357082032
28418,0.4,0.19031326377064925,0.1,0.1,4.756209623255654
28418,0.5,0.07362322034364344,0.1,0.1,5.963378749876201
28418,0.6,0.0,0.0,0.0,7.576364649053369
182731,0.0,0.2971943938939771,0.3,0.3,1.9421205439555227
182731,0.1,0.2971943938939771,0.3,0.3,2.11675704046261
182731,0.2,0.36743335705243085,0.3,0.3,2.11675704046261
182731,0.3,0.36743335705243085,0.3,0.3,2.397875019106203
182731,0.4,0.38401078472648814,0.3,0.3,2.804134513385403
182731,0.5,0.2288170025350658,0.3,0.3,3.366371684766308
182731,0.6,0.0,0.0,0.0,4.92052032399855
184267,0.0,0.19031326377064925,0.1,0.1,4.239090592286888
184267,0.1,0.19031326377064925,0.1,0.1,4.239090592286889
184267,0.2,0.19031326377064925,0.1,0.1,4.578393218588318
184267,0.3,0.19031326377064925,0.1,0.1,5.421500963075406
184267,0.4,0.09515663188532462,0.1,0.1,5.580743605711657
184267,0.5,0.06779095235709003,0.1,0.1,5.9756455623265925
184267,0.6,0.0,0.0,0.0,7.78932908572728
199933,0.0,0.5007008281534939,0.3,0.3,2.086135739880212
199933,0.1,0.5579908291211706,0.4,0.4,2.259057934011626
199933,0.2,0.5641385827437104,0.4,0.4,2.4877642480859175
199933,0.3,0.5641385827437104,0.4,0.4,2.9736145263851155
199933,0.4,0.46558134657426714,0.4,0.4,2.9736145263851155
199933,0.5,0.1771200932817816,0.2,0.2,4.874958090123385
199933,0.6,0.0,0.0,0.0,6.738037897935752
138960,0.0,0.28546989565597386,0.2,0.2,2.3476514315708554
138960,0.1,0.28546989565597386,0.2,0.2,2.3476514315708554
138960,0.2,0.28546989565597386,0.2,0.2,2.4543203561028584
138960,0.3,0.2722767251671062,0.2,0.2,2.9859364274716214
138960,0.4,0.2476032647383259,0.2,0.2,3.8763052398826106
138960,0.5,0.05729000096767664,0.1,0.1,4.75243031499491
138960,0.6,0.0,0.0,0.0,5.9376068014387515
159580,0.0,0.5494063797702665,0.4,0.4,3.2750493870902915
159580,0.1,0.5494063797702665,0.4,0.4,3.441821986310457
159580,0.2,0.5362132092813989,0.4,0.4,3.441821986310456
159580,0.3,0.522040700242032,0.4,0.4,3.711131730457032
159580,0.4,0.5260277435279719,0.4,0.4,3.8073111538477824
159580,0.5,0.5057074808660652,0.4,0.4,4.2493948763269795
159580,0.6,0.2722767251671062,0.2,0.2,5.7468513389780504
35360,0.0,0.19031326377064925,0.1,0.1,2.9527286000128536
35360,0.1,0.19031326377064925,0.1,0.1,2.952728600012853
35360,0.2,0.19031326377064925,0.1,0.1,3.2017856130574733
35360,0.3,0.19031326377064925,0.1,0.1,3.993860826008376
35360,0.4,0.19031326377064925,0.1,0.1,5.110412137228165
35360,0.5,0.19031326377064925,0.1,0.1,5.612529981932155
35360,0.6,0.19031326377064925,0.1,0.1,5.757256305719189
54763,0.0,0.4379165285089751,0.3,0.3,2.3685746670048253
54763,0.1,0.44066367784739624,0.3,0.3,2.3685746670048253
54763,0.2,0.37817851673993474,0.3,0.3,2.3685746670048253
54763,0.3,0.39235102577930164,0.3,0.3,2.5498479143123447
54763,0.4,0.36743335705243085,0.3,0.3,3.012987609594986
54763,0.5,0.3455070459620716,0.3,0.3,3.312941195315369
54763,0.6,0.2722767251671062,0.2,0.2,4.308979484440597
69502,0.0,0.0,0.0,0.0,3.865448095145971
69502,0.1,0.0,0.0,0.0,4.028306875745913
69502,0.2,0.0,0.0,0.0,4.028306875745913
69502,0.3,0.0,0.0,0.0,4.028306875745912
69502,0.4,0.0,0.0,0.0,4.028306875745912
69502,0.5,0.0,0.0,0.0,4.111757455421455
69502,0.6,0.0,0.0,0.0,4.220862841294947
102407,0.0,0.06003715030609775,0.1,0.1,2.9152260793965112
102407,0.1,0.0,0.0,0.0,3.562150263842793
102407,0.2,0.0,0.0,0.0,3.562150263842793
102407,0.3,0.0,0.0,0.0,3.562150263842793
102407,0.4,0.0,0.0,0.0,3.733143802662499
102407,0.5,0.0,0.0,0.0,4.056826804651629
102407,0.6,0.0,0.0,0.0,4.8466997815779695
74369,0.0,0.4268840683567074,0.4,0.4,2.675797498170367
74369,0.1,0.42253087058983374,0.4,0.4,2.675797498170367
74369,0.2,0.4166986026032803,0.4,0.4,2.675797498170367
74369,0.3,0.38466423967218577,0.4,0.4,2.675797498170367
74369,0.4,0.19031326377064925,0.1,0.1,3.3071595540177112
74369,0.5,0.19031326377064925,0.1,0.1,3.912276178252012
74369,0.6,0.1200743006121955,0.1,0.1,4.512217843128601
46362,0.0,0.19031326377064925,0.1,0.1,2.0894673360889864
46362,0.1,0.19031326377064925,0.1,0.1,2.2872671150421064
46362,0.2,0.19031326377064925,0.1,0.1,2.287267115042106
46362,0.3,0.19031326377064925,0.1,0.1,2.287267115042106
46362,0.4,0.19031326377064925,0.1,0.1,2.5080815003583483
46362,0.5,0.19031326377064925,0.1,0.1,3.7744459404685777
46362,0.6,0.1200743006121955,0.1,0.1,6.5075315637943705
122212,0.0,0.3676775653505214,0.3,0.3,4.796144926138789
122212,0.1,0.2722767251671062,0.2,0.2,6.610225360393962
122212,0.2,0.18786525296928555,0.2,0.2,7.443605497790886
122212,0.3,0.09515663188532462,0.1,0.1,9.1185590111135
122212,0.4,0.0,0.0,0.0,10.975791764655302
122212,0.5,0.0,0.0,0.0,11.086060331052758
122212,0.6,0.0,0.0,0.0,11.086060331052757
111994,0.0,0.36743335705243085,0.3,0.3,2.45436001489004
111994,0.1,0.39235102577930164,0.3,0.3,2.600561785065568
111994,0.2,0.37817851673993474,0.3,0.3,2.600561785065568
111994,0.3,0.3676775653505214,0.3,0.3,2.8209482945373727
111994,0.4,0.28546989565597386,0.2,0.2,3.7211181937943794
111994,0.5,0.2476032647383259,0.2,0.2,4.395573616714646
111994,0.6,0.081963461396457,0.1,0.1,5.931313685701623
13754,0.0,0.0,0.0,0.0,4.33154712856412
13754,0.1,0.0,0.0,0.0,4.33154712856412
13754,0.2,0.0,0.0,0.0,4.331547128564121
13754,0.3,0.0,0.0,0.0,4.474935153706353
13754,0.4,0.0,0.0,0.0,4.73298865226758
13754,0.5,0.0,0.0,0.0,5.105903091672126
13754,0.6,0.0,0.0,0.0,6.8167389472133495
30549,0.0,0.5041014324376127,0.4,0.4,1.8800590260970647
30549,0.1,0.5041014324376127,0.4,0.4,1.8800590260970647
30549,0.2,0.5226271392438532,0.4,0.4,1.9064779469588333
30549,0.3,0.46258998893775544,0.3,0.3,2.0757633579558004
30549,0.4,0.46258998893775544,0.3,0.3,2.6200096770362395
30549,0.5,0.39235102577930164,0.3,0.3,3.354624377944038
30549,0.6,0.3676775653505214,0.3,0.3,3.8451084456761064
72042,0.0,0.0,0.0,0.0,1.7749826954696204
72042,0.1,0.0,0.0,0.0,1.8490347180619184
72042,0.2,0.0,0.0,0.0,1.8879896890725505
72042,0.3,0.0,0.0,0.0,1.9672845015523546
72042,0.4,0.0,0.0,0.0,2.0187953130134852
72042,0.5,0.0,0.0,0.0,4.479742809282066
72042,0.6,0.0,0.0,0.0,5.027573478100214
29945,0.0,0.19031326377064925,0.1,0.1,3.3388504165372717
29945,0.1,0.19031326377064925,0.1,0.1,3.5424189760182756
29945,0.2,0.1200743006121955,0.1,0.1,3.801302322574992
29945,0.3,0.1200743006121955,0.1,0.1,3.8013023225749927
29945,0.4,0.09515663188532462,0.1,0.1,4.181746916163812
29945,0.5,0.081963461396457,0.1,0.1,4.66697698707823
29945,0.6,0.0,0.0,0.0,4.952949501470978
168119,0.0,0.6562875098935943,0.5,0.5,2.5405605247618412
168119,0.1,0.6562875098935943,0.5,0.5,2.5405605247618412
168119,0.2,0.650455241907041,0.5,0.5,2.5405605247618412
168119,0.3,0.6461020441401674,0.5,0.5,2.6879960085554844
168119,0.4,0.5303809412948455,0.4,0.4,6.956803536894133
168119,0.5,0.19031326377064925,0.1,0.1,10.412374838667542
168119,0.6,0.0,0.0,0.0,11.230759554433906
2068,0.0,0.0,0.0,0.0,5.17766860323843
2068,0.1,0.0,0.0,0.0,5.558986888459744
2068,0.2,0.0,0.0,0.0,5.558986888459744
2068,0.3,0.0,0.0,0.0,5.761328416445187
2068,0.4,0.0,0.0,0.0,6.322700357146151
2068,0.5,0.0,0.0,0.0,6.322700357146151
2068,0.6,0.0,0.0,0.0,6.322700357146151
40076,0.0,0.0,0.0,0.0,2.1929603427446827
40076,0.1,0.0,0.0,0.0,2.2556837213156533
40076,0.2,0.0,0.0,0.0,2.456531599147437
40076,0.3,0.0,0.0,0.0,2.6977363827284346
40076,0.4,0.0,0.0,0.0,2.8848265955187116
40076,0.5,0.0,0.0,0.0,3.268572723396423
40076,0.6,0.0,0.0,0.0,4.901260985387411
160028,0.0,0.19031326377064925,0.1,0.1,2.368481697243989
160028,0.1,0.19031326377064925,0.1,0.1,2.368481697243989
160028,0.2,0.19031326377064925,0.1,0.1,2.368481697243989
160028,0.3,0.19031326377064925,0.1,0.1,2.3684816972439897
160028,0.4,0.19031326377064925,0.1,0.1,2.9247952747950556
160028,0.5,0.07362322034364344,0.1,0.1,3.280825639484501
160028,0.6,0.0,0.0,0.0,4.276821315306662
75519,0.0,0.19031326377064925,0.1,0.1,3.8989929314694427
75519,0.1,0.19031326377064925,0.1,0.1,3.8989929314694427
75519,0.2,0.19031326377064925,0.1,0.1,3.8989929314694427
75519,0.3,0.19031326377064925,0.1,0.1,4.001027650695261
75519,0.4,0.19031326377064925,0.1,0.1,4.05613075497247
75519,0.5,0.1200743006121955,0.1,0.1,4.342874178399249
75519,0.6,0.081963461396457,0.1,0.1,4.648507869320701
52471,0.0,0.2532633541065531,0.16666666666666666,0.1,3.7887632333128094
52471,0.1,0.2532633541065531,0.16666666666666666,0.1,3.895442382341426
52471,0.2,0.2532633541065531,0.16666666666666666,0.1,4.060181052794202
52471,0.3,0.2532633541065531,0.16666666666666666,0.1,4.250518282525305
52471,0.4,0.2532633541065531,0.16666666666666666,0.1,4.584699226276658
52471,0.5,0.1597913855951283,0.16666666666666666,0.1,5.552125746189978
52471,0.6,0.076239866388541,0.16666666666666666,0.1,5.623916923810433
49538,0.0,0.0,0.0,0.0,3.0244874520414955
49538,0.1,0.0,0.0,0.0,3.0244874520414955
49538,0.2,0.0,0.0,0.0,3.024487452041496
49538,0.3,0.0,0.0,0.0,3.024487452041496
49538,0.4,0.0,0.0,0.0,3.882349549426229
49538,0.5,0.0,0.0,0.0,6.023694447017073
49538,0.6,0.0,0.0,0.0,8.22181288440158
116920,0.0,0.0,0.0,0.0,3.026207565345728
116920,0.1,0.0,0.0,0.0,3.173895066018344
116920,0.2,0.0,0.0,0.0,3.2839913622569314
116920,0.3,0.0,0.0,0.0,3.2839913622569314
116920,0.4,0.0,0.0,0.0,3.855793425368302
116920,0.5,0.0,0.0,0.0,4.744969974223841
116920,0.6,0.0,0.0,0.0,5.371883195323376
2340,0.0,0.1200743006121955,0.1,0.1,2.247804367730576
2340,0.1,0.09515663188532462,0.1,0.1,2.376141264259046
2340,0.2,0.09515663188532462,0.1,0.1,2.376141264259046
2340,0.3,0.081963461396457,0.1,0.1,2.6092914313313416
2340,0.4,0.09515663188532462,0.1,0.1,3.037929467105004
2340,0.5,0.06343775459021642,0.1,0.1,3.688984206686596
2340,0.6,0.06003715030609775,0.1,0.1,4.613699146386445
95915,0.0,0.49251431037719756,0.5,0.5,2.32408268419289
95915,0.1,0.4136908978678397,0.4,0.4,2.580736322905877
95915,0.2,0.4105508489807405,0.4,0.4,2.757880535100519
95915,0.3,0.28546989565597386,0.2,0.2,3.268091553090843
95915,0.4,0.26393648411429266,0.2,0.2,3.6217090819614333
95915,0.5,0.25375101836086567,0.2,0.2,4.865084687824718
95915,0.6,0.26393648411429266,0.2,0.2,5.552540112152246
54070,0.0,0.09515663188532462,0.1,0.1,3.9082388592862953
54070,0.1,0.09515663188532462,0.1,0.1,3.9082388592862953
54070,0.2,0.07362322034364344,0.1,0.1,3.9082388592862953
54070,0.3,0.07362322034364344,0.1,0.1,4.381799617371216
54070,0.4,0.06343775459021642,0.1,0.1,6.229027030379462
54070,0.5,0.0,0.0,0.0,7.739291444816267
54070,0.6,0.0,0.0,0.0,8.905425400308285
5952,0.0,0.19031326377064925,0.1,0.1,2.866803023307968
5952,0.1,0.19031326377064925,0.1,0.1,2.866803023307968
5952,0.2,0.19031326377064925,0.1,0.1,2.866803023307968
5952,0.3,0.19031326377064925,0.1,0.1,3.1183082308615466
5952,0.4,0.19031326377064925,0.1,0.1,3.118308230861547
5952,0.5,0.19031326377064925,0.1,0.1,4.448461764677864
5952,0.6,0.19031326377064925,0.1,0.1,6.6913313048577745
108936,0.0,0.10093945326028299,0.1111111111111111,0.1,1.8757412509922708
108936,0.1,0.10093945326028299,0.1111111111111111,0.1,1.8757412509922708
108936,0.2,0.10093945326028299,0.1111111111111111,0.1,1.9146086409303276
108936,0.3,0.08694451260789762,0.1111111111111111,0.1,1.914608640930328
108936,0.4,0.07191071742813417,0.1111111111111111,0.1,2.0092372903161015
108936,0.5,0.0,0.0,0.0,4.173530470711829
108936,0.6,0.0,0.0,0.0,5.844034021674078
144299,0.0,0.3806265275412985,0.2,0.2,2.8031864976202527
144299,0.1,0.3806265275412985,0.2,0.2,3.001570071577137
144299,0.2,0.3806265275412985,0.2,0.2,3.001570071577137
144299,0.3,0.3806265275412985,0.2,0.2,3.1562433195308492
144299,0.4,0.3806265275412985,0.2,0.2,3.268489871928454
144299,0.5,0.3103875643828447,0.2,0.2,4.237369322763361
144299,0.6,0.0,0.0,0.0,6.697322008798804
197532,0.0,0.44406428213151494,0.3,0.3,2.8627401487349617
197532,0.1,0.44066367784739624,0.3,0.3,2.9785989133392214
197532,0.2,0.4379165285089751,0.3,0.3,2.9785989133392214
197532,0.3,0.4379165285089751,0.3,0.3,2.9785989133392214
197532,0.4,0.3806265275412985,0.2,0.2,3.183648936259723
197532,0.5,0.40554419626816934,0.3,0.3,4.263335447141705
197532,0.6,0.18011145091829325,0.2,0.2,6.1403218884869535
40857,0.0,0.08986824523342568,0.14285714285714285,0.1,2.1885910642175554
40857,0.1,0.08986824523342568,0.14285714285714285,0.1,2.3041376311921633
40857,0.2,0.07328439752622512,0.14285714285714285,0.1,2.3041376311921633
40857,0.3,0.06993108739817411,0.14285714285714285,0.1,2.3041376311921633
40857,0.4,0.0,0.0,0.0,2.7461170839228726
40857,0.5,0.0,0.0,0.0,3.095767470373666
40857,0.6,0.0,0.0,0.0,4.636066682508941
12424,0.0,0.26624043680575177,0.3333333333333333,0.3,2.3195661748557446
12424,0.1,0.2054688304512165,0.2222222222222222,0.2,2.5913846104197433
12424,0.2,0.18788396586818062,0.2222222222222222,0.2,2.7319584200123033
12424,0.3,0.17903687496920354,0.2222222222222222,0.2,2.7319584200123033
12424,0.4,0.10093945326028299,0.1111111111111111,0.1,3.0380509249957304
12424,0.5,0.12737140874229597,0.1111111111111111,0.1,3.569080425124914
12424,0.6,0.06729296884018866,0.1111111111111111,0.1,4.171734990401736
110682,0.0,0.0,0.0,0.0,2.116389004429379
110682,0.1,0.0,0.0,0.0,2.116389004429379
110682,0.2,0.0,0.0,0.0,2.221681488176972
110682,0.3,0.0,0.0,0.0,2.2216814881769715
110682,0.4,0.0,0.0,0.0,2.394284136125943
110682,0.5,0.0,0.0,0.0,4.309264179727191
110682,0.6,0.0,0.0,0.0,6.680614584092662
98878,0.0,0.25810421612773926,0.2,0.2,4.322630621402628
98878,0.1,0.25375101836086567,0.2,0.2,4.322630621402628
98878,0.2,0.25375101836086567,0.2,0.2,4.322630621402628
98878,0.3,0.25035041407674696,0.2,0.2,4.322630621402628
98878,0.4,0.25375101836086567,0.2,0.2,4.322630621402628
98878,0.5,0.14200061170255474,0.2,0.2,4.949819024862889
98878,0.6,0.0,0.0,0.0,6.621939673044136
172323,0.0,0.0,0.0,0.0,3.3736172646626237
172323,0.1,0.0,0.0,0.0,3.3736172646626237
172323,0.2,0.0,0.0,0.0,3.506405499531379
172323,0.3,0.0,0.0,0.0,3.7911509426304177
172323,0.4,0.0,0.0,0.0,4.560867511124021
172323,0.5,0.0,0.0,0.0,4.663905867813338
172323,0.6,0.0,0.0,0.0,5.320239966988654
177048,0.0,0.20187890652056598,0.1111111111111111,0.1,3.471153812030394
177048,0.1,0.20187890652056598,0.1111111111111111,0.1,3.471153812030394
177048,0.2,0.20187890652056598,0.1111111111111111,0.1,5.812245313491159
177048,0.3,0.20187890652056598,0.1111111111111111,0.1,8.838585608566738
177048,0.4,0.20187890652056598,0.1111111111111111,0.1,10.318234174722935
177048,0.5,0.06729296884018866,0.1111111111111111,0.1,10.318234174722935
177048,0.6,0.0,0.0,0.0,11.07054598198797
44394,0.0,0.28546989565597386,0.2,0.2,3.1573083534578195
44394,0.1,0.28546989565597386,0.2,0.2,3.299981738212815
44394,0.2,0.28546989565597386,0.2,0.2,3.3691990215004823
44394,0.3,0.28546989565597386,0.2,0.2,3.5693961186381173
44394,0.4,0.26393648411429266,0.2,0.2,3.6933407430822904
44394,0.5,0.25810421612773926,0.2,0.2,3.6933407430822904
44394,0.6,0.1200743006121955,0.1,0.1,4.808158726539438
54094,0.0,0.21369384350820267,0.3333333333333333,0.3,1.8251323852895194
54094,0.1,0.2061619969036444,0.3333333333333333,0.3,1.976352896916095
54094,0.2,0.20255473243460373,0.3333333333333333,0.3,1.976352896916095
54094,0.3,0.1917502795658719,0.3333333333333333,0.3,2.132767767171212
54094,0.4,0.13559642179928214,0.2222222222222222,0.2,2.320310867542132
54094,0.5,0.0,0.0,0.0,3.522989653614905
54094,0.6,0.0,0.0,0.0,5.03094299006725
88346,0.0,0.19031326377064925,0.1,0.1,1.8616722606559613
88346,0.1,0.19031326377064925,0.1,0.1,1.8616722606559613
88346,0.2,0.19031326377064925,0.1,0.1,2.2225061138762507
88346,0.3,0.2722767251671062,0.2,0.2,3.2617800010656515
88346,0.4,0.3806265275412985,0.2,0.2,5.440735788935976
88346,0.5,0.3806265275412985,0.2,0.2,6.0175830056965705
88346,0.6,0.09515663188532462,0.1,0.1,6.555979346845564
179362,0.0,0.0,0.0,0.0,4.3090404714022235
179362,0.1,0.0,0.0,0.0,4.384838235423247
179362,0.2,0.0,0.0,0.0,4.400331358962221
179362,0.3,0.0,0.0,0.0,4.539484550369936
179362,0.4,0.0,0.0,0.0,4.733794635127016
179362,0.5,0.0,0.0,0.0,5.821469357491562
179362,0.6,0.0,0.0,0.0,8.985969118952173
117621,0.0,0.06003715030609775,0.1,0.1,2.894788699201627
117621,0.1,0.05729000096767664,0.1,0.1,3.01207035807648
117621,0.2,0.05729000096767664,0.1,0.1,3.1862183983154537
117621,0.3,0.0,0.0,0.0,4.138696074137124
117621,0.4,0.0,0.0,0.0,6.648798853336311
117621,0.5,0.0,0.0,0.0,10.612752207513427
117621,0.6,0.0,0.0,0.0,11.458511489342884
161133,0.0,0.06003715030609775,0.1,0.1,2.309875349589874
161133,0.1,0.06003715030609775,0.1,0.1,2.309875349589874
161133,0.2,0.06003715030609775,0.1,0.1,2.535310932378833
161133,0.3,0.05729000096767664,0.1,0.1,2.535310932378833
161133,0.4,0.0,0.0,0.0,2.6826094005973764
161133,0.5,0.0,0.0,0.0,4.577963319547581
161133,0.6,0.0,0.0,0.0,6.5795715308824025
104955,0.0,0.2722767251671062,0.2,0.2,2.3101444975134284
104955,0.1,0.2722767251671062,0.2,0.2,2.3101444975134284
104955,0.2,0.2722767251671062,0.2,0.2,2.3101444975134284
104955,0.3,0.28546989565597386,0.2,0.2,2.346573097032379
104955,0.4,0.28546989565597386,0.2,0.2,2.501538672391047
104955,0.5,0.2476032647383259,0.2,0.2,4.998819151686078
104955,0.6,0.0,0.0,0.0,6.653928200234384
93395,0.0,0.3676775653505214,0.3,0.3,1.8497533336295668
93395,0.1,0.37382531897306115,0.3,0.3,1.8497533336295668
93395,0.2,0.37382531897306115,0.3,0.3,1.8497533336295668
93395,0.3,0.44066367784739624,0.3,0.3,2.503479821473981
93395,0.4,0.2722767251671062,0.2,0.2,4.43737609189643
93395,0.5,0.19031326377064925,0.1,0.1,5.217335814035729
93395,0.6,0.06003715030609775,0.1,0.1,5.217335814035728
75436,0.0,0.2532633541065531,0.16666666666666666,0.1,4.259701622929327
75436,0.1,0.2532633541065531,0.16666666666666666,0.1,4.259701622929328
75436,0.2,0.2532633541065531,0.16666666666666666,0.1,4.960698986654551
75436,0.3,0.2532633541065531,0.16666666666666666,0.1,4.960698986654551
75436,0.4,0.2532633541065531,0.16666666666666666,0.1,5.501484364553946
75436,0.5,0.2532633541065531,0.16666666666666666,0.1,6.7452828414942685
75436,0.6,0.2532633541065531,0.16666666666666666,0.1,8.201311436048291
55585,0.0,0.3292503152628619,0.2222222222222222,0.2,3.302795942746586
55585,0.1,0.3292503152628619,0.2222222222222222,0.2,3.3588472651865695
55585,0.2,0.3292503152628619,0.2222222222222222,0.2,3.586829306751393
55585,0.3,0.302818359780849,0.2222222222222222,0.2,3.586829306751393
55585,0.4,0.3292503152628619,0.2222222222222222,0.2,3.7149554271430154
55585,0.5,0.3292503152628619,0.2222222222222222,0.2,4.192611242697632
55585,0.6,0.07809742170892055,0.1111111111111111,0.1,5.054884026791659
101955,0.0,0.05729000096767664,0.1,0.1,3.04333415536594
101955,0.1,0.0,0.0,0.0,3.26894562771864
101955,0.2,0.0,0.0,0.0,3.26894562771864
101955,0.3,0.0,0.0,0.0,3.26894562771864
101955,0.4,0.0,0.0,0.0,6.2435387480723135
101955,0.5,0.0,0.0,0.0,7.9919034039252335
101955,0.6,0.0,0.0,0.0,9.756281541209216
120753,0.0,0.3806265275412985,0.2,0.2,2.272642171299375
120753,0.1,0.3806265275412985,0.2,0.2,2.4349605548274726
120753,0.2,0.3806265275412985,0.2,0.2,2.501826228154669
120753,0.3,0.3806265275412985,0.2,0.2,2.501826228154669
120753,0.4,0.37817851673993474,0.3,0.3,3.7415946944925897
120753,0.5,0.3458999455107497,0.3,0.3,6.215379241019253
120753,0.6,0.081963461396457,0.1,0.1,8.855435476864937
55027,0.0,0.06801744314752248,0.125,0.1,1.8821317479081394
55027,0.1,0.0,0.0,0.0,1.9710172881097017
55027,0.2,0.0,0.0,0.0,1.9710172881097017
55027,0.3,0.0,0.0,0.0,2.030598248282096
55027,0.4,0.0,0.0,0.0,2.3894040523095903
55027,0.5,0.0,0.0,0.0,3.9282784530432595
55027,0.6,0.0,0.0,0.0,4.888319331945099
65676,0.0,0.19031326377064925,0.1,0.1,2.086101408753503
65676,0.1,0.19031326377064925,0.1,0.1,2.086101408753503
65676,0.2,0.19031326377064925,0.1,0.1,2.441755958011853
65676,0.3,0.19031326377064925,0.1,0.1,2.9133442780582297
65676,0.4,0.19031326377064925,0.1,0.1,3.750707625236516
65676,0.5,0.1200743006121955,0.1,0.1,4.404412314807083
65676,0.6,0.0,0.0,0.0,5.20093884884979
92655,0.0,0.25035041407674696,0.2,0.2,3.1555973421937837
92655,0.1,0.25035041407674696,0.2,0.2,3.276110222323896
92655,0.2,0.19031326377064925,0.1,0.1,3.611885017233276
92655,0.3,0.19031326377064925,0.1,0.1,4.118648156288694
92655,0.4,0.19031326377064925,0.1,0.1,4.118648156288694
92655,0.5,0.07362322034364344,0.1,0.1,4.118648156288694
92655,0.6,0.0,0.0,0.0,4.716959843457126
150778,0.0,0.09515663188532462,0.1,0.1,2.8428151429101383
150778,0.1,0.07362322034364344,0.1,0.1,2.965952388383854
150778,0.2,0.05729000096767664,0.1,0.1,3.1088637026845074
150778,0.3,0.0,0.0,0.0,3.4529035276400024
150778,0.4,0.0,0.0,0.0,3.673801072270804
150778,0.5,0.0,0.0,0.0,3.8307280940468624
150778,0.6,0.0,0.0,0.0,4.746994028569416
124513,0.0,0.08986824523342568,0.14285714285714285,0.1,2.5930257924788465
124513,0.1,0.10004876742114938,0.14285714285714285,0.1,2.5930257924788465
124513,0.2,0.08986824523342568,0.14285714285714285,0.1,2.593025792478847
124513,0.3,0.08274908245792924,0.14285714285714285,0.1,2.8189133322191102
124513,0.4,0.08274908245792924,0.14285714285714285,0.1,2.8189133322191102
124513,0.5,0.0,0.0,0.0,4.555707476073305
124513,0.6,0.0,0.0,0.0,7.467488085668274
184248,0.0,0.1200743006121955,0.1,0.1,2.0480311659485864
184248,0.1,0.1200743006121955,0.1,0.1,2.0480311659485864
184248,0.2,0.17736430157987212,0.2,0.2,2.1337316089831697
184248,0.3,0.18786525296928555,0.2,0.2,2.1337316089831697
184248,0.4,0.16877985222896807,0.2,0.2,2.9667116334347163
184248,0.5,0.0,0.0,0.0,4.3957007477254555
184248,0.6,0.06003715030609775,0.1,0.1,5.431295747831045
161585,0.0,0.46258998893775544,0.3,0.3,2.968302863474059
161585,0.1,0.44406428213151494,0.3,0.3,2.968302863474059
161585,0.2,0.4379165285089751,0.3,0.3,3.071837439205705
161585,0.3,0.3806265275412985,0.2,0.2,3.4383617966417175
161585,0.4,0.45424974788494193,0.3,0.3,4.886615970590436
161585,0.5,0.5176875024751584,0.4,0.4,5.719605602539531
161585,0.6,0.35723154420007486,0.4,0.4,5.907885481449292
164955,0.0,0.5743240484971374,0.4,0.4,1.8776567027859343
164955,0.1,0.5641385827437104,0.4,0.4,1.8776567027859343
164955,0.2,0.5358203097327209,0.4,0.4,1.8776567027859343
164955,0.3,0.46258998893775544,0.3,0.3,2.3431969531910544
164955,0.4,0.45424974788494193,0.3,0.3,2.3431969531910544
164955,0.5,0.13091322131132005,0.2,0.2,4.670544346137719
164955,0.6,0.0,0.0,0.0,6.563183672867031
122287,0.0,0.0,0.0,0.0,3.186323149756263
122287,0.1,0.0,0.0,0.0,3.186323149756263
122287,0.2,0.0,0.0,0.0,3.558284978443445
122287,0.3,0.0,0.0,0.0,3.558284978443445
122287,0.4,0.0,0.0,0.0,3.8012063863663856
122287,0.5,0.0,0.0,0.0,4.891446577683855
122287,0.6,0.0,0.0,0.0,5.920780316969722
72718,0.0,0.0,0.0,0.0,7.395867865326809
72718,0.1,0.06003715030609775,0.1,0.1,7.851858503546924
72718,0.2,0.06343775459021642,0.1,0.1,8.750461509966872
72718,0.3,0.06343775459021642,0.1,0.1,8.750461509966872
72718,0.4,0.06779095235709003,0.1,0.1,8.750461509966872
72718,0.5,0.06779095235709003,0.1,0.1,8.750461509966872
72718,0.6,0.07362322034364344,0.1,0.1,8.814585311287615
100792,0.0,0.0,0.0,0.0,2.368587369888265
100792,0.1,0.0,0.0,0.0,2.508300514450232
100792,0.2,0.0,0.0,0.0,2.508300514450232
100792,0.3,0.0,0.0,0.0,2.765089754458894
100792,0.4,0.0,0.0,0.0,3.0604356531116386
100792,0.5,0.0,0.0,0.0,3.633721999787889
100792,0.6,0.0,0.0,0.0,4.789447646493824
5798,0.0,0.09515663188532462,0.1,0.1,4.846836998047699
5798,0.1,0.081963461396457,0.1,0.1,4.846836998047701
5798,0.2,0.081963461396457,0.1,0.1,4.846836998047701
5798,0.3,0.06779095235709003,0.1,0.1,4.8468369980477
5798,0.4,0.0,0.0,0.0,5.604684176661376
5798,0.5,0.0,0.0,0.0,5.857517493839898
5798,0.6,0.0,0.0,0.0,6.313657022254123
51121,0.0,0.0,0.0,0.0,4.076545552250626
51121,0.1,0.0,0.0,0.0,4.076545552250626
51121,0.2,0.0,0.0,0.0,4.286220093711209
51121,0.3,0.0,0.0,0.0,4.546184452727256
51121,0.4,0.0,0.0,0.0,4.546184452727257
51121,0.5,0.0,0.0,0.0,5.041162807936264
51121,0.6,0.0,0.0,0.0,6.216297741564377
59141,0.0,0.05729000096767664,0.1,0.1,2.7344432591947525
59141,0.1,0.0,0.0,0.0,3.2101841722081033
59141,0.2,0.0,0.0,0.0,3.4538558580763423
59141,0.3,0.0,0.0,0.0,3.5864525230297395
59141,0.4,0.0,0.0,0.0,4.191346004544616
59141,0.5,0.0,0.0,0.0,4.412710627632933
59141,0.6,0.0,0.0,0.0,5.411998822572587
11555,0.0,0.06343775459021642,0.1,0.1,3.9614082813666385
11555,0.1,0.06779095235709003,0.1,0.1,3.9614082813666385
11555,0.2,0.06779095235709003,0.1,0.1,3.9614082813666394
11555,0.3,0.07362322034364344,0.1,0.1,4.144276595946424
11555,0.4,0.06003715030609775,0.1,0.1,4.396002457946075
11555,0.5,0.05729000096767664,0.1,0.1,4.54536107558206
11555,0.6,0.06003715030609775,0.1,0.1,5.192367615715599
108762,0.0,0.3292503152628619,0.2222222222222222,0.2,4.323426066510796
108762,0.1,0.3292503152628619,0.2222222222222222,0.2,4.323426066510796
108762,0.2,0.3292503152628619,0.2222222222222222,0.2,4.323426066510796
108762,0.3,0.40375781304113195,0.2222222222222222,0.2,4.3234260665107955
108762,0.4,0.40375781304113195,0.2222222222222222,0.2,4.495988440252911
108762,0.5,0.40375781304113195,0.2222222222222222,0.2,5.177029154945602
108762,0.6,0.40375781304113195,0.2222222222222222,0.2,6.063360740919047
