user_id,lam,ndcg,recall,precision,novelty
144826,0.0,0.40668703729089384,0.6,0.3,2.8282511135220547
144826,0.1,0.40668703729089384,0.6,0.3,2.9313856720327367
144826,0.2,0.41754669397827904,0.6,0.3,3.173412780996057
144826,0.3,0.4261511318203623,0.6,0.3,3.1977270694430184
144826,0.4,0.6701618871885437,0.6,0.3,3.5114369618089496
144826,0.5,0.5515104464192279,0.6,0.3,3.987020624053154
144826,0.6,0.5097320472647343,0.6,0.3,5.324207927183434
42833,0.0,0.8312201477710319,0.8,0.8,1.9361225543268836
42833,0.1,0.8444133182598994,0.8,0.8,1.9361225543268836
42833,0.2,0.8007093873297685,0.7,0.7,1.9361225543268836
42833,0.3,0.8148818963691354,0.7,0.7,1.9678297242473435
42833,0.4,0.8114812920850166,0.7,0.7,2.049572114965611
42833,0.5,0.741258676025492,0.6,0.6,4.170095972690368
42833,0.6,0.642768455799925,0.6,0.6,6.283765661101545
35708,0.0,0.25035041407674696,0.2,0.2,4.867999292040709
35708,0.1,0.25035041407674696,0.2,0.2,5.117964489862724
35708,0.2,0.25035041407674696,0.2,0.2,5.117964489862725
35708,0.3,0.25035041407674696,0.2,0.2,5.627750845847332
35708,0.4,0.25035041407674696,0.2,0.2,5.855939781916433
35708,0.5,0.25035041407674696,0.2,0.2,6.115064110926081
35708,0.6,0.25035041407674696,0.2,0.2,6.669714251616396
74586,0.0,0.20979156405964475,0.3,0.3,2.3459493417089137
74586,0.1,0.20979156405964475,0.3,0.3,2.3459493417089132
74586,0.2,0.20979156405964475,0.3,0.3,2.3459493417089132
74586,0.3,0.21319216834376345,0.3,0.3,2.4485482606354507
74586,0.4,0.20979156405964475,0.3,0.3,2.550681000531944
74586,0.5,0.2229847345485124,0.3,0.3,5.068785751256813
74586,0.6,0.2288170025350658,0.3,0.3,6.662797407501796
186158,0.0,0.5607379784595917,0.4,0.4,1.7826808480055116
186158,0.1,0.5641385827437104,0.4,0.4,1.9544973975987108
186158,0.2,0.5743240484971374,0.4,0.4,2.09831990901923
186158,0.3,0.6592952146290351,0.5,0.5,2.435694805517153
186158,0.4,0.6255375731801701,0.5,0.5,4.8330113052028185
186158,0.5,0.5509454122548427,0.5,0.5,5.1724628301954105
186158,0.6,0.5752766419798925,0.6,0.6,5.561364171995185
57140,0.0,0.39599583836151087,0.5,0.5,1.9729866177546174
57140,0.1,0.41232905773747774,0.5,0.5,1.9729866177546178
57140,0.2,0.5515825201016114,0.7,0.7,2.075679842543684
57140,0.3,0.6193734724587013,0.8,0.8,2.075679842543684
57140,0.4,0.5620834714910248,0.7,0.7,2.653201664595695
57140,0.5,0.6184208789759464,0.6,0.6,4.744827979396304
57140,0.6,0.6778209214352755,0.5,0.5,5.76087425915293
19995,0.0,0.6750737720968545,0.6,0.6,2.195873717751495
19995,0.1,0.666733531044041,0.6,0.6,2.195873717751495
19995,0.2,0.680635086717573,0.6,0.6,2.195873717751495
19995,0.3,0.6640413119445867,0.6,0.6,2.243010092133114
19995,0.4,0.7055527554444438,0.6,0.6,4.0768185248348185
19995,0.5,0.7197252644838108,0.6,0.6,6.2200793568662585
19995,0.6,0.7236855627020065,0.6,0.6,8.113835512430809
109588,0.0,0.05729000096767664,0.1,0.1,7.182988439311049
109588,0.1,0.05729000096767664,0.1,0.1,7.409417204504095
109588,0.2,0.05729000096767664,0.1,0.1,7.70562247166738
109588,0.3,0.05729000096767664,0.1,0.1,8.645687607367057
109588,0.4,0.05729000096767664,0.1,0.1,8.645687607367055
109588,0.5,0.05729000096767664,0.1,0.1,8.787313155110608
109588,0.6,0.05729000096767664,0.1,0.1,9.197716623891269
107932,0.0,0.48814476551139496,0.6,0.6,4.15643132591385
107932,0.1,0.49864571690080833,0.6,0.6,4.15643132591385
107932,0.2,0.48846025114738134,0.6,0.6,4.15643132591385
107932,0.3,0.42008285978847,0.5,0.5,4.15643132591385
107932,0.4,0.4068896892996024,0.5,0.5,4.430399175612514
107932,0.5,0.43586141725628946,0.6,0.6,4.861823724207731
107932,0.6,0.4034890850154837,0.5,0.5,5.981598167801478
196610,0.0,0.809049628382582,0.7,0.7,4.571835058826909
196610,0.1,0.8690867786886797,0.8,0.8,4.571835058826909
196610,0.2,0.8749190466752332,0.8,0.8,4.571835058826908
196610,0.3,0.8792722444421068,0.8,0.8,4.854087962718026
196610,0.4,0.8792722444421068,0.8,0.8,4.854087962718026
196610,0.5,0.8690867786886797,0.8,0.8,4.854087962718026
196610,0.6,0.8690867786886797,0.8,0.8,5.93512963962067
129704,0.0,0.36743335705243085,0.3,0.3,2.4502111804220554
129704,0.1,0.3590931159996173,0.3,0.3,2.4502111804220554
129704,0.2,0.3590931159996173,0.3,0.3,2.5916725179386235
129704,0.3,0.32154197071795565,0.3,0.3,2.5916725179386235
129704,0.4,0.18011145091829325,0.2,0.2,2.5916725179386235
129704,0.5,0.12072775555789306,0.2,0.2,4.1416747444634066
129704,0.6,0.12347490489631419,0.2,0.2,5.58145845468675
44934,0.0,0.23230604393401819,0.14285714285714285,0.1,3.620523198525757
44934,0.1,0.23230604393401819,0.14285714285714285,0.1,3.620523198525757
44934,0.2,0.23230604393401819,0.14285714285714285,0.1,4.409826259255893
44934,0.3,0.23230604393401819,0.14285714285714285,0.1,5.630680073473217
44934,0.4,0.23230604393401819,0.14285714285714285,0.1,8.596275838106031
44934,0.5,0.23230604393401819,0.14285714285714285,0.1,9.46305786967362
44934,0.6,0.23230604393401819,0.14285714285714285,0.1,9.960217915836662
173640,0.0,0.8096867362293506,0.9,0.9,2.8204638959641137
173640,0.1,0.8096867362293506,0.9,0.9,2.901182434416657
173640,0.2,0.8096867362293506,0.9,0.9,2.901182434416657
173640,0.3,0.8096867362293506,0.9,0.9,3.0262928691460984
173640,0.4,0.8799256993878044,0.9,0.9,3.237076166141109
173640,0.5,0.9263767796563563,0.9,0.9,3.7881322631890035
173640,0.6,0.9365622454097835,0.9,0.9,5.314995758971866
35198,0.0,0.5330731603942997,0.4,0.4,2.3479532494078366
35198,0.1,0.40554419626816934,0.3,0.3,2.3479532494078366
35198,0.2,0.46558134657426714,0.4,0.4,2.5725715787974384
35198,0.3,0.45238817608539944,0.4,0.4,2.5725715787974384
35198,0.4,0.4573948287979707,0.5,0.5,3.4290353416870745
35198,0.5,0.45245519202927575,0.5,0.5,5.9314388879567215
35198,0.6,0.46937485040706384,0.5,0.5,7.252814934668829
63211,0.0,0.23981246656813146,0.3333333333333333,0.1,3.0840284588144335
63211,0.1,0.23981246656813146,0.3333333333333333,0.1,3.0840284588144335
63211,0.2,0.19004688335796716,0.3333333333333333,0.1,3.0840284588144335
63211,0.3,0.14704034066641014,0.3333333333333333,0.1,3.140935238118259
63211,0.4,0.14704034066641014,0.3333333333333333,0.1,3.4637900579421057
63211,0.5,0.14704034066641014,0.3333333333333333,0.1,4.116351361144557
63211,0.6,0.13539213147917575,0.3333333333333333,0.1,5.029176167349247
57380,0.0,0.2763144372979935,0.4,0.4,3.8697692653250257
57380,0.1,0.2836753398003077,0.4,0.4,3.869769265325025
57380,0.2,0.2836753398003077,0.4,0.4,3.8697692653250257
57380,0.3,0.2836753398003077,0.4,0.4,4.451712549459548
57380,0.4,0.2836753398003077,0.4,0.4,6.082118367165542
57380,0.5,0.2836753398003077,0.4,0.4,6.459571668645134
57380,0.6,0.2836753398003077,0.4,0.4,6.661684815092448
159078,0.0,0.37989503115982964,0.3333333333333333,0.2,2.7248367877397963
159078,0.1,0.37989503115982964,0.3333333333333333,0.2,2.7465171330739464
159078,0.2,0.37989503115982964,0.3333333333333333,0.2,2.8722396943343345
159078,0.3,0.41971744745893225,0.5,0.3,2.8722396943343345
159078,0.4,0.4093989132926582,0.5,0.3,4.400310409184949
159078,0.5,0.3434775810703913,0.3333333333333333,0.2,5.471519781061174
159078,0.6,0.23968707839269246,0.3333333333333333,0.2,6.136687188059071
110784,0.0,0.4136908978678397,0.4,0.4,2.6325441715553906
110784,0.1,0.46937485040706384,0.5,0.5,3.1590128110304376
110784,0.2,0.3742182185217392,0.5,0.5,3.577221124946901
110784,0.3,0.33569813265839366,0.4,0.4,3.9301957828155474
110784,0.4,0.3464596394448265,0.4,0.4,4.976959955642597
110784,0.5,0.41329799831916164,0.4,0.4,5.86183037956379
110784,0.6,0.43546851770761136,0.4,0.4,6.3104391046276245
43483,0.0,0.5086434963369626,0.5714285714285714,0.4,3.0470551157028405
43483,0.1,0.5011392357571306,0.5714285714285714,0.4,3.0470551157028405
43483,0.2,0.4312081483589565,0.42857142857142855,0.3,3.0470551157028405
43483,0.3,0.3401571649974654,0.42857142857142855,0.3,3.121052047722848
43483,0.4,0.3165486498717737,0.42857142857142855,0.3,3.446245628502632
43483,0.5,0.17261732769135493,0.2857142857142857,0.2,4.100449541434266
43483,0.6,0.08274908245792924,0.14285714285714285,0.1,4.675711514264012
181576,0.0,0.5362132092813989,0.4,0.4,3.4914547329642636
181576,0.1,0.5494063797702665,0.4,0.4,3.5595076978179128
181576,0.2,0.6343611988032352,0.5,0.5,3.5595076978179128
181576,0.3,0.6461020441401674,0.5,0.5,3.6662425463355044
181576,0.4,0.703392045107844,0.6,0.6,4.72311171418624
181576,0.5,0.7138929964972575,0.6,0.6,5.548438979936955
181576,0.6,0.7138929964972575,0.6,0.6,7.009981496545606
117729,0.0,0.4136908978678397,0.4,0.4,3.2912973950058215
117729,0.1,0.47098089883551636,0.5,0.5,3.4987034677409525
117729,0.2,0.48692121866280513,0.5,0.5,3.5450320527409978
117729,0.3,0.5013379360002626,0.5,0.5,3.7348689022343597
117729,0.4,0.41329799831916164,0.4,0.4,4.034832288396616
117729,0.5,0.4382156670460325,0.4,0.4,4.26725700858047
117729,0.6,0.41329799831916164,0.4,0.4,4.596865535861381
134301,0.0,0.06343775459021642,0.1,0.1,2.8650367362978604
134301,0.1,0.06343775459021642,0.1,0.1,2.9644808703119834
134301,0.2,0.1173271512737744,0.2,0.2,3.0936421693643092
134301,0.3,0.12072775555789306,0.2,0.2,3.267072033384479
134301,0.4,0.06343775459021642,0.1,0.1,4.069645016058856
134301,0.5,0.1200743006121955,0.1,0.1,5.140895172358821
134301,0.6,0.19031326377064925,0.1,0.1,5.775585439560207
9506,0.0,0.2554359839370199,0.3333333333333333,0.3,1.8095015903851368
9506,0.1,0.25182871946797925,0.3333333333333333,0.3,1.8095015903851368
9506,0.2,0.29241334305911415,0.3333333333333333,0.3,1.8095015903851368
9506,0.3,0.2600537325249654,0.3333333333333333,0.3,1.8095015903851368
9506,0.4,0.1280645751947239,0.2222222222222222,0.2,2.009202064670087
9506,0.5,0.1280645751947239,0.2222222222222222,0.2,3.309300884683027
9506,0.6,0.1280645751947239,0.2222222222222222,0.2,4.022834526882752
141009,0.0,0.11377041810078811,0.25,0.1,6.552567257848844
141009,0.1,0.11377041810078811,0.25,0.1,6.720844127030247
141009,0.2,0.11377041810078811,0.25,0.1,6.809015725230675
141009,0.3,0.11377041810078811,0.25,0.1,7.137153423826236
141009,0.4,0.11377041810078811,0.25,0.1,7.810589420815627
141009,0.5,0.11377041810078811,0.25,0.1,7.810589420815629
141009,0.6,0.11377041810078811,0.25,0.1,8.025853492224115
177351,0.0,0.7514441417789189,0.6,0.6,8.740206991457324
177351,0.1,0.8087341427465955,0.7,0.7,8.740206991457326
177351,0.2,0.8114812920850166,0.7,0.7,8.954042483701468
177351,0.3,0.8114812920850166,0.7,0.7,9.16399605105656
177351,0.4,0.8148818963691354,0.7,0.7,9.272466700786858
177351,0.5,0.8148818963691354,0.7,0.7,10.085273833851058
177351,0.6,0.8148818963691354,0.7,0.7,10.374375118961508
196666,0.0,0.5311292217834279,0.3333333333333333,0.3,4.188761766100684
196666,0.1,0.5311292217834279,0.3333333333333333,0.3,4.188761766100684
196666,0.2,0.5311292217834279,0.3333333333333333,0.3,4.342357557128523
196666,0.3,0.5311292217834279,0.3333333333333333,0.3,4.933787915454859
196666,0.4,0.5046972663014149,0.3333333333333333,0.3,4.933787915454859
196666,0.5,0.5046972663014149,0.3333333333333333,0.3,5.938955387592747
196666,0.6,0.4907023256490295,0.3333333333333333,0.3,6.148042050946857
41413,0.0,0.3489076502461903,0.3,0.3,1.958892543211547
41413,0.1,0.3489076502461903,0.3,0.3,1.958892543211547
41413,0.2,0.4089448005522881,0.4,0.4,2.051702115982002
41413,0.3,0.4798208715575104,0.5,0.5,2.1357270762290015
41413,0.4,0.5044943319862907,0.5,0.5,2.7029574062265977
41413,0.5,0.6919666854068982,0.6,0.6,4.3531707732655365
41413,0.6,0.6612941626061656,0.6,0.6,6.169033374302586
148478,0.0,0.12092199990360374,0.2,0.1,4.2490254512728525
148478,0.1,0.12092199990360374,0.2,0.1,4.629981771111458
148478,0.2,0.12092199990360374,0.2,0.1,4.629981771111458
148478,0.3,0.12092199990360374,0.2,0.1,4.950972495927674
148478,0.4,0.12092199990360374,0.2,0.1,5.128712236073653
148478,0.5,0.12092199990360374,0.2,0.1,5.397250374592095
148478,0.6,0.12092199990360374,0.2,0.1,5.567219491559508
132792,0.0,0.25923194858125387,0.375,0.3,4.8504310607707986
132792,0.1,0.25923194858125387,0.375,0.3,5.008595813559872
132792,0.2,0.25923194858125387,0.375,0.3,5.008595813559872
132792,0.3,0.25923194858125387,0.375,0.3,5.251949254045303
132792,0.4,0.25923194858125387,0.375,0.3,5.251949254045302
132792,0.5,0.24428510784869198,0.375,0.3,5.6151838664367375
132792,0.6,0.24428510784869198,0.375,0.3,5.7357355456311145
167029,0.0,0.38466423967218577,0.4,0.4,2.7608504246247048
167029,0.1,0.3273742387045091,0.3,0.3,2.986140842036753
167029,0.2,0.37543136740151367,0.4,0.4,2.986140842036753
167029,0.3,0.37107816963464,0.4,0.4,3.279409223978096
167029,0.4,0.3137881686669634,0.3,0.3,3.345269320080324
167029,0.5,0.3273742387045091,0.3,0.3,3.7142947257150545
167029,0.6,0.3076404150444236,0.3,0.3,5.024344951917247
75944,0.0,0.25375101836086567,0.2,0.2,1.8674746420331334
75944,0.1,0.19031326377064925,0.1,0.1,1.8674746420331334
75944,0.2,0.19031326377064925,0.1,0.1,2.0991777042653195
75944,0.3,0.19031326377064925,0.1,0.1,2.346124752718492
75944,0.4,0.19031326377064925,0.1,0.1,3.460810451961815
75944,0.5,0.25035041407674696,0.2,0.2,3.9220360912312295
75944,0.6,0.07362322034364344,0.1,0.1,5.258634754497678
23961,0.0,0.9427099990323233,0.9,0.9,4.149094023148169
23961,0.1,0.9427099990323233,0.9,0.9,4.14909402314817
23961,0.2,0.9427099990323233,0.9,0.9,4.14909402314817
23961,0.3,0.9427099990323233,0.9,0.9,4.422370054307746
23961,0.4,0.9427099990323233,0.9,0.9,4.422370054307746
23961,0.5,0.8585858272992664,0.8,0.8,4.91154473113099
23961,0.6,0.7739301468033551,0.7,0.7,6.1667707797990605
159814,0.0,0.4689819508583858,0.4,0.4,1.849140828660802
159814,0.1,0.462834197235846,0.4,0.4,2.002262979692671
159814,0.2,0.462834197235846,0.4,0.4,2.0022629796926705
159814,0.3,0.4413007856941648,0.4,0.4,2.0560478736383154
159814,0.4,0.37382531897306115,0.3,0.3,3.2745126222447682
159814,0.5,0.3788319716856323,0.4,0.4,5.267237587296945
159814,0.6,0.2322176068191845,0.3,0.3,6.3698277397662295
138465,0.0,0.33326646895595896,0.4,0.4,3.281299115303388
138465,0.1,0.33326646895595896,0.4,0.4,3.5084629349859404
138465,0.2,0.32986586467184026,0.4,0.4,3.5084629349859404
138465,0.3,0.3488913031472613,0.4,0.4,4.0204488011753226
138465,0.4,0.25130300755950197,0.3,0.3,4.309382855010881
138465,0.5,0.3153942170954159,0.3,0.3,4.887670167550441
138465,0.6,0.3076404150444236,0.3,0.3,5.460956042376403
72443,0.0,0.5228713475419438,0.5,0.5,2.9835172185743777
72443,0.1,0.5228713475419438,0.5,0.5,3.18411800564123
72443,0.2,0.5262719518260625,0.5,0.5,3.18411800564123
72443,0.3,0.5965109149845161,0.5,0.5,3.302020201746951
72443,0.4,0.5931103107003975,0.5,0.5,3.302020201746951
72443,0.5,0.6214285837113871,0.5,0.5,4.071649967704452
72443,0.6,0.6670490166800274,0.6,0.6,5.526770390247589
111433,0.0,0.19435097590153647,0.3,0.3,1.833293017589165
111433,0.1,0.13366037064974118,0.2,0.2,1.976022917358814
111433,0.2,0.13091322131132005,0.2,0.2,2.224586282845437
111433,0.3,0.13366037064974118,0.2,0.2,2.4926835393400695
111433,0.4,0.17736430157987212,0.2,0.2,3.3527785786749362
111433,0.5,0.25375101836086567,0.2,0.2,4.20152661562326
111433,0.6,0.3239736344203904,0.3,0.3,4.920189226465674
35256,0.0,0.5010937277021721,0.5,0.5,3.4654157946009065
35256,0.1,0.5044943319862907,0.5,0.5,3.4654157946009065
35256,0.2,0.49526145971561863,0.5,0.5,3.4654157946009065
35256,0.3,0.48692121866280513,0.5,0.5,4.434272142495752
35256,0.4,0.5074856896228024,0.5,0.5,6.655374490567185
35256,0.5,0.5074856896228024,0.5,0.5,10.333965405685094
35256,0.6,0.5777246527812562,0.5,0.5,11.169046911317546
125671,0.0,0.7797624147899086,0.7,0.7,3.0707438688909674
125671,0.1,0.7548447460630378,0.7,0.7,3.2416561425532313
125671,0.2,0.7490124780764843,0.7,0.7,3.2416561425532313
125671,0.3,0.7490124780764843,0.7,0.7,4.234536860734632
125671,0.4,0.7301712856342574,0.7,0.7,4.234536860734632
125671,0.5,0.6643018673416062,0.6,0.6,8.674886957789957
125671,0.6,0.5142868981910397,0.4,0.4,11.030545314555932
108963,0.0,0.809049628382582,0.7,0.7,2.9843506926349077
108963,0.1,0.8663396293502587,0.8,0.8,3.1472490543844063
108963,0.2,0.8690867786886797,0.8,0.8,3.2370462662001906
108963,0.3,0.8629390250661401,0.8,0.8,3.7397970838638606
108963,0.4,0.8370524157575853,0.8,0.8,3.934215932176874
108963,0.5,0.7163246601996921,0.6,0.6,4.411376907412736
108963,0.6,0.7634291954139418,0.7,0.7,4.725588361396798
121620,0.0,0.4089448005522881,0.4,0.4,4.305567226638883
121620,0.1,0.4089448005522881,0.4,0.4,4.305567226638883
121620,0.2,0.4089448005522881,0.4,0.4,4.468358730243612
121620,0.3,0.4105508489807405,0.4,0.4,4.468358730243612
121620,0.4,0.3973576784918729,0.4,0.4,4.640921103985727
121620,0.5,0.3317274364713827,0.3,0.3,4.640921103985727
121620,0.6,0.33571447975732266,0.3,0.3,5.471116105434394
167325,0.0,0.49171280976793447,0.5555555555555556,0.5,2.3580346754018002
167325,0.1,0.5586711204032561,0.6666666666666666,0.6,2.3580346754018002
167325,0.2,0.5897381650116047,0.6666666666666666,0.6,2.4628535407355274
167325,0.3,0.6438836120313477,0.6666666666666666,0.6,2.5136682311025598
167325,0.4,0.7490524076026622,0.6666666666666666,0.6,2.8550720700137715
167325,0.5,0.703979392471845,0.5555555555555556,0.5,4.400276515377604
167325,0.6,0.6180737343913255,0.4444444444444444,0.4,5.45575888539387
183514,0.0,0.46258998893775544,0.3,0.3,3.4433010770760957
183514,0.1,0.46258998893775544,0.3,0.3,3.4433010770760966
183514,0.2,0.45424974788494193,0.3,0.3,3.5740600711666097
183514,0.3,0.2971943938939771,0.3,0.3,3.680049355167457
183514,0.4,0.28885415284116356,0.3,0.3,3.680049355167457
183514,0.5,0.26547551659886887,0.3,0.3,3.989394742373464
183514,0.6,0.2288170025350658,0.3,0.3,4.364286577033275
62287,0.0,0.2532633541065531,0.16666666666666666,0.1,1.7942452149472377
62287,0.1,0.2532633541065531,0.16666666666666666,0.1,1.7942452149472377
62287,0.2,0.2532633541065531,0.16666666666666666,0.1,1.7942452149472377
62287,0.3,0.2532633541065531,0.16666666666666666,0.1,1.7942452149472377
62287,0.4,0.1853144560212742,0.3333333333333333,0.2,2.124866668923463
62287,0.5,0.17463534499935596,0.3333333333333333,0.2,2.8677257469072472
62287,0.6,0.10907458963273323,0.16666666666666666,0.1,5.015908002668354
89441,0.0,0.36743335705243085,0.3,0.3,2.2500439266547034
89441,0.1,0.42472335802010747,0.4,0.4,2.3293446300096416
89441,0.2,0.42253087058983374,0.4,0.4,2.4536823081349026
89441,0.3,0.4191302663057151,0.4,0.4,2.4536823081349026
89441,0.4,0.37042471468894245,0.3,0.3,4.699764468599776
89441,0.5,0.3806265275412985,0.2,0.2,9.645158481966064
89441,0.6,0.3806265275412985,0.2,0.2,10.618349306655704
125146,0.0,0.3890174374390593,0.4,0.4,1.6642602650383296
125146,0.1,0.3788319716856323,0.4,0.4,1.7975750847297867
125146,0.2,0.37107816963464,0.4,0.4,1.984846079533272
125146,0.3,0.3076404150444236,0.3,0.3,1.984846079533272
125146,0.4,0.31104101932854233,0.3,0.3,2.698066733760848
125146,0.5,0.3458999455107497,0.3,0.3,3.022922987819062
125146,0.6,0.2152309324975201,0.2,0.2,4.20857881719406
145730,0.0,0.3295032204950941,0.3333333333333333,0.2,1.9481086386545132
145730,0.1,0.3295032204950941,0.3333333333333333,0.2,2.070670729624011
145730,0.2,0.2532633541065531,0.16666666666666666,0.1,2.070670729624011
145730,0.3,0.3295032204950941,0.3333333333333333,0.2,2.323299745370927
145730,0.4,0.3376844721420708,0.3333333333333333,0.2,4.434932589753586
145730,0.5,0.43566011164782664,0.5,0.3,5.314040493221048
145730,0.6,0.44145322057614717,0.5,0.3,6.272973969833984
193707,0.0,0.37042471468894245,0.3,0.3,2.3465900834683184
193707,0.1,0.3676775653505214,0.3,0.3,2.346590083468319
193707,0.2,0.3676775653505214,0.3,0.3,2.346590083468319
193707,0.3,0.3103875643828447,0.2,0.2,2.566492037494218
193707,0.4,0.3103875643828447,0.2,0.2,2.566492037494218
193707,0.5,0.37042471468894245,0.3,0.3,2.9921434737228854
193707,0.6,0.34006767752419625,0.3,0.3,3.7320354612788487
82924,0.0,0.43926202154040817,0.6,0.6,6.236079051448323
82924,0.1,0.44225337917691976,0.6,0.6,6.236079051448323
82924,0.2,0.45059362022973337,0.6,0.6,6.236079051448323
82924,0.3,0.45642588821628677,0.6,0.6,6.7286689973585805
82924,0.4,0.45642588821628677,0.6,0.6,6.799947464791866
82924,0.5,0.5310180491416141,0.6,0.6,7.056390451600976
82924,0.6,0.5152394916737947,0.5,0.5,7.651928072110498
30185,0.0,0.6531474610064952,0.5,0.5,2.3257423959149337
30185,0.1,0.6531474610064952,0.5,0.5,2.3257423959149337
30185,0.2,0.6592952146290351,0.5,0.5,2.3257423959149337
30185,0.3,0.669480680382462,0.5,0.5,2.731499310968764
30185,0.4,0.5965109149845161,0.5,0.5,5.899146231252186
30185,0.5,0.406197651213867,0.4,0.4,6.293172315728651
30185,0.6,0.21562383204619817,0.3,0.3,6.700723901010123
116248,0.0,0.37382531897306115,0.3,0.3,2.1033607602531967
116248,0.1,0.38401078472648814,0.3,0.3,2.1033607602531967
116248,0.2,0.38401078472648814,0.3,0.3,2.1033607602531967
116248,0.3,0.39235102577930164,0.3,0.3,2.5904883264047256
116248,0.4,0.40554419626816934,0.3,0.3,3.764662666728493
116248,0.5,0.38401078472648814,0.3,0.3,6.191085434180448
116248,0.6,0.44841747989838854,0.3,0.3,7.476581456868854
196541,0.0,0.8629390250661401,0.8,0.8,2.2744138462973877
196541,0.1,0.8721718973368121,0.8,0.8,2.2744138462973877
196541,0.2,0.8749190466752332,0.8,0.8,2.3633527590654566
196541,0.3,0.9365622454097835,0.9,0.9,2.3633527590654566
196541,0.4,0.9399628496939022,0.9,0.9,2.3633527590654566
196541,0.5,0.9427099990323233,0.9,0.9,5.00244089132165
196541,0.6,0.9427099990323233,0.9,0.9,8.481704140205249
195047,0.0,0.26130809433667596,0.4,0.2,2.0690073937285915
195047,0.1,0.26130809433667596,0.4,0.2,2.0690073937285915
195047,0.2,0.2771605995452069,0.4,0.2,2.3395129688985543
195047,0.3,0.2707382575530834,0.4,0.2,2.488202900994625
195047,0.4,0.36934595283166205,0.4,0.2,2.488202900994625
195047,0.5,0.36934595283166205,0.4,0.2,5.259918315517748
195047,0.6,0.36529303966308646,0.4,0.2,5.6813918568873545
193629,0.0,0.4907023256490295,0.3333333333333333,0.3,1.893676640788361
193629,0.1,0.4907023256490295,0.3333333333333333,0.3,1.893676640788361
193629,0.2,0.3897628723887466,0.3333333333333333,0.3,1.893676640788361
193629,0.3,0.42769244719191934,0.4444444444444444,0.4,2.730462852358678
193629,0.4,0.41980209233980026,0.4444444444444444,0.4,5.2717893234205615
193629,0.5,0.36073413655659775,0.3333333333333333,0.3,5.943902344667892
193629,0.6,0.3002215794307131,0.3333333333333333,0.3,6.202134442633124
106254,0.0,0.32633621724624917,0.3333333333333333,0.3,2.685499524048808
106254,0.1,0.3299434817152899,0.3333333333333333,0.3,2.685499524048808
106254,0.2,0.26917187536075465,0.2222222222222222,0.2,3.0797285499154965
106254,0.3,0.27997632822948654,0.2222222222222222,0.2,3.0797285499154965
106254,0.4,0.2737896239487001,0.2222222222222222,0.2,3.7793557766294787
106254,0.5,0.2737896239487001,0.2222222222222222,0.2,5.892657847442452
106254,0.6,0.27997632822948654,0.2222222222222222,0.2,6.258221283877594
38317,0.0,0.9263767796563563,0.9,0.9,3.837302370063081
38317,0.1,0.9263767796563563,0.9,0.9,3.911150712243928
38317,0.2,0.9263767796563563,0.9,0.9,4.062951677273834
38317,0.3,0.9263767796563563,0.9,0.9,4.312235191879564
38317,0.4,0.9263767796563563,0.9,0.9,4.5874044117199855
38317,0.5,0.8749190466752332,0.8,0.8,4.967346807336379
38317,0.6,0.8690867786886797,0.8,0.8,5.479302543678735
115926,0.0,0.33231387547320396,0.3,0.3,4.495671106372315
115926,0.1,0.33231387547320396,0.3,0.3,5.879681714090129
115926,0.2,0.3455070459620716,0.3,0.3,6.575607127197252
115926,0.3,0.2752680828036178,0.3,0.3,7.907216425692202
115926,0.4,0.2752680828036178,0.3,0.3,8.332468254105729
115926,0.5,0.2786686870877365,0.3,0.3,8.469230054385962
115926,0.6,0.34006767752419625,0.3,0.3,9.065691001157882
84353,0.0,0.5041014324376127,0.4,0.4,2.6396399356356097
84353,0.1,0.5041014324376127,0.4,0.4,2.6396399356356097
84353,0.2,0.43546851770761136,0.4,0.4,2.6396399356356097
84353,0.3,0.37817851673993474,0.3,0.3,3.0363210743522653
84353,0.4,0.2830218848546101,0.3,0.3,3.7698088297043157
84353,0.5,0.2365708045860581,0.3,0.3,6.323541157000099
84353,0.6,0.20979156405964475,0.3,0.3,6.867552859078343
86188,0.0,0.3623379437392863,0.3333333333333333,0.2,4.647544768472278
86188,0.1,0.3512389936123089,0.3333333333333333,0.2,4.839556543950328
86188,0.2,0.3376844721420708,0.3333333333333333,0.2,5.061171141844024
86188,0.3,0.33315904690411724,0.3333333333333333,0.2,5.061171141844025
86188,0.4,0.33315904690411724,0.3333333333333333,0.2,5.479457956981161
86188,0.5,0.33315904690411724,0.3333333333333333,0.2,5.479457956981162
86188,0.6,0.33315904690411724,0.3333333333333333,0.2,6.101637010523809
80151,0.0,0.6313698411667235,0.5,0.5,2.754975081040742
80151,0.1,0.6313698411667235,0.5,0.5,2.7549750810407416
80151,0.2,0.69480759575694,0.6,0.6,2.7549750810407416
80151,0.3,0.7240784622506844,0.6,0.6,2.8201770053512845
80151,0.4,0.7197252644838108,0.6,0.6,3.0905966792112833
80151,0.5,0.6562875098935943,0.5,0.5,4.078816691766359
80151,0.6,0.684605782904584,0.7,0.7,5.483289577369751
60047,0.0,0.8475533671469987,0.8,0.8,2.7564390857059435
60047,0.1,0.7591979438299113,0.7,0.7,2.7564390857059435
60047,0.2,0.7548447460630378,0.7,0.7,3.1237158910471843
60047,0.3,0.7520975967246166,0.7,0.7,3.1237158910471843
60047,0.4,0.6674419162287054,0.6,0.6,3.1237158910471843
60047,0.5,0.5722852843433808,0.6,0.6,5.048065363777763
60047,0.6,0.5088475297531643,0.5,0.5,6.106665092864738
103324,0.0,0.9180365386035428,0.9,0.9,2.8927541570641933
103324,0.1,0.9263767796563563,0.9,0.9,3.35503444194482
103324,0.2,0.9322090476429099,0.9,0.9,3.35503444194482
103324,0.3,0.8687712930526933,0.8,0.8,3.806450900528444
103324,0.4,0.9048433681146754,0.9,0.9,3.806450900528445
103324,0.5,0.8198885490817066,0.8,0.8,3.9179749957395216
103324,0.6,0.7462489816391342,0.8,0.8,5.05626871388756
161210,0.0,0.08986824523342568,0.14285714285714285,0.1,6.01548086483915
161210,0.1,0.08986824523342568,0.14285714285714285,0.1,6.651684925054657
161210,0.2,0.08986824523342568,0.14285714285714285,0.1,7.426672709803943
161210,0.3,0.08986824523342568,0.14285714285714285,0.1,7.426672709803943
161210,0.4,0.08986824523342568,0.14285714285714285,0.1,8.047687657709124
161210,0.5,0.08986824523342568,0.14285714285714285,0.1,8.540518047921562
161210,0.6,0.08986824523342568,0.14285714285714285,0.1,8.540518047921562
114249,0.0,0.8826728487262255,0.8,0.8,2.2742276913351125
114249,0.1,0.8826728487262255,0.8,0.8,2.2742276913351125
114249,0.2,0.8826728487262255,0.8,0.8,2.2742276913351125
114249,0.3,0.8792722444421068,0.8,0.8,2.386567072126729
114249,0.4,0.819235094136009,0.7,0.7,2.386567072126729
114249,0.5,0.809049628382582,0.7,0.7,2.993319234990724
114249,0.6,0.646739151986936,0.7,0.7,4.585922479810814
122253,0.0,0.6245686325984862,0.6,0.6,3.1802548352703357
122253,0.1,0.6187363646119328,0.6,0.6,3.180254835270336
122253,0.2,0.650455241907041,0.5,0.5,3.1802548352703366
122253,0.3,0.6558946103449164,0.5,0.5,3.472334092879475
122253,0.4,0.7378580717413733,0.6,0.6,4.569938681180551
122253,0.5,0.6778209214352755,0.5,0.5,4.8497162149709485
122253,0.6,0.669480680382462,0.5,0.5,5.077522153737492
150269,0.0,0.3212264850819693,0.3,0.3,4.0108103056884366
150269,0.1,0.3153942170954159,0.3,0.3,4.0108103056884366
150269,0.2,0.2451552539369622,0.3,0.3,4.516992322952584
150269,0.3,0.3008392064761863,0.4,0.4,4.516992322952584
150269,0.4,0.26272836726044774,0.4,0.4,4.9013574601821945
150269,0.5,0.2732293186498612,0.4,0.4,5.536474207526426
150269,0.6,0.27291383301387484,0.4,0.4,5.856977785203866
79348,0.0,0.7847690675024798,0.8,0.8,3.1077511425875657
79348,0.1,0.7847690675024798,0.8,0.8,3.107751142587566
79348,0.2,0.7847690675024798,0.8,0.8,3.2484298487281635
79348,0.3,0.7847690675024798,0.8,0.8,3.2484298487281635
79348,0.4,0.7277232748328937,0.8,0.8,3.2484298487281635
79348,0.5,0.7496495859232529,0.8,0.8,3.5003901970086466
79348,0.6,0.9048433681146754,0.9,0.9,5.02092943456311
16503,0.0,0.5860648938340697,0.5,0.5,2.24711602783724
16503,0.1,0.5074856896228024,0.5,0.5,2.24711602783724
16503,0.2,0.5074856896228024,0.5,0.5,2.24711602783724
16503,0.3,0.5333722989313572,0.5,0.5,2.24711602783724
16503,0.4,0.5447976586323029,0.5,0.5,2.6590595475911223
16503,0.5,0.5509454122548427,0.5,0.5,4.543202003028087
16503,0.6,0.602642321508127,0.6,0.6,6.906969717886665
67622,0.0,0.6991607935238136,0.6,0.6,3.6936580529445777
67622,0.1,0.7486969924404979,0.7,0.7,3.916101627881717
67622,0.2,0.7329184349726785,0.6,0.6,4.514746815011047
67622,0.3,0.7351109224029522,0.6,0.6,5.133714968311878
67622,0.4,0.7351109224029522,0.6,0.6,6.549646021198572
67622,0.5,0.7797624147899086,0.7,0.7,6.549646021198571
67622,0.6,0.7797624147899086,0.7,0.7,6.605324364501915
51263,0.0,0.7301712856342574,0.7,0.7,3.5613455500572657
51263,0.1,0.7345244834011311,0.7,0.7,3.5613455500572657
51263,0.2,0.7213313129122634,0.7,0.7,3.7270017177000176
51263,0.3,0.7213313129122634,0.7,0.7,3.7270017177000176
51263,0.4,0.7379250876852497,0.7,0.7,3.727001717700017
51263,0.5,0.7021521511603253,0.6,0.6,3.818674704497193
51263,0.6,0.703392045107844,0.6,0.6,5.1941778735723725
183112,0.0,0.7487017198410004,1.0,0.5,4.559796563843215
183112,0.1,0.7487017198410004,1.0,0.5,4.696697687053547
183112,0.2,0.7400972819989171,1.0,0.5,4.696697687053548
183112,0.3,0.7400972819989171,1.0,0.5,4.696697687053548
183112,0.4,0.6838717539714857,1.0,0.5,4.696697687053549
183112,0.5,0.6715672635241368,1.0,0.5,5.016280861107946
183112,0.6,0.6715672635241368,1.0,0.5,5.531488819915528
85781,0.0,0.7689978409300346,0.875,0.7,1.8905672197164805
85781,0.1,0.7658855334172506,0.875,0.7,1.8905672197164805
85781,0.2,0.7658855334172506,0.875,0.7,1.8905672197164805
85781,0.3,0.7711068576537606,0.75,0.6,1.9501184066197237
85781,0.4,0.8087854945662685,0.75,0.6,2.6216303238537346
85781,0.5,0.6147296498187932,0.625,0.5,6.159280704981053
85781,0.6,0.28746173809254255,0.375,0.3,7.246123722579965
200130,0.0,0.4388315582655183,0.4444444444444444,0.4,3.2934461270831124
200130,0.1,0.4388315582655183,0.4444444444444444,0.4,3.2934461270831124
200130,0.2,0.4388315582655183,0.4444444444444444,0.4,3.2934461270831124
200130,0.3,0.5118944547011062,0.5555555555555556,0.5,3.9479574432139755
200130,0.4,0.5400300607544519,0.5555555555555556,0.5,5.142729907295085
200130,0.5,0.5517912496700417,0.5555555555555556,0.5,5.8185290668808225
200130,0.6,0.5429441587710647,0.5555555555555556,0.5,6.643517351190501
143567,0.0,0.44470138997828357,0.5,0.5,1.8475747929755173
143567,0.1,0.3874113890106069,0.4,0.4,1.8475747929755173
143567,0.2,0.3957516300634204,0.4,0.4,2.064163239475585
143567,0.3,0.41638311696729396,0.4,0.4,2.087897581967559
143567,0.4,0.39235102577930164,0.3,0.3,3.3012056997066126
143567,0.5,0.44161627133015113,0.4,0.4,6.484800267247296
143567,0.6,0.39300448072499927,0.4,0.4,7.694289892464006
154267,0.0,0.2972043450359441,0.6,0.3,2.925678797223609
154267,0.1,0.2972043450359441,0.6,0.3,3.3210999862903656
154267,0.2,0.2972043450359441,0.6,0.3,3.622557532336387
154267,0.3,0.2907820030438206,0.6,0.3,3.724891091440477
154267,0.4,0.19360380123621984,0.4,0.2,4.405819384928033
154267,0.5,0.18858683557968928,0.4,0.2,4.951127406598256
154267,0.6,0.18453392241111363,0.4,0.2,5.560440678697465
67621,0.0,0.488388291339322,0.5714285714285714,0.4,2.991225854882175
67621,0.1,0.4996584045665993,0.5714285714285714,0.4,2.991225854882175
67621,0.2,0.41392115568503135,0.5714285714285714,0.4,3.401572852102327
67621,0.3,0.41392115568503135,0.5714285714285714,0.4,3.525783561404071
67621,0.4,0.42587445977911015,0.5714285714285714,0.4,3.5841324767568103
67621,0.5,0.5695894919647735,0.7142857142857143,0.5,3.9002890546436886
67621,0.6,0.6123436669486289,0.7142857142857143,0.5,4.5135673050527645
159064,0.0,0.767254236278779,0.75,0.6,4.9877591062672275
159064,0.1,0.7623224002387833,0.75,0.6,5.265097360558278
159064,0.2,0.755714892151308,0.75,0.6,5.42165219187576
159064,0.3,0.6793581163586988,0.625,0.5,5.42165219187576
159064,0.4,0.6842899523986945,0.625,0.5,6.224873850044666
159064,0.5,0.7288712864909846,0.75,0.6,8.151985603815904
159064,0.6,0.7128149310022902,0.75,0.6,8.834991711702623
609,0.0,0.44139102840096783,0.5,0.4,5.229938414299747
609,0.1,0.3670370453650102,0.375,0.3,5.517443019058431
609,0.2,0.37582150277998755,0.375,0.3,5.517443019058431
609,0.3,0.4452436497759496,0.5,0.4,5.939903725128952
609,0.4,0.3952853548737731,0.375,0.3,6.260467200256193
609,0.5,0.32064188364130103,0.375,0.3,6.7445438768120685
609,0.6,0.29691058549376176,0.375,0.3,6.885474469566295
185469,0.0,0.37989503115982964,0.3333333333333333,0.2,3.3502591618205444
185469,0.1,0.3623379437392863,0.3333333333333333,0.2,3.732118863464027
185469,0.2,0.3512389936123089,0.3333333333333333,0.2,3.9483222570566228
185469,0.3,0.3376844721420708,0.3333333333333333,0.2,4.454626016477386
185469,0.4,0.3295032204950941,0.3333333333333333,0.2,4.526360936604837
185469,0.5,0.2532633541065531,0.16666666666666666,0.1,6.412538563895597
185469,0.6,0.10907458963273323,0.16666666666666666,0.1,7.10667017681151
43295,0.0,0.8312201477710319,0.8,0.8,3.5314089204156067
43295,0.1,0.8444133182598994,0.8,0.8,3.714729157430206
43295,0.2,0.8502455862464527,0.8,0.8,4.317779939633251
43295,0.3,0.8607465376358662,0.8,0.8,5.073882691939472
43295,0.4,0.8607465376358662,0.8,0.8,5.5367694440564375
43295,0.5,0.8690867786886797,0.8,0.8,6.032637227270696
43295,0.6,0.8690867786886797,0.8,0.8,6.91433518050615
173031,0.0,0.6609012630574876,0.6,0.6,2.478567336873655
173031,0.1,0.612844134360483,0.5,0.5,2.478567336873655
173031,0.2,0.6211843754132965,0.5,0.5,2.478567336873655
173031,0.3,0.6828275741478468,0.6,0.6,2.478567336873655
173031,0.4,0.713577510861271,0.6,0.6,5.982352874230133
173031,0.5,0.6950518040550305,0.6,0.6,8.296617627218078
173031,0.6,0.7492566863745749,0.7,0.7,9.033504207198295
21034,0.0,0.4126586520121559,0.4444444444444444,0.4,2.4888307486084686
21034,0.1,0.4126586520121559,0.4444444444444444,0.4,2.7460950738694043
21034,0.2,0.5364401368238014,0.4444444444444444,0.4,2.856168264520176
21034,0.3,0.5654688726559501,0.4444444444444444,0.4,2.969469107713111
21034,0.4,0.5654688726559501,0.4444444444444444,0.4,2.9952864122070415
21034,0.5,0.6360927161981388,0.5555555555555556,0.5,3.6782240062192164
21034,0.6,0.6299060119173524,0.5555555555555556,0.5,4.166862343735665
62374,0.0,0.17903687496920354,0.2222222222222222,0.2,2.540002273775893
62374,0.1,0.27997632822948654,0.2222222222222222,0.2,2.886514617743963
62374,0.2,0.2888234191284636,0.2222222222222222,0.2,2.8865146177439627
62374,0.3,0.302818359780849,0.2222222222222222,0.2,3.4229900622924125
62374,0.4,0.302818359780849,0.2222222222222222,0.2,3.5704255460860552
62374,0.5,0.3292503152628619,0.2222222222222222,0.2,3.6881898105321156
62374,0.6,0.3900219216173972,0.3333333333333333,0.3,4.165468556322521
124967,0.0,0.7634291954139418,0.7,0.7,2.135057757827986
124967,0.1,0.7061391944462652,0.6,0.6,2.135057757827986
124967,0.2,0.7236855627020065,0.6,0.6,2.2643529344715945
124967,0.3,0.7236855627020065,0.6,0.6,2.316522440079196
124967,0.4,0.6171973321273566,0.5,0.5,3.434992959578808
124967,0.5,0.5362132092813989,0.4,0.4,4.77278319104059
124967,0.6,0.26272836726044774,0.4,0.4,6.067949502337176
12139,0.0,0.5044943319862907,0.5,0.5,2.6708447691651314
12139,0.1,0.5617843329539673,0.6,0.6,2.670844769165131
12139,0.2,0.5894491510192593,0.6,0.6,2.670844769165131
12139,0.3,0.5972029530702516,0.6,0.6,2.905545008620493
12139,0.4,0.6760263655796095,0.7,0.7,3.0015314897315033
12139,0.5,0.7360635158857073,0.8,0.8,4.569438026284346
12139,0.6,0.7594421521280019,0.7,0.7,5.924679993531511
65764,0.0,0.8448062178085776,0.8,0.8,3.3716807810776395
65764,0.1,0.8448062178085776,0.8,0.8,3.3716807810776395
65764,0.2,0.8475533671469987,0.8,0.8,3.3716807810776395
65764,0.3,0.8607465376358662,0.8,0.8,4.2281988229814536
65764,0.4,0.8690867786886797,0.8,0.8,4.9408400924915625
65764,0.5,0.8792722444421068,0.8,0.8,7.565399492408981
65764,0.6,0.9365622454097835,0.9,0.9,9.11158015934613
180558,0.0,0.8397886907875249,0.75,0.6,7.765766180625256
180558,0.1,0.8397886907875249,0.75,0.6,7.765766180625256
180558,0.2,0.8397886907875249,0.75,0.6,8.05057510482449
180558,0.3,0.8397886907875249,0.75,0.6,8.38506624611331
180558,0.4,0.8303398433863057,0.75,0.6,8.777102794099298
180558,0.5,0.8303398433863057,0.75,0.6,9.702662685518373
180558,0.6,0.8153930026537437,0.75,0.6,10.43854114729065
197466,0.0,0.5968100535215736,0.6,0.6,2.130660600690967
197466,0.1,0.583616883032706,0.6,0.6,2.130660600690967
197466,0.2,0.5808697336942849,0.6,0.6,2.130660600690967
197466,0.3,0.5583837286698486,0.6,0.6,2.1495170947871647
197466,0.4,0.4983465783637509,0.5,0.5,2.1495170947871647
197466,0.5,0.4007419356770626,0.5,0.5,2.8901724184654207
197466,0.6,0.3951651910615991,0.4,0.4,5.205711371488994
34198,0.0,0.15519378219142235,0.2,0.2,2.6193568961971727
34198,0.1,0.15519378219142235,0.2,0.2,3.375868853484748
34198,0.2,0.15519378219142235,0.2,0.2,4.177967298597914
34198,0.3,0.14200061170255474,0.2,0.2,5.170153741343496
34198,0.4,0.14200061170255474,0.2,0.2,6.446639420895584
34198,0.5,0.15519378219142235,0.2,0.2,6.907578558189028
34198,0.6,0.16877985222896807,0.2,0.2,6.920550637612306
183079,0.0,0.06368570437114798,0.1111111111111111,0.1,3.215435055121083
183079,0.1,0.06368570437114798,0.1111111111111111,0.1,3.631413030333003
183079,0.2,0.07191071742813417,0.1111111111111111,0.1,3.7535173592820774
183079,0.3,0.15423748144808627,0.2222222222222222,0.2,4.0370496279979955
183079,0.4,0.16504193431681816,0.2222222222222222,0.2,4.310597004956448
183079,0.5,0.4710507818813206,0.3333333333333333,0.3,4.979087417736871
183079,0.6,0.4907023256490295,0.3333333333333333,0.3,5.60854100666068
4928,0.0,0.22337763409719047,0.3,0.3,3.4091595074945245
4928,0.1,0.28066763506486714,0.4,0.4,3.4091595074945245
4928,0.2,0.2868153886874069,0.4,0.4,3.4091595074945245
4928,0.3,0.2868153886874069,0.4,0.4,3.6373905582414494
4928,0.4,0.30494819594496936,0.4,0.4,3.6373905582414503
4928,0.5,0.43386246927915895,0.4,0.4,3.866175755193585
4928,0.6,0.42253087058983374,0.4,0.4,4.773116947068077
30194,0.0,0.2152309324975201,0.2,0.2,3.7460336469720685
30194,0.1,0.20203776200865248,0.2,0.2,3.859639721815532
30194,0.2,0.19369752095583892,0.2,0.2,3.859639721815532
30194,0.3,0.17736430157987212,0.2,0.2,5.149631653355317
30194,0.4,0.1200743006121955,0.1,0.1,7.595833910276181
30194,0.5,0.081963461396457,0.1,0.1,9.73873199467636
30194,0.6,0.06779095235709003,0.1,0.1,11.024007692158985
47632,0.0,0.14656879505245024,0.14285714285714285,0.1,2.1881107032439484
47632,0.1,0.21649988245062435,0.2857142857142857,0.2,2.1881107032439484
47632,0.2,0.2293178775103795,0.2857142857142857,0.2,2.428975086395091
47632,0.3,0.24661756247359962,0.2857142857142857,0.2,2.428975086395091
47632,0.4,0.3067532254883856,0.42857142857142855,0.3,3.3510169076637006
47632,0.5,0.2627218170194593,0.2857142857142857,0.2,4.243243663084793
47632,0.6,0.34845906590102727,0.2857142857142857,0.2,5.151124132882833
1468,0.0,0.44841747989838854,0.3,0.3,2.365747740687501
1468,0.1,0.44406428213151494,0.3,0.3,2.365747740687501
1468,0.2,0.44066367784739624,0.3,0.3,2.5800618729491935
1468,0.3,0.44066367784739624,0.3,0.3,2.87356603936981
1468,0.4,0.37382531897306115,0.3,0.3,3.1402985568693116
1468,0.5,0.2786686870877365,0.3,0.3,3.6484537307152274
1468,0.6,0.2479024032753833,0.3,0.3,4.49082047221158
176622,0.0,0.806302479044161,0.8,0.8,3.1113247697108983
176622,0.1,0.8312201477710319,0.8,0.8,3.2947921136054568
176622,0.2,0.8228799067182183,0.8,0.8,3.2947921136054568
176622,0.3,0.7550889543611283,0.7,0.7,3.2947921136054568
176622,0.4,0.7550889543611283,0.7,0.7,3.2947921136054568
176622,0.5,0.8370524157575853,0.8,0.8,3.8240783111949903
176622,0.6,0.7462489816391342,0.8,0.8,5.010134558770653
68429,0.0,0.6379452528154109,0.5714285714285714,0.4,1.7732469764363272
68429,0.1,0.6545291005226114,0.5714285714285714,0.4,2.061981929790174
68429,0.2,0.6545291005226114,0.5714285714285714,0.4,2.9134317757376413
68429,0.3,0.647409937747115,0.5714285714285714,0.4,3.491821016156181
68429,0.4,0.6540495073612707,0.5714285714285714,0.4,4.077743607619252
68429,0.5,0.554480333101462,0.42857142857142855,0.3,4.965843659650475
68429,0.6,0.5420474358460424,0.42857142857142855,0.3,5.585419153133865
139096,0.0,0.3516450798625575,0.25,0.2,2.889007935033912
139096,0.1,0.3516450798625575,0.25,0.2,2.8890079350339124
139096,0.2,0.3516450798625575,0.25,0.2,2.889007935033913
139096,0.3,0.3516450798625575,0.25,0.2,3.1740693206371535
139096,0.4,0.416550215497296,0.375,0.3,3.359465834208117
139096,0.5,0.37337358525344533,0.375,0.3,4.224139140903876
139096,0.6,0.2526244404937786,0.375,0.3,4.905981829687833
160216,0.0,0.7929555852787762,0.7,0.7,2.5363127459120958
160216,0.1,0.7797624147899086,0.7,0.7,2.5363127459120958
160216,0.2,0.7813684632183611,0.7,0.7,2.6529544651599712
160216,0.3,0.6889753277703865,0.6,0.6,2.7669526880218607
160216,0.4,0.6082354132225194,0.6,0.6,3.5103370021084914
160216,0.5,0.5208325833881872,0.6,0.6,4.877196145792033
160216,0.6,0.3890174374390593,0.4,0.4,5.547655662932025
165794,0.0,0.7843761679538016,0.7,0.7,2.9786871359831926
165794,0.1,0.7809755636696831,0.7,0.7,3.15811991491776
165794,0.2,0.6855747234862679,0.6,0.6,3.1581199149177603
165794,0.3,0.6744873330950333,0.6,0.6,3.1581199149177603
165794,0.4,0.6642855202426773,0.7,0.7,3.3025926830408308
165794,0.5,0.5938023487861329,0.6,0.6,3.42096802244967
165794,0.6,0.5833013973967196,0.6,0.6,4.967541218591481
96675,0.0,0.568491780510584,0.4,0.4,2.4295578623136755
96675,0.1,0.5743240484971374,0.4,0.4,2.4295578623136755
96675,0.2,0.5743240484971374,0.4,0.4,2.4295578623136755
96675,0.3,0.5826642895499509,0.4,0.4,2.4295578623136755
96675,0.4,0.6399542905176275,0.5,0.5,4.230304797184088
96675,0.5,0.6241757330498082,0.5,0.5,9.803764659569968
96675,0.6,0.522040700242032,0.4,0.4,11.539274916073792
4909,0.0,0.6109825625609405,0.6,0.6,2.132009161687741
4909,0.1,0.602642321508127,0.6,0.6,2.3674096675253424
4909,0.2,0.602642321508127,0.6,0.6,2.5374786110028538
4909,0.3,0.5894491510192593,0.6,0.6,2.771419621272421
4909,0.4,0.5731159316432926,0.6,0.6,2.771419621272421
4909,0.5,0.4798208715575104,0.5,0.5,3.3886161754227673
4909,0.6,0.40374964041250316,0.5,0.5,5.166757764226851
166706,0.0,0.6245686325984862,0.6,0.6,3.287651163169367
166706,0.1,0.6245686325984862,0.6,0.6,4.0052135068139085
166706,0.2,0.6211680283143675,0.6,0.6,4.1805242496279815
166706,0.3,0.6184208789759464,0.6,0.6,4.379253144453026
166706,0.4,0.5661375307208409,0.6,0.6,4.379253144453026
166706,0.5,0.5894491510192593,0.6,0.6,4.421548190767174
166706,0.6,0.5808697336942849,0.6,0.6,5.689821284672197
24194,0.0,0.40116103269099607,0.3333333333333333,0.3,3.0239276719076873
24194,0.1,0.40734773697178245,0.3333333333333333,0.3,3.271539754864434
24194,0.2,0.40734773697178245,0.3333333333333333,0.3,3.271539754864434
24194,0.3,0.3965432841030506,0.3333333333333333,0.3,3.5318391310030863
24194,0.4,0.3965432841030506,0.3333333333333333,0.3,3.750062832193053
24194,0.5,0.3747290772089831,0.3333333333333333,0.3,3.8171077388634003
24194,0.6,0.3518870456576207,0.3333333333333333,0.3,5.058710393044365
4881,0.0,0.33870583739383425,0.4,0.4,2.668376986848626
4881,0.1,0.32276551756654553,0.4,0.4,2.668376986848626
4881,0.2,0.32986586467184026,0.4,0.4,2.799568575418462
4881,0.3,0.3107804639315228,0.4,0.4,2.95093905485201
4881,0.4,0.31418106821564146,0.4,0.4,5.070528061753846
4881,0.5,0.3185342659825151,0.4,0.4,9.111080831787044
4881,0.6,0.34345193470938595,0.4,0.4,10.528557249301608
14745,0.0,0.6889753277703865,0.6,0.6,3.442634335860305
14745,0.1,0.727086166986125,0.6,0.6,3.5747838703705233
14745,0.2,0.7329184349726785,0.6,0.6,3.5747838703705233
14745,0.3,0.7378580717413733,0.6,0.6,3.810121110458774
14745,0.4,0.7378580717413733,0.6,0.6,3.810121110458774
14745,0.5,0.741258676025492,0.6,0.6,5.654399574134136
14745,0.6,0.7329184349726785,0.6,0.6,7.143876297243777
26186,0.0,0.462834197235846,0.4,0.4,2.433428893865957
26186,0.1,0.462834197235846,0.4,0.4,2.4334288938659574
26186,0.2,0.5330731603942997,0.4,0.4,2.4334288938659574
26186,0.3,0.5330731603942997,0.4,0.4,2.564393135629372
26186,0.4,0.5226271392438532,0.4,0.4,2.9711927844529704
26186,0.5,0.5935032102490755,0.5,0.5,5.408369545159792
26186,0.6,0.5201791284424895,0.5,0.5,6.448082739749372
86819,0.0,0.0,0.0,0.0,2.3447541153830262
86819,0.1,0.0,0.0,0.0,2.3447541153830262
86819,0.2,0.0,0.0,0.0,2.5375853117219984
86819,0.3,0.0,0.0,0.0,2.807378541434533
86819,0.4,0.0,0.0,0.0,2.9559396498600905
86819,0.5,0.0,0.0,0.0,4.18658690412353
86819,0.6,0.0,0.0,0.0,5.054117851588956
70616,0.0,0.20187890652056598,0.1111111111111111,0.1,1.8642362888103552
70616,0.1,0.20187890652056598,0.1111111111111111,0.1,1.896639778922418
70616,0.2,0.27997632822948654,0.2222222222222222,0.2,1.896639778922418
70616,0.3,0.302818359780849,0.2222222222222222,0.2,1.9796906798507112
70616,0.4,0.3635899661353842,0.3333333333333333,0.3,1.9796906798507112
70616,0.5,0.46452941939566716,0.3333333333333333,0.3,4.074051525835847
70616,0.6,0.302818359780849,0.2222222222222222,0.2,5.872521814485642
162164,0.0,0.5390592694224037,0.5714285714285714,0.4,3.521659829207418
162164,0.1,0.5390592694224037,0.5714285714285714,0.4,3.521659829207418
162164,0.2,0.5390592694224037,0.5714285714285714,0.4,3.521659829207418
162164,0.3,0.5349083189706227,0.5714285714285714,0.4,3.521659829207418
162164,0.4,0.5262412743626487,0.5714285714285714,0.4,3.521659829207418
162164,0.5,0.4958255012772075,0.5714285714285714,0.4,4.185390532192053
162164,0.6,0.488388291339322,0.5714285714285714,0.4,5.795424683832442
18487,0.0,0.33315904690411724,0.3333333333333333,0.2,4.565934358790081
18487,0.1,0.3376844721420708,0.3333333333333333,0.2,4.565934358790081
18487,0.2,0.3376844721420708,0.3333333333333333,0.2,4.825579574667399
18487,0.3,0.3376844721420708,0.3333333333333333,0.2,5.470667187987637
18487,0.4,0.3376844721420708,0.3333333333333333,0.2,6.064133285283729
18487,0.5,0.3434775810703913,0.3333333333333333,0.2,6.300026687093316
18487,0.6,0.3434775810703913,0.3333333333333333,0.2,6.4203884583840125
11470,0.0,0.5232642470906218,0.5,0.5,1.7926969215732982
11470,0.1,0.5294120007131615,0.5,0.5,1.7926969215732982
11470,0.2,0.5469583689689028,0.5,0.5,1.7926969215732982
11470,0.3,0.6642855202426773,0.7,0.7,1.9504651695315105
11470,0.4,0.8164879447975879,0.8,0.8,2.12204029052837
11470,0.5,0.806302479044161,0.8,0.8,4.789990893159865
11470,0.6,0.6889589806714576,0.7,0.7,5.540199066775211
65424,0.0,0.5766079837295491,0.4444444444444444,0.4,4.183763976685466
65424,0.1,0.5766079837295491,0.4444444444444444,0.4,4.202090585690128
65424,0.2,0.6030399392115621,0.4444444444444444,0.4,4.47316502741668
65424,0.3,0.6030399392115621,0.4444444444444444,0.4,4.47316502741668
65424,0.4,0.5766079837295491,0.4444444444444444,0.4,4.992760855142507
65424,0.5,0.5021004859512791,0.4444444444444444,0.4,5.861853688476297
65424,0.6,0.4616735898168807,0.4444444444444444,0.4,6.03949964887351
153657,0.0,0.6778209214352755,0.5,0.5,3.6956595354980166
153657,0.1,0.7267706813501387,0.6,0.6,3.6956595354980157
153657,0.2,0.7902084359403552,0.7,0.7,3.6956595354980166
153657,0.3,0.7973087830456499,0.7,0.7,3.6956595354980166
153657,0.4,0.7514441417789189,0.6,0.6,4.764813672049518
153657,0.5,0.7456118737923656,0.6,0.6,6.143132561990268
153657,0.6,0.6184208789759464,0.6,0.6,6.894643682734338
78845,0.0,0.5774691294101661,0.6,0.6,2.730053266081602
78845,0.1,0.5808697336942849,0.6,0.6,2.7300532660816015
78845,0.2,0.6325666429475691,0.7,0.7,2.801569801357645
78845,0.3,0.6325666429475691,0.7,0.7,2.9271749982800963
78845,0.4,0.6109825625609405,0.6,0.6,2.9271749982800963
78845,0.5,0.602642321508127,0.6,0.6,3.6892026398935114
78845,0.6,0.7345244834011311,0.7,0.7,4.899336543320993
125853,0.0,0.5904180916009433,0.5,0.5,3.269489373342753
125853,0.1,0.5860648938340697,0.5,0.5,3.434267057897061
125853,0.2,0.565744631172163,0.5,0.5,3.434267057897061
125853,0.3,0.5613914334052894,0.5,0.5,3.434267057897062
125853,0.4,0.49550566801370916,0.5,0.5,3.434267057897062
125853,0.5,0.40010482783029405,0.4,0.4,3.881030876918446
125853,0.6,0.24491104563887164,0.3,0.3,4.462736340955997
18304,0.0,0.6319295351008004,0.5,0.5,4.638969692601402
18304,0.1,0.6285289308166818,0.5,0.5,4.6389696926014015
18304,0.2,0.5826642895499509,0.4,0.4,4.940991520543267
18304,0.3,0.5958574600388186,0.4,0.4,5.058064895427544
18304,0.4,0.5826642895499509,0.4,0.4,5.702413269581244
18304,0.5,0.5743240484971374,0.4,0.4,6.064067317312675
18304,0.6,0.5362132092813989,0.4,0.4,6.732622743365371
198340,0.0,0.4105508489807405,0.4,0.4,1.5971822118124976
198340,0.1,0.45424974788494193,0.3,0.3,1.7013067740723549
198340,0.2,0.45424974788494193,0.3,0.3,1.7013067740723553
198340,0.3,0.44406428213151494,0.3,0.3,1.7013067740723553
198340,0.4,0.3103875643828447,0.2,0.2,2.36068119565597
198340,0.5,0.25375101836086567,0.2,0.2,2.913178204564447
198340,0.6,0.06779095235709003,0.1,0.1,4.3871874241050834
150617,0.0,1.0,1.0,1.0,2.680743415258962
150617,0.1,1.0,1.0,1.0,2.680743415258962
150617,0.2,1.0,1.0,1.0,2.9326094535276357
150617,0.3,0.9322090476429099,0.9,0.9,3.291669822854972
150617,0.4,0.8799256993878044,0.9,0.9,4.629312890162754
150617,0.5,0.6541000544892502,0.7,0.7,5.556188676964829
150617,0.6,0.6409068840003826,0.7,0.7,5.634498055314486
126383,0.0,0.5340257538770548,0.6,0.6,4.100993429891845
126383,0.1,0.5340257538770548,0.6,0.6,4.140575459046848
126383,0.2,0.49090826194874504,0.5,0.5,4.140575459046848
126383,0.3,0.49090826194874504,0.5,0.5,4.413509333158544
126383,0.4,0.48476050832620526,0.5,0.5,4.473656097473194
126383,0.5,0.4136908978678397,0.4,0.4,4.87544605160674
126383,0.6,0.30834880022908806,0.4,0.4,6.001958046573426
110530,0.0,0.3627705844406087,0.42857142857142855,0.3,3.5864967960199805
110530,0.1,0.3627705844406087,0.42857142857142855,0.3,3.788419637599617
110530,0.2,0.31918612274380515,0.42857142857142855,0.3,3.788419637599617
110530,0.3,0.31387238826388203,0.42857142857142855,0.3,3.788419637599617
110530,0.4,0.2972885405566814,0.42857142857142855,0.3,3.9518262253744405
110530,0.5,0.2668727674712403,0.42857142857142855,0.3,4.151210346086563
110530,0.6,0.2668727674712403,0.42857142857142855,0.3,4.382199249321801
171789,0.0,0.5208325833881872,0.6,0.6,3.441090211986932
171789,0.1,0.4552023413676969,0.5,0.5,3.590966571761983
171789,0.2,0.5124923423353736,0.6,0.6,3.590966571761983
171789,0.3,0.5124923423353736,0.6,0.6,3.6477671462124954
171789,0.4,0.5124923423353736,0.6,0.6,3.988370774904137
171789,0.5,0.5208325833881872,0.6,0.6,4.271201601049422
171789,0.6,0.6350146537489328,0.6,0.6,4.970745697182932
148813,0.0,0.4945686393467209,0.5555555555555556,0.5,3.087458714205181
148813,0.1,0.43379703299218564,0.4444444444444444,0.4,3.0874587142051815
148813,0.2,0.36650406415199693,0.3333333333333333,0.3,3.198153005573297
148813,0.3,0.2737896239487001,0.2222222222222222,0.2,3.7280462168822113
148813,0.4,0.2737896239487001,0.2222222222222222,0.2,3.914521524681779
148813,0.5,0.20187890652056598,0.1111111111111111,0.1,4.571678737321476
148813,0.6,0.20187890652056598,0.1111111111111111,0.1,4.891925607430678
46245,0.0,0.7548447460630378,0.7,0.7,2.1828168642094607
46245,0.1,0.7591979438299113,0.7,0.7,2.182816864209461
46245,0.2,0.6784580292820441,0.7,0.7,2.3917532294242156
46245,0.3,0.6726257612954908,0.7,0.7,2.3917532294242156
46245,0.4,0.6295752853110574,0.7,0.7,2.5753713075823628
46245,0.5,0.6261746810269387,0.7,0.7,3.9278245986355755
46245,0.6,0.5833013973967196,0.6,0.6,6.084273134079969
70503,0.0,0.23441009424945825,0.3,0.3,3.189486679036842
70503,0.1,0.1771200932817816,0.2,0.2,3.3157241781077977
70503,0.2,0.1771200932817816,0.2,0.2,3.3157241781077977
70503,0.3,0.16294758424241465,0.2,0.2,3.3157241781077973
70503,0.4,0.15244663285300125,0.2,0.2,3.3894257420167206
70503,0.5,0.1200743006121955,0.1,0.1,3.8867695637446715
70503,0.6,0.19031326377064925,0.1,0.1,4.452940302358415
114713,0.0,0.39235102577930164,0.3,0.3,3.767756897503913
114713,0.1,0.38401078472648814,0.3,0.3,3.9308740674636304
114713,0.2,0.37817851673993474,0.3,0.3,3.9308740674636304
114713,0.3,0.37817851673993474,0.3,0.3,3.9308740674636304
114713,0.4,0.37817851673993474,0.3,0.3,4.342011105537324
114713,0.5,0.44841747989838854,0.3,0.3,5.236894517957362
114713,0.6,0.44841747989838854,0.3,0.3,6.174503187725266
179632,0.0,0.7871233172922227,0.7,0.7,3.185144100882012
179632,0.1,0.7871233172922227,0.7,0.7,3.412733951893036
179632,0.2,0.7809755636696831,0.7,0.7,3.462072610481445
179632,0.3,0.7165852155967116,0.6,0.6,3.8420773257120295
179632,0.4,0.6999914408237253,0.6,0.6,3.8420773257120295
179632,0.5,0.5691288883573526,0.6,0.6,4.358040832099037
179632,0.6,0.5310180491416141,0.6,0.6,5.687679625179031
131359,0.0,0.462834197235846,0.4,0.4,2.1426826412479363
131359,0.1,0.5330731603942997,0.4,0.4,2.1426826412479363
131359,0.2,0.5358203097327209,0.4,0.4,2.6019137015660627
131359,0.3,0.5607379784595917,0.4,0.4,2.7889182042281324
131359,0.4,0.5392209140168396,0.4,0.4,3.856038037938491
131359,0.5,0.574977503442835,0.5,0.5,4.494226619159798
131359,0.6,0.4007419356770626,0.5,0.5,5.3871364942344275
54439,0.0,0.43566011164782664,0.5,0.3,2.809266836951047
54439,0.1,0.43566011164782664,0.5,0.3,2.9776276327075544
54439,0.2,0.43113468640987307,0.5,0.3,2.977627632707554
54439,0.3,0.32410819642821015,0.5,0.3,2.9776276327075544
54439,0.4,0.244212503630646,0.3333333333333333,0.2,3.518101205666279
54439,0.5,0.16645409335237923,0.3333333333333333,0.2,4.053097091195864
54439,0.6,0.09021422696383824,0.16666666666666666,0.1,5.097576058454581
170598,0.0,0.9263767796563563,0.9,0.9,3.26905043734049
170598,0.1,0.9263767796563563,0.9,0.9,3.26905043734049
170598,0.2,0.8749190466752332,0.8,0.8,3.26905043734049
170598,0.3,0.8148818963691354,0.7,0.7,3.26905043734049
170598,0.4,0.8087341427465955,0.7,0.7,3.3943539960711946
170598,0.5,0.8687712930526933,0.8,0.8,3.9121714056763026
170598,0.6,0.8687712930526933,0.8,0.8,4.8225473655655025
154061,0.0,0.6103961235591193,0.6,0.6,3.738569051068731
154061,0.1,0.6642855202426773,0.7,0.7,3.9322761366434578
154061,0.2,0.5968100535215736,0.6,0.6,4.131830809404464
154061,0.3,0.530625149592936,0.5,0.5,4.320216856813432
154061,0.4,0.46558134657426714,0.4,0.4,4.4711234953735595
154061,0.5,0.46558134657426714,0.4,0.4,4.833101413213378
154061,0.6,0.462834197235846,0.4,0.4,5.1563422261999055
59225,0.0,0.8799256993878044,0.9,0.9,2.933539087515574
59225,0.1,0.8096867362293506,0.9,0.9,2.9335390875155745
59225,0.2,0.8096867362293506,0.9,0.9,2.9335390875155745
59225,0.3,0.8096867362293506,0.9,0.9,2.9335390875155745
59225,0.4,0.8096867362293506,0.9,0.9,3.291931572080127
59225,0.5,0.8096867362293506,0.9,0.9,7.083348591031189
59225,0.6,0.8096867362293506,0.9,0.9,10.66311858788968
70724,0.0,0.7677823931808154,0.7,0.7,2.7648167603506346
70724,0.1,0.7677823931808154,0.7,0.7,2.764816760350635
70724,0.2,0.7809755636696831,0.7,0.7,2.7648167603506355
70724,0.3,0.727086166986125,0.6,0.6,3.827889574161071
70724,0.4,0.741258676025492,0.6,0.6,5.189298159157966
70724,0.5,0.7240784622506844,0.6,0.6,7.517885011234791
70724,0.6,0.6510923497538096,0.7,0.7,9.326690051546633
49948,0.0,0.771182997464934,0.7,0.7,3.214523561835796
49948,0.1,0.7770152654514875,0.7,0.7,3.397593049566378
49948,0.2,0.7634291954139418,0.7,0.7,4.650301345424327
49948,0.3,0.7634291954139418,0.7,0.7,5.842771959522133
49948,0.4,0.738511526687071,0.7,0.7,6.328550775535016
49948,0.5,0.6682725635286172,0.7,0.7,6.863014088315657
49948,0.6,0.6599323224758037,0.7,0.7,8.126724665327389
165078,0.0,0.36042953727753485,0.375,0.3,2.342615058051814
165078,0.1,0.42918729428725505,0.5,0.4,2.676834420791561
165078,0.2,0.4357948023747304,0.5,0.4,2.7665497268786257
165078,0.3,0.5243553122810523,0.5,0.4,3.0494287257045194
165078,0.4,0.5213052364762517,0.5,0.4,3.1700383127359326
165078,0.5,0.542859585296289,0.5,0.4,4.158196555578416
165078,0.6,0.5523084326975081,0.5,0.4,4.870864829613291
38443,0.0,0.5178274475834704,0.5555555555555556,0.5,2.0004047469047626
38443,0.1,0.4978995140487208,0.5555555555555556,0.5,2.000404746904763
38443,0.2,0.4978995140487208,0.5555555555555556,0.5,2.000404746904763
38443,0.3,0.48879871175132167,0.5555555555555556,0.5,2.2398210737801145
38443,0.4,0.41980209233980026,0.4444444444444444,0.4,2.445301973329816
38443,0.5,0.3436620326006345,0.3333333333333333,0.3,3.7471258265994494
38443,0.6,0.3374753283198481,0.3333333333333333,0.3,4.101158076685209
110349,0.0,0.06779095235709003,0.1,0.1,2.5066612440244223
110349,0.1,0.12072775555789306,0.2,0.2,2.5066612440244223
110349,0.2,0.12347490489631419,0.2,0.2,2.5066612440244223
110349,0.3,0.18511810363086442,0.3,0.3,2.5066612440244223
110349,0.4,0.14540121598667338,0.2,0.2,3.2773183009415257
110349,0.5,0.18351205520241193,0.2,0.2,5.626396405120266
110349,0.6,0.26393648411429266,0.2,0.2,8.095016180392031
72374,0.0,0.6289218303653598,0.6,0.6,3.133533446431207
72374,0.1,0.6211680283143675,0.6,0.6,3.133533446431207
72374,0.2,0.6184208789759464,0.6,0.6,3.3493506595197076
72374,0.3,0.6289218303653598,0.6,0.6,3.4587946185440557
72374,0.4,0.6289218303653598,0.6,0.6,3.4587946185440557
72374,0.5,0.6289218303653598,0.6,0.6,3.6630621636786294
72374,0.6,0.7329184349726785,0.6,0.6,5.642891310116928
156891,0.0,0.6421150008542275,0.5,0.5,2.2986893392936896
156891,0.1,0.7021521511603253,0.6,0.6,2.2986893392936896
156891,0.2,0.680635086717573,0.6,0.6,2.36825757385826
156891,0.3,0.6728812846665807,0.6,0.6,2.3682575738582594
156891,0.4,0.6670490166800274,0.6,0.6,2.682626596254404
156891,0.5,0.5860648938340697,0.5,0.5,2.8681314875228026
156891,0.6,0.4274705073585286,0.4,0.4,3.3118573407237144
22458,0.0,0.47673575290937803,0.5,0.5,2.8110242323417762
22458,0.1,0.47673575290937803,0.5,0.5,2.8110242323417762
22458,0.2,0.47398860357095696,0.5,0.5,2.8110242323417767
22458,0.3,0.4089448005522881,0.4,0.4,3.3413906152884594
22458,0.4,0.2722767251671062,0.2,0.2,3.537783001620311
22458,0.5,0.26393648411429266,0.2,0.2,4.056017801658218
22458,0.6,0.15859438647554103,0.2,0.2,4.7373765538399235
110527,0.0,0.2532633541065531,0.16666666666666666,0.1,1.9754123202693354
110527,0.1,0.2532633541065531,0.16666666666666666,0.1,2.63681822313962
110527,0.2,0.2532633541065531,0.16666666666666666,0.1,2.7651577199034945
110527,0.3,0.2532633541065531,0.16666666666666666,0.1,7.0373555500219735
110527,0.4,0.2532633541065531,0.16666666666666666,0.1,7.888027271430983
110527,0.5,0.2532633541065531,0.16666666666666666,0.1,9.443783807207392
110527,0.6,0.09021422696383824,0.16666666666666666,0.1,9.443783807207392
133262,0.0,0.5940629041831526,0.6,0.6,2.696753851040334
133262,0.1,0.5808697336942849,0.6,0.6,2.696753851040334
133262,0.2,0.5808697336942849,0.6,0.6,2.696753851040334
133262,0.3,0.5235797327266082,0.5,0.5,2.696753851040334
133262,0.4,0.5752766419798925,0.6,0.6,2.903217523769345
133262,0.5,0.42008285978847,0.5,0.5,3.7251302971535702
133262,0.6,0.35229190743138,0.4,0.4,4.891489199313439
48951,0.0,1.0,1.0,1.0,3.0948434342519886
48951,0.1,1.0,1.0,1.0,3.3344314037002434
48951,0.2,1.0,1.0,1.0,3.3344314037002434
48951,0.3,1.0,1.0,1.0,3.63744620882087
48951,0.4,0.8826728487262255,0.8,0.8,3.6860972413413435
48951,0.5,0.8792722444421068,0.8,0.8,3.6860972413413435
48951,0.6,0.8607465376358662,0.8,0.8,6.497930162091821
160054,0.0,0.46597424612294513,0.4,0.4,2.1756641566173482
160054,0.1,0.46014197813639174,0.4,0.4,2.1756641566173482
160054,0.2,0.46558134657426714,0.4,0.4,2.4151175408842365
160054,0.3,0.40554419626816934,0.3,0.3,2.699092093751349
160054,0.4,0.40554419626816934,0.3,0.3,3.2041712594410265
160054,0.5,0.40554419626816934,0.3,0.3,3.7455076938899112
160054,0.6,0.37042471468894245,0.3,0.3,5.412393932670123
117420,0.0,0.5731159316432926,0.6,0.6,2.2316466152233043
117420,0.1,0.5731159316432926,0.6,0.6,2.2316466152233043
117420,0.2,0.5731159316432926,0.6,0.6,2.3583382991779733
117420,0.3,0.5130787813371948,0.5,0.5,2.3583382991779733
117420,0.4,0.656940964839292,0.6,0.6,3.0246535941067383
117420,0.5,0.738511526687071,0.7,0.7,4.5747717074163985
117420,0.6,0.7360635158857073,0.8,0.8,6.134442814454768
117621,0.0,0.8096867362293506,0.9,0.9,3.2534568438097202
117621,0.1,0.8096867362293506,0.9,0.9,3.253456843809721
117621,0.2,0.8096867362293506,0.9,0.9,4.159125632430954
117621,0.3,0.8096867362293506,0.9,0.9,6.1322162124358
117621,0.4,0.9180365386035428,0.9,0.9,7.8552113272314115
117621,0.5,0.9365622454097835,0.9,0.9,9.275106237452764
117621,0.6,1.0,1.0,1.0,9.773412600098485
100032,0.0,0.7929555852787762,0.7,0.7,2.844297125397511
100032,0.1,0.7929555852787762,0.7,0.7,3.0099907249494224
100032,0.2,0.7902084359403552,0.7,0.7,3.0099907249494224
100032,0.3,0.7329184349726785,0.6,0.6,3.0099907249494224
100032,0.4,0.7236855627020065,0.6,0.6,3.2269966978370244
100032,0.5,0.6531474610064952,0.5,0.5,3.6863955137727067
100032,0.6,0.6070118663739296,0.5,0.5,5.890258302380341
137364,0.0,0.8198885490817066,0.8,0.8,2.106767299164269
137364,0.1,0.7496495859232529,0.8,0.8,2.257692373168864
137364,0.2,0.752396735261674,0.8,0.8,2.2576923731688634
137364,0.3,0.7496495859232529,0.8,0.8,2.3263815297424033
137364,0.4,0.7462489816391342,0.8,0.8,2.406993607814172
137364,0.5,0.6682725635286172,0.7,0.7,3.7776818611823573
137364,0.6,0.4857131018089602,0.6,0.6,5.811375699702209
158460,0.0,0.7351109224029522,0.6,0.6,2.970573447454136
158460,0.1,0.6778209214352755,0.5,0.5,3.4131327662754822
158460,0.2,0.7351109224029522,0.6,0.6,3.72104763932862
158460,0.3,0.8012958263315898,0.7,0.7,3.8724767108318625
158460,0.4,0.7929555852787762,0.7,0.7,3.8724767108318625
158460,0.5,0.7902084359403552,0.7,0.7,4.301171152932337
158460,0.6,0.7197252644838108,0.6,0.6,4.753877225490939
22479,0.0,0.3056950429087391,0.375,0.3,2.5075408290368513
22479,0.1,0.3056950429087391,0.375,0.3,2.5075408290368513
22479,0.2,0.32064188364130103,0.375,0.3,2.507540829036852
22479,0.3,0.32064188364130103,0.375,0.3,2.5075408290368517
22479,0.4,0.5030904516575294,0.375,0.3,3.2282085059618266
22479,0.5,0.5030904516575294,0.375,0.3,5.795071661070834
22479,0.6,0.406824699001244,0.375,0.3,6.555621896400945
96976,0.0,0.076239866388541,0.16666666666666666,0.1,3.3831908605808527
96976,0.1,0.0,0.0,0.0,3.3831908605808527
96976,0.2,0.0,0.0,0.0,3.6118073872787617
96976,0.3,0.0,0.0,0.0,3.722770880847282
96976,0.4,0.0,0.0,0.0,4.080241773842307
96976,0.5,0.0,0.0,0.0,4.32624194123011
96976,0.6,0.0,0.0,0.0,5.084992129738156
72035,0.0,0.8585858272992664,0.8,0.8,2.6628225677801707
72035,0.1,0.8585858272992664,0.8,0.8,3.1204645743435204
72035,0.2,0.8629390250661401,0.8,0.8,3.817126405372632
72035,0.3,0.8444133182598994,0.8,0.8,4.604276650529984
72035,0.4,0.8414056135244589,0.8,0.8,5.495672979061279
72035,0.5,0.7841156125567822,0.7,0.7,5.735324217327786
72035,0.6,0.6914069914728213,0.6,0.6,6.392016474659866
107351,0.0,0.507374552798414,0.6666666666666666,0.4,2.381345003048109
107351,0.1,0.33766271789844826,0.5,0.3,2.5526219556341814
107351,0.2,0.33766271789844826,0.5,0.3,2.5526219556341814
107351,0.3,0.29308577040565575,0.5,0.3,2.8271087493600393
107351,0.4,0.29308577040565575,0.5,0.3,3.042211318230961
107351,0.5,0.2680855592671582,0.5,0.3,4.067267763990595
107351,0.6,0.25863662392981446,0.5,0.3,5.436055896110759
180004,0.0,0.5864224010106703,0.5,0.3,5.747812716787356
180004,0.1,0.6156012978458394,0.5,0.3,5.820854781476398
180004,0.2,0.6663180938082345,0.5,0.3,6.052905450438485
180004,0.3,0.6663180938082345,0.5,0.3,6.283285300329171
180004,0.4,0.6663180938082345,0.5,0.3,6.841833999308003
180004,0.5,0.6331583852663827,0.5,0.3,7.008636860222376
180004,0.6,0.6331583852663827,0.5,0.3,7.028200829595451
84078,0.0,0.5215684702701822,1.0,0.4,2.326162678198185
84078,0.1,0.5272755470665306,1.0,0.4,2.439217405557941
84078,0.2,0.5272755470665306,1.0,0.4,2.439217405557941
84078,0.3,0.5690937173471335,1.0,0.4,2.6868289757896706
84078,0.4,0.576399487701322,1.0,0.4,3.5989305809815932
84078,0.5,0.5494170345424249,0.75,0.3,5.671424392088706
84078,0.6,0.5339219322908383,0.75,0.3,6.142756478972365
182498,0.0,0.3273742387045091,0.3,0.3,2.104185969179971
182498,0.1,0.3317274364713827,0.3,0.3,2.104185969179971
182498,0.2,0.3317274364713827,0.3,0.3,2.4828484744916537
182498,0.3,0.33571447975732266,0.3,0.3,2.674554533419509
182498,0.4,0.34006767752419625,0.3,0.3,3.4024707247816908
182498,0.5,0.406197651213867,0.4,0.4,4.893566032055744
182498,0.6,0.4031899464784263,0.4,0.4,5.782442234708869
67450,0.0,0.2554359839370199,0.3333333333333333,0.3,3.1331095384050536
67450,0.1,0.25182871946797925,0.3333333333333333,0.3,3.5152538231613364
67450,0.2,0.19466437758248464,0.2222222222222222,0.2,3.620606805093518
67450,0.3,0.19928212617043015,0.2222222222222222,0.2,3.7011677116116557
67450,0.4,0.2600537325249654,0.3333333333333333,0.3,3.962691330892047
67450,0.5,0.2365358750595651,0.3333333333333333,0.3,4.926204627866662
67450,0.6,0.16504193431681816,0.2222222222222222,0.2,5.654976916931666
12898,0.0,0.4382156670460325,0.4,0.4,2.9149219628058485
12898,0.1,0.43546851770761136,0.4,0.4,3.051427680233344
12898,0.2,0.37817851673993474,0.3,0.3,3.106608538956209
12898,0.3,0.3317274364713827,0.3,0.3,3.106608538956209
12898,0.4,0.3273742387045091,0.3,0.3,3.1066085389562086
12898,0.5,0.25810421612773926,0.2,0.2,3.3155636561278117
12898,0.6,0.25375101836086567,0.2,0.2,4.519663267604028
37521,0.0,0.4733351486252594,0.4,0.4,4.659740985630556
37521,0.1,0.4791674166118128,0.4,0.4,4.659740985630556
37521,0.2,0.4875076576646263,0.4,0.4,4.838718470072905
37521,0.3,0.55774662082308,0.4,0.4,5.200841844490619
37521,0.4,0.5826642895499509,0.4,0.4,5.938192558114603
37521,0.5,0.5958574600388186,0.4,0.4,6.816951692737696
37521,0.6,0.5958574600388186,0.4,0.4,7.065736809314915
183613,0.0,0.21319216834376345,0.3,0.3,2.1880200449831544
183613,0.1,0.21319216834376345,0.3,0.3,2.1880200449831544
183613,0.2,0.14141417270073348,0.2,0.2,2.272045005230154
183613,0.3,0.14141417270073348,0.2,0.2,2.2720450052301544
183613,0.4,0.13091322131132005,0.2,0.2,2.4371708242507233
183613,0.5,0.06779095235709003,0.1,0.1,3.3921391718617726
183613,0.6,0.09515663188532462,0.1,0.1,6.357713274019842
57970,0.0,0.6772344824334544,0.6,0.6,3.963999450876309
57970,0.1,0.6994050018219041,0.6,0.6,3.963999450876309
57970,0.2,0.6914069914728213,0.6,0.6,4.127318665275361
57970,0.3,0.6313698411667235,0.5,0.5,4.599011805996094
57970,0.4,0.6184208789759464,0.6,0.6,4.599011805996094
57970,0.5,0.5752766419798925,0.6,0.6,4.910616163578466
57970,0.6,0.4420091708788293,0.6,0.6,5.111137632750598
135498,0.0,0.5046972663014149,0.3333333333333333,0.3,4.580905302056837
135498,0.1,0.5311292217834279,0.3333333333333333,0.3,4.580905302056837
135498,0.2,0.5311292217834279,0.3333333333333333,0.3,4.749482902935687
135498,0.3,0.5311292217834279,0.3333333333333333,0.3,4.749482902935687
135498,0.4,0.5311292217834279,0.3333333333333333,0.3,4.950393373399945
135498,0.5,0.4907023256490295,0.3333333333333333,0.3,5.3687099234682085
135498,0.6,0.4161948278707595,0.3333333333333333,0.3,5.673336959495268
45757,0.0,0.16018443043593533,0.2857142857142857,0.2,5.880246722987771
45757,0.1,0.16018443043593533,0.2857142857142857,0.2,5.880246722987771
45757,0.2,0.16018443043593533,0.2857142857142857,0.2,6.350976061905986
45757,0.3,0.16018443043593533,0.2857142857142857,0.2,6.774995567303978
45757,0.4,0.16018443043593533,0.2857142857142857,0.2,7.066204517532261
45757,0.5,0.16018443043593533,0.2857142857142857,0.2,7.431473707658879
45757,0.6,0.16730359321143173,0.2857142857142857,0.2,7.553101338391228
34131,0.0,0.3676775653505214,0.3,0.3,2.5390290554206674
34131,0.1,0.3676775653505214,0.3,0.3,2.5390290554206674
34131,0.2,0.37042471468894245,0.3,0.3,2.8983882173400946
34131,0.3,0.40554419626816934,0.3,0.3,2.898388217340094
34131,0.4,0.40554419626816934,0.3,0.3,3.536508616741339
34131,0.5,0.37382531897306115,0.3,0.3,3.8865004942243395
34131,0.6,0.3103875643828447,0.2,0.2,4.955662423579684
183872,0.0,0.5157626591124591,0.5714285714285714,0.4,1.6927669109171017
183872,0.1,0.5259431813001827,0.5714285714285714,0.4,1.7815642778523628
183872,0.2,0.5259431813001827,0.5714285714285714,0.4,1.971086912597558
183872,0.3,0.5184389207203508,0.5714285714285714,0.4,1.971086912597558
183872,0.4,0.41008825239563956,0.5714285714285714,0.4,2.417108671510757
183872,0.5,0.1860841093651832,0.2857142857142857,0.2,3.986889049887224
183872,0.6,0.07743534797800607,0.14285714285714285,0.1,5.436686379746357
198019,0.0,0.5364574175794894,0.5,0.5,3.4044281851607963
198019,0.1,0.5364574175794894,0.5,0.5,3.4044281851607963
198019,0.2,0.5998951721697059,0.6,0.6,3.6243061715722455
198019,0.3,0.5998951721697059,0.6,0.6,4.108463895208122
198019,0.4,0.6994050018219041,0.6,0.6,4.108463895208122
198019,0.5,0.703392045107844,0.6,0.6,8.356384641955266
198019,0.6,0.713184611312593,0.6,0.6,9.756199824230041
135222,0.0,0.44066367784739624,0.3,0.3,1.9382322291406928
135222,0.1,0.37042471468894245,0.3,0.3,1.9382322291406926
135222,0.2,0.3676775653505214,0.3,0.3,1.9382322291406926
135222,0.3,0.3676775653505214,0.3,0.3,2.200246635268123
135222,0.4,0.33571447975732266,0.3,0.3,2.200246635268123
135222,0.5,0.33231387547320396,0.3,0.3,2.820333976357507
135222,0.6,0.2152309324975201,0.2,0.2,4.061267200394072
83310,0.0,0.7197252644838108,0.6,0.6,3.067665756361076
83310,0.1,0.6889753277703865,0.6,0.6,3.067665756361076
83310,0.2,0.6812215257193943,0.6,0.6,3.067665756361076
83310,0.3,0.5968100535215736,0.6,0.6,3.1659090682734328
83310,0.4,0.42472335802010747,0.4,0.4,3.4186946962325484
83310,0.5,0.318141366433837,0.3,0.3,4.112315327216181
83310,0.6,0.3153942170954159,0.3,0.3,4.642288534143466
85631,0.0,0.08694451260789762,0.1111111111111111,0.1,3.3521842212949537
85631,0.1,0.08694451260789762,0.1111111111111111,0.1,3.352184221294954
85631,0.2,0.07809742170892055,0.1111111111111111,0.1,3.9538914768694524
85631,0.3,0.07809742170892055,0.1111111111111111,0.1,4.510031669564183
85631,0.4,0.13886902806345577,0.2222222222222222,0.2,6.447838297120093
85631,0.5,0.14178312608006854,0.2222222222222222,0.2,7.000243438303153
85631,0.6,0.1500081391370547,0.2222222222222222,0.2,7.593858982069984
192221,0.0,0.25375101836086567,0.2,0.2,4.8075555393620775
192221,0.1,0.25035041407674696,0.2,0.2,4.8075555393620775
192221,0.2,0.25035041407674696,0.2,0.2,5.123032338212047
192221,0.3,0.25035041407674696,0.2,0.2,5.231112086199056
192221,0.4,0.25035041407674696,0.2,0.2,5.865325975931746
192221,0.5,0.3076404150444236,0.3,0.3,6.073237033208049
192221,0.6,0.3076404150444236,0.3,0.3,6.554653413065518
46649,0.0,0.8545987840133263,0.8,0.8,2.384869271118294
46649,0.1,0.7929555852787762,0.7,0.7,2.384869271118294
46649,0.2,0.7868078316562364,0.7,0.7,2.7004831822515483
46649,0.3,0.741258676025492,0.6,0.6,2.8332883677559506
46649,0.4,0.7104923922131388,0.6,0.6,3.2092570410029935
46649,0.5,0.7462653287380632,0.7,0.7,4.2817530726515045
46649,0.6,0.7277232748328937,0.8,0.8,5.162347197682926
75360,0.0,0.5,0.5,0.1,4.060842343035664
75360,0.1,0.5,0.5,0.1,4.135961576563015
75360,0.2,0.5,0.5,0.1,4.135961576563015
75360,0.3,0.3154648767857287,0.5,0.1,4.135961576563015
75360,0.4,0.3154648767857287,0.5,0.1,5.3420692203386615
75360,0.5,0.25,0.5,0.1,6.159612617815101
75360,0.6,0.21533827903669653,0.5,0.1,6.774050389952516
123431,0.0,0.30834880022908806,0.4,0.4,2.5927014579162218
123431,0.1,0.3022010466065483,0.4,0.4,2.8280418138989396
123431,0.2,0.23715724358787935,0.3,0.3,2.9971088992495094
123431,0.3,0.16877985222896807,0.2,0.2,3.284317406946093
123431,0.4,0.15558668174010043,0.2,0.2,3.792579693665401
123431,0.5,0.14540121598667338,0.2,0.2,4.516445310211024
123431,0.6,0.15519378219142235,0.2,0.2,5.332275374688846
52124,0.0,0.4235151443850617,0.375,0.3,3.1136524796017833
52124,0.1,0.4284469804250573,0.375,0.3,3.1136524796017833
52124,0.2,0.4284469804250573,0.375,0.3,3.113652479601783
52124,0.3,0.4284469804250573,0.375,0.3,3.113652479601783
52124,0.4,0.3952853548737731,0.375,0.3,3.9992203801946085
52124,0.5,0.3764858927662294,0.375,0.3,5.501767958838274
52124,0.6,0.3670370453650102,0.375,0.3,6.394927603532092
188873,0.0,0.3788748389864684,0.2857142857142857,0.2,5.3207699587943695
188873,0.1,0.3788748389864684,0.2857142857142857,0.2,5.671797442148166
188873,0.2,0.3788748389864684,0.2857142857142857,0.2,7.45788018836753
188873,0.3,0.3788748389864684,0.2857142857142857,0.2,7.457880188367528
188873,0.4,0.3788748389864684,0.2857142857142857,0.2,9.089977178813575
188873,0.5,0.3788748389864684,0.2857142857142857,0.2,10.635074206856775
188873,0.6,0.34845906590102727,0.2857142857142857,0.2,11.277217578054625
61353,0.0,0.45424974788494193,0.3,0.3,2.367022997752721
61353,0.1,0.44841747989838854,0.3,0.3,2.3670229977527213
61353,0.2,0.44406428213151494,0.3,0.3,2.630038786034024
61353,0.3,0.44406428213151494,0.3,0.3,2.8415579925723575
61353,0.4,0.42771471565661906,0.4,0.4,3.0058803128934435
61353,0.5,0.44105657739607423,0.4,0.4,4.205020471185268
61353,0.6,0.46597424612294513,0.4,0.4,5.817310526867738
26598,0.0,0.1173271512737744,0.2,0.2,3.5334371245374627
26598,0.1,0.1173271512737744,0.2,0.2,3.5334371245374627
26598,0.2,0.1173271512737744,0.2,0.2,3.8523536570403856
26598,0.3,0.1173271512737744,0.2,0.2,4.166721067965445
26598,0.4,0.1173271512737744,0.2,0.2,4.957058689383522
26598,0.5,0.1173271512737744,0.2,0.2,5.5291009356191525
26598,0.6,0.1173271512737744,0.2,0.2,5.908065986942235
65603,0.0,0.8799256993878044,0.9,0.9,2.889613222144257
65603,0.1,0.8096867362293506,0.9,0.9,3.0442864700979695
65603,0.2,0.8096867362293506,0.9,0.9,3.0442864700979695
65603,0.3,0.8096867362293506,0.9,0.9,3.04428647009797
65603,0.4,0.8096867362293506,0.9,0.9,3.04428647009797
65603,0.5,0.8096867362293506,0.9,0.9,3.529406288129592
65603,0.6,0.8096867362293506,0.9,0.9,4.809512207088172
112488,0.0,0.5339219322908383,0.75,0.3,2.518308021893316
112488,0.1,0.5339219322908383,0.75,0.3,2.8536513780876502
112488,0.2,0.6403865800374381,1.0,0.4,3.086805997610983
112488,0.3,0.6993259807070863,1.0,0.4,3.086805997610983
112488,0.4,0.7943764748609892,1.0,0.4,4.016259138056799
112488,0.5,0.8181615409042062,1.0,0.4,5.07324910091763
112488,0.6,0.8181615409042062,1.0,0.4,6.2163044437587995
4272,0.0,0.5142868981910397,0.4,0.4,2.257405811837995
4272,0.1,0.5260277435279719,0.4,0.4,2.257405811837995
4272,0.2,0.5392209140168396,0.4,0.4,2.34488833417633
4272,0.3,0.6094435300763643,0.5,0.5,2.3448883341763302
4272,0.4,0.6562875098935943,0.5,0.5,2.5037836237903552
4272,0.5,0.7021521511603253,0.6,0.6,2.948962239592999
4272,0.6,0.6255375731801701,0.5,0.5,5.250931857806835
82922,0.0,0.4710507818813206,0.3333333333333333,0.3,2.0439889034214422
82922,0.1,0.4756685304692661,0.3333333333333333,0.3,2.0439889034214422
82922,0.2,0.4756685304692661,0.3333333333333333,0.3,2.1548151752755977
82922,0.3,0.4710507818813206,0.3333333333333333,0.3,2.1548151752755977
82922,0.4,0.3900219216173972,0.3333333333333333,0.3,2.8232297944598597
82922,0.5,0.23191812647161963,0.3333333333333333,0.3,3.9074830748382587
82922,0.6,0.2463298438093922,0.3333333333333333,0.3,5.699636652445006
89059,0.0,0.7514441417789189,0.6,0.6,2.083724945412158
89059,0.1,0.7372716327395521,0.6,0.6,2.083724945412158
89059,0.2,0.7902084359403552,0.7,0.7,2.0837249454121585
89059,0.3,0.7236855627020065,0.6,0.6,2.2378163865368705
89059,0.4,0.6592952146290351,0.5,0.5,2.2378163865368705
89059,0.5,0.6814657340174848,0.6,0.6,4.368873035682752
89059,0.6,0.5469583689689028,0.5,0.5,5.8200162736491965
143943,0.0,0.22337763409719047,0.3,0.3,2.855009585790895
143943,0.1,0.22337763409719047,0.3,0.3,2.965863404319946
143943,0.2,0.34685253899350466,0.5,0.5,2.965863404319946
143943,0.3,0.3407047853709648,0.5,0.5,2.965863404319946
143943,0.4,0.28066763506486714,0.4,0.4,2.9658634043199457
143943,0.5,0.3008392064761863,0.4,0.4,3.2779114984478626
143943,0.6,0.37107816963464,0.4,0.4,4.89690717423664
173054,0.0,0.37042471468894245,0.3,0.3,3.1062636119927296
173054,0.1,0.37382531897306115,0.3,0.3,3.1062636119927296
173054,0.2,0.37817851673993474,0.3,0.3,3.2901381965528502
173054,0.3,0.3590931159996173,0.3,0.3,3.2901381965528507
173054,0.4,0.36743335705243085,0.3,0.3,4.822731424100908
173054,0.5,0.2971943938939771,0.3,0.3,8.64364055031796
173054,0.6,0.36743335705243085,0.3,0.3,10.850157620865762
132522,0.0,0.7462489816391342,0.8,0.8,3.3267934637503407
132522,0.1,0.7496495859232529,0.8,0.8,3.45582258077955
132522,0.2,0.752396735261674,0.8,0.8,3.4920364330180016
132522,0.3,0.8096867362293506,0.9,0.9,3.801510595692374
132522,0.4,0.8096867362293506,0.9,0.9,3.965199624968875
132522,0.5,0.8799256993878044,0.9,0.9,5.168873444863759
132522,0.6,0.9365622454097835,0.9,0.9,6.429313403336882
168070,0.0,0.4496410267469783,0.4,0.4,2.799362269445445
168070,0.1,0.38401078472648814,0.3,0.3,2.799362269445445
168070,0.2,0.37817851673993474,0.3,0.3,2.919031584258567
168070,0.3,0.37817851673993474,0.3,0.3,2.9190315842585672
168070,0.4,0.3317274364713827,0.3,0.3,3.2728423496696033
168070,0.5,0.38466423967218577,0.4,0.4,4.020202933568177
168070,0.6,0.38466423967218577,0.4,0.4,5.213723311913439
98246,0.0,0.7240784622506844,0.6,0.6,1.9520562895913112
98246,0.1,0.7240784622506844,0.6,0.6,1.9520562895913112
98246,0.2,0.7240784622506844,0.6,0.6,1.9520562895913112
98246,0.3,0.6991607935238136,0.6,0.6,1.952056289591311
98246,0.4,0.7240784622506844,0.6,0.6,2.8248882945045595
98246,0.5,0.727086166986125,0.6,0.6,5.129325506921196
98246,0.6,0.6784743763809732,0.6,0.6,6.574669131469314
50073,0.0,0.40554419626816934,0.3,0.3,5.825901421686035
50073,0.1,0.39235102577930164,0.3,0.3,6.193854271676976
50073,0.2,0.36743335705243085,0.3,0.3,6.495637374920143
50073,0.3,0.3532608480130639,0.3,0.3,6.495637374920145
50073,0.4,0.3532608480130639,0.3,0.3,6.6442045329114805
50073,0.5,0.34006767752419625,0.3,0.3,7.713217570746869
50073,0.6,0.34006767752419625,0.3,0.3,9.552303058091976
44150,0.0,0.2732293186498612,0.4,0.4,2.683535116844912
44150,0.1,0.2732293186498612,0.4,0.4,2.739317753923276
44150,0.2,0.27906158663641456,0.4,0.4,2.739317753923276
44150,0.3,0.2322176068191845,0.3,0.3,2.739317753923276
44150,0.4,0.22337763409719047,0.3,0.3,2.739317753923276
44150,0.5,0.2288170025350658,0.3,0.3,6.203947375782606
44150,0.6,0.16294758424241465,0.2,0.2,10.954273366609396
82795,0.0,0.667686124526796,0.7,0.7,2.556821997231949
82795,0.1,0.6889589806714576,0.7,0.7,2.556821997231949
82795,0.2,0.7496495859232529,0.8,0.8,2.556821997231949
82795,0.3,0.8096867362293506,0.9,0.9,2.556821997231949
82795,0.4,0.752396735261674,0.8,0.8,2.556821997231949
82795,0.5,0.7813684632183611,0.7,0.7,2.96711211100704
82795,0.6,0.7165852155967116,0.6,0.6,4.747259991781407
174470,0.0,0.6323224346494786,0.7,0.7,3.3973457112249577
174470,0.1,0.6323224346494786,0.7,0.7,3.3973457112249577
174470,0.2,0.6261746810269387,0.7,0.7,3.3973457112249577
174470,0.3,0.6218214832600651,0.7,0.7,4.90199849196297
174470,0.4,0.6325666429475691,0.7,0.7,7.174885159493566
174470,0.5,0.6076489742206983,0.7,0.7,8.397768687601609
174470,0.6,0.6076489742206983,0.7,0.7,9.436536771558265
169406,0.0,0.2626505128751012,0.2222222222222222,0.2,3.0635532122895954
169406,0.1,0.26556461089171396,0.2222222222222222,0.2,3.0635532122895954
169406,0.2,0.26556461089171396,0.2222222222222222,0.2,3.172423210148409
169406,0.3,0.26556461089171396,0.2222222222222222,0.2,3.1724232101484087
169406,0.4,0.26556461089171396,0.2222222222222222,0.2,3.3729695502020283
169406,0.5,0.26556461089171396,0.2222222222222222,0.2,3.5812411711146965
169406,0.6,0.19466437758248464,0.2222222222222222,0.2,4.330140974170926
18689,0.0,0.37582150277998755,0.375,0.3,3.0125811381826475
18689,0.1,0.37582150277998755,0.375,0.3,3.0663378500903224
18689,0.2,0.37088966673999196,0.375,0.3,3.0834092600852516
18689,0.3,0.36428215865251656,0.375,0.3,3.3448994406578594
18689,0.4,0.36428215865251656,0.375,0.3,4.230608492476664
18689,0.5,0.36428215865251656,0.375,0.3,4.767890521259074
18689,0.6,0.36428215865251656,0.375,0.3,4.767890521259073
189773,0.0,0.3874113890106069,0.4,0.4,3.098723470353673
189773,0.1,0.3874113890106069,0.4,0.4,4.141561723344575
189773,0.2,0.3957516300634204,0.4,0.4,4.981783969668144
189773,0.3,0.5084546302044863,0.4,0.4,5.890925890805535
189773,0.4,0.5118552344886049,0.4,0.4,6.291673086103024
189773,0.5,0.4875076576646263,0.4,0.4,7.7855307711409605
189773,0.6,0.5826642895499509,0.4,0.4,8.37252283198487
100185,0.0,0.7267706813501387,0.6,0.6,3.39709530139596
100185,0.1,0.7209384133635853,0.6,0.6,3.39709530139596
100185,0.2,0.7165852155967116,0.6,0.6,3.5216411970143313
100185,0.3,0.6558946103449164,0.5,0.5,3.806339862714336
100185,0.4,0.6399542905176275,0.5,0.5,3.9230202504149907
100185,0.5,0.6814657340174848,0.6,0.6,4.37282269175889
100185,0.6,0.5016534216362489,0.5,0.5,4.719397070408543
200772,0.0,0.6699982498468837,0.5555555555555556,0.5,2.161911469749704
200772,0.1,0.6699982498468837,0.5555555555555556,0.5,2.226335943966864
200772,0.2,0.6435662943648707,0.5555555555555556,0.5,2.226335943966864
200772,0.3,0.5719902351416036,0.4444444444444444,0.4,2.2263359439668644
200772,0.4,0.4681193433263177,0.4444444444444444,0.4,2.775270605247022
200772,0.5,0.3270876521365034,0.4444444444444444,0.4,4.7462131215334935
200772,0.6,0.2258135406713534,0.3333333333333333,0.3,5.897857186487059
24601,0.0,0.29806952783463897,0.4,0.2,2.3625894747834835
24601,0.1,0.2857650373872901,0.4,0.2,2.6690678980390303
24601,0.2,0.29806952783463897,0.4,0.2,2.6690678980390308
24601,0.3,0.2857650373872901,0.4,0.2,2.926822400954898
24601,0.4,0.22953950935985862,0.4,0.2,3.4503174463121873
24601,0.5,0.20863058107042654,0.4,0.2,5.480983834943363
24601,0.6,0.2209350715177754,0.4,0.2,6.265176987363645
74242,0.0,0.07809742170892055,0.1111111111111111,0.1,1.9939271153494218
74242,0.1,0.07809742170892055,0.1111111111111111,0.1,1.9939271153494218
74242,0.2,0.07809742170892055,0.1111111111111111,0.1,2.1137723584206114
74242,0.3,0.07809742170892055,0.1111111111111111,0.1,2.1137723584206105
74242,0.4,0.13097867321133666,0.2222222222222222,0.2,4.157121985054362
74242,0.5,0.1280645751947239,0.2222222222222222,0.2,6.062023997796318
74242,0.6,0.22614819887622045,0.3333333333333333,0.3,6.512634024128053
57789,0.0,0.6433548948017463,0.6,0.6,3.5264132896389513
57789,0.1,0.6433548948017463,0.6,0.6,3.5264132896389517
57789,0.2,0.6433548948017463,0.6,0.6,3.5264132896389517
57789,0.3,0.6393678515158064,0.6,0.6,4.15663129174874
57789,0.4,0.6609012630574876,0.6,0.6,4.15663129174874
57789,0.5,0.6565480652906139,0.6,0.6,5.8137287834660984
57789,0.6,0.6477080925686199,0.6,0.6,7.137960028363163
127118,0.0,0.28077218886614447,0.2,0.1,2.1441689033689526
127118,0.1,0.28077218886614447,0.2,0.1,2.1441689033689526
127118,0.2,0.28077218886614447,0.2,0.1,2.324107582256544
127118,0.3,0.28077218886614447,0.2,0.1,2.3241075822565436
127118,0.4,0.28077218886614447,0.2,0.1,2.4860446906584857
127118,0.5,0.14038609443307223,0.2,0.1,3.1782851822536347
127118,0.6,0.09359072962204816,0.2,0.1,4.315849488284764
135334,0.0,0.4737280481739375,0.5,0.5,2.2122906489764755
135334,0.1,0.47712865245805614,0.5,0.5,2.2122906489764755
135334,0.2,0.47712865245805614,0.5,0.5,2.596101400011023
135334,0.3,0.5344186534257328,0.6,0.6,2.700756549072021
135334,0.4,0.5371658027641539,0.6,0.6,2.700756549072021
135334,0.5,0.48692121866280513,0.5,0.5,2.864038141261683
135334,0.6,0.5965109149845161,0.5,0.5,3.970579882458556
124307,0.0,0.4755702962795668,0.5714285714285714,0.4,1.9531428816508711
124307,0.1,0.3360062145456844,0.42857142857142855,0.3,1.9668299371052096
124307,0.2,0.3360062145456844,0.42857142857142855,0.3,2.272748166645628
124307,0.3,0.2627218170194593,0.2857142857142857,0.2,2.272748166645628
124307,0.4,0.2627218170194593,0.2857142857142857,0.2,2.84257003638317
124307,0.5,0.3150551263919474,0.2857142857142857,0.2,3.6452744422396592
124307,0.6,0.14656879505245024,0.14285714285714285,0.1,4.520715334703036
114285,0.0,0.3806265275412985,0.2,0.2,1.962161700459418
114285,0.1,0.3806265275412985,0.2,0.2,2.2658163103662377
114285,0.2,0.3806265275412985,0.2,0.2,3.0215850868164353
114285,0.3,0.3806265275412985,0.2,0.2,4.762515666096299
114285,0.4,0.3103875643828447,0.2,0.2,5.404217569062483
114285,0.5,0.20203776200865248,0.2,0.2,6.261356396801309
114285,0.6,0.1771200932817816,0.2,0.2,6.912044021878664
191934,0.0,0.857999388297445,0.8,0.8,3.152218573764971
191934,0.1,0.8448062178085776,0.8,0.8,3.305639531638163
191934,0.2,0.7875162168409008,0.7,0.7,3.57156932402554
191934,0.3,0.8007093873297685,0.7,0.7,3.781374003952042
191934,0.4,0.7973087830456499,0.7,0.7,3.781374003952042
191934,0.5,0.7809755636696831,0.7,0.7,3.9269587149546745
191934,0.6,0.7077452428747176,0.6,0.6,4.999709714748326
20669,0.0,0.6538558461911597,0.6,0.6,2.760789523059547
20669,0.1,0.5876709422625221,0.5,0.5,2.760789523059547
20669,0.2,0.5962503595874966,0.5,0.5,3.127612270297184
20669,0.3,0.5860648938340697,0.5,0.5,3.127612270297184
20669,0.4,0.4557887803695181,0.4,0.4,3.127612270297184
20669,0.5,0.4311153199407378,0.4,0.4,4.002556216835692
20669,0.6,0.38401078472648814,0.3,0.3,5.5257122055597865
97966,0.0,0.3929881336260703,0.5,0.5,4.243034906420233
97966,0.1,0.4007419356770626,0.5,0.5,4.243034906420233
97966,0.2,0.3929881336260703,0.5,0.5,4.243034906420233
97966,0.3,0.41452154516775147,0.5,0.5,4.402932034099846
97966,0.4,0.42066929879029125,0.5,0.5,4.402932034099846
97966,0.5,0.502046321184927,0.6,0.6,4.544175184006529
97966,0.6,0.502046321184927,0.6,0.6,5.967712032276216
178499,0.0,0.592096086333742,0.5,0.4,3.130167672058426
178499,0.1,0.592096086333742,0.5,0.4,3.130167672058426
178499,0.2,0.6758006840760241,0.625,0.5,3.285677432706902
178499,0.3,0.7735907761672141,0.75,0.6,5.750163942338396
178499,0.4,0.8198797139238487,0.75,0.6,8.858634448675025
178499,0.5,0.8198797139238487,0.75,0.6,10.249561632438537
178499,0.6,0.8087854945662685,0.75,0.6,10.922323429545006
74770,0.0,0.5362132092813989,0.4,0.4,2.086147569150585
74770,0.1,0.5362132092813989,0.4,0.4,2.086147569150585
74770,0.2,0.5362132092813989,0.4,0.4,2.0861475691505853
74770,0.3,0.5260277435279719,0.4,0.4,2.086147569150585
74770,0.4,0.44841747989838854,0.3,0.3,2.321265221749593
74770,0.5,0.2786686870877365,0.3,0.3,2.8305788204319415
74770,0.6,0.20485192729094986,0.3,0.3,4.074287228361273
165229,0.0,0.30059499817809576,0.4,0.4,5.064423927813501
165229,0.1,0.30059499817809576,0.4,0.4,5.15484693502866
165229,0.2,0.3255126669049666,0.4,0.4,5.241184632399511
165229,0.3,0.4089448005522881,0.4,0.4,5.241184632399511
165229,0.4,0.5041014324376127,0.4,0.4,5.545703088050365
165229,0.5,0.5041014324376127,0.4,0.4,5.817986612277712
165229,0.6,0.5041014324376127,0.4,0.4,6.115370427004157
46482,0.0,0.4881436109249674,0.5,0.4,2.409234074400931
46482,0.1,0.46374792279118626,0.5,0.4,2.5261034653333194
46482,0.2,0.4476915673024917,0.5,0.4,2.5261034653333194
46482,0.3,0.44383894592751,0.5,0.4,2.5261034653333194
46482,0.4,0.4204028368722777,0.5,0.4,2.5261034653333194
46482,0.5,0.15776339168593279,0.25,0.2,3.0201024059618993
46482,0.6,0.08340940864997513,0.125,0.1,4.386183868121094
196155,0.0,0.6950518040550305,0.6,0.6,2.1598919151113853
196155,0.1,0.7628427564121205,0.7,0.7,2.328993714890438
196155,0.2,0.7843761679538016,0.7,0.7,2.328993714890438
196155,0.3,0.669480680382462,0.5,0.5,2.3289937148904385
196155,0.4,0.6728812846665807,0.6,0.6,2.5031980307963027
196155,0.5,0.667686124526796,0.7,0.7,2.867735432538001
196155,0.6,0.714530104344026,0.8,0.8,5.499140511937477
119927,0.0,0.3890174374390593,0.4,0.4,2.9099797609715345
119927,0.1,0.3890174374390593,0.4,0.4,3.186082984295836
119927,0.2,0.3973576784918729,0.4,0.4,3.186082984295836
119927,0.3,0.44404793503258594,0.4,0.4,4.792036808444528
119927,0.4,0.44404793503258594,0.4,0.4,5.396147995791329
119927,0.5,0.4474485393167046,0.4,0.4,6.744853387563749
119927,0.6,0.5176875024751584,0.4,0.4,7.074916581345183
198360,0.0,0.8607465376358662,0.8,0.8,1.756802222446045
198360,0.1,0.8607465376358662,0.8,0.8,1.756802222446045
198360,0.2,0.8007093873297685,0.7,0.7,1.903088801147644
198360,0.3,0.809049628382582,0.7,0.7,1.9030888011476441
198360,0.4,0.7061391944462652,0.6,0.6,2.1111963403105394
198360,0.5,0.602642321508127,0.6,0.6,2.885235329534704
198360,0.6,0.5208325833881872,0.6,0.6,4.534092617977538
17964,0.0,0.25438812620763424,0.4,0.4,2.9467880683575958
17964,0.1,0.25438812620763424,0.4,0.4,3.0963600193120637
17964,0.2,0.26272836726044774,0.4,0.4,3.198633705441512
17964,0.3,0.2670815650273214,0.4,0.4,3.1986337054415124
17964,0.4,0.29225475712528226,0.4,0.4,3.6044108346336614
17964,0.5,0.49550566801370916,0.5,0.5,4.764559880993578
17964,0.6,0.6150366217907567,0.5,0.5,5.438585599356691
105178,0.0,0.3187784742806056,0.4,0.4,3.409067818487929
105178,0.1,0.26148847331292896,0.3,0.3,3.544243485827663
105178,0.2,0.2479024032753833,0.3,0.3,3.544243485827663
105178,0.3,0.17736430157987212,0.2,0.2,3.590911992187446
105178,0.4,0.09515663188532462,0.1,0.1,3.590911992187446
105178,0.5,0.07362322034364344,0.1,0.1,4.514630590146331
105178,0.6,0.0,0.0,0.0,5.043615829853602
16979,0.0,0.1280645751947239,0.2222222222222222,0.2,2.851632710527373
16979,0.1,0.1280645751947239,0.2222222222222222,0.2,2.8516327105273724
16979,0.2,0.1280645751947239,0.2222222222222222,0.2,3.905412015214877
16979,0.3,0.1280645751947239,0.2222222222222222,0.2,5.1872700813925325
16979,0.4,0.1280645751947239,0.2222222222222222,0.2,5.391395154219165
16979,0.5,0.1280645751947239,0.2222222222222222,0.2,6.287958709385056
16979,0.6,0.1280645751947239,0.2222222222222222,0.2,7.239282279421535
11996,0.0,0.19031326377064925,0.1,0.1,2.7567216051703567
11996,0.1,0.19031326377064925,0.1,0.1,2.8048296575515437
11996,0.2,0.19031326377064925,0.1,0.1,2.850900111285619
11996,0.3,0.19031326377064925,0.1,0.1,3.1376613178105486
11996,0.4,0.19031326377064925,0.1,0.1,3.1376613178105486
11996,0.5,0.3076404150444236,0.3,0.3,5.766117568100649
11996,0.6,0.25130300755950197,0.3,0.3,6.73328722259898
63273,0.0,0.5176875024751584,0.4,0.4,2.1838762924614605
63273,0.1,0.5176875024751584,0.4,0.4,2.336695570673349
63273,0.2,0.5084546302044863,0.4,0.4,2.336695570673349
63273,0.3,0.5057074808660652,0.4,0.4,2.4259408735853545
63273,0.4,0.39235102577930164,0.3,0.3,2.83467900788857
63273,0.5,0.28885415284116356,0.3,0.3,4.868714262499653
63273,0.6,0.18011145091829325,0.2,0.2,5.58713872893874
158564,0.0,0.44841747989838854,0.3,0.3,1.9908645235330031
158564,0.1,0.44406428213151494,0.3,0.3,2.002336682301144
158564,0.2,0.44066367784739624,0.3,0.3,2.363682365413979
158564,0.3,0.44066367784739624,0.3,0.3,4.273057110588814
158564,0.4,0.44066367784739624,0.3,0.3,5.958153542261561
158564,0.5,0.4379165285089751,0.3,0.3,6.59980469738006
158564,0.6,0.1771200932817816,0.2,0.2,7.739227319550883
155885,0.0,0.46744351741227996,0.3333333333333333,0.3,3.004760694964833
155885,0.1,0.46744351741227996,0.3333333333333333,0.3,3.1419680597783395
155885,0.2,0.40375781304113195,0.2222222222222222,0.2,3.3217989778184007
155885,0.3,0.40375781304113195,0.2222222222222222,0.2,3.599510769063208
155885,0.4,0.46452941939566716,0.3333333333333333,0.3,4.474740527699574
155885,0.5,0.2919965663737269,0.3333333333333333,0.3,5.620690746927523
155885,0.6,0.24272257934035152,0.3333333333333333,0.3,5.682046486185259
181172,0.0,0.27997632822948654,0.2222222222222222,0.2,2.376343423711171
181172,0.1,0.26556461089171396,0.2222222222222222,0.2,2.6543359680445446
181172,0.2,0.2626505128751012,0.2222222222222222,0.2,2.820851316572198
181172,0.3,0.1881430150968312,0.2222222222222222,0.2,3.4420748972022253
181172,0.4,0.10093945326028299,0.1111111111111111,0.1,3.634633652239232
181172,0.5,0.07809742170892055,0.1111111111111111,0.1,5.112102659982152
181172,0.6,0.06729296884018866,0.1111111111111111,0.1,8.171623690440175
159077,0.0,0.3680704648991995,0.5,0.5,1.994707769263045
159077,0.1,0.3929881336260703,0.5,0.5,1.994707769263045
159077,0.2,0.46322709678452406,0.5,0.5,2.162548053788041
159077,0.3,0.4490545877451571,0.5,0.5,2.162548053788041
159077,0.4,0.4573948287979707,0.5,0.5,2.162548053788041
159077,0.5,0.4089448005522881,0.4,0.4,2.8957120839738093
159077,0.6,0.4689819508583858,0.4,0.4,4.25529214292027
170813,0.0,0.2060212672004348,0.2857142857142857,0.2,1.947126870729259
170813,0.1,0.24661756247359962,0.2857142857142857,0.2,2.0620118275175847
170813,0.2,0.24661756247359962,0.2857142857142857,0.2,2.1640751806315466
170813,0.3,0.2627218170194593,0.2857142857142857,0.2,2.1640751806315466
170813,0.4,0.34845906590102727,0.2857142857142857,0.2,4.2932428946261885
170813,0.5,0.34845906590102727,0.2857142857142857,0.2,5.681000172352411
170813,0.6,0.3323548113551676,0.2857142857142857,0.2,7.005899297152643
186557,0.0,0.33644750366255316,0.4444444444444444,0.4,4.469177310908084
186557,0.1,0.3452945945615302,0.4444444444444444,0.4,4.469177310908084
186557,0.2,0.3700939880826475,0.4444444444444444,0.4,4.714147906163122
186557,0.3,0.3809157814897695,0.3333333333333333,0.3,4.879067234951215
186557,0.4,0.45344857675989453,0.4444444444444444,0.4,4.879067234951215
186557,0.5,0.5766079837295491,0.4444444444444444,0.4,5.621216993723334
186557,0.6,0.5827946880103355,0.4444444444444444,0.4,5.621216993723334
195390,0.0,0.9322090476429099,0.9,0.9,4.726006088564031
195390,0.1,0.8721718973368121,0.8,0.8,4.726006088564032
195390,0.2,0.8721718973368121,0.8,0.8,5.284344061599878
195390,0.3,0.819235094136009,0.7,0.7,5.848301904662572
195390,0.4,0.819235094136009,0.7,0.7,6.632182903233428
195390,0.5,0.8087341427465955,0.7,0.7,6.632182903233428
195390,0.6,0.8114812920850166,0.7,0.7,6.632182903233428
128609,0.0,0.5691288883573526,0.6,0.6,3.044090407842492
128609,0.1,0.5774691294101661,0.6,0.6,3.253519404391014
128609,0.2,0.5174319791040684,0.5,0.5,3.561434277444151
128609,0.3,0.46014197813639174,0.4,0.4,3.561434277444151
128609,0.4,0.4911524702468356,0.5,0.5,3.8324480799950003
128609,0.5,0.34275989662365053,0.3,0.3,4.114463748084452
128609,0.6,0.3212264850819693,0.3,0.3,4.701141771447418
129273,0.0,0.8629390250661401,0.8,0.8,2.9325388663948697
129273,0.1,0.8629390250661401,0.8,0.8,2.9325388663948693
129273,0.2,0.8414056135244589,0.8,0.8,3.292809018377464
129273,0.3,0.7875162168409008,0.7,0.7,3.292809018377464
129273,0.4,0.7428647244539446,0.7,0.7,5.062273746288444
129273,0.5,0.5645314822923885,0.6,0.6,6.225024254902582
129273,0.6,0.42842310084128354,0.5,0.5,7.022631346960063
131332,0.0,0.48846025114738134,0.6,0.6,2.145344434695331
131332,0.1,0.4250224965571649,0.5,0.5,2.145344434695331
131332,0.2,0.4798208715575104,0.5,0.5,2.186940635446045
131332,0.3,0.47058799928683825,0.5,0.5,2.186940635446045
131332,0.4,0.45304163103109707,0.5,0.5,3.0858249340226322
131332,0.5,0.4388691219917301,0.5,0.5,5.20419881749162
131332,0.6,0.3686301588332763,0.5,0.5,7.079511862986753
131546,0.0,0.9365622454097835,0.9,0.9,3.0686933586414495
131546,0.1,0.9427099990323233,0.9,0.9,3.0686933586414487
131546,0.2,0.9399628496939022,0.9,0.9,3.2658640370520713
131546,0.3,0.8826728487262255,0.8,0.8,3.5070903203710975
131546,0.4,0.8765250951036857,0.8,0.8,4.4424766946391845
131546,0.5,0.8312201477710319,0.8,0.8,5.042429266033055
131546,0.6,0.8228799067182183,0.8,0.8,5.652028990965729
177880,0.0,0.9263767796563563,0.9,0.9,3.442710326363566
177880,0.1,0.9322090476429099,0.9,0.9,3.5506859877996804
177880,0.2,0.9399628496939022,0.9,0.9,3.597078019811737
177880,0.3,0.9365622454097835,0.9,0.9,3.597078019811737
177880,0.4,1.0,1.0,1.0,3.864855374834508
177880,0.5,1.0,1.0,1.0,3.943980604147524
177880,0.6,0.9180365386035428,0.9,0.9,4.505499615102455
5819,0.0,0.19031326377064925,0.1,0.1,2.724063387819563
5819,0.1,0.19031326377064925,0.1,0.1,2.724063387819563
5819,0.2,0.19031326377064925,0.1,0.1,2.8403573982962533
5819,0.3,0.19031326377064925,0.1,0.1,3.0315522174356753
5819,0.4,0.19031326377064925,0.1,0.1,3.2833116141604046
5819,0.5,0.19031326377064925,0.1,0.1,4.449344574614737
5819,0.6,0.19031326377064925,0.1,0.1,5.125170670126738
53447,0.0,0.26393648411429266,0.2,0.2,2.4286347070953633
53447,0.1,0.26393648411429266,0.2,0.2,2.4286347070953633
53447,0.2,0.26393648411429266,0.2,0.2,2.560264287412234
53447,0.3,0.25810421612773926,0.2,0.2,2.706580553837518
53447,0.4,0.2476032647383259,0.2,0.2,3.3827779402333613
53447,0.5,0.1200743006121955,0.1,0.1,4.687373577791852
53447,0.6,0.07362322034364344,0.1,0.1,6.114943834760245
30122,0.0,0.232745763721221,0.375,0.3,2.2277766500464753
30122,0.1,0.229633456208437,0.375,0.3,2.23704353754143
30122,0.2,0.30258273539595504,0.5,0.4,2.370725369271086
30122,0.3,0.3179747008984078,0.5,0.4,2.370725369271086
30122,0.4,0.37720768663095283,0.5,0.4,2.4833208740925197
30122,0.5,0.592096086333742,0.5,0.4,5.142181041756044
30122,0.6,0.5390254839187815,0.375,0.3,6.85732439344565
75745,0.0,0.288770349658364,0.42857142857142855,0.3,2.5264900415593723
75745,0.1,0.2989508718460877,0.42857142857142855,0.3,2.743562996554034
75745,0.2,0.2989508718460877,0.42857142857142855,0.3,3.048915499556106
75745,0.3,0.4064168951051994,0.5714285714285714,0.4,3.8389053328401723
75745,0.4,0.4192348901649545,0.5714285714285714,0.4,4.385653740423223
75745,0.5,0.5687918516410434,0.5714285714285714,0.4,5.641602196925055
75745,0.6,0.5514921666778234,0.5714285714285714,0.4,6.629587224183508
188751,0.0,0.8096867362293506,0.9,0.9,3.628717450551675
188751,0.1,0.8799256993878044,0.9,0.9,3.79775674616688
188751,0.2,0.8799256993878044,0.9,0.9,3.79775674616688
188751,0.3,0.8799256993878044,0.9,0.9,5.159284835159397
188751,0.4,0.9263767796563563,0.9,0.9,5.296968415910206
188751,0.5,0.8749190466752332,0.8,0.8,6.511834140428398
188751,0.6,0.8826728487262255,0.8,0.8,8.546673332550945
166377,0.0,0.4798208715575104,0.5,0.5,4.093831451560538
166377,0.1,0.5047385402843813,0.5,0.5,4.093831451560538
166377,0.2,0.5130787813371948,0.5,0.5,4.093831451560538
166377,0.3,0.5158259306756159,0.5,0.5,4.093831451560538
166377,0.4,0.5158259306756159,0.5,0.5,4.093831451560538
166377,0.5,0.603611262089811,0.5,0.5,7.118057869453357
166377,0.6,0.6150366217907567,0.5,0.5,10.353787105311698
26958,0.0,0.7591979438299113,0.7,0.7,2.844038077980568
26958,0.1,0.76259854811403,0.7,0.7,2.844038077980568
26958,0.2,0.76259854811403,0.7,0.7,2.844038077980568
26958,0.3,0.7564507944914902,0.7,0.7,2.8675713819959627
26958,0.4,0.6184208789759464,0.6,0.6,2.972408256145857
26958,0.5,0.6153357603278141,0.6,0.6,5.361989050674021
26958,0.6,0.49864571690080833,0.6,0.6,7.61485124349773
51241,0.0,0.6372294155593914,0.5714285714285714,0.4,2.14997434183993
51241,0.1,0.6372294155593914,0.5714285714285714,0.4,2.14997434183993
51241,0.2,0.647409937747115,0.5714285714285714,0.4,2.377335351287178
51241,0.3,0.6420962032671919,0.5714285714285714,0.4,2.5505986197907182
51241,0.4,0.5461784321979002,0.5714285714285714,0.4,2.7792486288939466
51241,0.5,0.4049233716253731,0.42857142857142855,0.3,3.505119802547535
51241,0.6,0.23230604393401819,0.14285714285714285,0.1,4.355685566696964
40611,0.0,0.8765250951036857,0.8,0.8,2.905054958690539
40611,0.1,0.8765250951036857,0.8,0.8,3.0480155559071687
40611,0.2,0.8765250951036857,0.8,0.8,3.1082712875357723
40611,0.3,0.8749190466752332,0.8,0.8,3.580652961023523
40611,0.4,0.9322090476429099,0.9,0.9,3.7100198402639606
40611,0.5,0.8721718973368121,0.8,0.8,3.8303703463865206
40611,0.6,0.69480759575694,0.6,0.6,4.744537046615205
69882,0.0,0.5013379360002626,0.5,0.5,2.6768439570086473
69882,0.1,0.45238817608539944,0.4,0.4,2.728383745245336
69882,0.2,0.4557887803695181,0.4,0.4,2.728383745245336
69882,0.3,0.5174319791040684,0.5,0.5,2.8003744580221044
69882,0.4,0.5364574175794894,0.5,0.5,2.8003744580221044
69882,0.5,0.6682725635286172,0.7,0.7,3.485172422177474
69882,0.6,0.5867020016808382,0.6,0.6,5.429260804981068
106180,0.0,0.6187363646119328,0.6,0.6,2.532422373293719
106180,0.1,0.6187363646119328,0.6,0.6,2.6516180433493277
106180,0.2,0.7677823931808154,0.7,0.7,2.7980224188373635
106180,0.3,0.7594421521280019,0.7,0.7,3.4287475292813263
106180,0.4,0.7520975967246166,0.7,0.7,3.4777793028939685
106180,0.5,0.6991607935238136,0.6,0.6,4.3393427303033905
106180,0.6,0.6886598421344001,0.6,0.6,5.358240683937955
140306,0.0,0.583616883032706,0.6,0.6,1.9495634501618468
140306,0.1,0.6541000544892502,0.7,0.7,2.502522061196678
140306,0.2,0.5968100535215736,0.6,0.6,2.989382550249501
140306,0.3,0.5910551994477118,0.6,0.6,3.4933638449982873
140306,0.4,0.6042483699365795,0.6,0.6,6.210876066534424
140306,0.5,0.5964945678855872,0.6,0.6,6.920868517857505
140306,0.6,0.5910551994477118,0.6,0.6,7.516451386881572
72471,0.0,0.8690867786886797,0.8,0.8,2.3501778892204235
72471,0.1,0.8690867786886797,0.8,0.8,2.3501778892204235
72471,0.2,0.8663396293502587,0.8,0.8,2.5068024927328194
72471,0.3,0.7456118737923656,0.6,0.6,2.6894502982725763
72471,0.4,0.7372716327395521,0.6,0.6,2.854295513316959
72471,0.5,0.6343611988032352,0.5,0.5,2.854295513316959
72471,0.6,0.5525514606832953,0.6,0.6,3.4867699576280335
31584,0.0,0.41329799831916164,0.4,0.4,3.8435460789323037
31584,0.1,0.4191302663057151,0.4,0.4,3.8435460789323037
31584,0.2,0.4136908978678397,0.4,0.4,4.030041082915918
31584,0.3,0.4093377001009661,0.4,0.4,4.030041082915918
31584,0.4,0.42253087058983374,0.4,0.4,4.443815347143285
31584,0.5,0.4474485393167046,0.4,0.4,5.664990500929391
31584,0.6,0.4474485393167046,0.4,0.4,6.415795120632677
65676,0.0,0.5226271392438532,0.4,0.4,2.571993071607859
65676,0.1,0.46258998893775544,0.3,0.3,2.7163219713394846
65676,0.2,0.39235102577930164,0.3,0.3,3.09343508966247
65676,0.3,0.42472335802010747,0.4,0.4,3.459708144392605
65676,0.4,0.3590931159996173,0.3,0.3,3.7042383714924716
65676,0.5,0.3051924042430599,0.4,0.4,3.8297443067843973
65676,0.6,0.19435097590153647,0.3,0.3,4.826824653382856
60889,0.0,0.6048348089384007,0.6,0.6,2.5722226716605445
60889,0.1,0.547544807970724,0.5,0.5,2.5722226716605445
60889,0.2,0.5290191011644836,0.5,0.5,2.652649593485338
60889,0.3,0.5303809412948455,0.4,0.4,2.652649593485338
60889,0.4,0.5226271392438532,0.4,0.4,3.54369625633961
60889,0.5,0.38401078472648814,0.3,0.3,5.168649214664347
60889,0.6,0.2938608055537347,0.4,0.4,6.262278967837352
87261,0.0,0.0,0.0,0.0,6.29441878546948
87261,0.1,0.0,0.0,0.0,6.634864274520081
87261,0.2,0.0,0.0,0.0,6.940830057359475
87261,0.3,0.0,0.0,0.0,8.67663250145419
87261,0.4,0.0,0.0,0.0,9.514911105907037
87261,0.5,0.0,0.0,0.0,9.91889755199483
87261,0.6,0.0,0.0,0.0,10.101644213768177
29550,0.0,0.4490545877451571,0.5,0.5,2.20018805587749
29550,0.1,0.4490545877451571,0.5,0.5,2.20018805587749
29550,0.2,0.44470138997828357,0.5,0.5,2.20018805587749
29550,0.3,0.38466423967218577,0.4,0.4,2.5639304962464
29550,0.4,0.3973576784918729,0.4,0.4,2.5639304962464005
29550,0.5,0.25074331362542507,0.3,0.3,3.005071396664376
29550,0.6,0.34006767752419625,0.3,0.3,4.878003203952554
134680,0.0,0.462834197235846,0.4,0.4,1.6488428582874448
134680,0.1,0.36743335705243085,0.3,0.3,1.7351235204063098
134680,0.2,0.2971943938939771,0.3,0.3,1.7351235204063098
134680,0.3,0.20979156405964475,0.3,0.3,1.7351235204063098
134680,0.4,0.14200061170255474,0.2,0.2,2.2455898432549524
134680,0.5,0.25375101836086567,0.2,0.2,3.585208480534616
134680,0.6,0.3103875643828447,0.2,0.2,4.915527296138825
185833,0.0,0.6760263655796095,0.7,0.7,3.50456735298268
185833,0.1,0.7418957838722606,0.8,0.8,3.7688067336426583
185833,0.2,0.7462489816391342,0.8,0.8,3.768806733642658
185833,0.3,0.8414056135244589,0.8,0.8,4.3734173597408255
185833,0.4,0.8448062178085776,0.8,0.8,4.6663561220798275
185833,0.5,0.8448062178085776,0.8,0.8,5.327431957162846
185833,0.6,0.8502455862464527,0.8,0.8,5.834664812168824
139847,0.0,0.05729000096767664,0.1,0.1,5.49753016298467
139847,0.1,0.05729000096767664,0.1,0.1,6.038042212860618
139847,0.2,0.05729000096767664,0.1,0.1,6.490443854837489
139847,0.3,0.05729000096767664,0.1,0.1,7.256275263773615
139847,0.4,0.05729000096767664,0.1,0.1,8.787644021253332
139847,0.5,0.05729000096767664,0.1,0.1,9.779170593611283
139847,0.6,0.05729000096767664,0.1,0.1,10.296696438185817
30246,0.0,0.5426051712020292,0.5,0.5,4.0150786381724926
30246,0.1,0.5509454122548427,0.5,0.5,4.015078638172492
30246,0.2,0.5552986100217163,0.5,0.5,4.195408979113468
30246,0.3,0.5426051712020292,0.5,0.5,4.195408979113468
30246,0.4,0.602642321508127,0.6,0.6,4.293287286326338
30246,0.5,0.6670490166800274,0.6,0.6,4.411718895701132
30246,0.6,0.6670490166800274,0.6,0.6,4.9706945488472485
98194,0.0,0.3800937667159343,0.3333333333333333,0.1,5.73570809051153
98194,0.1,0.3800937667159343,0.3333333333333333,0.1,6.232504083780947
98194,0.2,0.3800937667159343,0.3333333333333333,0.1,6.232504083780947
98194,0.3,0.3800937667159343,0.3333333333333333,0.1,7.4431021385053855
98194,0.4,0.3800937667159343,0.3333333333333333,0.1,8.139438540905228
98194,0.5,0.3800937667159343,0.3333333333333333,0.1,8.991407940403937
98194,0.6,0.3800937667159343,0.3333333333333333,0.1,9.060213539772464
185468,0.0,0.48476050832620526,0.5,0.5,2.2151115476638243
185468,0.1,0.48476050832620526,0.5,0.5,2.215111547663825
185468,0.2,0.49526145971561863,0.5,0.5,2.215111547663825
185468,0.3,0.35664510519825354,0.4,0.4,2.2151115476638243
185468,0.4,0.35448439486165373,0.4,0.4,2.2151115476638243
185468,0.5,0.4105508489807405,0.4,0.4,3.3312742646929565
185468,0.6,0.38466423967218577,0.4,0.4,4.367271335270393
167775,0.0,0.5007008281534939,0.3,0.3,2.09688732060843
167775,0.1,0.5007008281534939,0.3,0.3,2.288198504558743
167775,0.2,0.4757831594266231,0.3,0.3,2.4846361135856707
167775,0.3,0.4757831594266231,0.3,0.3,2.6886054387449345
167775,0.4,0.45424974788494193,0.3,0.3,2.688605438744935
167775,0.5,0.33571447975732266,0.3,0.3,3.6678327085457108
167775,0.6,0.26393648411429266,0.2,0.2,4.905713761928945
49287,0.0,0.7037352844950058,0.75,0.6,3.408696349021549
49287,0.1,0.7037352844950058,0.75,0.6,3.6603909201002542
49287,0.2,0.7037352844950058,0.75,0.6,3.660390920100255
49287,0.3,0.7833105917674734,0.75,0.6,4.436655268090594
49287,0.4,0.7833105917674734,0.75,0.6,4.758592561622845
49287,0.5,0.8049328731912867,0.75,0.6,5.6212344134506225
49287,0.6,0.8049328731912867,0.75,0.6,6.223659171735656
187296,0.0,0.8087341427465955,0.7,0.7,5.718677700382967
187296,0.1,0.8087341427465955,0.7,0.7,5.718677700382967
187296,0.2,0.7902084359403552,0.7,0.7,5.718677700382967
187296,0.3,0.7843761679538016,0.7,0.7,5.718677700382967
187296,0.4,0.771182997464934,0.7,0.7,5.8427556031398895
187296,0.5,0.771182997464934,0.7,0.7,5.84275560313989
187296,0.6,0.7628427564121205,0.7,0.7,6.66398229050508
125576,0.0,0.7797624147899086,0.7,0.7,1.8937777109985858
125576,0.1,0.7797624147899086,0.7,0.7,2.1527402855893527
125576,0.2,0.7490124780764843,0.7,0.7,2.1527402855893527
125576,0.3,0.7655899057505416,0.7,0.7,2.572314109799719
125576,0.4,0.6682725635286172,0.7,0.7,3.247288818595057
125576,0.5,0.6760263655796095,0.7,0.7,4.169150770737611
125576,0.6,0.6245686325984862,0.6,0.6,5.0538010821157915
139870,0.0,0.3292503152628619,0.2222222222222222,0.2,2.0087029089766277
139870,0.1,0.3292503152628619,0.2222222222222222,0.2,2.0087029089766277
139870,0.2,0.3292503152628619,0.2222222222222222,0.2,2.0087029089766277
139870,0.3,0.302818359780849,0.2222222222222222,0.2,2.8464096006432706
139870,0.4,0.3002215794307131,0.3333333333333333,0.3,3.443364441713757
139870,0.5,0.22872763868796617,0.3333333333333333,0.3,5.252266511223253
139870,0.6,0.2737896239487001,0.2222222222222222,0.2,7.358184440849689
1424,0.0,0.8765250951036857,0.8,0.8,4.109145677773684
1424,0.1,0.8029018747600423,0.7,0.7,4.109145677773684
1424,0.2,0.8444133182598994,0.8,0.8,4.228964064816227
1424,0.3,0.7847690675024798,0.8,0.8,4.228964064816227
1424,0.4,0.6896124356171551,0.8,0.8,4.552955257498899
1424,0.5,0.5593363221526036,0.7,0.7,4.690644950567245
1424,0.6,0.5593363221526036,0.7,0.7,5.646197174122124
75776,0.0,0.6811373609204826,0.5555555555555556,0.5,3.1023894949258755
75776,0.1,0.6435662943648707,0.5555555555555556,0.5,3.278817725656669
75776,0.2,0.5827946880103355,0.4444444444444444,0.4,3.4654904884276854
75776,0.3,0.5766079837295491,0.4444444444444444,0.4,3.6525659742124583
75776,0.4,0.5719902351416036,0.4444444444444444,0.4,3.9557288542276026
75776,0.5,0.5654688726559501,0.4444444444444444,0.4,4.552399000269584
75776,0.6,0.49096137487768016,0.4444444444444444,0.4,5.844928478184113
183812,0.0,0.9322090476429099,0.9,0.9,3.715256189372923
183812,0.1,0.9322090476429099,0.9,0.9,3.9206883560528625
183812,0.2,0.9322090476429099,0.9,0.9,3.9206883560528625
183812,0.3,0.8749190466752332,0.8,0.8,3.920688356052863
183812,0.4,0.8629390250661401,0.8,0.8,4.057127526750188
183812,0.5,0.8029018747600423,0.7,0.7,4.4836693542044666
183812,0.6,0.7329184349726785,0.6,0.6,4.811759873526616
128174,0.0,0.5958574600388186,0.4,0.4,3.000368052193589
128174,0.1,0.5958574600388186,0.4,0.4,3.7924641183001717
128174,0.2,0.6558946103449164,0.5,0.5,4.006228540429692
128174,0.3,0.669480680382462,0.5,0.5,4.797008568885991
128174,0.4,0.7456118737923656,0.6,0.6,6.58208171882989
128174,0.5,0.7209384133635853,0.6,0.6,7.333991510934945
128174,0.6,0.5992580643229373,0.5,0.5,7.333991510934946
198384,0.0,0.9263767796563563,0.9,0.9,3.038635379855025
198384,0.1,0.9263767796563563,0.9,0.9,3.038635379855025
198384,0.2,0.9263767796563563,0.9,0.9,3.038635379855025
198384,0.3,0.9263767796563563,0.9,0.9,3.1758709557621843
198384,0.4,0.8607465376358662,0.8,0.8,3.2515372055211174
198384,0.5,0.9263767796563563,0.9,0.9,3.2515372055211174
198384,0.6,0.8826728487262255,0.8,0.8,3.5863823480298627
80037,0.0,0.5729274233322634,0.5,0.4,2.764564000549639
80037,0.1,0.5729274233322634,0.5,0.4,2.764564000549639
80037,0.2,0.5760397308450476,0.5,0.4,3.002464254133796
80037,0.3,0.5069245530350369,0.5,0.4,3.3348144318142054
80037,0.4,0.48117868203720165,0.5,0.4,3.5799077225714413
80037,0.5,0.4284469804250573,0.375,0.3,3.9169545821558125
80037,0.6,0.38832042598600736,0.375,0.3,5.585920114234754
88962,0.0,0.7594421521280019,0.7,0.7,3.397207270515987
88962,0.1,0.7736146611673687,0.7,0.7,3.716216701651798
88962,0.2,0.7736146611673687,0.7,0.7,3.9284392837084097
88962,0.3,0.7868078316562364,0.7,0.7,4.0542635676812235
88962,0.4,0.7655899057505416,0.7,0.7,4.649825746409695
88962,0.5,0.7462653287380632,0.7,0.7,6.279996105365448
88962,0.6,0.684605782904584,0.7,0.7,7.299580014751788
113996,0.0,0.18351205520241193,0.2,0.2,2.8205941738961524
113996,0.1,0.18786525296928555,0.2,0.2,3.151265063857957
113996,0.2,0.18786525296928555,0.2,0.2,3.3785953205962094
113996,0.3,0.1771200932817816,0.2,0.2,3.9361098227585174
113996,0.4,0.2152309324975201,0.2,0.2,5.429129467186098
113996,0.5,0.2152309324975201,0.2,0.2,5.945019680505991
113996,0.6,0.20203776200865248,0.2,0.2,6.604720525492121
11213,0.0,0.2966079548921558,0.4,0.4,2.909312030556698
11213,0.1,0.2966079548921558,0.4,0.4,3.0873921277167566
11213,0.2,0.22337763409719047,0.3,0.3,3.737179457018307
11213,0.3,0.21902443633031685,0.3,0.3,3.8336786313540983
11213,0.4,0.22023758521009126,0.3,0.3,5.298833568719684
11213,0.5,0.20203776200865248,0.2,0.2,7.068138669442073
11213,0.6,0.37382531897306115,0.3,0.3,8.796394343071565
148445,0.0,0.4105508489807405,0.4,0.4,1.8112951258766543
148445,0.1,0.3532608480130639,0.3,0.3,1.8112951258766543
148445,0.2,0.3532608480130639,0.3,0.3,1.9674020166073212
148445,0.3,0.3458999455107497,0.3,0.3,2.0147411708568725
148445,0.4,0.34006767752419625,0.3,0.3,3.5161808351108297
148445,0.5,0.2752680828036178,0.3,0.3,6.02981457068298
148445,0.6,0.26547551659886887,0.3,0.3,8.118841192403114
101396,0.0,0.23643704028587592,0.2857142857142857,0.2,3.126700839396339
101396,0.1,0.3221742891674439,0.2857142857142857,0.2,3.1920777864956107
101396,0.2,0.3221742891674439,0.2857142857142857,0.2,4.4524554152042315
101396,0.3,0.3221742891674439,0.2857142857142857,0.2,5.600563507503212
101396,0.4,0.3221742891674439,0.2857142857142857,0.2,7.322223382847405
101396,0.5,0.3221742891674439,0.2857142857142857,0.2,7.45056230873093
101396,0.6,0.3221742891674439,0.2857142857142857,0.2,7.917289230138394
64451,0.0,0.7841156125567822,0.7,0.7,2.8361135016748733
64451,0.1,0.7973087830456499,0.7,0.7,3.0220748607642296
64451,0.2,0.8690867786886797,0.8,0.8,3.30529219855402
64451,0.3,0.8629390250661401,0.8,0.8,3.30529219855402
64451,0.4,0.8148818963691354,0.7,0.7,3.3906490686764825
64451,0.5,0.8475533671469987,0.8,0.8,3.8960337427439646
64451,0.6,0.752396735261674,0.8,0.8,5.375093809229314
187281,0.0,0.06343775459021642,0.1,0.1,2.461339275036587
187281,0.1,0.05729000096767664,0.1,0.1,2.4613392750365874
187281,0.2,0.07362322034364344,0.1,0.1,2.4613392750365874
187281,0.3,0.14540121598667338,0.2,0.2,2.4613392750365874
187281,0.4,0.22606985319664472,0.3,0.3,2.6446429677806003
187281,0.5,0.44406428213151494,0.3,0.3,3.9833345357331944
187281,0.6,0.45424974788494193,0.3,0.3,8.367039430050994
63375,0.0,0.3676775653505214,0.3,0.3,5.017354419239547
63375,0.1,0.37817851673993474,0.3,0.3,6.044508483337049
63375,0.2,0.45180173708357824,0.4,0.4,6.46621469218029
63375,0.3,0.4733351486252594,0.4,0.4,7.172844720232483
63375,0.4,0.6008641127513898,0.5,0.5,8.004852001624508
63375,0.5,0.6094435300763643,0.5,0.5,9.872485166687442
63375,0.6,0.603611262089811,0.5,0.5,10.509426725629732
115729,0.0,0.7973087830456499,0.7,0.7,2.427126175770977
115729,0.1,0.8056490240984634,0.7,0.7,2.5140113197439065
115729,0.2,0.809049628382582,0.7,0.7,2.701255722803466
115729,0.3,0.819235094136009,0.7,0.7,2.9330914401561574
115729,0.4,0.819235094136009,0.7,0.7,3.372369638880491
115729,0.5,0.7902084359403552,0.7,0.7,3.7283781979074306
115729,0.6,0.7628427564121205,0.7,0.7,4.3881641575211265
139975,0.0,0.8746071583782726,1.0,0.3,4.391661622490419
139975,0.1,0.8746071583782726,1.0,0.3,4.391661622490419
139975,0.2,0.8746071583782726,1.0,0.3,4.391661622490419
139975,0.3,0.8746071583782726,1.0,0.3,4.55981858500036
139975,0.4,0.8746071583782726,1.0,0.3,4.808680690657507
139975,0.5,0.8746071583782726,1.0,0.3,5.107076517207155
139975,0.6,0.7343258582304697,1.0,0.3,5.738873944175236
88539,0.0,0.244212503630646,0.3333333333333333,0.2,5.386329490689082
88539,0.1,0.244212503630646,0.3333333333333333,0.2,5.386329490689082
88539,0.2,0.244212503630646,0.3333333333333333,0.2,5.386329490689082
88539,0.3,0.244212503630646,0.3333333333333333,0.2,5.499009744621072
88539,0.4,0.244212503630646,0.3333333333333333,0.2,5.725151744809851
88539,0.5,0.244212503630646,0.3333333333333333,0.2,5.9358857098926245
88539,0.6,0.244212503630646,0.3333333333333333,0.2,6.82626352531989
8828,0.0,0.6592952146290351,0.5,0.5,3.6431698548323617
8828,0.1,0.6636484123959087,0.5,0.5,3.6431698548323617
8828,0.2,0.6636484123959087,0.5,0.5,3.6431698548323626
8828,0.3,0.6636484123959087,0.5,0.5,3.9181950997329182
8828,0.4,0.6636484123959087,0.5,0.5,4.273923199095393
8828,0.5,0.6636484123959087,0.5,0.5,4.968241632854708
8828,0.6,0.6636484123959087,0.5,0.5,6.262723740438372
1918,0.0,0.5860648938340697,0.5,0.5,4.774540721082442
1918,0.1,0.603611262089811,0.5,0.5,4.999389488542468
1918,0.2,0.9048433681146754,0.9,0.9,4.999389488542468
1918,0.3,0.9399628496939022,0.9,0.9,5.826537119685564
1918,0.4,0.9399628496939022,0.9,0.9,6.042689008542089
1918,0.5,0.9427099990323233,0.9,0.9,6.387124113077554
1918,0.6,0.9399628496939022,0.9,0.9,6.935414644567014
163574,0.0,0.25375101836086567,0.2,0.2,2.1500767811364385
163574,0.1,0.25375101836086567,0.2,0.2,2.1500767811364385
163574,0.2,0.31104101932854233,0.3,0.3,2.2925713886723367
163574,0.3,0.3212264850819693,0.3,0.3,3.2988124230983678
163574,0.4,0.3212264850819693,0.3,0.3,5.751850063503495
163574,0.5,0.15859438647554103,0.2,0.2,7.841545089467377
163574,0.6,0.3221790785647242,0.5,0.5,8.420019906432515
51441,0.0,0.6241757330498082,0.5,0.5,1.7149909652247914
51441,0.1,0.6241757330498082,0.5,0.5,1.7149909652247914
51441,0.2,0.6171973321273566,0.5,0.5,1.9362433422880678
51441,0.3,0.6211843754132965,0.5,0.5,2.5614404400437403
51441,0.4,0.5691452354562816,0.5,0.5,3.2250413249718406
51441,0.5,0.522040700242032,0.4,0.4,4.369357873681223
51441,0.6,0.3185342659825151,0.4,0.4,4.4582236880775765
96538,0.0,0.703392045107844,0.6,0.6,2.6459694681487482
96538,0.1,0.7634291954139418,0.7,0.7,2.950055383988049
96538,0.2,0.771182997464934,0.7,0.7,2.950055383988049
96538,0.3,0.8475533671469987,0.8,0.8,2.9500553839880492
96538,0.4,0.8721718973368121,0.8,0.8,3.982735176394338
96538,0.5,0.8056490240984634,0.7,0.7,5.192401741863634
96538,0.6,0.7456118737923656,0.6,0.6,8.528984408199156
178334,0.0,0.37042471468894245,0.3,0.3,3.8183124839404066
178334,0.1,0.37042471468894245,0.3,0.3,3.8183124839404066
178334,0.2,0.37382531897306115,0.3,0.3,3.8183124839404066
178334,0.3,0.38401078472648814,0.3,0.3,4.021069080910709
178334,0.4,0.38401078472648814,0.3,0.3,4.22754877823091
178334,0.5,0.38401078472648814,0.3,0.3,4.442682931662715
178334,0.6,0.45424974788494193,0.3,0.3,5.159422399284283
61502,0.0,0.5935032102490755,0.5,0.5,1.478634689395776
61502,0.1,0.5232642470906218,0.5,0.5,1.5673997052816606
61502,0.2,0.45238817608539944,0.4,0.4,1.5673997052816608
61502,0.3,0.43386246927915895,0.4,0.4,1.5673997052816606
61502,0.4,0.36743335705243085,0.3,0.3,1.8107132838772357
61502,0.5,0.28546989565597386,0.2,0.2,2.5595484207845636
61502,0.6,0.2476032647383259,0.2,0.2,3.4707722164455914
70759,0.0,0.7138929964972575,0.6,0.6,2.323201646847626
70759,0.1,0.7163246601996921,0.6,0.6,2.4990137534997703
70759,0.2,0.6562875098935943,0.5,0.5,2.7310959480671673
70759,0.3,0.6255375731801701,0.5,0.5,2.731095948067167
70759,0.4,0.6066963807379432,0.5,0.5,2.7310959480671677
70759,0.5,0.5226271392438532,0.4,0.4,4.127071963908607
70759,0.6,0.4027970469297482,0.4,0.4,5.363151974337688
5911,0.0,0.69480759575694,0.6,0.6,2.3132586017519756
5911,0.1,0.6889753277703865,0.6,0.6,2.5233026992117322
5911,0.2,0.6094435300763643,0.5,0.5,2.5233026992117322
5911,0.3,0.5226271392438532,0.4,0.4,3.3488277435393643
5911,0.4,0.4379165285089751,0.3,0.3,4.32682167173968
5911,0.5,0.3806265275412985,0.2,0.2,5.6245871579152045
5911,0.6,0.28546989565597386,0.2,0.2,6.651864222705148
52730,0.0,0.6245686325984862,0.6,0.6,2.3377839244986025
52730,0.1,0.6245686325984862,0.6,0.6,2.4105243270729324
52730,0.2,0.7418957838722606,0.8,0.8,2.410524327072933
52730,0.3,0.8799256993878044,0.9,0.9,2.7377416848542993
52730,0.4,0.9365622454097835,0.9,0.9,3.0775168968054194
52730,0.5,0.9399628496939022,0.9,0.9,5.589487433913765
52730,0.6,0.9365622454097835,0.9,0.9,7.378601612167335
165639,0.0,0.06368570437114798,0.1111111111111111,0.1,4.109453743523013
165639,0.1,0.06368570437114798,0.1111111111111111,0.1,4.109453743523014
165639,0.2,0.06368570437114798,0.1111111111111111,0.1,4.138571644983394
165639,0.3,0.06368570437114798,0.1111111111111111,0.1,4.1385716449833945
165639,0.4,0.06368570437114798,0.1111111111111111,0.1,4.46977518504391
165639,0.5,0.06368570437114798,0.1111111111111111,0.1,4.803285206857293
165639,0.6,0.06368570437114798,0.1111111111111111,0.1,6.168817281032853
78616,0.0,0.2060212672004348,0.2857142857142857,0.2,3.6711395272334655
78616,0.1,0.2627218170194593,0.2857142857142857,0.2,3.6711395272334655
78616,0.2,0.2627218170194593,0.2857142857142857,0.2,3.6711395272334655
78616,0.3,0.24661756247359962,0.2857142857142857,0.2,3.6711395272334655
78616,0.4,0.2293178775103795,0.2857142857142857,0.2,3.8979383320725254
78616,0.5,0.2198531925786754,0.2857142857142857,0.2,4.514858587012032
78616,0.6,0.21649988245062435,0.2857142857142857,0.2,4.873268116599496
94655,0.0,0.8448062178085776,0.8,0.8,2.185575341151645
94655,0.1,0.857999388297445,0.8,0.8,2.243627403729026
94655,0.2,0.8607465376358662,0.8,0.8,2.2436274037290262
94655,0.3,0.7973087830456499,0.7,0.7,2.4866167609790084
94655,0.4,0.741258676025492,0.6,0.6,2.868724208934401
94655,0.5,0.680635086717573,0.6,0.6,3.760645577106883
94655,0.6,0.49526145971561863,0.5,0.5,4.338417007736067
26125,0.0,0.7680818735283802,0.6666666666666666,0.6,5.463956397197648
26125,0.1,0.7680818735283802,0.6666666666666666,0.6,5.463956397197648
26125,0.2,0.7680818735283802,0.6666666666666666,0.6,5.700318275028131
26125,0.3,0.7820768141807656,0.6666666666666666,0.6,6.00869084343155
26125,0.4,0.7820768141807656,0.6666666666666666,0.6,6.136795055244225
26125,0.5,0.7820768141807656,0.6666666666666666,0.6,6.245070477390229
26125,0.6,0.7820768141807656,0.6666666666666666,0.6,7.410955318595661
48518,0.0,0.12508095332476668,0.2,0.2,3.4992766580896957
48518,0.1,0.06779095235709003,0.1,0.1,3.499276658089696
48518,0.2,0.06343775459021642,0.1,0.1,3.4992766580896957
48518,0.3,0.06003715030609775,0.1,0.1,3.8547245210629333
48518,0.4,0.05729000096767664,0.1,0.1,4.616344631529929
48518,0.5,0.06003715030609775,0.1,0.1,5.330972705472272
48518,0.6,0.06003715030609775,0.1,0.1,6.880601828655675
63143,0.0,0.5688846800592621,0.6,0.6,2.5446292519835367
63143,0.1,0.5688846800592621,0.6,0.6,2.5446292519835367
63143,0.2,0.5722852843433808,0.6,0.6,2.7630303763990254
63143,0.3,0.5972029530702516,0.6,0.6,3.0609143620594876
63143,0.4,0.6772344824334544,0.6,0.6,3.764425566360201
63143,0.5,0.6211680283143675,0.6,0.6,4.8432830635854955
63143,0.6,0.6914069914728213,0.6,0.6,5.85631990972568
78164,0.0,0.6682725635286172,0.7,0.7,4.765535793805308
78164,0.1,0.646739151986936,0.7,0.7,4.93707507813267
78164,0.2,0.646739151986936,0.7,0.7,6.279580743343301
78164,0.3,0.6218214832600651,0.7,0.7,6.699274091968363
78164,0.4,0.6218214832600651,0.7,0.7,6.699274091968363
78164,0.5,0.6218214832600651,0.7,0.7,7.038196480581648
78164,0.6,0.646739151986936,0.7,0.7,7.349448720525759
4257,0.0,0.8749190466752332,0.8,0.8,3.805786040742511
4257,0.1,0.8148818963691354,0.7,0.7,3.805786040742511
4257,0.2,0.8148818963691354,0.7,0.7,4.001266420751529
4257,0.3,0.809049628382582,0.7,0.7,4.001266420751529
4257,0.4,0.809049628382582,0.7,0.7,4.910714635023689
4257,0.5,0.7945616337072288,0.7,0.7,5.792456567349765
4257,0.6,0.8029018747600423,0.7,0.7,6.772960467561889
125995,0.0,0.4301897685231449,0.3333333333333333,0.3,2.6056318182554903
125995,0.1,0.4301897685231449,0.3333333333333333,0.3,2.6056318182554903
125995,0.2,0.49096137487768016,0.4444444444444444,0.4,2.60563181825549
125995,0.3,0.5021004859512791,0.4444444444444444,0.4,2.82993518662904
125995,0.4,0.3933527963193971,0.4444444444444444,0.4,3.0383310572646187
125995,0.5,0.29560383084276765,0.3333333333333333,0.3,3.134168935440437
125995,0.6,0.27997632822948654,0.2222222222222222,0.2,5.436854915519568
99298,0.0,0.8029018747600423,0.7,0.7,2.182852127059427
99298,0.1,0.7372716327395521,0.6,0.6,2.182852127059427
99298,0.2,0.7736146611673687,0.7,0.7,2.182852127059427
99298,0.3,0.6612941626061656,0.6,0.6,2.3808019408284755
99298,0.4,0.5232642470906218,0.5,0.5,3.3217177820440833
99298,0.5,0.33870583739383425,0.4,0.4,5.269839224817462
99298,0.6,0.2587413239745079,0.4,0.4,7.4038617268587315
161150,0.0,0.7372716327395521,0.6,0.6,3.6767455590453095
161150,0.1,0.727086166986125,0.6,0.6,3.6767455590453095
161150,0.2,0.7138929964972575,0.6,0.6,3.9985630258222713
161150,0.3,0.7021521511603253,0.6,0.6,3.9985630258222726
161150,0.4,0.603611262089811,0.5,0.5,4.276769184237221
161150,0.5,0.3606321484841935,0.4,0.4,5.547376276873709
161150,0.6,0.2966079548921558,0.4,0.4,5.8994798522514085
160757,0.0,0.752396735261674,0.8,0.8,2.2539960006696114
160757,0.1,0.752396735261674,0.8,0.8,2.365734313232907
160757,0.2,0.7496495859232529,0.8,0.8,2.5091451299066097
160757,0.3,0.7418957838722606,0.8,0.8,2.509145129906609
160757,0.4,0.667686124526796,0.7,0.7,2.9300054231829593
160757,0.5,0.5992580643229373,0.5,0.5,3.0223410494562204
160757,0.6,0.5290191011644836,0.5,0.5,3.806821263787284
149684,0.0,0.4217434634272524,0.42857142857142855,0.3,4.786183653829094
149684,0.1,0.4258944138790334,0.42857142857142855,0.3,5.051945941708266
149684,0.2,0.4258944138790334,0.42857142857142855,0.3,5.051945941708266
149684,0.3,0.5220903239108676,0.5714285714285714,0.4,5.2369359905292265
149684,0.4,0.5220903239108676,0.5714285714285714,0.4,5.428377076415314
149684,0.5,0.6078275727924357,0.5714285714285714,0.4,5.428377076415314
149684,0.6,0.6078275727924357,0.5714285714285714,0.4,5.794921185674154
38441,0.0,0.5047385402843813,0.5,0.5,2.3791957379498485
38441,0.1,0.4989062722978278,0.5,0.5,2.3791957379498485
38441,0.2,0.4989062722978278,0.5,0.5,2.3791957379498485
38441,0.3,0.49550566801370916,0.5,0.5,2.379195737949849
38441,0.4,0.5016534216362489,0.5,0.5,2.703445041412362
38441,0.5,0.5525514606832953,0.6,0.6,4.615090724753278
38441,0.6,0.6048348089384007,0.6,0.6,6.315038043144893
180541,0.0,0.602642321508127,0.6,0.6,2.195905093172186
180541,0.1,0.5998951721697059,0.6,0.6,2.460259890271832
180541,0.2,0.5364574175794894,0.5,0.5,2.5742847544300345
180541,0.3,0.4791674166118128,0.4,0.4,2.9414660128595855
180541,0.4,0.462834197235846,0.4,0.4,3.097869531650066
180541,0.5,0.40554419626816934,0.3,0.3,4.769290429879017
180541,0.6,0.44406428213151494,0.3,0.3,5.552056534763549
191769,0.0,0.6153357603278141,0.6,0.6,3.521349071500276
191769,0.1,0.6109825625609405,0.6,0.6,3.521349071500276
191769,0.2,0.6109825625609405,0.6,0.6,3.673705267105978
191769,0.3,0.5894491510192593,0.6,0.6,4.333776336377124
191769,0.4,0.5503589732530216,0.6,0.6,7.213471596850548
191769,0.5,0.46692683960570014,0.6,0.6,9.835760729838617
191769,0.6,0.5503589732530216,0.6,0.6,10.433478359861141
